"units","scenario","year","value","variable","version","source"
"PPM","GCAM_SSP1",1976,334.97,"CO2_concentration","old","GCAM"
"PPM","GCAM_SSP1",1977,336.335,"CO2_concentration","old","GCAM"
"PPM","GCAM_SSP1",1978,337.769,"CO2_concentration","old","GCAM"
"PPM","GCAM_SSP1",1979,339.249,"CO2_concentration","old","GCAM"
"PPM","GCAM_SSP1",1980,340.738,"CO2_concentration","old","GCAM"
"PPM","GCAM_SSP1",1981,342.148,"CO2_concentration","old","GCAM"
"PPM","GCAM_SSP1",1982,343.482,"CO2_concentration","old","GCAM"
"PPM","GCAM_SSP1",1983,344.741,"CO2_concentration","old","GCAM"
"PPM","GCAM_SSP1",1984,345.996,"CO2_concentration","old","GCAM"
"PPM","GCAM_SSP1",1985,347.319,"CO2_concentration","old","GCAM"
"PPM","GCAM_SSP1",1986,348.696,"CO2_concentration","old","GCAM"
"PPM","GCAM_SSP1",1987,350.124,"CO2_concentration","old","GCAM"
"PPM","GCAM_SSP1",1988,351.598,"CO2_concentration","old","GCAM"
"PPM","GCAM_SSP1",1989,353.139,"CO2_concentration","old","GCAM"
"PPM","GCAM_SSP1",1990,354.699,"CO2_concentration","old","GCAM"
"PPM","GCAM_SSP1",1991,356.182,"CO2_concentration","old","GCAM"
"PPM","GCAM_SSP1",1992,357.664,"CO2_concentration","old","GCAM"
"PPM","GCAM_SSP1",1993,358.931,"CO2_concentration","old","GCAM"
"PPM","GCAM_SSP1",1994,360.133,"CO2_concentration","old","GCAM"
"PPM","GCAM_SSP1",1995,361.45,"CO2_concentration","old","GCAM"
"PPM","GCAM_SSP1",1996,362.886,"CO2_concentration","old","GCAM"
"PPM","GCAM_SSP1",1997,364.404,"CO2_concentration","old","GCAM"
"PPM","GCAM_SSP1",1998,366.294,"CO2_concentration","old","GCAM"
"PPM","GCAM_SSP1",1999,367.917,"CO2_concentration","old","GCAM"
"PPM","GCAM_SSP1",2000,369.501,"CO2_concentration","old","GCAM"
"PPM","GCAM_SSP1",2001,371.171,"CO2_concentration","old","GCAM"
"PPM","GCAM_SSP1",2002,372.769,"CO2_concentration","old","GCAM"
"PPM","GCAM_SSP1",2003,374.478,"CO2_concentration","old","GCAM"
"PPM","GCAM_SSP1",2004,376.248,"CO2_concentration","old","GCAM"
"PPM","GCAM_SSP1",2005,378.246,"CO2_concentration","old","GCAM"
"PPM","GCAM_SSP1",2006,380.223,"CO2_concentration","old","GCAM"
"PPM","GCAM_SSP1",2007,381.975,"CO2_concentration","old","GCAM"
"PPM","GCAM_SSP1",2008,383.872,"CO2_concentration","old","GCAM"
"PPM","GCAM_SSP1",2009,385.906,"CO2_concentration","old","GCAM"
"PPM","GCAM_SSP1",2010,388.068,"CO2_concentration","old","GCAM"
"PPM","GCAM_SSP1",2011,390.356,"CO2_concentration","old","GCAM"
"PPM","GCAM_SSP1",2012,392.692,"CO2_concentration","old","GCAM"
"PPM","GCAM_SSP1",2013,395.075,"CO2_concentration","old","GCAM"
"PPM","GCAM_SSP1",2014,397.506,"CO2_concentration","old","GCAM"
"PPM","GCAM_SSP1",2015,399.982,"CO2_concentration","old","GCAM"
"PPM","GCAM_SSP1",2016,402.499,"CO2_concentration","old","GCAM"
"PPM","GCAM_SSP1",2017,404.814,"CO2_concentration","old","GCAM"
"PPM","GCAM_SSP1",2018,407.165,"CO2_concentration","old","GCAM"
"PPM","GCAM_SSP1",2019,409.528,"CO2_concentration","old","GCAM"
"PPM","GCAM_SSP1",2020,411.906,"CO2_concentration","old","GCAM"
"PPM","GCAM_SSP1",2021,414.301,"CO2_concentration","old","GCAM"
"PPM","GCAM_SSP1",2022,416.714,"CO2_concentration","old","GCAM"
"PPM","GCAM_SSP1",2023,419.384,"CO2_concentration","old","GCAM"
"PPM","GCAM_SSP1",2024,422.146,"CO2_concentration","old","GCAM"
"PPM","GCAM_SSP1",2025,424.999,"CO2_concentration","old","GCAM"
"PPM","GCAM_SSP1",2026,427.941,"CO2_concentration","old","GCAM"
"PPM","GCAM_SSP1",2027,430.756,"CO2_concentration","old","GCAM"
"PPM","GCAM_SSP1",2028,433.591,"CO2_concentration","old","GCAM"
"PPM","GCAM_SSP1",2029,436.445,"CO2_concentration","old","GCAM"
"PPM","GCAM_SSP1",2030,439.316,"CO2_concentration","old","GCAM"
"PPM","GCAM_SSP1",2031,442.204,"CO2_concentration","old","GCAM"
"PPM","GCAM_SSP1",2032,445.03,"CO2_concentration","old","GCAM"
"PPM","GCAM_SSP1",2033,447.841,"CO2_concentration","old","GCAM"
"PPM","GCAM_SSP1",2034,450.639,"CO2_concentration","old","GCAM"
"PPM","GCAM_SSP1",2035,453.423,"CO2_concentration","old","GCAM"
"PPM","GCAM_SSP1",2036,456.195,"CO2_concentration","old","GCAM"
"PPM","GCAM_SSP1",2037,458.98,"CO2_concentration","old","GCAM"
"PPM","GCAM_SSP1",2038,461.755,"CO2_concentration","old","GCAM"
"PPM","GCAM_SSP1",2039,464.519,"CO2_concentration","old","GCAM"
"PPM","GCAM_SSP1",2040,467.274,"CO2_concentration","old","GCAM"
"PPM","GCAM_SSP1",2041,470.019,"CO2_concentration","old","GCAM"
"PPM","GCAM_SSP1",2042,472.703,"CO2_concentration","old","GCAM"
"PPM","GCAM_SSP1",2043,475.373,"CO2_concentration","old","GCAM"
"PPM","GCAM_SSP1",2044,478.029,"CO2_concentration","old","GCAM"
"PPM","GCAM_SSP1",2045,480.671,"CO2_concentration","old","GCAM"
"PPM","GCAM_SSP1",2046,483.292,"CO2_concentration","old","GCAM"
"PPM","GCAM_SSP1",2047,485.854,"CO2_concentration","old","GCAM"
"PPM","GCAM_SSP1",2048,488.391,"CO2_concentration","old","GCAM"
"PPM","GCAM_SSP1",2049,490.907,"CO2_concentration","old","GCAM"
"PPM","GCAM_SSP1",2050,493.402,"CO2_concentration","old","GCAM"
"PPM","GCAM_SSP1",2051,495.879,"CO2_concentration","old","GCAM"
"PPM","GCAM_SSP1",2052,498.397,"CO2_concentration","old","GCAM"
"PPM","GCAM_SSP1",2053,500.902,"CO2_concentration","old","GCAM"
"PPM","GCAM_SSP1",2054,503.396,"CO2_concentration","old","GCAM"
"PPM","GCAM_SSP1",2055,505.879,"CO2_concentration","old","GCAM"
"PPM","GCAM_SSP1",2056,508.352,"CO2_concentration","old","GCAM"
"PPM","GCAM_SSP1",2057,510.764,"CO2_concentration","old","GCAM"
"PPM","GCAM_SSP1",2058,513.167,"CO2_concentration","old","GCAM"
"PPM","GCAM_SSP1",2059,515.562,"CO2_concentration","old","GCAM"
"PPM","GCAM_SSP1",2060,517.95,"CO2_concentration","old","GCAM"
"PPM","GCAM_SSP1",2061,520.331,"CO2_concentration","old","GCAM"
"PPM","GCAM_SSP1",2062,522.613,"CO2_concentration","old","GCAM"
"PPM","GCAM_SSP1",2063,524.885,"CO2_concentration","old","GCAM"
"PPM","GCAM_SSP1",2064,527.146,"CO2_concentration","old","GCAM"
"PPM","GCAM_SSP1",2065,529.398,"CO2_concentration","old","GCAM"
"PPM","GCAM_SSP1",2066,531.642,"CO2_concentration","old","GCAM"
"PPM","GCAM_SSP1",2067,533.827,"CO2_concentration","old","GCAM"
"PPM","GCAM_SSP1",2068,535.999,"CO2_concentration","old","GCAM"
"PPM","GCAM_SSP1",2069,538.16,"CO2_concentration","old","GCAM"
"PPM","GCAM_SSP1",2070,540.31,"CO2_concentration","old","GCAM"
"PPM","GCAM_SSP1",2071,542.451,"CO2_concentration","old","GCAM"
"PPM","GCAM_SSP1",2072,544.545,"CO2_concentration","old","GCAM"
"PPM","GCAM_SSP1",2073,546.629,"CO2_concentration","old","GCAM"
"PPM","GCAM_SSP1",2074,548.701,"CO2_concentration","old","GCAM"
"PPM","GCAM_SSP1",2075,550.761,"CO2_concentration","old","GCAM"
"PPM","GCAM_SSP1",2076,552.812,"CO2_concentration","old","GCAM"
"PPM","GCAM_SSP1",2077,554.829,"CO2_concentration","old","GCAM"
"PPM","GCAM_SSP1",2078,556.828,"CO2_concentration","old","GCAM"
"PPM","GCAM_SSP1",2079,558.807,"CO2_concentration","old","GCAM"
"PPM","GCAM_SSP1",2080,560.768,"CO2_concentration","old","GCAM"
"PPM","GCAM_SSP1",2081,562.711,"CO2_concentration","old","GCAM"
"PPM","GCAM_SSP1",2082,564.607,"CO2_concentration","old","GCAM"
"PPM","GCAM_SSP1",2083,566.479,"CO2_concentration","old","GCAM"
"PPM","GCAM_SSP1",2084,568.325,"CO2_concentration","old","GCAM"
"PPM","GCAM_SSP1",2085,570.147,"CO2_concentration","old","GCAM"
"PPM","GCAM_SSP1",2086,571.946,"CO2_concentration","old","GCAM"
"PPM","GCAM_SSP1",2087,573.669,"CO2_concentration","old","GCAM"
"PPM","GCAM_SSP1",2088,575.37,"CO2_concentration","old","GCAM"
"PPM","GCAM_SSP1",2089,577.041,"CO2_concentration","old","GCAM"
"PPM","GCAM_SSP1",2090,578.687,"CO2_concentration","old","GCAM"
"PPM","GCAM_SSP1",2091,580.307,"CO2_concentration","old","GCAM"
"PPM","GCAM_SSP1",2092,581.87,"CO2_concentration","old","GCAM"
"PPM","GCAM_SSP1",2093,583.4,"CO2_concentration","old","GCAM"
"PPM","GCAM_SSP1",2094,584.899,"CO2_concentration","old","GCAM"
"PPM","GCAM_SSP1",2095,586.366,"CO2_concentration","old","GCAM"
"PPM","GCAM_SSP1",2096,587.803,"CO2_concentration","old","GCAM"
"PPM","GCAM_SSP1",2097,589.197,"CO2_concentration","old","GCAM"
"PPM","GCAM_SSP1",2098,590.557,"CO2_concentration","old","GCAM"
"PPM","GCAM_SSP1",2099,591.883,"CO2_concentration","old","GCAM"
"PPM","GCAM_SSP1",2100,593.175,"CO2_concentration","old","GCAM"
"W/m^2","GCAM_SSP1",1976,-0.976163,"RF_aci","old","GCAM"
"W/m^2","GCAM_SSP1",1977,-0.983358,"RF_aci","old","GCAM"
"W/m^2","GCAM_SSP1",1978,-0.995526,"RF_aci","old","GCAM"
"W/m^2","GCAM_SSP1",1979,-1.00941,"RF_aci","old","GCAM"
"W/m^2","GCAM_SSP1",1980,-1.00574,"RF_aci","old","GCAM"
"W/m^2","GCAM_SSP1",1981,-0.980879,"RF_aci","old","GCAM"
"W/m^2","GCAM_SSP1",1982,-1.01212,"RF_aci","old","GCAM"
"W/m^2","GCAM_SSP1",1983,-0.95573,"RF_aci","old","GCAM"
"W/m^2","GCAM_SSP1",1984,-0.975326,"RF_aci","old","GCAM"
"W/m^2","GCAM_SSP1",1985,-0.983952,"RF_aci","old","GCAM"
"W/m^2","GCAM_SSP1",1986,-0.98595,"RF_aci","old","GCAM"
"W/m^2","GCAM_SSP1",1987,-1.01525,"RF_aci","old","GCAM"
"W/m^2","GCAM_SSP1",1988,-1.02214,"RF_aci","old","GCAM"
"W/m^2","GCAM_SSP1",1989,-1.01192,"RF_aci","old","GCAM"
"W/m^2","GCAM_SSP1",1990,-1.02357,"RF_aci","old","GCAM"
"W/m^2","GCAM_SSP1",1991,-1.10085,"RF_aci","old","GCAM"
"W/m^2","GCAM_SSP1",1992,-0.986158,"RF_aci","old","GCAM"
"W/m^2","GCAM_SSP1",1993,-0.994766,"RF_aci","old","GCAM"
"W/m^2","GCAM_SSP1",1994,-1.04225,"RF_aci","old","GCAM"
"W/m^2","GCAM_SSP1",1995,-0.991361,"RF_aci","old","GCAM"
"W/m^2","GCAM_SSP1",1996,-0.968846,"RF_aci","old","GCAM"
"W/m^2","GCAM_SSP1",1997,-1.08535,"RF_aci","old","GCAM"
"W/m^2","GCAM_SSP1",1998,-1.0693,"RF_aci","old","GCAM"
"W/m^2","GCAM_SSP1",1999,-0.948405,"RF_aci","old","GCAM"
"W/m^2","GCAM_SSP1",2000,-0.918149,"RF_aci","old","GCAM"
"W/m^2","GCAM_SSP1",2001,-0.922392,"RF_aci","old","GCAM"
"W/m^2","GCAM_SSP1",2002,-0.992604,"RF_aci","old","GCAM"
"W/m^2","GCAM_SSP1",2003,-1.01991,"RF_aci","old","GCAM"
"W/m^2","GCAM_SSP1",2004,-1.0263,"RF_aci","old","GCAM"
"W/m^2","GCAM_SSP1",2005,-1.0263,"RF_aci","old","GCAM"
"W/m^2","GCAM_SSP1",2006,-0.99266,"RF_aci","old","GCAM"
"W/m^2","GCAM_SSP1",2007,-0.958512,"RF_aci","old","GCAM"
"W/m^2","GCAM_SSP1",2008,-0.923845,"RF_aci","old","GCAM"
"W/m^2","GCAM_SSP1",2009,-0.888643,"RF_aci","old","GCAM"
"W/m^2","GCAM_SSP1",2010,-0.852889,"RF_aci","old","GCAM"
"W/m^2","GCAM_SSP1",2011,-0.835838,"RF_aci","old","GCAM"
"W/m^2","GCAM_SSP1",2012,-0.818659,"RF_aci","old","GCAM"
"W/m^2","GCAM_SSP1",2013,-0.80135,"RF_aci","old","GCAM"
"W/m^2","GCAM_SSP1",2014,-0.783908,"RF_aci","old","GCAM"
"W/m^2","GCAM_SSP1",2015,-0.766331,"RF_aci","old","GCAM"
"W/m^2","GCAM_SSP1",2016,-0.747463,"RF_aci","old","GCAM"
"W/m^2","GCAM_SSP1",2017,-0.728437,"RF_aci","old","GCAM"
"W/m^2","GCAM_SSP1",2018,-0.70925,"RF_aci","old","GCAM"
"W/m^2","GCAM_SSP1",2019,-0.689901,"RF_aci","old","GCAM"
"W/m^2","GCAM_SSP1",2020,-0.670387,"RF_aci","old","GCAM"
"W/m^2","GCAM_SSP1",2021,-0.650703,"RF_aci","old","GCAM"
"W/m^2","GCAM_SSP1",2022,-0.637417,"RF_aci","old","GCAM"
"W/m^2","GCAM_SSP1",2023,-0.624052,"RF_aci","old","GCAM"
"W/m^2","GCAM_SSP1",2024,-0.610609,"RF_aci","old","GCAM"
"W/m^2","GCAM_SSP1",2025,-0.597085,"RF_aci","old","GCAM"
"W/m^2","GCAM_SSP1",2026,-0.57994,"RF_aci","old","GCAM"
"W/m^2","GCAM_SSP1",2027,-0.562664,"RF_aci","old","GCAM"
"W/m^2","GCAM_SSP1",2028,-0.545257,"RF_aci","old","GCAM"
"W/m^2","GCAM_SSP1",2029,-0.527715,"RF_aci","old","GCAM"
"W/m^2","GCAM_SSP1",2030,-0.510037,"RF_aci","old","GCAM"
"W/m^2","GCAM_SSP1",2031,-0.495975,"RF_aci","old","GCAM"
"W/m^2","GCAM_SSP1",2032,-0.481825,"RF_aci","old","GCAM"
"W/m^2","GCAM_SSP1",2033,-0.467587,"RF_aci","old","GCAM"
"W/m^2","GCAM_SSP1",2034,-0.45326,"RF_aci","old","GCAM"
"W/m^2","GCAM_SSP1",2035,-0.438842,"RF_aci","old","GCAM"
"W/m^2","GCAM_SSP1",2036,-0.427445,"RF_aci","old","GCAM"
"W/m^2","GCAM_SSP1",2037,-0.41599,"RF_aci","old","GCAM"
"W/m^2","GCAM_SSP1",2038,-0.404478,"RF_aci","old","GCAM"
"W/m^2","GCAM_SSP1",2039,-0.392907,"RF_aci","old","GCAM"
"W/m^2","GCAM_SSP1",2040,-0.381277,"RF_aci","old","GCAM"
"W/m^2","GCAM_SSP1",2041,-0.370408,"RF_aci","old","GCAM"
"W/m^2","GCAM_SSP1",2042,-0.359486,"RF_aci","old","GCAM"
"W/m^2","GCAM_SSP1",2043,-0.348512,"RF_aci","old","GCAM"
"W/m^2","GCAM_SSP1",2044,-0.337485,"RF_aci","old","GCAM"
"W/m^2","GCAM_SSP1",2045,-0.326405,"RF_aci","old","GCAM"
"W/m^2","GCAM_SSP1",2046,-0.315819,"RF_aci","old","GCAM"
"W/m^2","GCAM_SSP1",2047,-0.305184,"RF_aci","old","GCAM"
"W/m^2","GCAM_SSP1",2048,-0.2945,"RF_aci","old","GCAM"
"W/m^2","GCAM_SSP1",2049,-0.283765,"RF_aci","old","GCAM"
"W/m^2","GCAM_SSP1",2050,-0.272979,"RF_aci","old","GCAM"
"W/m^2","GCAM_SSP1",2051,-0.268466,"RF_aci","old","GCAM"
"W/m^2","GCAM_SSP1",2052,-0.263943,"RF_aci","old","GCAM"
"W/m^2","GCAM_SSP1",2053,-0.259412,"RF_aci","old","GCAM"
"W/m^2","GCAM_SSP1",2054,-0.254872,"RF_aci","old","GCAM"
"W/m^2","GCAM_SSP1",2055,-0.250323,"RF_aci","old","GCAM"
"W/m^2","GCAM_SSP1",2056,-0.245557,"RF_aci","old","GCAM"
"W/m^2","GCAM_SSP1",2057,-0.240781,"RF_aci","old","GCAM"
"W/m^2","GCAM_SSP1",2058,-0.235995,"RF_aci","old","GCAM"
"W/m^2","GCAM_SSP1",2059,-0.231199,"RF_aci","old","GCAM"
"W/m^2","GCAM_SSP1",2060,-0.226393,"RF_aci","old","GCAM"
"W/m^2","GCAM_SSP1",2061,-0.221441,"RF_aci","old","GCAM"
"W/m^2","GCAM_SSP1",2062,-0.216478,"RF_aci","old","GCAM"
"W/m^2","GCAM_SSP1",2063,-0.211505,"RF_aci","old","GCAM"
"W/m^2","GCAM_SSP1",2064,-0.206521,"RF_aci","old","GCAM"
"W/m^2","GCAM_SSP1",2065,-0.201526,"RF_aci","old","GCAM"
"W/m^2","GCAM_SSP1",2066,-0.196818,"RF_aci","old","GCAM"
"W/m^2","GCAM_SSP1",2067,-0.192101,"RF_aci","old","GCAM"
"W/m^2","GCAM_SSP1",2068,-0.187374,"RF_aci","old","GCAM"
"W/m^2","GCAM_SSP1",2069,-0.182637,"RF_aci","old","GCAM"
"W/m^2","GCAM_SSP1",2070,-0.17789,"RF_aci","old","GCAM"
"W/m^2","GCAM_SSP1",2071,-0.173377,"RF_aci","old","GCAM"
"W/m^2","GCAM_SSP1",2072,-0.168855,"RF_aci","old","GCAM"
"W/m^2","GCAM_SSP1",2073,-0.164325,"RF_aci","old","GCAM"
"W/m^2","GCAM_SSP1",2074,-0.159785,"RF_aci","old","GCAM"
"W/m^2","GCAM_SSP1",2075,-0.155236,"RF_aci","old","GCAM"
"W/m^2","GCAM_SSP1",2076,-0.150952,"RF_aci","old","GCAM"
"W/m^2","GCAM_SSP1",2077,-0.14666,"RF_aci","old","GCAM"
"W/m^2","GCAM_SSP1",2078,-0.14236,"RF_aci","old","GCAM"
"W/m^2","GCAM_SSP1",2079,-0.138052,"RF_aci","old","GCAM"
"W/m^2","GCAM_SSP1",2080,-0.133736,"RF_aci","old","GCAM"
"W/m^2","GCAM_SSP1",2081,-0.129702,"RF_aci","old","GCAM"
"W/m^2","GCAM_SSP1",2082,-0.125661,"RF_aci","old","GCAM"
"W/m^2","GCAM_SSP1",2083,-0.121613,"RF_aci","old","GCAM"
"W/m^2","GCAM_SSP1",2084,-0.117558,"RF_aci","old","GCAM"
"W/m^2","GCAM_SSP1",2085,-0.113495,"RF_aci","old","GCAM"
"W/m^2","GCAM_SSP1",2086,-0.109617,"RF_aci","old","GCAM"
"W/m^2","GCAM_SSP1",2087,-0.105733,"RF_aci","old","GCAM"
"W/m^2","GCAM_SSP1",2088,-0.101842,"RF_aci","old","GCAM"
"W/m^2","GCAM_SSP1",2089,-0.097944,"RF_aci","old","GCAM"
"W/m^2","GCAM_SSP1",2090,-0.0940396,"RF_aci","old","GCAM"
"W/m^2","GCAM_SSP1",2091,-0.0904635,"RF_aci","old","GCAM"
"W/m^2","GCAM_SSP1",2092,-0.0868819,"RF_aci","old","GCAM"
"W/m^2","GCAM_SSP1",2093,-0.0832945,"RF_aci","old","GCAM"
"W/m^2","GCAM_SSP1",2094,-0.0797016,"RF_aci","old","GCAM"
"W/m^2","GCAM_SSP1",2095,-0.0761029,"RF_aci","old","GCAM"
"W/m^2","GCAM_SSP1",2096,-0.0729064,"RF_aci","old","GCAM"
"W/m^2","GCAM_SSP1",2097,-0.0697054,"RF_aci","old","GCAM"
"W/m^2","GCAM_SSP1",2098,-0.0665,"RF_aci","old","GCAM"
"W/m^2","GCAM_SSP1",2099,-0.06329,"RF_aci","old","GCAM"
"W/m^2","GCAM_SSP1",2100,-0.0600755,"RF_aci","old","GCAM"
"W/m^2","GCAM_SSP1",1976,-0.0573955,"RF_OC","old","GCAM"
"W/m^2","GCAM_SSP1",1977,-0.0572771,"RF_OC","old","GCAM"
"W/m^2","GCAM_SSP1",1978,-0.0613297,"RF_OC","old","GCAM"
"W/m^2","GCAM_SSP1",1979,-0.0625645,"RF_OC","old","GCAM"
"W/m^2","GCAM_SSP1",1980,-0.0626931,"RF_OC","old","GCAM"
"W/m^2","GCAM_SSP1",1981,-0.0603913,"RF_OC","old","GCAM"
"W/m^2","GCAM_SSP1",1982,-0.0821686,"RF_OC","old","GCAM"
"W/m^2","GCAM_SSP1",1983,-0.0577402,"RF_OC","old","GCAM"
"W/m^2","GCAM_SSP1",1984,-0.0632937,"RF_OC","old","GCAM"
"W/m^2","GCAM_SSP1",1985,-0.0665367,"RF_OC","old","GCAM"
"W/m^2","GCAM_SSP1",1986,-0.0670472,"RF_OC","old","GCAM"
"W/m^2","GCAM_SSP1",1987,-0.0756312,"RF_OC","old","GCAM"
"W/m^2","GCAM_SSP1",1988,-0.0752032,"RF_OC","old","GCAM"
"W/m^2","GCAM_SSP1",1989,-0.0697337,"RF_OC","old","GCAM"
"W/m^2","GCAM_SSP1",1990,-0.0763584,"RF_OC","old","GCAM"
"W/m^2","GCAM_SSP1",1991,-0.121398,"RF_OC","old","GCAM"
"W/m^2","GCAM_SSP1",1992,-0.0717684,"RF_OC","old","GCAM"
"W/m^2","GCAM_SSP1",1993,-0.0811614,"RF_OC","old","GCAM"
"W/m^2","GCAM_SSP1",1994,-0.113379,"RF_OC","old","GCAM"
"W/m^2","GCAM_SSP1",1995,-0.0914154,"RF_OC","old","GCAM"
"W/m^2","GCAM_SSP1",1996,-0.0850005,"RF_OC","old","GCAM"
"W/m^2","GCAM_SSP1",1997,-0.146683,"RF_OC","old","GCAM"
"W/m^2","GCAM_SSP1",1998,-0.143293,"RF_OC","old","GCAM"
"W/m^2","GCAM_SSP1",1999,-0.0961168,"RF_OC","old","GCAM"
"W/m^2","GCAM_SSP1",2000,-0.0803091,"RF_OC","old","GCAM"
"W/m^2","GCAM_SSP1",2001,-0.0796429,"RF_OC","old","GCAM"
"W/m^2","GCAM_SSP1",2002,-0.117639,"RF_OC","old","GCAM"
"W/m^2","GCAM_SSP1",2003,-0.121188,"RF_OC","old","GCAM"
"W/m^2","GCAM_SSP1",2004,-0.10817,"RF_OC","old","GCAM"
"W/m^2","GCAM_SSP1",2005,-0.10817,"RF_OC","old","GCAM"
"W/m^2","GCAM_SSP1",2006,-0.0983648,"RF_OC","old","GCAM"
"W/m^2","GCAM_SSP1",2007,-0.0885601,"RF_OC","old","GCAM"
"W/m^2","GCAM_SSP1",2008,-0.0787553,"RF_OC","old","GCAM"
"W/m^2","GCAM_SSP1",2009,-0.0689505,"RF_OC","old","GCAM"
"W/m^2","GCAM_SSP1",2010,-0.0591457,"RF_OC","old","GCAM"
"W/m^2","GCAM_SSP1",2011,-0.0589401,"RF_OC","old","GCAM"
"W/m^2","GCAM_SSP1",2012,-0.0587344,"RF_OC","old","GCAM"
"W/m^2","GCAM_SSP1",2013,-0.0585288,"RF_OC","old","GCAM"
"W/m^2","GCAM_SSP1",2014,-0.0583232,"RF_OC","old","GCAM"
"W/m^2","GCAM_SSP1",2015,-0.0581175,"RF_OC","old","GCAM"
"W/m^2","GCAM_SSP1",2016,-0.0575114,"RF_OC","old","GCAM"
"W/m^2","GCAM_SSP1",2017,-0.0569053,"RF_OC","old","GCAM"
"W/m^2","GCAM_SSP1",2018,-0.0562991,"RF_OC","old","GCAM"
"W/m^2","GCAM_SSP1",2019,-0.055693,"RF_OC","old","GCAM"
"W/m^2","GCAM_SSP1",2020,-0.0550869,"RF_OC","old","GCAM"
"W/m^2","GCAM_SSP1",2021,-0.0544807,"RF_OC","old","GCAM"
"W/m^2","GCAM_SSP1",2022,-0.0547001,"RF_OC","old","GCAM"
"W/m^2","GCAM_SSP1",2023,-0.0549194,"RF_OC","old","GCAM"
"W/m^2","GCAM_SSP1",2024,-0.0551388,"RF_OC","old","GCAM"
"W/m^2","GCAM_SSP1",2025,-0.0553581,"RF_OC","old","GCAM"
"W/m^2","GCAM_SSP1",2026,-0.0534289,"RF_OC","old","GCAM"
"W/m^2","GCAM_SSP1",2027,-0.0514997,"RF_OC","old","GCAM"
"W/m^2","GCAM_SSP1",2028,-0.0495704,"RF_OC","old","GCAM"
"W/m^2","GCAM_SSP1",2029,-0.0476412,"RF_OC","old","GCAM"
"W/m^2","GCAM_SSP1",2030,-0.0457119,"RF_OC","old","GCAM"
"W/m^2","GCAM_SSP1",2031,-0.0439836,"RF_OC","old","GCAM"
"W/m^2","GCAM_SSP1",2032,-0.0422552,"RF_OC","old","GCAM"
"W/m^2","GCAM_SSP1",2033,-0.0405268,"RF_OC","old","GCAM"
"W/m^2","GCAM_SSP1",2034,-0.0387984,"RF_OC","old","GCAM"
"W/m^2","GCAM_SSP1",2035,-0.0370701,"RF_OC","old","GCAM"
"W/m^2","GCAM_SSP1",2036,-0.0361028,"RF_OC","old","GCAM"
"W/m^2","GCAM_SSP1",2037,-0.0351355,"RF_OC","old","GCAM"
"W/m^2","GCAM_SSP1",2038,-0.0341682,"RF_OC","old","GCAM"
"W/m^2","GCAM_SSP1",2039,-0.033201,"RF_OC","old","GCAM"
"W/m^2","GCAM_SSP1",2040,-0.0322337,"RF_OC","old","GCAM"
"W/m^2","GCAM_SSP1",2041,-0.0310557,"RF_OC","old","GCAM"
"W/m^2","GCAM_SSP1",2042,-0.0298776,"RF_OC","old","GCAM"
"W/m^2","GCAM_SSP1",2043,-0.0286995,"RF_OC","old","GCAM"
"W/m^2","GCAM_SSP1",2044,-0.0275215,"RF_OC","old","GCAM"
"W/m^2","GCAM_SSP1",2045,-0.0263434,"RF_OC","old","GCAM"
"W/m^2","GCAM_SSP1",2046,-0.0250625,"RF_OC","old","GCAM"
"W/m^2","GCAM_SSP1",2047,-0.0237816,"RF_OC","old","GCAM"
"W/m^2","GCAM_SSP1",2048,-0.0225008,"RF_OC","old","GCAM"
"W/m^2","GCAM_SSP1",2049,-0.0212199,"RF_OC","old","GCAM"
"W/m^2","GCAM_SSP1",2050,-0.019939,"RF_OC","old","GCAM"
"W/m^2","GCAM_SSP1",2051,-0.0193195,"RF_OC","old","GCAM"
"W/m^2","GCAM_SSP1",2052,-0.0187,"RF_OC","old","GCAM"
"W/m^2","GCAM_SSP1",2053,-0.0180805,"RF_OC","old","GCAM"
"W/m^2","GCAM_SSP1",2054,-0.017461,"RF_OC","old","GCAM"
"W/m^2","GCAM_SSP1",2055,-0.0168415,"RF_OC","old","GCAM"
"W/m^2","GCAM_SSP1",2056,-0.0160312,"RF_OC","old","GCAM"
"W/m^2","GCAM_SSP1",2057,-0.0152208,"RF_OC","old","GCAM"
"W/m^2","GCAM_SSP1",2058,-0.0144105,"RF_OC","old","GCAM"
"W/m^2","GCAM_SSP1",2059,-0.0136002,"RF_OC","old","GCAM"
"W/m^2","GCAM_SSP1",2060,-0.0127899,"RF_OC","old","GCAM"
"W/m^2","GCAM_SSP1",2061,-0.0119036,"RF_OC","old","GCAM"
"W/m^2","GCAM_SSP1",2062,-0.0110173,"RF_OC","old","GCAM"
"W/m^2","GCAM_SSP1",2063,-0.010131,"RF_OC","old","GCAM"
"W/m^2","GCAM_SSP1",2064,-0.00924475,"RF_OC","old","GCAM"
"W/m^2","GCAM_SSP1",2065,-0.00835848,"RF_OC","old","GCAM"
"W/m^2","GCAM_SSP1",2066,-0.00756004,"RF_OC","old","GCAM"
"W/m^2","GCAM_SSP1",2067,-0.00676161,"RF_OC","old","GCAM"
"W/m^2","GCAM_SSP1",2068,-0.00596318,"RF_OC","old","GCAM"
"W/m^2","GCAM_SSP1",2069,-0.00516474,"RF_OC","old","GCAM"
"W/m^2","GCAM_SSP1",2070,-0.00436631,"RF_OC","old","GCAM"
"W/m^2","GCAM_SSP1",2071,-0.00359422,"RF_OC","old","GCAM"
"W/m^2","GCAM_SSP1",2072,-0.00282213,"RF_OC","old","GCAM"
"W/m^2","GCAM_SSP1",2073,-0.00205005,"RF_OC","old","GCAM"
"W/m^2","GCAM_SSP1",2074,-0.00127796,"RF_OC","old","GCAM"
"W/m^2","GCAM_SSP1",2075,-0.000505875,"RF_OC","old","GCAM"
"W/m^2","GCAM_SSP1",2076,0.000217782,"RF_OC","old","GCAM"
"W/m^2","GCAM_SSP1",2077,0.000941439,"RF_OC","old","GCAM"
"W/m^2","GCAM_SSP1",2078,0.0016651,"RF_OC","old","GCAM"
"W/m^2","GCAM_SSP1",2079,0.00238875,"RF_OC","old","GCAM"
"W/m^2","GCAM_SSP1",2080,0.00311241,"RF_OC","old","GCAM"
"W/m^2","GCAM_SSP1",2081,0.0037408,"RF_OC","old","GCAM"
"W/m^2","GCAM_SSP1",2082,0.00436919,"RF_OC","old","GCAM"
"W/m^2","GCAM_SSP1",2083,0.00499759,"RF_OC","old","GCAM"
"W/m^2","GCAM_SSP1",2084,0.00562598,"RF_OC","old","GCAM"
"W/m^2","GCAM_SSP1",2085,0.00625437,"RF_OC","old","GCAM"
"W/m^2","GCAM_SSP1",2086,0.00684424,"RF_OC","old","GCAM"
"W/m^2","GCAM_SSP1",2087,0.00743412,"RF_OC","old","GCAM"
"W/m^2","GCAM_SSP1",2088,0.00802399,"RF_OC","old","GCAM"
"W/m^2","GCAM_SSP1",2089,0.00861387,"RF_OC","old","GCAM"
"W/m^2","GCAM_SSP1",2090,0.00920374,"RF_OC","old","GCAM"
"W/m^2","GCAM_SSP1",2091,0.00971013,"RF_OC","old","GCAM"
"W/m^2","GCAM_SSP1",2092,0.0102165,"RF_OC","old","GCAM"
"W/m^2","GCAM_SSP1",2093,0.0107229,"RF_OC","old","GCAM"
"W/m^2","GCAM_SSP1",2094,0.0112293,"RF_OC","old","GCAM"
"W/m^2","GCAM_SSP1",2095,0.0117357,"RF_OC","old","GCAM"
"W/m^2","GCAM_SSP1",2096,0.0121374,"RF_OC","old","GCAM"
"W/m^2","GCAM_SSP1",2097,0.0125392,"RF_OC","old","GCAM"
"W/m^2","GCAM_SSP1",2098,0.0129409,"RF_OC","old","GCAM"
"W/m^2","GCAM_SSP1",2099,0.0133426,"RF_OC","old","GCAM"
"W/m^2","GCAM_SSP1",2100,0.0137444,"RF_OC","old","GCAM"
"W/m^2","GCAM_SSP1",1976,0.032349,"RF_H2O_strat","old","GCAM"
"W/m^2","GCAM_SSP1",1977,0.0329131,"RF_H2O_strat","old","GCAM"
"W/m^2","GCAM_SSP1",1978,0.0334511,"RF_H2O_strat","old","GCAM"
"W/m^2","GCAM_SSP1",1979,0.0340049,"RF_H2O_strat","old","GCAM"
"W/m^2","GCAM_SSP1",1980,0.0345282,"RF_H2O_strat","old","GCAM"
"W/m^2","GCAM_SSP1",1981,0.0349403,"RF_H2O_strat","old","GCAM"
"W/m^2","GCAM_SSP1",1982,0.0355625,"RF_H2O_strat","old","GCAM"
"W/m^2","GCAM_SSP1",1983,0.0359063,"RF_H2O_strat","old","GCAM"
"W/m^2","GCAM_SSP1",1984,0.0362715,"RF_H2O_strat","old","GCAM"
"W/m^2","GCAM_SSP1",1985,0.0366091,"RF_H2O_strat","old","GCAM"
"W/m^2","GCAM_SSP1",1986,0.0370032,"RF_H2O_strat","old","GCAM"
"W/m^2","GCAM_SSP1",1987,0.0374405,"RF_H2O_strat","old","GCAM"
"W/m^2","GCAM_SSP1",1988,0.0378441,"RF_H2O_strat","old","GCAM"
"W/m^2","GCAM_SSP1",1989,0.0382267,"RF_H2O_strat","old","GCAM"
"W/m^2","GCAM_SSP1",1990,0.0386362,"RF_H2O_strat","old","GCAM"
"W/m^2","GCAM_SSP1",1991,0.0394549,"RF_H2O_strat","old","GCAM"
"W/m^2","GCAM_SSP1",1992,0.0396023,"RF_H2O_strat","old","GCAM"
"W/m^2","GCAM_SSP1",1993,0.0397321,"RF_H2O_strat","old","GCAM"
"W/m^2","GCAM_SSP1",1994,0.0401774,"RF_H2O_strat","old","GCAM"
"W/m^2","GCAM_SSP1",1995,0.0403317,"RF_H2O_strat","old","GCAM"
"W/m^2","GCAM_SSP1",1996,0.0404678,"RF_H2O_strat","old","GCAM"
"W/m^2","GCAM_SSP1",1997,0.0413577,"RF_H2O_strat","old","GCAM"
"W/m^2","GCAM_SSP1",1998,0.0417024,"RF_H2O_strat","old","GCAM"
"W/m^2","GCAM_SSP1",1999,0.0417624,"RF_H2O_strat","old","GCAM"
"W/m^2","GCAM_SSP1",2000,0.0417421,"RF_H2O_strat","old","GCAM"
"W/m^2","GCAM_SSP1",2001,0.0417688,"RF_H2O_strat","old","GCAM"
"W/m^2","GCAM_SSP1",2002,0.0420783,"RF_H2O_strat","old","GCAM"
"W/m^2","GCAM_SSP1",2003,0.0423898,"RF_H2O_strat","old","GCAM"
"W/m^2","GCAM_SSP1",2004,0.0427806,"RF_H2O_strat","old","GCAM"
"W/m^2","GCAM_SSP1",2005,0.0431361,"RF_H2O_strat","old","GCAM"
"W/m^2","GCAM_SSP1",2006,0.0434182,"RF_H2O_strat","old","GCAM"
"W/m^2","GCAM_SSP1",2007,0.0436327,"RF_H2O_strat","old","GCAM"
"W/m^2","GCAM_SSP1",2008,0.0437867,"RF_H2O_strat","old","GCAM"
"W/m^2","GCAM_SSP1",2009,0.0438868,"RF_H2O_strat","old","GCAM"
"W/m^2","GCAM_SSP1",2010,0.0439392,"RF_H2O_strat","old","GCAM"
"W/m^2","GCAM_SSP1",2011,0.044044,"RF_H2O_strat","old","GCAM"
"W/m^2","GCAM_SSP1",2012,0.0441982,"RF_H2O_strat","old","GCAM"
"W/m^2","GCAM_SSP1",2013,0.044395,"RF_H2O_strat","old","GCAM"
"W/m^2","GCAM_SSP1",2014,0.0446321,"RF_H2O_strat","old","GCAM"
"W/m^2","GCAM_SSP1",2015,0.044906,"RF_H2O_strat","old","GCAM"
"W/m^2","GCAM_SSP1",2016,0.0452041,"RF_H2O_strat","old","GCAM"
"W/m^2","GCAM_SSP1",2017,0.0455241,"RF_H2O_strat","old","GCAM"
"W/m^2","GCAM_SSP1",2018,0.0458638,"RF_H2O_strat","old","GCAM"
"W/m^2","GCAM_SSP1",2019,0.0462211,"RF_H2O_strat","old","GCAM"
"W/m^2","GCAM_SSP1",2020,0.0465943,"RF_H2O_strat","old","GCAM"
"W/m^2","GCAM_SSP1",2021,0.046982,"RF_H2O_strat","old","GCAM"
"W/m^2","GCAM_SSP1",2022,0.0474123,"RF_H2O_strat","old","GCAM"
"W/m^2","GCAM_SSP1",2023,0.047881,"RF_H2O_strat","old","GCAM"
"W/m^2","GCAM_SSP1",2024,0.0483841,"RF_H2O_strat","old","GCAM"
"W/m^2","GCAM_SSP1",2025,0.0489184,"RF_H2O_strat","old","GCAM"
"W/m^2","GCAM_SSP1",2026,0.0494577,"RF_H2O_strat","old","GCAM"
"W/m^2","GCAM_SSP1",2027,0.0500023,"RF_H2O_strat","old","GCAM"
"W/m^2","GCAM_SSP1",2028,0.0505523,"RF_H2O_strat","old","GCAM"
"W/m^2","GCAM_SSP1",2029,0.0511073,"RF_H2O_strat","old","GCAM"
"W/m^2","GCAM_SSP1",2030,0.0516671,"RF_H2O_strat","old","GCAM"
"W/m^2","GCAM_SSP1",2031,0.0522203,"RF_H2O_strat","old","GCAM"
"W/m^2","GCAM_SSP1",2032,0.0527678,"RF_H2O_strat","old","GCAM"
"W/m^2","GCAM_SSP1",2033,0.0533101,"RF_H2O_strat","old","GCAM"
"W/m^2","GCAM_SSP1",2034,0.0538478,"RF_H2O_strat","old","GCAM"
"W/m^2","GCAM_SSP1",2035,0.0543815,"RF_H2O_strat","old","GCAM"
"W/m^2","GCAM_SSP1",2036,0.0549176,"RF_H2O_strat","old","GCAM"
"W/m^2","GCAM_SSP1",2037,0.055456,"RF_H2O_strat","old","GCAM"
"W/m^2","GCAM_SSP1",2038,0.0559966,"RF_H2O_strat","old","GCAM"
"W/m^2","GCAM_SSP1",2039,0.0565392,"RF_H2O_strat","old","GCAM"
"W/m^2","GCAM_SSP1",2040,0.0570838,"RF_H2O_strat","old","GCAM"
"W/m^2","GCAM_SSP1",2041,0.0576087,"RF_H2O_strat","old","GCAM"
"W/m^2","GCAM_SSP1",2042,0.0581156,"RF_H2O_strat","old","GCAM"
"W/m^2","GCAM_SSP1",2043,0.0586065,"RF_H2O_strat","old","GCAM"
"W/m^2","GCAM_SSP1",2044,0.059083,"RF_H2O_strat","old","GCAM"
"W/m^2","GCAM_SSP1",2045,0.0595463,"RF_H2O_strat","old","GCAM"
"W/m^2","GCAM_SSP1",2046,0.0599986,"RF_H2O_strat","old","GCAM"
"W/m^2","GCAM_SSP1",2047,0.060441,"RF_H2O_strat","old","GCAM"
"W/m^2","GCAM_SSP1",2048,0.0608744,"RF_H2O_strat","old","GCAM"
"W/m^2","GCAM_SSP1",2049,0.0612995,"RF_H2O_strat","old","GCAM"
"W/m^2","GCAM_SSP1",2050,0.0617171,"RF_H2O_strat","old","GCAM"
"W/m^2","GCAM_SSP1",2051,0.0621158,"RF_H2O_strat","old","GCAM"
"W/m^2","GCAM_SSP1",2052,0.0624973,"RF_H2O_strat","old","GCAM"
"W/m^2","GCAM_SSP1",2053,0.0628628,"RF_H2O_strat","old","GCAM"
"W/m^2","GCAM_SSP1",2054,0.0632137,"RF_H2O_strat","old","GCAM"
"W/m^2","GCAM_SSP1",2055,0.0635512,"RF_H2O_strat","old","GCAM"
"W/m^2","GCAM_SSP1",2056,0.0638713,"RF_H2O_strat","old","GCAM"
"W/m^2","GCAM_SSP1",2057,0.0641755,"RF_H2O_strat","old","GCAM"
"W/m^2","GCAM_SSP1",2058,0.0644652,"RF_H2O_strat","old","GCAM"
"W/m^2","GCAM_SSP1",2059,0.0647415,"RF_H2O_strat","old","GCAM"
"W/m^2","GCAM_SSP1",2060,0.0650057,"RF_H2O_strat","old","GCAM"
"W/m^2","GCAM_SSP1",2061,0.0652517,"RF_H2O_strat","old","GCAM"
"W/m^2","GCAM_SSP1",2062,0.0654811,"RF_H2O_strat","old","GCAM"
"W/m^2","GCAM_SSP1",2063,0.0656953,"RF_H2O_strat","old","GCAM"
"W/m^2","GCAM_SSP1",2064,0.0658956,"RF_H2O_strat","old","GCAM"
"W/m^2","GCAM_SSP1",2065,0.0660831,"RF_H2O_strat","old","GCAM"
"W/m^2","GCAM_SSP1",2066,0.0662496,"RF_H2O_strat","old","GCAM"
"W/m^2","GCAM_SSP1",2067,0.0663969,"RF_H2O_strat","old","GCAM"
"W/m^2","GCAM_SSP1",2068,0.0665265,"RF_H2O_strat","old","GCAM"
"W/m^2","GCAM_SSP1",2069,0.0666399,"RF_H2O_strat","old","GCAM"
"W/m^2","GCAM_SSP1",2070,0.0667385,"RF_H2O_strat","old","GCAM"
"W/m^2","GCAM_SSP1",2071,0.0668181,"RF_H2O_strat","old","GCAM"
"W/m^2","GCAM_SSP1",2072,0.0668801,"RF_H2O_strat","old","GCAM"
"W/m^2","GCAM_SSP1",2073,0.0669261,"RF_H2O_strat","old","GCAM"
"W/m^2","GCAM_SSP1",2074,0.0669573,"RF_H2O_strat","old","GCAM"
"W/m^2","GCAM_SSP1",2075,0.0669751,"RF_H2O_strat","old","GCAM"
"W/m^2","GCAM_SSP1",2076,0.0669753,"RF_H2O_strat","old","GCAM"
"W/m^2","GCAM_SSP1",2077,0.0669594,"RF_H2O_strat","old","GCAM"
"W/m^2","GCAM_SSP1",2078,0.0669288,"RF_H2O_strat","old","GCAM"
"W/m^2","GCAM_SSP1",2079,0.0668846,"RF_H2O_strat","old","GCAM"
"W/m^2","GCAM_SSP1",2080,0.066828,"RF_H2O_strat","old","GCAM"
"W/m^2","GCAM_SSP1",2081,0.0667555,"RF_H2O_strat","old","GCAM"
"W/m^2","GCAM_SSP1",2082,0.0666684,"RF_H2O_strat","old","GCAM"
"W/m^2","GCAM_SSP1",2083,0.0665678,"RF_H2O_strat","old","GCAM"
"W/m^2","GCAM_SSP1",2084,0.066455,"RF_H2O_strat","old","GCAM"
"W/m^2","GCAM_SSP1",2085,0.0663308,"RF_H2O_strat","old","GCAM"
"W/m^2","GCAM_SSP1",2086,0.0661883,"RF_H2O_strat","old","GCAM"
"W/m^2","GCAM_SSP1",2087,0.0660292,"RF_H2O_strat","old","GCAM"
"W/m^2","GCAM_SSP1",2088,0.0658548,"RF_H2O_strat","old","GCAM"
"W/m^2","GCAM_SSP1",2089,0.0656663,"RF_H2O_strat","old","GCAM"
"W/m^2","GCAM_SSP1",2090,0.065465,"RF_H2O_strat","old","GCAM"
"W/m^2","GCAM_SSP1",2091,0.0652482,"RF_H2O_strat","old","GCAM"
"W/m^2","GCAM_SSP1",2092,0.0650172,"RF_H2O_strat","old","GCAM"
"W/m^2","GCAM_SSP1",2093,0.0647732,"RF_H2O_strat","old","GCAM"
"W/m^2","GCAM_SSP1",2094,0.0645173,"RF_H2O_strat","old","GCAM"
"W/m^2","GCAM_SSP1",2095,0.0642504,"RF_H2O_strat","old","GCAM"
"W/m^2","GCAM_SSP1",2096,0.063971,"RF_H2O_strat","old","GCAM"
"W/m^2","GCAM_SSP1",2097,0.0636803,"RF_H2O_strat","old","GCAM"
"W/m^2","GCAM_SSP1",2098,0.0633791,"RF_H2O_strat","old","GCAM"
"W/m^2","GCAM_SSP1",2099,0.0630682,"RF_H2O_strat","old","GCAM"
"W/m^2","GCAM_SSP1",2100,0.0627485,"RF_H2O_strat","old","GCAM"
"W/m^2","GCAM_SSP1",1976,0.332685,"RF_O3_trop","old","GCAM"
"W/m^2","GCAM_SSP1",1977,0.339523,"RF_O3_trop","old","GCAM"
"W/m^2","GCAM_SSP1",1978,0.349427,"RF_O3_trop","old","GCAM"
"W/m^2","GCAM_SSP1",1979,0.355642,"RF_O3_trop","old","GCAM"
"W/m^2","GCAM_SSP1",1980,0.355273,"RF_O3_trop","old","GCAM"
"W/m^2","GCAM_SSP1",1981,0.351734,"RF_O3_trop","old","GCAM"
"W/m^2","GCAM_SSP1",1982,0.360543,"RF_O3_trop","old","GCAM"
"W/m^2","GCAM_SSP1",1983,0.348953,"RF_O3_trop","old","GCAM"
"W/m^2","GCAM_SSP1",1984,0.357558,"RF_O3_trop","old","GCAM"
"W/m^2","GCAM_SSP1",1985,0.362344,"RF_O3_trop","old","GCAM"
"W/m^2","GCAM_SSP1",1986,0.366618,"RF_O3_trop","old","GCAM"
"W/m^2","GCAM_SSP1",1987,0.377009,"RF_O3_trop","old","GCAM"
"W/m^2","GCAM_SSP1",1988,0.385258,"RF_O3_trop","old","GCAM"
"W/m^2","GCAM_SSP1",1989,0.386823,"RF_O3_trop","old","GCAM"
"W/m^2","GCAM_SSP1",1990,0.38947,"RF_O3_trop","old","GCAM"
"W/m^2","GCAM_SSP1",1991,0.413873,"RF_O3_trop","old","GCAM"
"W/m^2","GCAM_SSP1",1992,0.392768,"RF_O3_trop","old","GCAM"
"W/m^2","GCAM_SSP1",1993,0.400616,"RF_O3_trop","old","GCAM"
"W/m^2","GCAM_SSP1",1994,0.413913,"RF_O3_trop","old","GCAM"
"W/m^2","GCAM_SSP1",1995,0.407025,"RF_O3_trop","old","GCAM"
"W/m^2","GCAM_SSP1",1996,0.405479,"RF_O3_trop","old","GCAM"
"W/m^2","GCAM_SSP1",1997,0.437121,"RF_O3_trop","old","GCAM"
"W/m^2","GCAM_SSP1",1998,0.430398,"RF_O3_trop","old","GCAM"
"W/m^2","GCAM_SSP1",1999,0.412824,"RF_O3_trop","old","GCAM"
"W/m^2","GCAM_SSP1",2000,0.410571,"RF_O3_trop","old","GCAM"
"W/m^2","GCAM_SSP1",2001,0.411135,"RF_O3_trop","old","GCAM"
"W/m^2","GCAM_SSP1",2002,0.421939,"RF_O3_trop","old","GCAM"
"W/m^2","GCAM_SSP1",2003,0.425156,"RF_O3_trop","old","GCAM"
"W/m^2","GCAM_SSP1",2004,0.436433,"RF_O3_trop","old","GCAM"
"W/m^2","GCAM_SSP1",2005,0.437412,"RF_O3_trop","old","GCAM"
"W/m^2","GCAM_SSP1",2006,0.433122,"RF_O3_trop","old","GCAM"
"W/m^2","GCAM_SSP1",2007,0.428644,"RF_O3_trop","old","GCAM"
"W/m^2","GCAM_SSP1",2008,0.423999,"RF_O3_trop","old","GCAM"
"W/m^2","GCAM_SSP1",2009,0.419207,"RF_O3_trop","old","GCAM"
"W/m^2","GCAM_SSP1",2010,0.414285,"RF_O3_trop","old","GCAM"
"W/m^2","GCAM_SSP1",2011,0.413732,"RF_O3_trop","old","GCAM"
"W/m^2","GCAM_SSP1",2012,0.413312,"RF_O3_trop","old","GCAM"
"W/m^2","GCAM_SSP1",2013,0.413007,"RF_O3_trop","old","GCAM"
"W/m^2","GCAM_SSP1",2014,0.412809,"RF_O3_trop","old","GCAM"
"W/m^2","GCAM_SSP1",2015,0.412707,"RF_O3_trop","old","GCAM"
"W/m^2","GCAM_SSP1",2016,0.409788,"RF_O3_trop","old","GCAM"
"W/m^2","GCAM_SSP1",2017,0.406925,"RF_O3_trop","old","GCAM"
"W/m^2","GCAM_SSP1",2018,0.40411,"RF_O3_trop","old","GCAM"
"W/m^2","GCAM_SSP1",2019,0.401338,"RF_O3_trop","old","GCAM"
"W/m^2","GCAM_SSP1",2020,0.398604,"RF_O3_trop","old","GCAM"
"W/m^2","GCAM_SSP1",2021,0.395903,"RF_O3_trop","old","GCAM"
"W/m^2","GCAM_SSP1",2022,0.395467,"RF_O3_trop","old","GCAM"
"W/m^2","GCAM_SSP1",2023,0.395125,"RF_O3_trop","old","GCAM"
"W/m^2","GCAM_SSP1",2024,0.394864,"RF_O3_trop","old","GCAM"
"W/m^2","GCAM_SSP1",2025,0.394675,"RF_O3_trop","old","GCAM"
"W/m^2","GCAM_SSP1",2026,0.3899,"RF_O3_trop","old","GCAM"
"W/m^2","GCAM_SSP1",2027,0.385129,"RF_O3_trop","old","GCAM"
"W/m^2","GCAM_SSP1",2028,0.380362,"RF_O3_trop","old","GCAM"
"W/m^2","GCAM_SSP1",2029,0.375599,"RF_O3_trop","old","GCAM"
"W/m^2","GCAM_SSP1",2030,0.370839,"RF_O3_trop","old","GCAM"
"W/m^2","GCAM_SSP1",2031,0.366749,"RF_O3_trop","old","GCAM"
"W/m^2","GCAM_SSP1",2032,0.362638,"RF_O3_trop","old","GCAM"
"W/m^2","GCAM_SSP1",2033,0.358505,"RF_O3_trop","old","GCAM"
"W/m^2","GCAM_SSP1",2034,0.354352,"RF_O3_trop","old","GCAM"
"W/m^2","GCAM_SSP1",2035,0.350182,"RF_O3_trop","old","GCAM"
"W/m^2","GCAM_SSP1",2036,0.346356,"RF_O3_trop","old","GCAM"
"W/m^2","GCAM_SSP1",2037,0.342528,"RF_O3_trop","old","GCAM"
"W/m^2","GCAM_SSP1",2038,0.338697,"RF_O3_trop","old","GCAM"
"W/m^2","GCAM_SSP1",2039,0.334863,"RF_O3_trop","old","GCAM"
"W/m^2","GCAM_SSP1",2040,0.331026,"RF_O3_trop","old","GCAM"
"W/m^2","GCAM_SSP1",2041,0.329614,"RF_O3_trop","old","GCAM"
"W/m^2","GCAM_SSP1",2042,0.328153,"RF_O3_trop","old","GCAM"
"W/m^2","GCAM_SSP1",2043,0.326649,"RF_O3_trop","old","GCAM"
"W/m^2","GCAM_SSP1",2044,0.325107,"RF_O3_trop","old","GCAM"
"W/m^2","GCAM_SSP1",2045,0.323529,"RF_O3_trop","old","GCAM"
"W/m^2","GCAM_SSP1",2046,0.322174,"RF_O3_trop","old","GCAM"
"W/m^2","GCAM_SSP1",2047,0.320791,"RF_O3_trop","old","GCAM"
"W/m^2","GCAM_SSP1",2048,0.319384,"RF_O3_trop","old","GCAM"
"W/m^2","GCAM_SSP1",2049,0.317954,"RF_O3_trop","old","GCAM"
"W/m^2","GCAM_SSP1",2050,0.316503,"RF_O3_trop","old","GCAM"
"W/m^2","GCAM_SSP1",2051,0.316287,"RF_O3_trop","old","GCAM"
"W/m^2","GCAM_SSP1",2052,0.31603,"RF_O3_trop","old","GCAM"
"W/m^2","GCAM_SSP1",2053,0.315735,"RF_O3_trop","old","GCAM"
"W/m^2","GCAM_SSP1",2054,0.315404,"RF_O3_trop","old","GCAM"
"W/m^2","GCAM_SSP1",2055,0.315042,"RF_O3_trop","old","GCAM"
"W/m^2","GCAM_SSP1",2056,0.314776,"RF_O3_trop","old","GCAM"
"W/m^2","GCAM_SSP1",2057,0.314472,"RF_O3_trop","old","GCAM"
"W/m^2","GCAM_SSP1",2058,0.314136,"RF_O3_trop","old","GCAM"
"W/m^2","GCAM_SSP1",2059,0.313769,"RF_O3_trop","old","GCAM"
"W/m^2","GCAM_SSP1",2060,0.313375,"RF_O3_trop","old","GCAM"
"W/m^2","GCAM_SSP1",2061,0.312949,"RF_O3_trop","old","GCAM"
"W/m^2","GCAM_SSP1",2062,0.312486,"RF_O3_trop","old","GCAM"
"W/m^2","GCAM_SSP1",2063,0.31199,"RF_O3_trop","old","GCAM"
"W/m^2","GCAM_SSP1",2064,0.311464,"RF_O3_trop","old","GCAM"
"W/m^2","GCAM_SSP1",2065,0.310909,"RF_O3_trop","old","GCAM"
"W/m^2","GCAM_SSP1",2066,0.310329,"RF_O3_trop","old","GCAM"
"W/m^2","GCAM_SSP1",2067,0.309707,"RF_O3_trop","old","GCAM"
"W/m^2","GCAM_SSP1",2068,0.309047,"RF_O3_trop","old","GCAM"
"W/m^2","GCAM_SSP1",2069,0.308354,"RF_O3_trop","old","GCAM"
"W/m^2","GCAM_SSP1",2070,0.307629,"RF_O3_trop","old","GCAM"
"W/m^2","GCAM_SSP1",2071,0.306894,"RF_O3_trop","old","GCAM"
"W/m^2","GCAM_SSP1",2072,0.306123,"RF_O3_trop","old","GCAM"
"W/m^2","GCAM_SSP1",2073,0.305319,"RF_O3_trop","old","GCAM"
"W/m^2","GCAM_SSP1",2074,0.304483,"RF_O3_trop","old","GCAM"
"W/m^2","GCAM_SSP1",2075,0.303619,"RF_O3_trop","old","GCAM"
"W/m^2","GCAM_SSP1",2076,0.302713,"RF_O3_trop","old","GCAM"
"W/m^2","GCAM_SSP1",2077,0.301773,"RF_O3_trop","old","GCAM"
"W/m^2","GCAM_SSP1",2078,0.300802,"RF_O3_trop","old","GCAM"
"W/m^2","GCAM_SSP1",2079,0.299803,"RF_O3_trop","old","GCAM"
"W/m^2","GCAM_SSP1",2080,0.298778,"RF_O3_trop","old","GCAM"
"W/m^2","GCAM_SSP1",2081,0.297777,"RF_O3_trop","old","GCAM"
"W/m^2","GCAM_SSP1",2082,0.296746,"RF_O3_trop","old","GCAM"
"W/m^2","GCAM_SSP1",2083,0.295686,"RF_O3_trop","old","GCAM"
"W/m^2","GCAM_SSP1",2084,0.2946,"RF_O3_trop","old","GCAM"
"W/m^2","GCAM_SSP1",2085,0.29349,"RF_O3_trop","old","GCAM"
"W/m^2","GCAM_SSP1",2086,0.292349,"RF_O3_trop","old","GCAM"
"W/m^2","GCAM_SSP1",2087,0.291172,"RF_O3_trop","old","GCAM"
"W/m^2","GCAM_SSP1",2088,0.289962,"RF_O3_trop","old","GCAM"
"W/m^2","GCAM_SSP1",2089,0.288722,"RF_O3_trop","old","GCAM"
"W/m^2","GCAM_SSP1",2090,0.287453,"RF_O3_trop","old","GCAM"
"W/m^2","GCAM_SSP1",2091,0.28617,"RF_O3_trop","old","GCAM"
"W/m^2","GCAM_SSP1",2092,0.284856,"RF_O3_trop","old","GCAM"
"W/m^2","GCAM_SSP1",2093,0.283512,"RF_O3_trop","old","GCAM"
"W/m^2","GCAM_SSP1",2094,0.282142,"RF_O3_trop","old","GCAM"
"W/m^2","GCAM_SSP1",2095,0.280746,"RF_O3_trop","old","GCAM"
"W/m^2","GCAM_SSP1",2096,0.279343,"RF_O3_trop","old","GCAM"
"W/m^2","GCAM_SSP1",2097,0.277914,"RF_O3_trop","old","GCAM"
"W/m^2","GCAM_SSP1",2098,0.276461,"RF_O3_trop","old","GCAM"
"W/m^2","GCAM_SSP1",2099,0.274984,"RF_O3_trop","old","GCAM"
"W/m^2","GCAM_SSP1",2100,0.273486,"RF_O3_trop","old","GCAM"
"W/m^2","GCAM_SSP1",1976,0.264375,"RF_BC","old","GCAM"
"W/m^2","GCAM_SSP1",1977,0.271763,"RF_BC","old","GCAM"
"W/m^2","GCAM_SSP1",1978,0.286187,"RF_BC","old","GCAM"
"W/m^2","GCAM_SSP1",1979,0.292457,"RF_BC","old","GCAM"
"W/m^2","GCAM_SSP1",1980,0.288699,"RF_BC","old","GCAM"
"W/m^2","GCAM_SSP1",1981,0.286106,"RF_BC","old","GCAM"
"W/m^2","GCAM_SSP1",1982,0.307659,"RF_BC","old","GCAM"
"W/m^2","GCAM_SSP1",1983,0.289147,"RF_BC","old","GCAM"
"W/m^2","GCAM_SSP1",1984,0.301257,"RF_BC","old","GCAM"
"W/m^2","GCAM_SSP1",1985,0.308138,"RF_BC","old","GCAM"
"W/m^2","GCAM_SSP1",1986,0.313946,"RF_BC","old","GCAM"
"W/m^2","GCAM_SSP1",1987,0.325852,"RF_BC","old","GCAM"
"W/m^2","GCAM_SSP1",1988,0.338401,"RF_BC","old","GCAM"
"W/m^2","GCAM_SSP1",1989,0.333521,"RF_BC","old","GCAM"
"W/m^2","GCAM_SSP1",1990,0.34553,"RF_BC","old","GCAM"
"W/m^2","GCAM_SSP1",1991,0.37767,"RF_BC","old","GCAM"
"W/m^2","GCAM_SSP1",1992,0.336373,"RF_BC","old","GCAM"
"W/m^2","GCAM_SSP1",1993,0.346989,"RF_BC","old","GCAM"
"W/m^2","GCAM_SSP1",1994,0.370274,"RF_BC","old","GCAM"
"W/m^2","GCAM_SSP1",1995,0.365003,"RF_BC","old","GCAM"
"W/m^2","GCAM_SSP1",1996,0.356902,"RF_BC","old","GCAM"
"W/m^2","GCAM_SSP1",1997,0.394163,"RF_BC","old","GCAM"
"W/m^2","GCAM_SSP1",1998,0.403259,"RF_BC","old","GCAM"
"W/m^2","GCAM_SSP1",1999,0.357657,"RF_BC","old","GCAM"
"W/m^2","GCAM_SSP1",2000,0.342278,"RF_BC","old","GCAM"
"W/m^2","GCAM_SSP1",2001,0.350862,"RF_BC","old","GCAM"
"W/m^2","GCAM_SSP1",2002,0.379901,"RF_BC","old","GCAM"
"W/m^2","GCAM_SSP1",2003,0.392369,"RF_BC","old","GCAM"
"W/m^2","GCAM_SSP1",2004,0.411577,"RF_BC","old","GCAM"
"W/m^2","GCAM_SSP1",2005,0.411577,"RF_BC","old","GCAM"
"W/m^2","GCAM_SSP1",2006,0.398687,"RF_BC","old","GCAM"
"W/m^2","GCAM_SSP1",2007,0.385796,"RF_BC","old","GCAM"
"W/m^2","GCAM_SSP1",2008,0.372906,"RF_BC","old","GCAM"
"W/m^2","GCAM_SSP1",2009,0.360016,"RF_BC","old","GCAM"
"W/m^2","GCAM_SSP1",2010,0.347126,"RF_BC","old","GCAM"
"W/m^2","GCAM_SSP1",2011,0.342807,"RF_BC","old","GCAM"
"W/m^2","GCAM_SSP1",2012,0.338487,"RF_BC","old","GCAM"
"W/m^2","GCAM_SSP1",2013,0.334168,"RF_BC","old","GCAM"
"W/m^2","GCAM_SSP1",2014,0.329848,"RF_BC","old","GCAM"
"W/m^2","GCAM_SSP1",2015,0.325529,"RF_BC","old","GCAM"
"W/m^2","GCAM_SSP1",2016,0.32083,"RF_BC","old","GCAM"
"W/m^2","GCAM_SSP1",2017,0.316131,"RF_BC","old","GCAM"
"W/m^2","GCAM_SSP1",2018,0.311433,"RF_BC","old","GCAM"
"W/m^2","GCAM_SSP1",2019,0.306734,"RF_BC","old","GCAM"
"W/m^2","GCAM_SSP1",2020,0.302035,"RF_BC","old","GCAM"
"W/m^2","GCAM_SSP1",2021,0.297337,"RF_BC","old","GCAM"
"W/m^2","GCAM_SSP1",2022,0.29356,"RF_BC","old","GCAM"
"W/m^2","GCAM_SSP1",2023,0.289783,"RF_BC","old","GCAM"
"W/m^2","GCAM_SSP1",2024,0.286006,"RF_BC","old","GCAM"
"W/m^2","GCAM_SSP1",2025,0.282228,"RF_BC","old","GCAM"
"W/m^2","GCAM_SSP1",2026,0.274322,"RF_BC","old","GCAM"
"W/m^2","GCAM_SSP1",2027,0.266416,"RF_BC","old","GCAM"
"W/m^2","GCAM_SSP1",2028,0.25851,"RF_BC","old","GCAM"
"W/m^2","GCAM_SSP1",2029,0.250603,"RF_BC","old","GCAM"
"W/m^2","GCAM_SSP1",2030,0.242697,"RF_BC","old","GCAM"
"W/m^2","GCAM_SSP1",2031,0.234556,"RF_BC","old","GCAM"
"W/m^2","GCAM_SSP1",2032,0.226415,"RF_BC","old","GCAM"
"W/m^2","GCAM_SSP1",2033,0.218274,"RF_BC","old","GCAM"
"W/m^2","GCAM_SSP1",2034,0.210133,"RF_BC","old","GCAM"
"W/m^2","GCAM_SSP1",2035,0.201992,"RF_BC","old","GCAM"
"W/m^2","GCAM_SSP1",2036,0.194376,"RF_BC","old","GCAM"
"W/m^2","GCAM_SSP1",2037,0.186759,"RF_BC","old","GCAM"
"W/m^2","GCAM_SSP1",2038,0.179142,"RF_BC","old","GCAM"
"W/m^2","GCAM_SSP1",2039,0.171525,"RF_BC","old","GCAM"
"W/m^2","GCAM_SSP1",2040,0.163909,"RF_BC","old","GCAM"
"W/m^2","GCAM_SSP1",2041,0.158871,"RF_BC","old","GCAM"
"W/m^2","GCAM_SSP1",2042,0.153833,"RF_BC","old","GCAM"
"W/m^2","GCAM_SSP1",2043,0.148795,"RF_BC","old","GCAM"
"W/m^2","GCAM_SSP1",2044,0.143756,"RF_BC","old","GCAM"
"W/m^2","GCAM_SSP1",2045,0.138718,"RF_BC","old","GCAM"
"W/m^2","GCAM_SSP1",2046,0.133913,"RF_BC","old","GCAM"
"W/m^2","GCAM_SSP1",2047,0.129107,"RF_BC","old","GCAM"
"W/m^2","GCAM_SSP1",2048,0.124301,"RF_BC","old","GCAM"
"W/m^2","GCAM_SSP1",2049,0.119495,"RF_BC","old","GCAM"
"W/m^2","GCAM_SSP1",2050,0.114689,"RF_BC","old","GCAM"
"W/m^2","GCAM_SSP1",2051,0.11244,"RF_BC","old","GCAM"
"W/m^2","GCAM_SSP1",2052,0.110191,"RF_BC","old","GCAM"
"W/m^2","GCAM_SSP1",2053,0.107942,"RF_BC","old","GCAM"
"W/m^2","GCAM_SSP1",2054,0.105693,"RF_BC","old","GCAM"
"W/m^2","GCAM_SSP1",2055,0.103444,"RF_BC","old","GCAM"
"W/m^2","GCAM_SSP1",2056,0.101289,"RF_BC","old","GCAM"
"W/m^2","GCAM_SSP1",2057,0.0991336,"RF_BC","old","GCAM"
"W/m^2","GCAM_SSP1",2058,0.0969782,"RF_BC","old","GCAM"
"W/m^2","GCAM_SSP1",2059,0.0948229,"RF_BC","old","GCAM"
"W/m^2","GCAM_SSP1",2060,0.0926676,"RF_BC","old","GCAM"
"W/m^2","GCAM_SSP1",2061,0.0905282,"RF_BC","old","GCAM"
"W/m^2","GCAM_SSP1",2062,0.0883888,"RF_BC","old","GCAM"
"W/m^2","GCAM_SSP1",2063,0.0862494,"RF_BC","old","GCAM"
"W/m^2","GCAM_SSP1",2064,0.08411,"RF_BC","old","GCAM"
"W/m^2","GCAM_SSP1",2065,0.0819706,"RF_BC","old","GCAM"
"W/m^2","GCAM_SSP1",2066,0.0799576,"RF_BC","old","GCAM"
"W/m^2","GCAM_SSP1",2067,0.0779446,"RF_BC","old","GCAM"
"W/m^2","GCAM_SSP1",2068,0.0759316,"RF_BC","old","GCAM"
"W/m^2","GCAM_SSP1",2069,0.0739186,"RF_BC","old","GCAM"
"W/m^2","GCAM_SSP1",2070,0.0719056,"RF_BC","old","GCAM"
"W/m^2","GCAM_SSP1",2071,0.069938,"RF_BC","old","GCAM"
"W/m^2","GCAM_SSP1",2072,0.0679705,"RF_BC","old","GCAM"
"W/m^2","GCAM_SSP1",2073,0.066003,"RF_BC","old","GCAM"
"W/m^2","GCAM_SSP1",2074,0.0640355,"RF_BC","old","GCAM"
"W/m^2","GCAM_SSP1",2075,0.0620679,"RF_BC","old","GCAM"
"W/m^2","GCAM_SSP1",2076,0.0601446,"RF_BC","old","GCAM"
"W/m^2","GCAM_SSP1",2077,0.0582213,"RF_BC","old","GCAM"
"W/m^2","GCAM_SSP1",2078,0.056298,"RF_BC","old","GCAM"
"W/m^2","GCAM_SSP1",2079,0.0543747,"RF_BC","old","GCAM"
"W/m^2","GCAM_SSP1",2080,0.0524514,"RF_BC","old","GCAM"
"W/m^2","GCAM_SSP1",2081,0.0506763,"RF_BC","old","GCAM"
"W/m^2","GCAM_SSP1",2082,0.0489012,"RF_BC","old","GCAM"
"W/m^2","GCAM_SSP1",2083,0.0471261,"RF_BC","old","GCAM"
"W/m^2","GCAM_SSP1",2084,0.045351,"RF_BC","old","GCAM"
"W/m^2","GCAM_SSP1",2085,0.043576,"RF_BC","old","GCAM"
"W/m^2","GCAM_SSP1",2086,0.0418841,"RF_BC","old","GCAM"
"W/m^2","GCAM_SSP1",2087,0.0401923,"RF_BC","old","GCAM"
"W/m^2","GCAM_SSP1",2088,0.0385005,"RF_BC","old","GCAM"
"W/m^2","GCAM_SSP1",2089,0.0368086,"RF_BC","old","GCAM"
"W/m^2","GCAM_SSP1",2090,0.0351168,"RF_BC","old","GCAM"
"W/m^2","GCAM_SSP1",2091,0.0335574,"RF_BC","old","GCAM"
"W/m^2","GCAM_SSP1",2092,0.031998,"RF_BC","old","GCAM"
"W/m^2","GCAM_SSP1",2093,0.0304385,"RF_BC","old","GCAM"
"W/m^2","GCAM_SSP1",2094,0.0288791,"RF_BC","old","GCAM"
"W/m^2","GCAM_SSP1",2095,0.0273197,"RF_BC","old","GCAM"
"W/m^2","GCAM_SSP1",2096,0.0259722,"RF_BC","old","GCAM"
"W/m^2","GCAM_SSP1",2097,0.0246248,"RF_BC","old","GCAM"
"W/m^2","GCAM_SSP1",2098,0.0232773,"RF_BC","old","GCAM"
"W/m^2","GCAM_SSP1",2099,0.0219299,"RF_BC","old","GCAM"
"W/m^2","GCAM_SSP1",2100,0.0205824,"RF_BC","old","GCAM"
"W/m^2","GCAM_SSP1",1976,-0.492498,"RF_SO2","old","GCAM"
"W/m^2","GCAM_SSP1",1977,-0.497157,"RF_SO2","old","GCAM"
"W/m^2","GCAM_SSP1",1978,-0.498994,"RF_SO2","old","GCAM"
"W/m^2","GCAM_SSP1",1979,-0.507187,"RF_SO2","old","GCAM"
"W/m^2","GCAM_SSP1",1980,-0.504677,"RF_SO2","old","GCAM"
"W/m^2","GCAM_SSP1",1981,-0.489027,"RF_SO2","old","GCAM"
"W/m^2","GCAM_SSP1",1982,-0.480388,"RF_SO2","old","GCAM"
"W/m^2","GCAM_SSP1",1983,-0.473069,"RF_SO2","old","GCAM"
"W/m^2","GCAM_SSP1",1984,-0.478727,"RF_SO2","old","GCAM"
"W/m^2","GCAM_SSP1",1985,-0.479953,"RF_SO2","old","GCAM"
"W/m^2","GCAM_SSP1",1986,-0.479992,"RF_SO2","old","GCAM"
"W/m^2","GCAM_SSP1",1987,-0.489268,"RF_SO2","old","GCAM"
"W/m^2","GCAM_SSP1",1988,-0.493499,"RF_SO2","old","GCAM"
"W/m^2","GCAM_SSP1",1989,-0.493689,"RF_SO2","old","GCAM"
"W/m^2","GCAM_SSP1",1990,-0.492054,"RF_SO2","old","GCAM"
"W/m^2","GCAM_SSP1",1991,-0.48741,"RF_SO2","old","GCAM"
"W/m^2","GCAM_SSP1",1992,-0.470615,"RF_SO2","old","GCAM"
"W/m^2","GCAM_SSP1",1993,-0.462933,"RF_SO2","old","GCAM"
"W/m^2","GCAM_SSP1",1994,-0.452662,"RF_SO2","old","GCAM"
"W/m^2","GCAM_SSP1",1995,-0.44381,"RF_SO2","old","GCAM"
"W/m^2","GCAM_SSP1",1996,-0.436449,"RF_SO2","old","GCAM"
"W/m^2","GCAM_SSP1",1997,-0.438079,"RF_SO2","old","GCAM"
"W/m^2","GCAM_SSP1",1998,-0.428638,"RF_SO2","old","GCAM"
"W/m^2","GCAM_SSP1",1999,-0.405624,"RF_SO2","old","GCAM"
"W/m^2","GCAM_SSP1",2000,-0.406651,"RF_SO2","old","GCAM"
"W/m^2","GCAM_SSP1",2001,-0.409551,"RF_SO2","old","GCAM"
"W/m^2","GCAM_SSP1",2002,-0.406849,"RF_SO2","old","GCAM"
"W/m^2","GCAM_SSP1",2003,-0.421447,"RF_SO2","old","GCAM"
"W/m^2","GCAM_SSP1",2004,-0.441609,"RF_SO2","old","GCAM"
"W/m^2","GCAM_SSP1",2005,-0.441609,"RF_SO2","old","GCAM"
"W/m^2","GCAM_SSP1",2006,-0.430681,"RF_SO2","old","GCAM"
"W/m^2","GCAM_SSP1",2007,-0.419753,"RF_SO2","old","GCAM"
"W/m^2","GCAM_SSP1",2008,-0.408825,"RF_SO2","old","GCAM"
"W/m^2","GCAM_SSP1",2009,-0.397898,"RF_SO2","old","GCAM"
"W/m^2","GCAM_SSP1",2010,-0.38697,"RF_SO2","old","GCAM"
"W/m^2","GCAM_SSP1",2011,-0.375536,"RF_SO2","old","GCAM"
"W/m^2","GCAM_SSP1",2012,-0.364103,"RF_SO2","old","GCAM"
"W/m^2","GCAM_SSP1",2013,-0.352669,"RF_SO2","old","GCAM"
"W/m^2","GCAM_SSP1",2014,-0.341236,"RF_SO2","old","GCAM"
"W/m^2","GCAM_SSP1",2015,-0.329802,"RF_SO2","old","GCAM"
"W/m^2","GCAM_SSP1",2016,-0.318169,"RF_SO2","old","GCAM"
"W/m^2","GCAM_SSP1",2017,-0.306535,"RF_SO2","old","GCAM"
"W/m^2","GCAM_SSP1",2018,-0.294902,"RF_SO2","old","GCAM"
"W/m^2","GCAM_SSP1",2019,-0.283268,"RF_SO2","old","GCAM"
"W/m^2","GCAM_SSP1",2020,-0.271635,"RF_SO2","old","GCAM"
"W/m^2","GCAM_SSP1",2021,-0.260002,"RF_SO2","old","GCAM"
"W/m^2","GCAM_SSP1",2022,-0.251436,"RF_SO2","old","GCAM"
"W/m^2","GCAM_SSP1",2023,-0.24287,"RF_SO2","old","GCAM"
"W/m^2","GCAM_SSP1",2024,-0.234304,"RF_SO2","old","GCAM"
"W/m^2","GCAM_SSP1",2025,-0.225738,"RF_SO2","old","GCAM"
"W/m^2","GCAM_SSP1",2026,-0.2184,"RF_SO2","old","GCAM"
"W/m^2","GCAM_SSP1",2027,-0.211062,"RF_SO2","old","GCAM"
"W/m^2","GCAM_SSP1",2028,-0.203723,"RF_SO2","old","GCAM"
"W/m^2","GCAM_SSP1",2029,-0.196385,"RF_SO2","old","GCAM"
"W/m^2","GCAM_SSP1",2030,-0.189047,"RF_SO2","old","GCAM"
"W/m^2","GCAM_SSP1",2031,-0.183789,"RF_SO2","old","GCAM"
"W/m^2","GCAM_SSP1",2032,-0.178532,"RF_SO2","old","GCAM"
"W/m^2","GCAM_SSP1",2033,-0.173274,"RF_SO2","old","GCAM"
"W/m^2","GCAM_SSP1",2034,-0.168017,"RF_SO2","old","GCAM"
"W/m^2","GCAM_SSP1",2035,-0.16276,"RF_SO2","old","GCAM"
"W/m^2","GCAM_SSP1",2036,-0.158259,"RF_SO2","old","GCAM"
"W/m^2","GCAM_SSP1",2037,-0.153758,"RF_SO2","old","GCAM"
"W/m^2","GCAM_SSP1",2038,-0.149258,"RF_SO2","old","GCAM"
"W/m^2","GCAM_SSP1",2039,-0.144757,"RF_SO2","old","GCAM"
"W/m^2","GCAM_SSP1",2040,-0.140257,"RF_SO2","old","GCAM"
"W/m^2","GCAM_SSP1",2041,-0.136171,"RF_SO2","old","GCAM"
"W/m^2","GCAM_SSP1",2042,-0.132086,"RF_SO2","old","GCAM"
"W/m^2","GCAM_SSP1",2043,-0.128001,"RF_SO2","old","GCAM"
"W/m^2","GCAM_SSP1",2044,-0.123915,"RF_SO2","old","GCAM"
"W/m^2","GCAM_SSP1",2045,-0.11983,"RF_SO2","old","GCAM"
"W/m^2","GCAM_SSP1",2046,-0.116168,"RF_SO2","old","GCAM"
"W/m^2","GCAM_SSP1",2047,-0.112506,"RF_SO2","old","GCAM"
"W/m^2","GCAM_SSP1",2048,-0.108844,"RF_SO2","old","GCAM"
"W/m^2","GCAM_SSP1",2049,-0.105182,"RF_SO2","old","GCAM"
"W/m^2","GCAM_SSP1",2050,-0.101519,"RF_SO2","old","GCAM"
"W/m^2","GCAM_SSP1",2051,-0.100143,"RF_SO2","old","GCAM"
"W/m^2","GCAM_SSP1",2052,-0.0987656,"RF_SO2","old","GCAM"
"W/m^2","GCAM_SSP1",2053,-0.0973887,"RF_SO2","old","GCAM"
"W/m^2","GCAM_SSP1",2054,-0.0960118,"RF_SO2","old","GCAM"
"W/m^2","GCAM_SSP1",2055,-0.0946349,"RF_SO2","old","GCAM"
"W/m^2","GCAM_SSP1",2056,-0.0933909,"RF_SO2","old","GCAM"
"W/m^2","GCAM_SSP1",2057,-0.0921468,"RF_SO2","old","GCAM"
"W/m^2","GCAM_SSP1",2058,-0.0909028,"RF_SO2","old","GCAM"
"W/m^2","GCAM_SSP1",2059,-0.0896587,"RF_SO2","old","GCAM"
"W/m^2","GCAM_SSP1",2060,-0.0884147,"RF_SO2","old","GCAM"
"W/m^2","GCAM_SSP1",2061,-0.0871981,"RF_SO2","old","GCAM"
"W/m^2","GCAM_SSP1",2062,-0.0859814,"RF_SO2","old","GCAM"
"W/m^2","GCAM_SSP1",2063,-0.0847648,"RF_SO2","old","GCAM"
"W/m^2","GCAM_SSP1",2064,-0.0835481,"RF_SO2","old","GCAM"
"W/m^2","GCAM_SSP1",2065,-0.0823315,"RF_SO2","old","GCAM"
"W/m^2","GCAM_SSP1",2066,-0.0811395,"RF_SO2","old","GCAM"
"W/m^2","GCAM_SSP1",2067,-0.0799474,"RF_SO2","old","GCAM"
"W/m^2","GCAM_SSP1",2068,-0.0787554,"RF_SO2","old","GCAM"
"W/m^2","GCAM_SSP1",2069,-0.0775634,"RF_SO2","old","GCAM"
"W/m^2","GCAM_SSP1",2070,-0.0763714,"RF_SO2","old","GCAM"
"W/m^2","GCAM_SSP1",2071,-0.0752683,"RF_SO2","old","GCAM"
"W/m^2","GCAM_SSP1",2072,-0.0741652,"RF_SO2","old","GCAM"
"W/m^2","GCAM_SSP1",2073,-0.0730621,"RF_SO2","old","GCAM"
"W/m^2","GCAM_SSP1",2074,-0.071959,"RF_SO2","old","GCAM"
"W/m^2","GCAM_SSP1",2075,-0.070856,"RF_SO2","old","GCAM"
"W/m^2","GCAM_SSP1",2076,-0.0698264,"RF_SO2","old","GCAM"
"W/m^2","GCAM_SSP1",2077,-0.0687968,"RF_SO2","old","GCAM"
"W/m^2","GCAM_SSP1",2078,-0.0677673,"RF_SO2","old","GCAM"
"W/m^2","GCAM_SSP1",2079,-0.0667377,"RF_SO2","old","GCAM"
"W/m^2","GCAM_SSP1",2080,-0.0657082,"RF_SO2","old","GCAM"
"W/m^2","GCAM_SSP1",2081,-0.0646814,"RF_SO2","old","GCAM"
"W/m^2","GCAM_SSP1",2082,-0.0636546,"RF_SO2","old","GCAM"
"W/m^2","GCAM_SSP1",2083,-0.0626278,"RF_SO2","old","GCAM"
"W/m^2","GCAM_SSP1",2084,-0.061601,"RF_SO2","old","GCAM"
"W/m^2","GCAM_SSP1",2085,-0.0605742,"RF_SO2","old","GCAM"
"W/m^2","GCAM_SSP1",2086,-0.0595837,"RF_SO2","old","GCAM"
"W/m^2","GCAM_SSP1",2087,-0.0585931,"RF_SO2","old","GCAM"
"W/m^2","GCAM_SSP1",2088,-0.0576025,"RF_SO2","old","GCAM"
"W/m^2","GCAM_SSP1",2089,-0.056612,"RF_SO2","old","GCAM"
"W/m^2","GCAM_SSP1",2090,-0.0556214,"RF_SO2","old","GCAM"
"W/m^2","GCAM_SSP1",2091,-0.0546722,"RF_SO2","old","GCAM"
"W/m^2","GCAM_SSP1",2092,-0.053723,"RF_SO2","old","GCAM"
"W/m^2","GCAM_SSP1",2093,-0.0527738,"RF_SO2","old","GCAM"
"W/m^2","GCAM_SSP1",2094,-0.0518246,"RF_SO2","old","GCAM"
"W/m^2","GCAM_SSP1",2095,-0.0508754,"RF_SO2","old","GCAM"
"W/m^2","GCAM_SSP1",2096,-0.0499638,"RF_SO2","old","GCAM"
"W/m^2","GCAM_SSP1",2097,-0.0490523,"RF_SO2","old","GCAM"
"W/m^2","GCAM_SSP1",2098,-0.0481407,"RF_SO2","old","GCAM"
"W/m^2","GCAM_SSP1",2099,-0.0472291,"RF_SO2","old","GCAM"
"W/m^2","GCAM_SSP1",2100,-0.0463175,"RF_SO2","old","GCAM"
"W/m^2","GCAM_SSP1",1976,-0.0763851,"RF_NH3","old","GCAM"
"W/m^2","GCAM_SSP1",1977,-0.0780022,"RF_NH3","old","GCAM"
"W/m^2","GCAM_SSP1",1978,-0.0800753,"RF_NH3","old","GCAM"
"W/m^2","GCAM_SSP1",1979,-0.0819936,"RF_NH3","old","GCAM"
"W/m^2","GCAM_SSP1",1980,-0.0838043,"RF_NH3","old","GCAM"
"W/m^2","GCAM_SSP1",1981,-0.0846538,"RF_NH3","old","GCAM"
"W/m^2","GCAM_SSP1",1982,-0.0874276,"RF_NH3","old","GCAM"
"W/m^2","GCAM_SSP1",1983,-0.0873815,"RF_NH3","old","GCAM"
"W/m^2","GCAM_SSP1",1984,-0.0896308,"RF_NH3","old","GCAM"
"W/m^2","GCAM_SSP1",1985,-0.0911805,"RF_NH3","old","GCAM"
"W/m^2","GCAM_SSP1",1986,-0.0928888,"RF_NH3","old","GCAM"
"W/m^2","GCAM_SSP1",1987,-0.095291,"RF_NH3","old","GCAM"
"W/m^2","GCAM_SSP1",1988,-0.0961403,"RF_NH3","old","GCAM"
"W/m^2","GCAM_SSP1",1989,-0.096864,"RF_NH3","old","GCAM"
"W/m^2","GCAM_SSP1",1990,-0.0978462,"RF_NH3","old","GCAM"
"W/m^2","GCAM_SSP1",1991,-0.101579,"RF_NH3","old","GCAM"
"W/m^2","GCAM_SSP1",1992,-0.0975369,"RF_NH3","old","GCAM"
"W/m^2","GCAM_SSP1",1993,-0.0984064,"RF_NH3","old","GCAM"
"W/m^2","GCAM_SSP1",1994,-0.10147,"RF_NH3","old","GCAM"
"W/m^2","GCAM_SSP1",1995,-0.0997669,"RF_NH3","old","GCAM"
"W/m^2","GCAM_SSP1",1996,-0.0997767,"RF_NH3","old","GCAM"
"W/m^2","GCAM_SSP1",1997,-0.105564,"RF_NH3","old","GCAM"
"W/m^2","GCAM_SSP1",1998,-0.106575,"RF_NH3","old","GCAM"
"W/m^2","GCAM_SSP1",1999,-0.10267,"RF_NH3","old","GCAM"
"W/m^2","GCAM_SSP1",2000,-0.102112,"RF_NH3","old","GCAM"
"W/m^2","GCAM_SSP1",2001,-0.102542,"RF_NH3","old","GCAM"
"W/m^2","GCAM_SSP1",2002,-0.107621,"RF_NH3","old","GCAM"
"W/m^2","GCAM_SSP1",2003,-0.108938,"RF_NH3","old","GCAM"
"W/m^2","GCAM_SSP1",2004,-0.109847,"RF_NH3","old","GCAM"
"W/m^2","GCAM_SSP1",2005,-0.109847,"RF_NH3","old","GCAM"
"W/m^2","GCAM_SSP1",2006,-0.110404,"RF_NH3","old","GCAM"
"W/m^2","GCAM_SSP1",2007,-0.110962,"RF_NH3","old","GCAM"
"W/m^2","GCAM_SSP1",2008,-0.11152,"RF_NH3","old","GCAM"
"W/m^2","GCAM_SSP1",2009,-0.112078,"RF_NH3","old","GCAM"
"W/m^2","GCAM_SSP1",2010,-0.112636,"RF_NH3","old","GCAM"
"W/m^2","GCAM_SSP1",2011,-0.113969,"RF_NH3","old","GCAM"
"W/m^2","GCAM_SSP1",2012,-0.115301,"RF_NH3","old","GCAM"
"W/m^2","GCAM_SSP1",2013,-0.116634,"RF_NH3","old","GCAM"
"W/m^2","GCAM_SSP1",2014,-0.117966,"RF_NH3","old","GCAM"
"W/m^2","GCAM_SSP1",2015,-0.119298,"RF_NH3","old","GCAM"
"W/m^2","GCAM_SSP1",2016,-0.120507,"RF_NH3","old","GCAM"
"W/m^2","GCAM_SSP1",2017,-0.121715,"RF_NH3","old","GCAM"
"W/m^2","GCAM_SSP1",2018,-0.122923,"RF_NH3","old","GCAM"
"W/m^2","GCAM_SSP1",2019,-0.124132,"RF_NH3","old","GCAM"
"W/m^2","GCAM_SSP1",2020,-0.12534,"RF_NH3","old","GCAM"
"W/m^2","GCAM_SSP1",2021,-0.126548,"RF_NH3","old","GCAM"
"W/m^2","GCAM_SSP1",2022,-0.128986,"RF_NH3","old","GCAM"
"W/m^2","GCAM_SSP1",2023,-0.131423,"RF_NH3","old","GCAM"
"W/m^2","GCAM_SSP1",2024,-0.13386,"RF_NH3","old","GCAM"
"W/m^2","GCAM_SSP1",2025,-0.136298,"RF_NH3","old","GCAM"
"W/m^2","GCAM_SSP1",2026,-0.137683,"RF_NH3","old","GCAM"
"W/m^2","GCAM_SSP1",2027,-0.139068,"RF_NH3","old","GCAM"
"W/m^2","GCAM_SSP1",2028,-0.140453,"RF_NH3","old","GCAM"
"W/m^2","GCAM_SSP1",2029,-0.141839,"RF_NH3","old","GCAM"
"W/m^2","GCAM_SSP1",2030,-0.143224,"RF_NH3","old","GCAM"
"W/m^2","GCAM_SSP1",2031,-0.144749,"RF_NH3","old","GCAM"
"W/m^2","GCAM_SSP1",2032,-0.146273,"RF_NH3","old","GCAM"
"W/m^2","GCAM_SSP1",2033,-0.147798,"RF_NH3","old","GCAM"
"W/m^2","GCAM_SSP1",2034,-0.149323,"RF_NH3","old","GCAM"
"W/m^2","GCAM_SSP1",2035,-0.150848,"RF_NH3","old","GCAM"
"W/m^2","GCAM_SSP1",2036,-0.152305,"RF_NH3","old","GCAM"
"W/m^2","GCAM_SSP1",2037,-0.153763,"RF_NH3","old","GCAM"
"W/m^2","GCAM_SSP1",2038,-0.15522,"RF_NH3","old","GCAM"
"W/m^2","GCAM_SSP1",2039,-0.156678,"RF_NH3","old","GCAM"
"W/m^2","GCAM_SSP1",2040,-0.158135,"RF_NH3","old","GCAM"
"W/m^2","GCAM_SSP1",2041,-0.159483,"RF_NH3","old","GCAM"
"W/m^2","GCAM_SSP1",2042,-0.16083,"RF_NH3","old","GCAM"
"W/m^2","GCAM_SSP1",2043,-0.162177,"RF_NH3","old","GCAM"
"W/m^2","GCAM_SSP1",2044,-0.163524,"RF_NH3","old","GCAM"
"W/m^2","GCAM_SSP1",2045,-0.164872,"RF_NH3","old","GCAM"
"W/m^2","GCAM_SSP1",2046,-0.165917,"RF_NH3","old","GCAM"
"W/m^2","GCAM_SSP1",2047,-0.166962,"RF_NH3","old","GCAM"
"W/m^2","GCAM_SSP1",2048,-0.168007,"RF_NH3","old","GCAM"
"W/m^2","GCAM_SSP1",2049,-0.169053,"RF_NH3","old","GCAM"
"W/m^2","GCAM_SSP1",2050,-0.170098,"RF_NH3","old","GCAM"
"W/m^2","GCAM_SSP1",2051,-0.170769,"RF_NH3","old","GCAM"
"W/m^2","GCAM_SSP1",2052,-0.171441,"RF_NH3","old","GCAM"
"W/m^2","GCAM_SSP1",2053,-0.172112,"RF_NH3","old","GCAM"
"W/m^2","GCAM_SSP1",2054,-0.172783,"RF_NH3","old","GCAM"
"W/m^2","GCAM_SSP1",2055,-0.173455,"RF_NH3","old","GCAM"
"W/m^2","GCAM_SSP1",2056,-0.174029,"RF_NH3","old","GCAM"
"W/m^2","GCAM_SSP1",2057,-0.174603,"RF_NH3","old","GCAM"
"W/m^2","GCAM_SSP1",2058,-0.175178,"RF_NH3","old","GCAM"
"W/m^2","GCAM_SSP1",2059,-0.175752,"RF_NH3","old","GCAM"
"W/m^2","GCAM_SSP1",2060,-0.176326,"RF_NH3","old","GCAM"
"W/m^2","GCAM_SSP1",2061,-0.17664,"RF_NH3","old","GCAM"
"W/m^2","GCAM_SSP1",2062,-0.176954,"RF_NH3","old","GCAM"
"W/m^2","GCAM_SSP1",2063,-0.177269,"RF_NH3","old","GCAM"
"W/m^2","GCAM_SSP1",2064,-0.177583,"RF_NH3","old","GCAM"
"W/m^2","GCAM_SSP1",2065,-0.177897,"RF_NH3","old","GCAM"
"W/m^2","GCAM_SSP1",2066,-0.177953,"RF_NH3","old","GCAM"
"W/m^2","GCAM_SSP1",2067,-0.178008,"RF_NH3","old","GCAM"
"W/m^2","GCAM_SSP1",2068,-0.178064,"RF_NH3","old","GCAM"
"W/m^2","GCAM_SSP1",2069,-0.17812,"RF_NH3","old","GCAM"
"W/m^2","GCAM_SSP1",2070,-0.178176,"RF_NH3","old","GCAM"
"W/m^2","GCAM_SSP1",2071,-0.177982,"RF_NH3","old","GCAM"
"W/m^2","GCAM_SSP1",2072,-0.177788,"RF_NH3","old","GCAM"
"W/m^2","GCAM_SSP1",2073,-0.177595,"RF_NH3","old","GCAM"
"W/m^2","GCAM_SSP1",2074,-0.177401,"RF_NH3","old","GCAM"
"W/m^2","GCAM_SSP1",2075,-0.177207,"RF_NH3","old","GCAM"
"W/m^2","GCAM_SSP1",2076,-0.176816,"RF_NH3","old","GCAM"
"W/m^2","GCAM_SSP1",2077,-0.176425,"RF_NH3","old","GCAM"
"W/m^2","GCAM_SSP1",2078,-0.176034,"RF_NH3","old","GCAM"
"W/m^2","GCAM_SSP1",2079,-0.175643,"RF_NH3","old","GCAM"
"W/m^2","GCAM_SSP1",2080,-0.175252,"RF_NH3","old","GCAM"
"W/m^2","GCAM_SSP1",2081,-0.174744,"RF_NH3","old","GCAM"
"W/m^2","GCAM_SSP1",2082,-0.174237,"RF_NH3","old","GCAM"
"W/m^2","GCAM_SSP1",2083,-0.17373,"RF_NH3","old","GCAM"
"W/m^2","GCAM_SSP1",2084,-0.173223,"RF_NH3","old","GCAM"
"W/m^2","GCAM_SSP1",2085,-0.172716,"RF_NH3","old","GCAM"
"W/m^2","GCAM_SSP1",2086,-0.172104,"RF_NH3","old","GCAM"
"W/m^2","GCAM_SSP1",2087,-0.171492,"RF_NH3","old","GCAM"
"W/m^2","GCAM_SSP1",2088,-0.17088,"RF_NH3","old","GCAM"
"W/m^2","GCAM_SSP1",2089,-0.170268,"RF_NH3","old","GCAM"
"W/m^2","GCAM_SSP1",2090,-0.169656,"RF_NH3","old","GCAM"
"W/m^2","GCAM_SSP1",2091,-0.168951,"RF_NH3","old","GCAM"
"W/m^2","GCAM_SSP1",2092,-0.168246,"RF_NH3","old","GCAM"
"W/m^2","GCAM_SSP1",2093,-0.167541,"RF_NH3","old","GCAM"
"W/m^2","GCAM_SSP1",2094,-0.166837,"RF_NH3","old","GCAM"
"W/m^2","GCAM_SSP1",2095,-0.166132,"RF_NH3","old","GCAM"
"W/m^2","GCAM_SSP1",2096,-0.165285,"RF_NH3","old","GCAM"
"W/m^2","GCAM_SSP1",2097,-0.164438,"RF_NH3","old","GCAM"
"W/m^2","GCAM_SSP1",2098,-0.163591,"RF_NH3","old","GCAM"
"W/m^2","GCAM_SSP1",2099,-0.162743,"RF_NH3","old","GCAM"
"W/m^2","GCAM_SSP1",2100,-0.161896,"RF_NH3","old","GCAM"
"W/m^2","GCAM_SSP1",1976,0.0964543,"RF_N2O","old","GCAM"
"W/m^2","GCAM_SSP1",1977,0.0993834,"RF_N2O","old","GCAM"
"W/m^2","GCAM_SSP1",1978,0.102372,"RF_N2O","old","GCAM"
"W/m^2","GCAM_SSP1",1979,0.105457,"RF_N2O","old","GCAM"
"W/m^2","GCAM_SSP1",1980,0.108559,"RF_N2O","old","GCAM"
"W/m^2","GCAM_SSP1",1981,0.111589,"RF_N2O","old","GCAM"
"W/m^2","GCAM_SSP1",1982,0.114741,"RF_N2O","old","GCAM"
"W/m^2","GCAM_SSP1",1983,0.117897,"RF_N2O","old","GCAM"
"W/m^2","GCAM_SSP1",1984,0.120971,"RF_N2O","old","GCAM"
"W/m^2","GCAM_SSP1",1985,0.124015,"RF_N2O","old","GCAM"
"W/m^2","GCAM_SSP1",1986,0.127112,"RF_N2O","old","GCAM"
"W/m^2","GCAM_SSP1",1987,0.130331,"RF_N2O","old","GCAM"
"W/m^2","GCAM_SSP1",1988,0.133407,"RF_N2O","old","GCAM"
"W/m^2","GCAM_SSP1",1989,0.136506,"RF_N2O","old","GCAM"
"W/m^2","GCAM_SSP1",1990,0.139579,"RF_N2O","old","GCAM"
"W/m^2","GCAM_SSP1",1991,0.142632,"RF_N2O","old","GCAM"
"W/m^2","GCAM_SSP1",1992,0.145722,"RF_N2O","old","GCAM"
"W/m^2","GCAM_SSP1",1993,0.148753,"RF_N2O","old","GCAM"
"W/m^2","GCAM_SSP1",1994,0.151815,"RF_N2O","old","GCAM"
"W/m^2","GCAM_SSP1",1995,0.154916,"RF_N2O","old","GCAM"
"W/m^2","GCAM_SSP1",1996,0.158012,"RF_N2O","old","GCAM"
"W/m^2","GCAM_SSP1",1997,0.161138,"RF_N2O","old","GCAM"
"W/m^2","GCAM_SSP1",1998,0.164079,"RF_N2O","old","GCAM"
"W/m^2","GCAM_SSP1",1999,0.166909,"RF_N2O","old","GCAM"
"W/m^2","GCAM_SSP1",2000,0.169606,"RF_N2O","old","GCAM"
"W/m^2","GCAM_SSP1",2001,0.172322,"RF_N2O","old","GCAM"
"W/m^2","GCAM_SSP1",2002,0.1751,"RF_N2O","old","GCAM"
"W/m^2","GCAM_SSP1",2003,0.177896,"RF_N2O","old","GCAM"
"W/m^2","GCAM_SSP1",2004,0.180763,"RF_N2O","old","GCAM"
"W/m^2","GCAM_SSP1",2005,0.183602,"RF_N2O","old","GCAM"
"W/m^2","GCAM_SSP1",2006,0.186395,"RF_N2O","old","GCAM"
"W/m^2","GCAM_SSP1",2007,0.189147,"RF_N2O","old","GCAM"
"W/m^2","GCAM_SSP1",2008,0.191851,"RF_N2O","old","GCAM"
"W/m^2","GCAM_SSP1",2009,0.194507,"RF_N2O","old","GCAM"
"W/m^2","GCAM_SSP1",2010,0.197116,"RF_N2O","old","GCAM"
"W/m^2","GCAM_SSP1",2011,0.199774,"RF_N2O","old","GCAM"
"W/m^2","GCAM_SSP1",2012,0.202481,"RF_N2O","old","GCAM"
"W/m^2","GCAM_SSP1",2013,0.205238,"RF_N2O","old","GCAM"
"W/m^2","GCAM_SSP1",2014,0.208042,"RF_N2O","old","GCAM"
"W/m^2","GCAM_SSP1",2015,0.210895,"RF_N2O","old","GCAM"
"W/m^2","GCAM_SSP1",2016,0.213725,"RF_N2O","old","GCAM"
"W/m^2","GCAM_SSP1",2017,0.216538,"RF_N2O","old","GCAM"
"W/m^2","GCAM_SSP1",2018,0.219329,"RF_N2O","old","GCAM"
"W/m^2","GCAM_SSP1",2019,0.222099,"RF_N2O","old","GCAM"
"W/m^2","GCAM_SSP1",2020,0.224849,"RF_N2O","old","GCAM"
"W/m^2","GCAM_SSP1",2021,0.227579,"RF_N2O","old","GCAM"
"W/m^2","GCAM_SSP1",2022,0.230354,"RF_N2O","old","GCAM"
"W/m^2","GCAM_SSP1",2023,0.233169,"RF_N2O","old","GCAM"
"W/m^2","GCAM_SSP1",2024,0.236028,"RF_N2O","old","GCAM"
"W/m^2","GCAM_SSP1",2025,0.238929,"RF_N2O","old","GCAM"
"W/m^2","GCAM_SSP1",2026,0.241836,"RF_N2O","old","GCAM"
"W/m^2","GCAM_SSP1",2027,0.244753,"RF_N2O","old","GCAM"
"W/m^2","GCAM_SSP1",2028,0.247676,"RF_N2O","old","GCAM"
"W/m^2","GCAM_SSP1",2029,0.250607,"RF_N2O","old","GCAM"
"W/m^2","GCAM_SSP1",2030,0.253544,"RF_N2O","old","GCAM"
"W/m^2","GCAM_SSP1",2031,0.256487,"RF_N2O","old","GCAM"
"W/m^2","GCAM_SSP1",2032,0.259435,"RF_N2O","old","GCAM"
"W/m^2","GCAM_SSP1",2033,0.262389,"RF_N2O","old","GCAM"
"W/m^2","GCAM_SSP1",2034,0.265347,"RF_N2O","old","GCAM"
"W/m^2","GCAM_SSP1",2035,0.26831,"RF_N2O","old","GCAM"
"W/m^2","GCAM_SSP1",2036,0.271273,"RF_N2O","old","GCAM"
"W/m^2","GCAM_SSP1",2037,0.274236,"RF_N2O","old","GCAM"
"W/m^2","GCAM_SSP1",2038,0.277198,"RF_N2O","old","GCAM"
"W/m^2","GCAM_SSP1",2039,0.280161,"RF_N2O","old","GCAM"
"W/m^2","GCAM_SSP1",2040,0.283123,"RF_N2O","old","GCAM"
"W/m^2","GCAM_SSP1",2041,0.286085,"RF_N2O","old","GCAM"
"W/m^2","GCAM_SSP1",2042,0.289049,"RF_N2O","old","GCAM"
"W/m^2","GCAM_SSP1",2043,0.292011,"RF_N2O","old","GCAM"
"W/m^2","GCAM_SSP1",2044,0.294974,"RF_N2O","old","GCAM"
"W/m^2","GCAM_SSP1",2045,0.297936,"RF_N2O","old","GCAM"
"W/m^2","GCAM_SSP1",2046,0.300902,"RF_N2O","old","GCAM"
"W/m^2","GCAM_SSP1",2047,0.303875,"RF_N2O","old","GCAM"
"W/m^2","GCAM_SSP1",2048,0.306852,"RF_N2O","old","GCAM"
"W/m^2","GCAM_SSP1",2049,0.309835,"RF_N2O","old","GCAM"
"W/m^2","GCAM_SSP1",2050,0.312821,"RF_N2O","old","GCAM"
"W/m^2","GCAM_SSP1",2051,0.315809,"RF_N2O","old","GCAM"
"W/m^2","GCAM_SSP1",2052,0.318799,"RF_N2O","old","GCAM"
"W/m^2","GCAM_SSP1",2053,0.321789,"RF_N2O","old","GCAM"
"W/m^2","GCAM_SSP1",2054,0.324781,"RF_N2O","old","GCAM"
"W/m^2","GCAM_SSP1",2055,0.327775,"RF_N2O","old","GCAM"
"W/m^2","GCAM_SSP1",2056,0.330766,"RF_N2O","old","GCAM"
"W/m^2","GCAM_SSP1",2057,0.333756,"RF_N2O","old","GCAM"
"W/m^2","GCAM_SSP1",2058,0.336743,"RF_N2O","old","GCAM"
"W/m^2","GCAM_SSP1",2059,0.339727,"RF_N2O","old","GCAM"
"W/m^2","GCAM_SSP1",2060,0.342709,"RF_N2O","old","GCAM"
"W/m^2","GCAM_SSP1",2061,0.34568,"RF_N2O","old","GCAM"
"W/m^2","GCAM_SSP1",2062,0.348642,"RF_N2O","old","GCAM"
"W/m^2","GCAM_SSP1",2063,0.351592,"RF_N2O","old","GCAM"
"W/m^2","GCAM_SSP1",2064,0.354532,"RF_N2O","old","GCAM"
"W/m^2","GCAM_SSP1",2065,0.357461,"RF_N2O","old","GCAM"
"W/m^2","GCAM_SSP1",2066,0.360371,"RF_N2O","old","GCAM"
"W/m^2","GCAM_SSP1",2067,0.363264,"RF_N2O","old","GCAM"
"W/m^2","GCAM_SSP1",2068,0.366138,"RF_N2O","old","GCAM"
"W/m^2","GCAM_SSP1",2069,0.368994,"RF_N2O","old","GCAM"
"W/m^2","GCAM_SSP1",2070,0.371831,"RF_N2O","old","GCAM"
"W/m^2","GCAM_SSP1",2071,0.374643,"RF_N2O","old","GCAM"
"W/m^2","GCAM_SSP1",2072,0.377431,"RF_N2O","old","GCAM"
"W/m^2","GCAM_SSP1",2073,0.380193,"RF_N2O","old","GCAM"
"W/m^2","GCAM_SSP1",2074,0.38293,"RF_N2O","old","GCAM"
"W/m^2","GCAM_SSP1",2075,0.385642,"RF_N2O","old","GCAM"
"W/m^2","GCAM_SSP1",2076,0.388325,"RF_N2O","old","GCAM"
"W/m^2","GCAM_SSP1",2077,0.390981,"RF_N2O","old","GCAM"
"W/m^2","GCAM_SSP1",2078,0.393608,"RF_N2O","old","GCAM"
"W/m^2","GCAM_SSP1",2079,0.396208,"RF_N2O","old","GCAM"
"W/m^2","GCAM_SSP1",2080,0.39878,"RF_N2O","old","GCAM"
"W/m^2","GCAM_SSP1",2081,0.401321,"RF_N2O","old","GCAM"
"W/m^2","GCAM_SSP1",2082,0.403832,"RF_N2O","old","GCAM"
"W/m^2","GCAM_SSP1",2083,0.406312,"RF_N2O","old","GCAM"
"W/m^2","GCAM_SSP1",2084,0.408762,"RF_N2O","old","GCAM"
"W/m^2","GCAM_SSP1",2085,0.411181,"RF_N2O","old","GCAM"
"W/m^2","GCAM_SSP1",2086,0.413567,"RF_N2O","old","GCAM"
"W/m^2","GCAM_SSP1",2087,0.41592,"RF_N2O","old","GCAM"
"W/m^2","GCAM_SSP1",2088,0.418241,"RF_N2O","old","GCAM"
"W/m^2","GCAM_SSP1",2089,0.420529,"RF_N2O","old","GCAM"
"W/m^2","GCAM_SSP1",2090,0.422784,"RF_N2O","old","GCAM"
"W/m^2","GCAM_SSP1",2091,0.425004,"RF_N2O","old","GCAM"
"W/m^2","GCAM_SSP1",2092,0.427189,"RF_N2O","old","GCAM"
"W/m^2","GCAM_SSP1",2093,0.429338,"RF_N2O","old","GCAM"
"W/m^2","GCAM_SSP1",2094,0.431452,"RF_N2O","old","GCAM"
"W/m^2","GCAM_SSP1",2095,0.433532,"RF_N2O","old","GCAM"
"W/m^2","GCAM_SSP1",2096,0.435572,"RF_N2O","old","GCAM"
"W/m^2","GCAM_SSP1",2097,0.437572,"RF_N2O","old","GCAM"
"W/m^2","GCAM_SSP1",2098,0.439534,"RF_N2O","old","GCAM"
"W/m^2","GCAM_SSP1",2099,0.441457,"RF_N2O","old","GCAM"
"W/m^2","GCAM_SSP1",2100,0.443341,"RF_N2O","old","GCAM"
"W/m^2","GCAM_SSP1",1976,0.377541,"RF_CH4","old","GCAM"
"W/m^2","GCAM_SSP1",1977,0.38299,"RF_CH4","old","GCAM"
"W/m^2","GCAM_SSP1",1978,0.388159,"RF_CH4","old","GCAM"
"W/m^2","GCAM_SSP1",1979,0.393452,"RF_CH4","old","GCAM"
"W/m^2","GCAM_SSP1",1980,0.398428,"RF_CH4","old","GCAM"
"W/m^2","GCAM_SSP1",1981,0.402322,"RF_CH4","old","GCAM"
"W/m^2","GCAM_SSP1",1982,0.408191,"RF_CH4","old","GCAM"
"W/m^2","GCAM_SSP1",1983,0.411404,"RF_CH4","old","GCAM"
"W/m^2","GCAM_SSP1",1984,0.414809,"RF_CH4","old","GCAM"
"W/m^2","GCAM_SSP1",1985,0.417944,"RF_CH4","old","GCAM"
"W/m^2","GCAM_SSP1",1986,0.421597,"RF_CH4","old","GCAM"
"W/m^2","GCAM_SSP1",1987,0.425637,"RF_CH4","old","GCAM"
"W/m^2","GCAM_SSP1",1988,0.429351,"RF_CH4","old","GCAM"
"W/m^2","GCAM_SSP1",1989,0.432858,"RF_CH4","old","GCAM"
"W/m^2","GCAM_SSP1",1990,0.4366,"RF_CH4","old","GCAM"
"W/m^2","GCAM_SSP1",1991,0.444081,"RF_CH4","old","GCAM"
"W/m^2","GCAM_SSP1",1992,0.445391,"RF_CH4","old","GCAM"
"W/m^2","GCAM_SSP1",1993,0.446539,"RF_CH4","old","GCAM"
"W/m^2","GCAM_SSP1",1994,0.450559,"RF_CH4","old","GCAM"
"W/m^2","GCAM_SSP1",1995,0.451922,"RF_CH4","old","GCAM"
"W/m^2","GCAM_SSP1",1996,0.453118,"RF_CH4","old","GCAM"
"W/m^2","GCAM_SSP1",1997,0.461123,"RF_CH4","old","GCAM"
"W/m^2","GCAM_SSP1",1998,0.464185,"RF_CH4","old","GCAM"
"W/m^2","GCAM_SSP1",1999,0.464687,"RF_CH4","old","GCAM"
"W/m^2","GCAM_SSP1",2000,0.46447,"RF_CH4","old","GCAM"
"W/m^2","GCAM_SSP1",2001,0.464674,"RF_CH4","old","GCAM"
"W/m^2","GCAM_SSP1",2002,0.467412,"RF_CH4","old","GCAM"
"W/m^2","GCAM_SSP1",2003,0.47016,"RF_CH4","old","GCAM"
"W/m^2","GCAM_SSP1",2004,0.473606,"RF_CH4","old","GCAM"
"W/m^2","GCAM_SSP1",2005,0.476728,"RF_CH4","old","GCAM"
"W/m^2","GCAM_SSP1",2006,0.479191,"RF_CH4","old","GCAM"
"W/m^2","GCAM_SSP1",2007,0.481052,"RF_CH4","old","GCAM"
"W/m^2","GCAM_SSP1",2008,0.482376,"RF_CH4","old","GCAM"
"W/m^2","GCAM_SSP1",2009,0.483223,"RF_CH4","old","GCAM"
"W/m^2","GCAM_SSP1",2010,0.48365,"RF_CH4","old","GCAM"
"W/m^2","GCAM_SSP1",2011,0.484537,"RF_CH4","old","GCAM"
"W/m^2","GCAM_SSP1",2012,0.485857,"RF_CH4","old","GCAM"
"W/m^2","GCAM_SSP1",2013,0.487549,"RF_CH4","old","GCAM"
"W/m^2","GCAM_SSP1",2014,0.489591,"RF_CH4","old","GCAM"
"W/m^2","GCAM_SSP1",2015,0.491949,"RF_CH4","old","GCAM"
"W/m^2","GCAM_SSP1",2016,0.494515,"RF_CH4","old","GCAM"
"W/m^2","GCAM_SSP1",2017,0.497264,"RF_CH4","old","GCAM"
"W/m^2","GCAM_SSP1",2018,0.500178,"RF_CH4","old","GCAM"
"W/m^2","GCAM_SSP1",2019,0.503236,"RF_CH4","old","GCAM"
"W/m^2","GCAM_SSP1",2020,0.506423,"RF_CH4","old","GCAM"
"W/m^2","GCAM_SSP1",2021,0.509725,"RF_CH4","old","GCAM"
"W/m^2","GCAM_SSP1",2022,0.513382,"RF_CH4","old","GCAM"
"W/m^2","GCAM_SSP1",2023,0.517354,"RF_CH4","old","GCAM"
"W/m^2","GCAM_SSP1",2024,0.521604,"RF_CH4","old","GCAM"
"W/m^2","GCAM_SSP1",2025,0.526101,"RF_CH4","old","GCAM"
"W/m^2","GCAM_SSP1",2026,0.530621,"RF_CH4","old","GCAM"
"W/m^2","GCAM_SSP1",2027,0.535168,"RF_CH4","old","GCAM"
"W/m^2","GCAM_SSP1",2028,0.53974,"RF_CH4","old","GCAM"
"W/m^2","GCAM_SSP1",2029,0.544335,"RF_CH4","old","GCAM"
"W/m^2","GCAM_SSP1",2030,0.548951,"RF_CH4","old","GCAM"
"W/m^2","GCAM_SSP1",2031,0.553492,"RF_CH4","old","GCAM"
"W/m^2","GCAM_SSP1",2032,0.557968,"RF_CH4","old","GCAM"
"W/m^2","GCAM_SSP1",2033,0.562382,"RF_CH4","old","GCAM"
"W/m^2","GCAM_SSP1",2034,0.566741,"RF_CH4","old","GCAM"
"W/m^2","GCAM_SSP1",2035,0.57105,"RF_CH4","old","GCAM"
"W/m^2","GCAM_SSP1",2036,0.575362,"RF_CH4","old","GCAM"
"W/m^2","GCAM_SSP1",2037,0.579676,"RF_CH4","old","GCAM"
"W/m^2","GCAM_SSP1",2038,0.58399,"RF_CH4","old","GCAM"
"W/m^2","GCAM_SSP1",2039,0.588303,"RF_CH4","old","GCAM"
"W/m^2","GCAM_SSP1",2040,0.592616,"RF_CH4","old","GCAM"
"W/m^2","GCAM_SSP1",2041,0.596754,"RF_CH4","old","GCAM"
"W/m^2","GCAM_SSP1",2042,0.600735,"RF_CH4","old","GCAM"
"W/m^2","GCAM_SSP1",2043,0.604575,"RF_CH4","old","GCAM"
"W/m^2","GCAM_SSP1",2044,0.608287,"RF_CH4","old","GCAM"
"W/m^2","GCAM_SSP1",2045,0.611884,"RF_CH4","old","GCAM"
"W/m^2","GCAM_SSP1",2046,0.615382,"RF_CH4","old","GCAM"
"W/m^2","GCAM_SSP1",2047,0.618791,"RF_CH4","old","GCAM"
"W/m^2","GCAM_SSP1",2048,0.622119,"RF_CH4","old","GCAM"
"W/m^2","GCAM_SSP1",2049,0.625373,"RF_CH4","old","GCAM"
"W/m^2","GCAM_SSP1",2050,0.62856,"RF_CH4","old","GCAM"
"W/m^2","GCAM_SSP1",2051,0.63159,"RF_CH4","old","GCAM"
"W/m^2","GCAM_SSP1",2052,0.63448,"RF_CH4","old","GCAM"
"W/m^2","GCAM_SSP1",2053,0.637238,"RF_CH4","old","GCAM"
"W/m^2","GCAM_SSP1",2054,0.639878,"RF_CH4","old","GCAM"
"W/m^2","GCAM_SSP1",2055,0.642408,"RF_CH4","old","GCAM"
"W/m^2","GCAM_SSP1",2056,0.6448,"RF_CH4","old","GCAM"
"W/m^2","GCAM_SSP1",2057,0.647065,"RF_CH4","old","GCAM"
"W/m^2","GCAM_SSP1",2058,0.649215,"RF_CH4","old","GCAM"
"W/m^2","GCAM_SSP1",2059,0.651259,"RF_CH4","old","GCAM"
"W/m^2","GCAM_SSP1",2060,0.653206,"RF_CH4","old","GCAM"
"W/m^2","GCAM_SSP1",2061,0.655013,"RF_CH4","old","GCAM"
"W/m^2","GCAM_SSP1",2062,0.656691,"RF_CH4","old","GCAM"
"W/m^2","GCAM_SSP1",2063,0.658253,"RF_CH4","old","GCAM"
"W/m^2","GCAM_SSP1",2064,0.659707,"RF_CH4","old","GCAM"
"W/m^2","GCAM_SSP1",2065,0.661062,"RF_CH4","old","GCAM"
"W/m^2","GCAM_SSP1",2066,0.662259,"RF_CH4","old","GCAM"
"W/m^2","GCAM_SSP1",2067,0.663309,"RF_CH4","old","GCAM"
"W/m^2","GCAM_SSP1",2068,0.664227,"RF_CH4","old","GCAM"
"W/m^2","GCAM_SSP1",2069,0.665022,"RF_CH4","old","GCAM"
"W/m^2","GCAM_SSP1",2070,0.665706,"RF_CH4","old","GCAM"
"W/m^2","GCAM_SSP1",2071,0.666247,"RF_CH4","old","GCAM"
"W/m^2","GCAM_SSP1",2072,0.666657,"RF_CH4","old","GCAM"
"W/m^2","GCAM_SSP1",2073,0.666948,"RF_CH4","old","GCAM"
"W/m^2","GCAM_SSP1",2074,0.667128,"RF_CH4","old","GCAM"
"W/m^2","GCAM_SSP1",2075,0.667208,"RF_CH4","old","GCAM"
"W/m^2","GCAM_SSP1",2076,0.667157,"RF_CH4","old","GCAM"
"W/m^2","GCAM_SSP1",2077,0.666987,"RF_CH4","old","GCAM"
"W/m^2","GCAM_SSP1",2078,0.666706,"RF_CH4","old","GCAM"
"W/m^2","GCAM_SSP1",2079,0.666325,"RF_CH4","old","GCAM"
"W/m^2","GCAM_SSP1",2080,0.665852,"RF_CH4","old","GCAM"
"W/m^2","GCAM_SSP1",2081,0.665259,"RF_CH4","old","GCAM"
"W/m^2","GCAM_SSP1",2082,0.664558,"RF_CH4","old","GCAM"
"W/m^2","GCAM_SSP1",2083,0.663757,"RF_CH4","old","GCAM"
"W/m^2","GCAM_SSP1",2084,0.662863,"RF_CH4","old","GCAM"
"W/m^2","GCAM_SSP1",2085,0.661885,"RF_CH4","old","GCAM"
"W/m^2","GCAM_SSP1",2086,0.66077,"RF_CH4","old","GCAM"
"W/m^2","GCAM_SSP1",2087,0.659529,"RF_CH4","old","GCAM"
"W/m^2","GCAM_SSP1",2088,0.658173,"RF_CH4","old","GCAM"
"W/m^2","GCAM_SSP1",2089,0.65671,"RF_CH4","old","GCAM"
"W/m^2","GCAM_SSP1",2090,0.65515,"RF_CH4","old","GCAM"
"W/m^2","GCAM_SSP1",2091,0.653471,"RF_CH4","old","GCAM"
"W/m^2","GCAM_SSP1",2092,0.651685,"RF_CH4","old","GCAM"
"W/m^2","GCAM_SSP1",2093,0.649798,"RF_CH4","old","GCAM"
"W/m^2","GCAM_SSP1",2094,0.647818,"RF_CH4","old","GCAM"
"W/m^2","GCAM_SSP1",2095,0.645753,"RF_CH4","old","GCAM"
"W/m^2","GCAM_SSP1",2096,0.643592,"RF_CH4","old","GCAM"
"W/m^2","GCAM_SSP1",2097,0.64134,"RF_CH4","old","GCAM"
"W/m^2","GCAM_SSP1",2098,0.639005,"RF_CH4","old","GCAM"
"W/m^2","GCAM_SSP1",2099,0.636593,"RF_CH4","old","GCAM"
"W/m^2","GCAM_SSP1",2100,0.63411,"RF_CH4","old","GCAM"
"W/m^2","GCAM_SSP1",1976,1.04228,"RF_CO2","old","GCAM"
"W/m^2","GCAM_SSP1",1977,1.06491,"RF_CO2","old","GCAM"
"W/m^2","GCAM_SSP1",1978,1.0886,"RF_CO2","old","GCAM"
"W/m^2","GCAM_SSP1",1979,1.11294,"RF_CO2","old","GCAM"
"W/m^2","GCAM_SSP1",1980,1.13735,"RF_CO2","old","GCAM"
"W/m^2","GCAM_SSP1",1981,1.16036,"RF_CO2","old","GCAM"
"W/m^2","GCAM_SSP1",1982,1.18206,"RF_CO2","old","GCAM"
"W/m^2","GCAM_SSP1",1983,1.20245,"RF_CO2","old","GCAM"
"W/m^2","GCAM_SSP1",1984,1.22273,"RF_CO2","old","GCAM"
"W/m^2","GCAM_SSP1",1985,1.24404,"RF_CO2","old","GCAM"
"W/m^2","GCAM_SSP1",1986,1.26613,"RF_CO2","old","GCAM"
"W/m^2","GCAM_SSP1",1987,1.28896,"RF_CO2","old","GCAM"
"W/m^2","GCAM_SSP1",1988,1.31243,"RF_CO2","old","GCAM"
"W/m^2","GCAM_SSP1",1989,1.33688,"RF_CO2","old","GCAM"
"W/m^2","GCAM_SSP1",1990,1.36154,"RF_CO2","old","GCAM"
"W/m^2","GCAM_SSP1",1991,1.38488,"RF_CO2","old","GCAM"
"W/m^2","GCAM_SSP1",1992,1.40811,"RF_CO2","old","GCAM"
"W/m^2","GCAM_SSP1",1993,1.42791,"RF_CO2","old","GCAM"
"W/m^2","GCAM_SSP1",1994,1.44665,"RF_CO2","old","GCAM"
"W/m^2","GCAM_SSP1",1995,1.46709,"RF_CO2","old","GCAM"
"W/m^2","GCAM_SSP1",1996,1.48932,"RF_CO2","old","GCAM"
"W/m^2","GCAM_SSP1",1997,1.51274,"RF_CO2","old","GCAM"
"W/m^2","GCAM_SSP1",1998,1.54176,"RF_CO2","old","GCAM"
"W/m^2","GCAM_SSP1",1999,1.56659,"RF_CO2","old","GCAM"
"W/m^2","GCAM_SSP1",2000,1.59072,"RF_CO2","old","GCAM"
"W/m^2","GCAM_SSP1",2001,1.61605,"RF_CO2","old","GCAM"
"W/m^2","GCAM_SSP1",2002,1.64021,"RF_CO2","old","GCAM"
"W/m^2","GCAM_SSP1",2003,1.66594,"RF_CO2","old","GCAM"
"W/m^2","GCAM_SSP1",2004,1.69248,"RF_CO2","old","GCAM"
"W/m^2","GCAM_SSP1",2005,1.72229,"RF_CO2","old","GCAM"
"W/m^2","GCAM_SSP1",2006,1.75167,"RF_CO2","old","GCAM"
"W/m^2","GCAM_SSP1",2007,1.77758,"RF_CO2","old","GCAM"
"W/m^2","GCAM_SSP1",2008,1.80552,"RF_CO2","old","GCAM"
"W/m^2","GCAM_SSP1",2009,1.83535,"RF_CO2","old","GCAM"
"W/m^2","GCAM_SSP1",2010,1.8669,"RF_CO2","old","GCAM"
"W/m^2","GCAM_SSP1",2011,1.90012,"RF_CO2","old","GCAM"
"W/m^2","GCAM_SSP1",2012,1.93386,"RF_CO2","old","GCAM"
"W/m^2","GCAM_SSP1",2013,1.96808,"RF_CO2","old","GCAM"
"W/m^2","GCAM_SSP1",2014,2.00282,"RF_CO2","old","GCAM"
"W/m^2","GCAM_SSP1",2015,2.038,"RF_CO2","old","GCAM"
"W/m^2","GCAM_SSP1",2016,2.07357,"RF_CO2","old","GCAM"
"W/m^2","GCAM_SSP1",2017,2.10611,"RF_CO2","old","GCAM"
"W/m^2","GCAM_SSP1",2018,2.13898,"RF_CO2","old","GCAM"
"W/m^2","GCAM_SSP1",2019,2.17186,"RF_CO2","old","GCAM"
"W/m^2","GCAM_SSP1",2020,2.20478,"RF_CO2","old","GCAM"
"W/m^2","GCAM_SSP1",2021,2.23776,"RF_CO2","old","GCAM"
"W/m^2","GCAM_SSP1",2022,2.27082,"RF_CO2","old","GCAM"
"W/m^2","GCAM_SSP1",2023,2.30722,"RF_CO2","old","GCAM"
"W/m^2","GCAM_SSP1",2024,2.34465,"RF_CO2","old","GCAM"
"W/m^2","GCAM_SSP1",2025,2.38307,"RF_CO2","old","GCAM"
"W/m^2","GCAM_SSP1",2026,2.42247,"RF_CO2","old","GCAM"
"W/m^2","GCAM_SSP1",2027,2.45995,"RF_CO2","old","GCAM"
"W/m^2","GCAM_SSP1",2028,2.49747,"RF_CO2","old","GCAM"
"W/m^2","GCAM_SSP1",2029,2.53503,"RF_CO2","old","GCAM"
"W/m^2","GCAM_SSP1",2030,2.57259,"RF_CO2","old","GCAM"
"W/m^2","GCAM_SSP1",2031,2.61015,"RF_CO2","old","GCAM"
"W/m^2","GCAM_SSP1",2032,2.64672,"RF_CO2","old","GCAM"
"W/m^2","GCAM_SSP1",2033,2.68287,"RF_CO2","old","GCAM"
"W/m^2","GCAM_SSP1",2034,2.71866,"RF_CO2","old","GCAM"
"W/m^2","GCAM_SSP1",2035,2.7541,"RF_CO2","old","GCAM"
"W/m^2","GCAM_SSP1",2036,2.78917,"RF_CO2","old","GCAM"
"W/m^2","GCAM_SSP1",2037,2.82423,"RF_CO2","old","GCAM"
"W/m^2","GCAM_SSP1",2038,2.85897,"RF_CO2","old","GCAM"
"W/m^2","GCAM_SSP1",2039,2.89341,"RF_CO2","old","GCAM"
"W/m^2","GCAM_SSP1",2040,2.92755,"RF_CO2","old","GCAM"
"W/m^2","GCAM_SSP1",2041,2.96139,"RF_CO2","old","GCAM"
"W/m^2","GCAM_SSP1",2042,2.99432,"RF_CO2","old","GCAM"
"W/m^2","GCAM_SSP1",2043,3.0269,"RF_CO2","old","GCAM"
"W/m^2","GCAM_SSP1",2044,3.05916,"RF_CO2","old","GCAM"
"W/m^2","GCAM_SSP1",2045,3.0911,"RF_CO2","old","GCAM"
"W/m^2","GCAM_SSP1",2046,3.12263,"RF_CO2","old","GCAM"
"W/m^2","GCAM_SSP1",2047,3.15331,"RF_CO2","old","GCAM"
"W/m^2","GCAM_SSP1",2048,3.18355,"RF_CO2","old","GCAM"
"W/m^2","GCAM_SSP1",2049,3.2134,"RF_CO2","old","GCAM"
"W/m^2","GCAM_SSP1",2050,3.24288,"RF_CO2","old","GCAM"
"W/m^2","GCAM_SSP1",2051,3.27201,"RF_CO2","old","GCAM"
"W/m^2","GCAM_SSP1",2052,3.30149,"RF_CO2","old","GCAM"
"W/m^2","GCAM_SSP1",2053,3.33071,"RF_CO2","old","GCAM"
"W/m^2","GCAM_SSP1",2054,3.35966,"RF_CO2","old","GCAM"
"W/m^2","GCAM_SSP1",2055,3.38836,"RF_CO2","old","GCAM"
"W/m^2","GCAM_SSP1",2056,3.41682,"RF_CO2","old","GCAM"
"W/m^2","GCAM_SSP1",2057,3.44446,"RF_CO2","old","GCAM"
"W/m^2","GCAM_SSP1",2058,3.4719,"RF_CO2","old","GCAM"
"W/m^2","GCAM_SSP1",2059,3.49913,"RF_CO2","old","GCAM"
"W/m^2","GCAM_SSP1",2060,3.52617,"RF_CO2","old","GCAM"
"W/m^2","GCAM_SSP1",2061,3.55303,"RF_CO2","old","GCAM"
"W/m^2","GCAM_SSP1",2062,3.57867,"RF_CO2","old","GCAM"
"W/m^2","GCAM_SSP1",2063,3.60409,"RF_CO2","old","GCAM"
"W/m^2","GCAM_SSP1",2064,3.6293,"RF_CO2","old","GCAM"
"W/m^2","GCAM_SSP1",2065,3.65432,"RF_CO2","old","GCAM"
"W/m^2","GCAM_SSP1",2066,3.67915,"RF_CO2","old","GCAM"
"W/m^2","GCAM_SSP1",2067,3.70325,"RF_CO2","old","GCAM"
"W/m^2","GCAM_SSP1",2068,3.72712,"RF_CO2","old","GCAM"
"W/m^2","GCAM_SSP1",2069,3.75079,"RF_CO2","old","GCAM"
"W/m^2","GCAM_SSP1",2070,3.77426,"RF_CO2","old","GCAM"
"W/m^2","GCAM_SSP1",2071,3.79754,"RF_CO2","old","GCAM"
"W/m^2","GCAM_SSP1",2072,3.82025,"RF_CO2","old","GCAM"
"W/m^2","GCAM_SSP1",2073,3.84276,"RF_CO2","old","GCAM"
"W/m^2","GCAM_SSP1",2074,3.86507,"RF_CO2","old","GCAM"
"W/m^2","GCAM_SSP1",2075,3.88719,"RF_CO2","old","GCAM"
"W/m^2","GCAM_SSP1",2076,3.90913,"RF_CO2","old","GCAM"
"W/m^2","GCAM_SSP1",2077,3.93065,"RF_CO2","old","GCAM"
"W/m^2","GCAM_SSP1",2078,3.9519,"RF_CO2","old","GCAM"
"W/m^2","GCAM_SSP1",2079,3.97288,"RF_CO2","old","GCAM"
"W/m^2","GCAM_SSP1",2080,3.99361,"RF_CO2","old","GCAM"
"W/m^2","GCAM_SSP1",2081,4.01408,"RF_CO2","old","GCAM"
"W/m^2","GCAM_SSP1",2082,4.034,"RF_CO2","old","GCAM"
"W/m^2","GCAM_SSP1",2083,4.05361,"RF_CO2","old","GCAM"
"W/m^2","GCAM_SSP1",2084,4.0729,"RF_CO2","old","GCAM"
"W/m^2","GCAM_SSP1",2085,4.09188,"RF_CO2","old","GCAM"
"W/m^2","GCAM_SSP1",2086,4.11057,"RF_CO2","old","GCAM"
"W/m^2","GCAM_SSP1",2087,4.12842,"RF_CO2","old","GCAM"
"W/m^2","GCAM_SSP1",2088,4.146,"RF_CO2","old","GCAM"
"W/m^2","GCAM_SSP1",2089,4.16322,"RF_CO2","old","GCAM"
"W/m^2","GCAM_SSP1",2090,4.18015,"RF_CO2","old","GCAM"
"W/m^2","GCAM_SSP1",2091,4.19676,"RF_CO2","old","GCAM"
"W/m^2","GCAM_SSP1",2092,4.21276,"RF_CO2","old","GCAM"
"W/m^2","GCAM_SSP1",2093,4.22839,"RF_CO2","old","GCAM"
"W/m^2","GCAM_SSP1",2094,4.24366,"RF_CO2","old","GCAM"
"W/m^2","GCAM_SSP1",2095,4.25857,"RF_CO2","old","GCAM"
"W/m^2","GCAM_SSP1",2096,4.27314,"RF_CO2","old","GCAM"
"W/m^2","GCAM_SSP1",2097,4.28726,"RF_CO2","old","GCAM"
"W/m^2","GCAM_SSP1",2098,4.30099,"RF_CO2","old","GCAM"
"W/m^2","GCAM_SSP1",2099,4.31437,"RF_CO2","old","GCAM"
"W/m^2","GCAM_SSP1",2100,4.32738,"RF_CO2","old","GCAM"
"W/m^2","GCAM_SSP1",1976,0.383154,"RF_tot","old","GCAM"
"W/m^2","GCAM_SSP1",1977,0.512006,"RF_tot","old","GCAM"
"W/m^2","GCAM_SSP1",1978,0.580813,"RF_tot","old","GCAM"
"W/m^2","GCAM_SSP1",1979,0.607994,"RF_tot","old","GCAM"
"W/m^2","GCAM_SSP1",1980,0.613136,"RF_tot","old","GCAM"
"W/m^2","GCAM_SSP1",1981,0.655905,"RF_tot","old","GCAM"
"W/m^2","GCAM_SSP1",1982,0.448068,"RF_tot","old","GCAM"
"W/m^2","GCAM_SSP1",1983,0.0226605,"RF_tot","old","GCAM"
"W/m^2","GCAM_SSP1",1984,0.497674,"RF_tot","old","GCAM"
"W/m^2","GCAM_SSP1",1985,0.751914,"RF_tot","old","GCAM"
"W/m^2","GCAM_SSP1",1986,0.81282,"RF_tot","old","GCAM"
"W/m^2","GCAM_SSP1",1987,0.892627,"RF_tot","old","GCAM"
"W/m^2","GCAM_SSP1",1988,0.992152,"RF_tot","old","GCAM"
"W/m^2","GCAM_SSP1",1989,1.07647,"RF_tot","old","GCAM"
"W/m^2","GCAM_SSP1",1990,1.11103,"RF_tot","old","GCAM"
"W/m^2","GCAM_SSP1",1991,0.530465,"RF_tot","old","GCAM"
"W/m^2","GCAM_SSP1",1992,-0.584517,"RF_tot","old","GCAM"
"W/m^2","GCAM_SSP1",1993,0.316224,"RF_tot","old","GCAM"
"W/m^2","GCAM_SSP1",1994,1.04551,"RF_tot","old","GCAM"
"W/m^2","GCAM_SSP1",1995,1.31107,"RF_tot","old","GCAM"
"W/m^2","GCAM_SSP1",1996,1.42654,"RF_tot","old","GCAM"
"W/m^2","GCAM_SSP1",1997,1.36829,"RF_tot","old","GCAM"
"W/m^2","GCAM_SSP1",1998,1.43978,"RF_tot","old","GCAM"
"W/m^2","GCAM_SSP1",1999,1.60375,"RF_tot","old","GCAM"
"W/m^2","GCAM_SSP1",2000,1.66116,"RF_tot","old","GCAM"
"W/m^2","GCAM_SSP1",2001,1.68901,"RF_tot","old","GCAM"
"W/m^2","GCAM_SSP1",2002,1.65489,"RF_tot","old","GCAM"
"W/m^2","GCAM_SSP1",2003,1.64521,"RF_tot","old","GCAM"
"W/m^2","GCAM_SSP1",2004,1.70263,"RF_tot","old","GCAM"
"W/m^2","GCAM_SSP1",2005,1.71893,"RF_tot","old","GCAM"
"W/m^2","GCAM_SSP1",2006,1.76659,"RF_tot","old","GCAM"
"W/m^2","GCAM_SSP1",2007,1.83253,"RF_tot","old","GCAM"
"W/m^2","GCAM_SSP1",2008,1.91509,"RF_tot","old","GCAM"
"W/m^2","GCAM_SSP1",2009,1.96082,"RF_tot","old","GCAM"
"W/m^2","GCAM_SSP1",2010,2.06591,"RF_tot","old","GCAM"
"W/m^2","GCAM_SSP1",2011,2.09755,"RF_tot","old","GCAM"
"W/m^2","GCAM_SSP1",2012,2.18896,"RF_tot","old","GCAM"
"W/m^2","GCAM_SSP1",2013,2.27081,"RF_tot","old","GCAM"
"W/m^2","GCAM_SSP1",2014,2.31656,"RF_tot","old","GCAM"
"W/m^2","GCAM_SSP1",2015,2.3669,"RF_tot","old","GCAM"
"W/m^2","GCAM_SSP1",2016,2.41661,"RF_tot","old","GCAM"
"W/m^2","GCAM_SSP1",2017,2.46364,"RF_tot","old","GCAM"
"W/m^2","GCAM_SSP1",2018,2.51133,"RF_tot","old","GCAM"
"W/m^2","GCAM_SSP1",2019,2.55873,"RF_tot","old","GCAM"
"W/m^2","GCAM_SSP1",2020,2.6065,"RF_tot","old","GCAM"
"W/m^2","GCAM_SSP1",2021,2.65452,"RF_tot","old","GCAM"
"W/m^2","GCAM_SSP1",2022,2.69454,"RF_tot","old","GCAM"
"W/m^2","GCAM_SSP1",2023,2.73832,"RF_tot","old","GCAM"
"W/m^2","GCAM_SSP1",2024,2.78352,"RF_tot","old","GCAM"
"W/m^2","GCAM_SSP1",2025,2.84405,"RF_tot","old","GCAM"
"W/m^2","GCAM_SSP1",2026,2.9024,"RF_tot","old","GCAM"
"W/m^2","GCAM_SSP1",2027,2.95896,"RF_tot","old","GCAM"
"W/m^2","GCAM_SSP1",2028,3.01572,"RF_tot","old","GCAM"
"W/m^2","GCAM_SSP1",2029,3.07265,"RF_tot","old","GCAM"
"W/m^2","GCAM_SSP1",2030,3.12975,"RF_tot","old","GCAM"
"W/m^2","GCAM_SSP1",2031,3.1812,"RF_tot","old","GCAM"
"W/m^2","GCAM_SSP1",2032,3.23168,"RF_tot","old","GCAM"
"W/m^2","GCAM_SSP1",2033,3.28181,"RF_tot","old","GCAM"
"W/m^2","GCAM_SSP1",2034,3.33162,"RF_tot","old","GCAM"
"W/m^2","GCAM_SSP1",2035,3.38114,"RF_tot","old","GCAM"
"W/m^2","GCAM_SSP1",2036,3.42674,"RF_tot","old","GCAM"
"W/m^2","GCAM_SSP1",2037,3.47242,"RF_tot","old","GCAM"
"W/m^2","GCAM_SSP1",2038,3.51788,"RF_tot","old","GCAM"
"W/m^2","GCAM_SSP1",2039,3.56314,"RF_tot","old","GCAM"
"W/m^2","GCAM_SSP1",2040,3.60819,"RF_tot","old","GCAM"
"W/m^2","GCAM_SSP1",2041,3.65716,"RF_tot","old","GCAM"
"W/m^2","GCAM_SSP1",2042,3.70529,"RF_tot","old","GCAM"
"W/m^2","GCAM_SSP1",2043,3.75316,"RF_tot","old","GCAM"
"W/m^2","GCAM_SSP1",2044,3.80079,"RF_tot","old","GCAM"
"W/m^2","GCAM_SSP1",2045,3.8482,"RF_tot","old","GCAM"
"W/m^2","GCAM_SSP1",2046,3.89526,"RF_tot","old","GCAM"
"W/m^2","GCAM_SSP1",2047,3.94161,"RF_tot","old","GCAM"
"W/m^2","GCAM_SSP1",2048,3.98768,"RF_tot","old","GCAM"
"W/m^2","GCAM_SSP1",2049,4.03349,"RF_tot","old","GCAM"
"W/m^2","GCAM_SSP1",2050,4.07907,"RF_tot","old","GCAM"
"W/m^2","GCAM_SSP1",2051,4.11929,"RF_tot","old","GCAM"
"W/m^2","GCAM_SSP1",2052,4.1599,"RF_tot","old","GCAM"
"W/m^2","GCAM_SSP1",2053,4.20026,"RF_tot","old","GCAM"
"W/m^2","GCAM_SSP1",2054,4.24039,"RF_tot","old","GCAM"
"W/m^2","GCAM_SSP1",2055,4.28032,"RF_tot","old","GCAM"
"W/m^2","GCAM_SSP1",2056,4.32061,"RF_tot","old","GCAM"
"W/m^2","GCAM_SSP1",2057,4.36009,"RF_tot","old","GCAM"
"W/m^2","GCAM_SSP1",2058,4.39938,"RF_tot","old","GCAM"
"W/m^2","GCAM_SSP1",2059,4.43849,"RF_tot","old","GCAM"
"W/m^2","GCAM_SSP1",2060,4.47746,"RF_tot","old","GCAM"
"W/m^2","GCAM_SSP1",2061,4.51665,"RF_tot","old","GCAM"
"W/m^2","GCAM_SSP1",2062,4.55456,"RF_tot","old","GCAM"
"W/m^2","GCAM_SSP1",2063,4.59222,"RF_tot","old","GCAM"
"W/m^2","GCAM_SSP1",2064,4.62963,"RF_tot","old","GCAM"
"W/m^2","GCAM_SSP1",2065,4.66682,"RF_tot","old","GCAM"
"W/m^2","GCAM_SSP1",2066,4.70368,"RF_tot","old","GCAM"
"W/m^2","GCAM_SSP1",2067,4.73969,"RF_tot","old","GCAM"
"W/m^2","GCAM_SSP1",2068,4.77535,"RF_tot","old","GCAM"
"W/m^2","GCAM_SSP1",2069,4.81073,"RF_tot","old","GCAM"
"W/m^2","GCAM_SSP1",2070,4.84581,"RF_tot","old","GCAM"
"W/m^2","GCAM_SSP1",2071,4.88053,"RF_tot","old","GCAM"
"W/m^2","GCAM_SSP1",2072,4.91456,"RF_tot","old","GCAM"
"W/m^2","GCAM_SSP1",2073,4.94829,"RF_tot","old","GCAM"
"W/m^2","GCAM_SSP1",2074,4.98172,"RF_tot","old","GCAM"
"W/m^2","GCAM_SSP1",2075,5.01488,"RF_tot","old","GCAM"
"W/m^2","GCAM_SSP1",2076,5.04754,"RF_tot","old","GCAM"
"W/m^2","GCAM_SSP1",2077,5.07965,"RF_tot","old","GCAM"
"W/m^2","GCAM_SSP1",2078,5.11135,"RF_tot","old","GCAM"
"W/m^2","GCAM_SSP1",2079,5.14267,"RF_tot","old","GCAM"
"W/m^2","GCAM_SSP1",2080,5.17364,"RF_tot","old","GCAM"
"W/m^2","GCAM_SSP1",2081,5.2041,"RF_tot","old","GCAM"
"W/m^2","GCAM_SSP1",2082,5.23386,"RF_tot","old","GCAM"
"W/m^2","GCAM_SSP1",2083,5.26315,"RF_tot","old","GCAM"
"W/m^2","GCAM_SSP1",2084,5.29198,"RF_tot","old","GCAM"
"W/m^2","GCAM_SSP1",2085,5.32037,"RF_tot","old","GCAM"
"W/m^2","GCAM_SSP1",2086,5.34816,"RF_tot","old","GCAM"
"W/m^2","GCAM_SSP1",2087,5.3749,"RF_tot","old","GCAM"
"W/m^2","GCAM_SSP1",2088,5.40117,"RF_tot","old","GCAM"
"W/m^2","GCAM_SSP1",2089,5.42689,"RF_tot","old","GCAM"
"W/m^2","GCAM_SSP1",2090,5.45215,"RF_tot","old","GCAM"
"W/m^2","GCAM_SSP1",2091,5.47662,"RF_tot","old","GCAM"
"W/m^2","GCAM_SSP1",2092,5.50026,"RF_tot","old","GCAM"
"W/m^2","GCAM_SSP1",2093,5.52331,"RF_tot","old","GCAM"
"W/m^2","GCAM_SSP1",2094,5.54581,"RF_tot","old","GCAM"
"W/m^2","GCAM_SSP1",2095,5.56776,"RF_tot","old","GCAM"
"W/m^2","GCAM_SSP1",2096,5.58895,"RF_tot","old","GCAM"
"W/m^2","GCAM_SSP1",2097,5.60944,"RF_tot","old","GCAM"
"W/m^2","GCAM_SSP1",2098,5.62934,"RF_tot","old","GCAM"
"W/m^2","GCAM_SSP1",2099,5.64866,"RF_tot","old","GCAM"
"W/m^2","GCAM_SSP1",2100,5.66743,"RF_tot","old","GCAM"
"degreesC","GCAM_SSP1",1976,0.100269,"gmst","old","GCAM"
"degreesC","GCAM_SSP1",1977,0.120862,"gmst","old","GCAM"
"degreesC","GCAM_SSP1",1978,0.141714,"gmst","old","GCAM"
"degreesC","GCAM_SSP1",1979,0.159493,"gmst","old","GCAM"
"degreesC","GCAM_SSP1",1980,0.173513,"gmst","old","GCAM"
"degreesC","GCAM_SSP1",1981,0.187989,"gmst","old","GCAM"
"degreesC","GCAM_SSP1",1982,0.183148,"gmst","old","GCAM"
"degreesC","GCAM_SSP1",1983,0.146355,"gmst","old","GCAM"
"degreesC","GCAM_SSP1",1984,0.157532,"gmst","old","GCAM"
"degreesC","GCAM_SSP1",1985,0.188321,"gmst","old","GCAM"
"degreesC","GCAM_SSP1",1986,0.215748,"gmst","old","GCAM"
"degreesC","GCAM_SSP1",1987,0.242095,"gmst","old","GCAM"
"degreesC","GCAM_SSP1",1988,0.27001,"gmst","old","GCAM"
"degreesC","GCAM_SSP1",1989,0.298248,"gmst","old","GCAM"
"degreesC","GCAM_SSP1",1990,0.322944,"gmst","old","GCAM"
"degreesC","GCAM_SSP1",1991,0.296353,"gmst","old","GCAM"
"degreesC","GCAM_SSP1",1992,0.188759,"gmst","old","GCAM"
"degreesC","GCAM_SSP1",1993,0.181627,"gmst","old","GCAM"
"degreesC","GCAM_SSP1",1994,0.238899,"gmst","old","GCAM"
"degreesC","GCAM_SSP1",1995,0.301649,"gmst","old","GCAM"
"degreesC","GCAM_SSP1",1996,0.3554,"gmst","old","GCAM"
"degreesC","GCAM_SSP1",1997,0.390187,"gmst","old","GCAM"
"degreesC","GCAM_SSP1",1998,0.4223,"gmst","old","GCAM"
"degreesC","GCAM_SSP1",1999,0.460964,"gmst","old","GCAM"
"degreesC","GCAM_SSP1",2000,0.496196,"gmst","old","GCAM"
"degreesC","GCAM_SSP1",2001,0.526278,"gmst","old","GCAM"
"degreesC","GCAM_SSP1",2002,0.547918,"gmst","old","GCAM"
"degreesC","GCAM_SSP1",2003,0.56536,"gmst","old","GCAM"
"degreesC","GCAM_SSP1",2004,0.585223,"gmst","old","GCAM"
"degreesC","GCAM_SSP1",2005,0.603615,"gmst","old","GCAM"
"degreesC","GCAM_SSP1",2006,0.623096,"gmst","old","GCAM"
"degreesC","GCAM_SSP1",2007,0.644874,"gmst","old","GCAM"
"degreesC","GCAM_SSP1",2008,0.669591,"gmst","old","GCAM"
"degreesC","GCAM_SSP1",2009,0.693514,"gmst","old","GCAM"
"degreesC","GCAM_SSP1",2010,0.721476,"gmst","old","GCAM"
"degreesC","GCAM_SSP1",2011,0.746803,"gmst","old","GCAM"
"degreesC","GCAM_SSP1",2012,0.774752,"gmst","old","GCAM"
"degreesC","GCAM_SSP1",2013,0.804174,"gmst","old","GCAM"
"degreesC","GCAM_SSP1",2014,0.831758,"gmst","old","GCAM"
"degreesC","GCAM_SSP1",2015,0.858358,"gmst","old","GCAM"
"degreesC","GCAM_SSP1",2016,0.884333,"gmst","old","GCAM"
"degreesC","GCAM_SSP1",2017,0.909678,"gmst","old","GCAM"
"degreesC","GCAM_SSP1",2018,0.934632,"gmst","old","GCAM"
"degreesC","GCAM_SSP1",2019,0.959293,"gmst","old","GCAM"
"degreesC","GCAM_SSP1",2020,0.98377,"gmst","old","GCAM"
"degreesC","GCAM_SSP1",2021,1.00813,"gmst","old","GCAM"
"degreesC","GCAM_SSP1",2022,1.03178,"gmst","old","GCAM"
"degreesC","GCAM_SSP1",2023,1.05518,"gmst","old","GCAM"
"degreesC","GCAM_SSP1",2024,1.07853,"gmst","old","GCAM"
"degreesC","GCAM_SSP1",2025,1.10306,"gmst","old","GCAM"
"degreesC","GCAM_SSP1",2026,1.1283,"gmst","old","GCAM"
"degreesC","GCAM_SSP1",2027,1.15389,"gmst","old","GCAM"
"degreesC","GCAM_SSP1",2028,1.17975,"gmst","old","GCAM"
"degreesC","GCAM_SSP1",2029,1.20587,"gmst","old","GCAM"
"degreesC","GCAM_SSP1",2030,1.2322,"gmst","old","GCAM"
"degreesC","GCAM_SSP1",2031,1.25828,"gmst","old","GCAM"
"degreesC","GCAM_SSP1",2032,1.28411,"gmst","old","GCAM"
"degreesC","GCAM_SSP1",2033,1.30976,"gmst","old","GCAM"
"degreesC","GCAM_SSP1",2034,1.33527,"gmst","old","GCAM"
"degreesC","GCAM_SSP1",2035,1.36068,"gmst","old","GCAM"
"degreesC","GCAM_SSP1",2036,1.38571,"gmst","old","GCAM"
"degreesC","GCAM_SSP1",2037,1.41046,"gmst","old","GCAM"
"degreesC","GCAM_SSP1",2038,1.43501,"gmst","old","GCAM"
"degreesC","GCAM_SSP1",2039,1.4594,"gmst","old","GCAM"
"degreesC","GCAM_SSP1",2040,1.48365,"gmst","old","GCAM"
"degreesC","GCAM_SSP1",2041,1.50811,"gmst","old","GCAM"
"degreesC","GCAM_SSP1",2042,1.53266,"gmst","old","GCAM"
"degreesC","GCAM_SSP1",2043,1.55724,"gmst","old","GCAM"
"degreesC","GCAM_SSP1",2044,1.58184,"gmst","old","GCAM"
"degreesC","GCAM_SSP1",2045,1.60643,"gmst","old","GCAM"
"degreesC","GCAM_SSP1",2046,1.63099,"gmst","old","GCAM"
"degreesC","GCAM_SSP1",2047,1.65548,"gmst","old","GCAM"
"degreesC","GCAM_SSP1",2048,1.67991,"gmst","old","GCAM"
"degreesC","GCAM_SSP1",2049,1.70426,"gmst","old","GCAM"
"degreesC","GCAM_SSP1",2050,1.72855,"gmst","old","GCAM"
"degreesC","GCAM_SSP1",2051,1.75238,"gmst","old","GCAM"
"degreesC","GCAM_SSP1",2052,1.77588,"gmst","old","GCAM"
"degreesC","GCAM_SSP1",2053,1.79914,"gmst","old","GCAM"
"degreesC","GCAM_SSP1",2054,1.8222,"gmst","old","GCAM"
"degreesC","GCAM_SSP1",2055,1.84509,"gmst","old","GCAM"
"degreesC","GCAM_SSP1",2056,1.86787,"gmst","old","GCAM"
"degreesC","GCAM_SSP1",2057,1.8905,"gmst","old","GCAM"
"degreesC","GCAM_SSP1",2058,1.913,"gmst","old","GCAM"
"degreesC","GCAM_SSP1",2059,1.93537,"gmst","old","GCAM"
"degreesC","GCAM_SSP1",2060,1.95764,"gmst","old","GCAM"
"degreesC","GCAM_SSP1",2061,1.97984,"gmst","old","GCAM"
"degreesC","GCAM_SSP1",2062,2.00187,"gmst","old","GCAM"
"degreesC","GCAM_SSP1",2063,2.02376,"gmst","old","GCAM"
"degreesC","GCAM_SSP1",2064,2.04552,"gmst","old","GCAM"
"degreesC","GCAM_SSP1",2065,2.06715,"gmst","old","GCAM"
"degreesC","GCAM_SSP1",2066,2.08866,"gmst","old","GCAM"
"degreesC","GCAM_SSP1",2067,2.11,"gmst","old","GCAM"
"degreesC","GCAM_SSP1",2068,2.13118,"gmst","old","GCAM"
"degreesC","GCAM_SSP1",2069,2.15221,"gmst","old","GCAM"
"degreesC","GCAM_SSP1",2070,2.17311,"gmst","old","GCAM"
"degreesC","GCAM_SSP1",2071,2.19386,"gmst","old","GCAM"
"degreesC","GCAM_SSP1",2072,2.21445,"gmst","old","GCAM"
"degreesC","GCAM_SSP1",2073,2.23488,"gmst","old","GCAM"
"degreesC","GCAM_SSP1",2074,2.25515,"gmst","old","GCAM"
"degreesC","GCAM_SSP1",2075,2.27529,"gmst","old","GCAM"
"degreesC","GCAM_SSP1",2076,2.29528,"gmst","old","GCAM"
"degreesC","GCAM_SSP1",2077,2.31509,"gmst","old","GCAM"
"degreesC","GCAM_SSP1",2078,2.33474,"gmst","old","GCAM"
"degreesC","GCAM_SSP1",2079,2.35423,"gmst","old","GCAM"
"degreesC","GCAM_SSP1",2080,2.37355,"gmst","old","GCAM"
"degreesC","GCAM_SSP1",2081,2.39271,"gmst","old","GCAM"
"degreesC","GCAM_SSP1",2082,2.41167,"gmst","old","GCAM"
"degreesC","GCAM_SSP1",2083,2.43045,"gmst","old","GCAM"
"degreesC","GCAM_SSP1",2084,2.44903,"gmst","old","GCAM"
"degreesC","GCAM_SSP1",2085,2.46743,"gmst","old","GCAM"
"degreesC","GCAM_SSP1",2086,2.48563,"gmst","old","GCAM"
"degreesC","GCAM_SSP1",2087,2.50358,"gmst","old","GCAM"
"degreesC","GCAM_SSP1",2088,2.5213,"gmst","old","GCAM"
"degreesC","GCAM_SSP1",2089,2.5388,"gmst","old","GCAM"
"degreesC","GCAM_SSP1",2090,2.55607,"gmst","old","GCAM"
"degreesC","GCAM_SSP1",2091,2.57311,"gmst","old","GCAM"
"degreesC","GCAM_SSP1",2092,2.58988,"gmst","old","GCAM"
"degreesC","GCAM_SSP1",2093,2.6064,"gmst","old","GCAM"
"degreesC","GCAM_SSP1",2094,2.62267,"gmst","old","GCAM"
"degreesC","GCAM_SSP1",2095,2.63869,"gmst","old","GCAM"
"degreesC","GCAM_SSP1",2096,2.65446,"gmst","old","GCAM"
"degreesC","GCAM_SSP1",2097,2.66995,"gmst","old","GCAM"
"degreesC","GCAM_SSP1",2098,2.68519,"gmst","old","GCAM"
"degreesC","GCAM_SSP1",2099,2.70016,"gmst","old","GCAM"
"degreesC","GCAM_SSP1",2100,2.71488,"gmst","old","GCAM"
"Gg","GCAM_SSP1",2005,1.3326894438,"C2F6_emissions","old","GCAM"
"Gg","GCAM_SSP1",2010,1.1421159114,"C2F6_emissions","old","GCAM"
"Gg","GCAM_SSP1",2015,1.4890217964,"C2F6_emissions","old","GCAM"
"Gg","GCAM_SSP1",2021,1.5013436056,"C2F6_emissions","old","GCAM"
"Gg","GCAM_SSP1",2025,1.581310249,"C2F6_emissions","old","GCAM"
"Gg","GCAM_SSP1",2030,1.6760852506,"C2F6_emissions","old","GCAM"
"Gg","GCAM_SSP1",2035,1.7583558612,"C2F6_emissions","old","GCAM"
"Gg","GCAM_SSP1",2040,1.7984607123,"C2F6_emissions","old","GCAM"
"Gg","GCAM_SSP1",2045,1.8312418611,"C2F6_emissions","old","GCAM"
"Gg","GCAM_SSP1",2050,1.85747871,"C2F6_emissions","old","GCAM"
"Gg","GCAM_SSP1",2055,1.8685635449,"C2F6_emissions","old","GCAM"
"Gg","GCAM_SSP1",2060,1.8724591176,"C2F6_emissions","old","GCAM"
"Gg","GCAM_SSP1",2065,1.8691804785,"C2F6_emissions","old","GCAM"
"Gg","GCAM_SSP1",2070,1.8533730733,"C2F6_emissions","old","GCAM"
"Gg","GCAM_SSP1",2075,1.8302100052,"C2F6_emissions","old","GCAM"
"Gg","GCAM_SSP1",2080,1.7990335396,"C2F6_emissions","old","GCAM"
"Gg","GCAM_SSP1",2085,1.759825651,"C2F6_emissions","old","GCAM"
"Gg","GCAM_SSP1",2090,1.7164912408,"C2F6_emissions","old","GCAM"
"Gg","GCAM_SSP1",2095,1.6716814748,"C2F6_emissions","old","GCAM"
"Gg","GCAM_SSP1",2100,1.6202102566,"C2F6_emissions","old","GCAM"
"Gg","GCAM_SSP1",2005,4.5595095224,"CF4_emissions","old","GCAM"
"Gg","GCAM_SSP1",2010,3.4908554511,"CF4_emissions","old","GCAM"
"Gg","GCAM_SSP1",2015,4.5419844727,"CF4_emissions","old","GCAM"
"Gg","GCAM_SSP1",2021,4.66616681119,"CF4_emissions","old","GCAM"
"Gg","GCAM_SSP1",2025,4.9208981836,"CF4_emissions","old","GCAM"
"Gg","GCAM_SSP1",2030,5.1791845795,"CF4_emissions","old","GCAM"
"Gg","GCAM_SSP1",2035,5.3853146348,"CF4_emissions","old","GCAM"
"Gg","GCAM_SSP1",2040,5.476494239,"CF4_emissions","old","GCAM"
"Gg","GCAM_SSP1",2045,5.55323506585,"CF4_emissions","old","GCAM"
"Gg","GCAM_SSP1",2050,5.64727905653,"CF4_emissions","old","GCAM"
"Gg","GCAM_SSP1",2055,5.70845639576,"CF4_emissions","old","GCAM"
"Gg","GCAM_SSP1",2060,5.74133732513,"CF4_emissions","old","GCAM"
"Gg","GCAM_SSP1",2065,5.74851216479,"CF4_emissions","old","GCAM"
"Gg","GCAM_SSP1",2070,5.71122193881,"CF4_emissions","old","GCAM"
"Gg","GCAM_SSP1",2075,5.65008803135,"CF4_emissions","old","GCAM"
"Gg","GCAM_SSP1",2080,5.56044669437,"CF4_emissions","old","GCAM"
"Gg","GCAM_SSP1",2085,5.44205869327,"CF4_emissions","old","GCAM"
"Gg","GCAM_SSP1",2090,5.31077974582,"CF4_emissions","old","GCAM"
"Gg","GCAM_SSP1",2095,5.17752868026,"CF4_emissions","old","GCAM"
"Gg","GCAM_SSP1",2100,5.02707086661,"CF4_emissions","old","GCAM"
"Gg","GCAM_SSP1",2005,13.4736975439,"HFC125_emissions","old","GCAM"
"Gg","GCAM_SSP1",2010,25.754668812,"HFC125_emissions","old","GCAM"
"Gg","GCAM_SSP1",2015,39.522956612,"HFC125_emissions","old","GCAM"
"Gg","GCAM_SSP1",2021,76.34528554,"HFC125_emissions","old","GCAM"
"Gg","GCAM_SSP1",2025,98.35114228,"HFC125_emissions","old","GCAM"
"Gg","GCAM_SSP1",2030,129.575846915,"HFC125_emissions","old","GCAM"
"Gg","GCAM_SSP1",2035,149.177946805,"HFC125_emissions","old","GCAM"
"Gg","GCAM_SSP1",2040,167.530735371,"HFC125_emissions","old","GCAM"
"Gg","GCAM_SSP1",2045,188.32116917,"HFC125_emissions","old","GCAM"
"Gg","GCAM_SSP1",2050,210.24007053,"HFC125_emissions","old","GCAM"
"Gg","GCAM_SSP1",2055,231.41431746,"HFC125_emissions","old","GCAM"
"Gg","GCAM_SSP1",2060,252.73693794,"HFC125_emissions","old","GCAM"
"Gg","GCAM_SSP1",2065,273.65954027,"HFC125_emissions","old","GCAM"
"Gg","GCAM_SSP1",2070,292.51371366,"HFC125_emissions","old","GCAM"
"Gg","GCAM_SSP1",2075,309.36247927,"HFC125_emissions","old","GCAM"
"Gg","GCAM_SSP1",2080,323.51306764,"HFC125_emissions","old","GCAM"
"Gg","GCAM_SSP1",2085,334.50775845,"HFC125_emissions","old","GCAM"
"Gg","GCAM_SSP1",2090,342.59886876,"HFC125_emissions","old","GCAM"
"Gg","GCAM_SSP1",2095,347.89617963,"HFC125_emissions","old","GCAM"
"Gg","GCAM_SSP1",2100,349.53998871,"HFC125_emissions","old","GCAM"
"Gg","GCAM_SSP1",2005,130.6109941672,"HFC134a_emissions","old","GCAM"
"Gg","GCAM_SSP1",2010,181.60389160285,"HFC134a_emissions","old","GCAM"
"Gg","GCAM_SSP1",2015,244.0811181717,"HFC134a_emissions","old","GCAM"
"Gg","GCAM_SSP1",2021,312.4545100584,"HFC134a_emissions","old","GCAM"
"Gg","GCAM_SSP1",2025,339.23250562755,"HFC134a_emissions","old","GCAM"
"Gg","GCAM_SSP1",2030,385.75660538865,"HFC134a_emissions","old","GCAM"
"Gg","GCAM_SSP1",2035,435.1777885635,"HFC134a_emissions","old","GCAM"
"Gg","GCAM_SSP1",2040,484.3447993425,"HFC134a_emissions","old","GCAM"
"Gg","GCAM_SSP1",2045,543.7443425555,"HFC134a_emissions","old","GCAM"
"Gg","GCAM_SSP1",2050,611.5896581505,"HFC134a_emissions","old","GCAM"
"Gg","GCAM_SSP1",2055,682.1874598095,"HFC134a_emissions","old","GCAM"
"Gg","GCAM_SSP1",2060,758.9363480285,"HFC134a_emissions","old","GCAM"
"Gg","GCAM_SSP1",2065,840.5404254495,"HFC134a_emissions","old","GCAM"
"Gg","GCAM_SSP1",2070,921.569629982,"HFC134a_emissions","old","GCAM"
"Gg","GCAM_SSP1",2075,1000.8943477245,"HFC134a_emissions","old","GCAM"
"Gg","GCAM_SSP1",2080,1074.6822122955,"HFC134a_emissions","old","GCAM"
"Gg","GCAM_SSP1",2085,1139.743918945,"HFC134a_emissions","old","GCAM"
"Gg","GCAM_SSP1",2090,1195.6536061045,"HFC134a_emissions","old","GCAM"
"Gg","GCAM_SSP1",2095,1241.6002472905,"HFC134a_emissions","old","GCAM"
"Gg","GCAM_SSP1",2100,1273.177036876,"HFC134a_emissions","old","GCAM"
"Gg","GCAM_SSP1",2005,16.657881676495,"HFC143a_emissions","old","GCAM"
"Gg","GCAM_SSP1",2010,28.150171402278,"HFC143a_emissions","old","GCAM"
"Gg","GCAM_SSP1",2015,43.238084254551,"HFC143a_emissions","old","GCAM"
"Gg","GCAM_SSP1",2021,83.173213309551,"HFC143a_emissions","old","GCAM"
"Gg","GCAM_SSP1",2025,106.912113879995,"HFC143a_emissions","old","GCAM"
"Gg","GCAM_SSP1",2030,140.723324651703,"HFC143a_emissions","old","GCAM"
"Gg","GCAM_SSP1",2035,162.069349485974,"HFC143a_emissions","old","GCAM"
"Gg","GCAM_SSP1",2040,182.087217019276,"HFC143a_emissions","old","GCAM"
"Gg","GCAM_SSP1",2045,204.803320699735,"HFC143a_emissions","old","GCAM"
"Gg","GCAM_SSP1",2050,228.809632896508,"HFC143a_emissions","old","GCAM"
"Gg","GCAM_SSP1",2055,252.070520177259,"HFC143a_emissions","old","GCAM"
"Gg","GCAM_SSP1",2060,275.57000657416,"HFC143a_emissions","old","GCAM"
"Gg","GCAM_SSP1",2065,298.713644549607,"HFC143a_emissions","old","GCAM"
"Gg","GCAM_SSP1",2070,319.677837333675,"HFC143a_emissions","old","GCAM"
"Gg","GCAM_SSP1",2075,338.513260695618,"HFC143a_emissions","old","GCAM"
"Gg","GCAM_SSP1",2080,354.441085949152,"HFC143a_emissions","old","GCAM"
"Gg","GCAM_SSP1",2085,366.937925037485,"HFC143a_emissions","old","GCAM"
"Gg","GCAM_SSP1",2090,376.2600526009,"HFC143a_emissions","old","GCAM"
"Gg","GCAM_SSP1",2095,382.510017829425,"HFC143a_emissions","old","GCAM"
"Gg","GCAM_SSP1",2100,384.723578579672,"HFC143a_emissions","old","GCAM"
"Gg","GCAM_SSP1",2005,3.426583998229,"HFC245fa_emissions","old","GCAM"
"Gg","GCAM_SSP1",2010,6.643179485242,"HFC245fa_emissions","old","GCAM"
"Gg","GCAM_SSP1",2015,8.489817647341,"HFC245fa_emissions","old","GCAM"
"Gg","GCAM_SSP1",2021,8.496387675183,"HFC245fa_emissions","old","GCAM"
"Gg","GCAM_SSP1",2025,8.921991306241,"HFC245fa_emissions","old","GCAM"
"Gg","GCAM_SSP1",2030,10.332526009854,"HFC245fa_emissions","old","GCAM"
"Gg","GCAM_SSP1",2035,10.305055346696,"HFC245fa_emissions","old","GCAM"
"Gg","GCAM_SSP1",2040,10.473331931363,"HFC245fa_emissions","old","GCAM"
"Gg","GCAM_SSP1",2045,10.657714634759,"HFC245fa_emissions","old","GCAM"
"Gg","GCAM_SSP1",2050,10.967929073012,"HFC245fa_emissions","old","GCAM"
"Gg","GCAM_SSP1",2055,11.260805905616,"HFC245fa_emissions","old","GCAM"
"Gg","GCAM_SSP1",2060,11.527365691768,"HFC245fa_emissions","old","GCAM"
"Gg","GCAM_SSP1",2065,11.758048995144,"HFC245fa_emissions","old","GCAM"
"Gg","GCAM_SSP1",2070,11.932693887707,"HFC245fa_emissions","old","GCAM"
"Gg","GCAM_SSP1",2075,12.060537532879,"HFC245fa_emissions","old","GCAM"
"Gg","GCAM_SSP1",2080,12.137251403279,"HFC245fa_emissions","old","GCAM"
"Gg","GCAM_SSP1",2085,12.145842253516,"HFC245fa_emissions","old","GCAM"
"Gg","GCAM_SSP1",2090,12.093842170001,"HFC245fa_emissions","old","GCAM"
"Gg","GCAM_SSP1",2095,11.988284849243,"HFC245fa_emissions","old","GCAM"
"Gg","GCAM_SSP1",2100,11.807961119435,"HFC245fa_emissions","old","GCAM"
"Gg","GCAM_SSP1",2005,2.128184574,"HFC227ea_emissions","old","GCAM"
"Gg","GCAM_SSP1",2010,3.69184179,"HFC227ea_emissions","old","GCAM"
"Gg","GCAM_SSP1",2015,6.00504143,"HFC227ea_emissions","old","GCAM"
"Gg","GCAM_SSP1",2021,6.00504143,"HFC227ea_emissions","old","GCAM"
"Gg","GCAM_SSP1",2025,3.74020471,"HFC227ea_emissions","old","GCAM"
"Gg","GCAM_SSP1",2030,4.0596623,"HFC227ea_emissions","old","GCAM"
"Gg","GCAM_SSP1",2035,4.0981028,"HFC227ea_emissions","old","GCAM"
"Gg","GCAM_SSP1",2040,4.13065493,"HFC227ea_emissions","old","GCAM"
"Gg","GCAM_SSP1",2045,4.00283387,"HFC227ea_emissions","old","GCAM"
"Gg","GCAM_SSP1",2050,4.03006562,"HFC227ea_emissions","old","GCAM"
"Gg","GCAM_SSP1",2055,4.0509283,"HFC227ea_emissions","old","GCAM"
"Gg","GCAM_SSP1",2060,4.05506768,"HFC227ea_emissions","old","GCAM"
"Gg","GCAM_SSP1",2065,4.04322606,"HFC227ea_emissions","old","GCAM"
"Gg","GCAM_SSP1",2070,4.01874077,"HFC227ea_emissions","old","GCAM"
"Gg","GCAM_SSP1",2075,3.98381856,"HFC227ea_emissions","old","GCAM"
"Gg","GCAM_SSP1",2080,3.93803542,"HFC227ea_emissions","old","GCAM"
"Gg","GCAM_SSP1",2085,3.87745551,"HFC227ea_emissions","old","GCAM"
"Gg","GCAM_SSP1",2090,3.79970111,"HFC227ea_emissions","old","GCAM"
"Gg","GCAM_SSP1",2095,3.70627439,"HFC227ea_emissions","old","GCAM"
"Gg","GCAM_SSP1",2100,3.59991153,"HFC227ea_emissions","old","GCAM"
"Gg","GCAM_SSP1",2015,10.3569308623802,"HFC23_emissions","old","GCAM"
"Gg","GCAM_SSP1",2021,10.991813302661,"HFC23_emissions","old","GCAM"
"Gg","GCAM_SSP1",2025,11.85982094457,"HFC23_emissions","old","GCAM"
"Gg","GCAM_SSP1",2030,12.624180384131,"HFC23_emissions","old","GCAM"
"Gg","GCAM_SSP1",2035,13.221615499489,"HFC23_emissions","old","GCAM"
"Gg","GCAM_SSP1",2040,13.469532598352,"HFC23_emissions","old","GCAM"
"Gg","GCAM_SSP1",2045,13.66339415349,"HFC23_emissions","old","GCAM"
"Gg","GCAM_SSP1",2050,13.725727239387,"HFC23_emissions","old","GCAM"
"Gg","GCAM_SSP1",2055,13.662894889985,"HFC23_emissions","old","GCAM"
"Gg","GCAM_SSP1",2060,13.534062458356,"HFC23_emissions","old","GCAM"
"Gg","GCAM_SSP1",2065,13.356775119176,"HFC23_emissions","old","GCAM"
"Gg","GCAM_SSP1",2070,13.072308126141,"HFC23_emissions","old","GCAM"
"Gg","GCAM_SSP1",2075,12.74600377882,"HFC23_emissions","old","GCAM"
"Gg","GCAM_SSP1",2080,12.36352021444,"HFC23_emissions","old","GCAM"
"Gg","GCAM_SSP1",2085,11.92856916356,"HFC23_emissions","old","GCAM"
"Gg","GCAM_SSP1",2090,11.48807606128,"HFC23_emissions","old","GCAM"
"Gg","GCAM_SSP1",2095,11.0760864222,"HFC23_emissions","old","GCAM"
"Gg","GCAM_SSP1",2100,10.6479098005,"HFC23_emissions","old","GCAM"
"Gg","GCAM_SSP1",2005,1.2060792957,"HFC32_emissions","old","GCAM"
"Gg","GCAM_SSP1",2010,2.0280780141,"HFC32_emissions","old","GCAM"
"Gg","GCAM_SSP1",2015,3.1124134034,"HFC32_emissions","old","GCAM"
"Gg","GCAM_SSP1",2021,6.0196015741,"HFC32_emissions","old","GCAM"
"Gg","GCAM_SSP1",2025,7.7585195793,"HFC32_emissions","old","GCAM"
"Gg","GCAM_SSP1",2030,10.2263346596,"HFC32_emissions","old","GCAM"
"Gg","GCAM_SSP1",2035,11.7729573504,"HFC32_emissions","old","GCAM"
"Gg","GCAM_SSP1",2040,13.2206689692,"HFC32_emissions","old","GCAM"
"Gg","GCAM_SSP1",2045,14.8601548793,"HFC32_emissions","old","GCAM"
"Gg","GCAM_SSP1",2050,16.5880330891,"HFC32_emissions","old","GCAM"
"Gg","GCAM_SSP1",2055,18.256436671,"HFC32_emissions","old","GCAM"
"Gg","GCAM_SSP1",2060,19.935725462,"HFC32_emissions","old","GCAM"
"Gg","GCAM_SSP1",2065,21.582584547,"HFC32_emissions","old","GCAM"
"Gg","GCAM_SSP1",2070,23.065503874,"HFC32_emissions","old","GCAM"
"Gg","GCAM_SSP1",2075,24.389630086,"HFC32_emissions","old","GCAM"
"Gg","GCAM_SSP1",2080,25.500595886,"HFC32_emissions","old","GCAM"
"Gg","GCAM_SSP1",2085,26.362539051,"HFC32_emissions","old","GCAM"
"Gg","GCAM_SSP1",2090,26.9955468,"HFC32_emissions","old","GCAM"
"Gg","GCAM_SSP1",2095,27.408497856,"HFC32_emissions","old","GCAM"
"Gg","GCAM_SSP1",2100,27.533789049,"HFC32_emissions","old","GCAM"
"Gg","GCAM_SSP1",1990,2.7646554195,"SF6_emissions","old","GCAM"
"Gg","GCAM_SSP1",2005,2.5740714763,"SF6_emissions","old","GCAM"
"Gg","GCAM_SSP1",2010,3.0635693566,"SF6_emissions","old","GCAM"
"Gg","GCAM_SSP1",2015,3.6045659027,"SF6_emissions","old","GCAM"
"Gg","GCAM_SSP1",2021,4.2902322408,"SF6_emissions","old","GCAM"
"Gg","GCAM_SSP1",2025,4.6453033206,"SF6_emissions","old","GCAM"
"Gg","GCAM_SSP1",2030,5.15950581575,"SF6_emissions","old","GCAM"
"Gg","GCAM_SSP1",2035,5.74733698721,"SF6_emissions","old","GCAM"
"Gg","GCAM_SSP1",2040,6.03336829288,"SF6_emissions","old","GCAM"
"Gg","GCAM_SSP1",2045,6.23279507047,"SF6_emissions","old","GCAM"
"Gg","GCAM_SSP1",2050,6.69336110129,"SF6_emissions","old","GCAM"
"Gg","GCAM_SSP1",2055,7.0912906536,"SF6_emissions","old","GCAM"
"Gg","GCAM_SSP1",2060,7.46195577847,"SF6_emissions","old","GCAM"
"Gg","GCAM_SSP1",2065,7.82943001069,"SF6_emissions","old","GCAM"
"Gg","GCAM_SSP1",2070,8.11858781646,"SF6_emissions","old","GCAM"
"Gg","GCAM_SSP1",2075,8.33401753051,"SF6_emissions","old","GCAM"
"Gg","GCAM_SSP1",2080,8.46576958415,"SF6_emissions","old","GCAM"
"Gg","GCAM_SSP1",2085,8.5150243735,"SF6_emissions","old","GCAM"
"Gg","GCAM_SSP1",2090,8.50213274066,"SF6_emissions","old","GCAM"
"Gg","GCAM_SSP1",2095,8.45237132081,"SF6_emissions","old","GCAM"
"Gg","GCAM_SSP1",2100,8.34701859505,"SF6_emissions","old","GCAM"
"Gg","GCAM_SSP1",1990,11.1037607851,"CF4_emissions","old","GCAM"
"Gg","GCAM_SSP1",2010,9.0445387905,"HFC23_emissions","old","GCAM"
"Gg","GCAM_SSP1",1990,1.6781865058,"C2F6_emissions","old","GCAM"
"Gg","GCAM_SSP1",2005,6.8150399058,"HFC23_emissions","old","GCAM"
"Gg","GCAM_SSP1",1990,9.1995099459024,"HFC23_emissions","old","GCAM"
"Gg","GCAM_SSP1",1990,0.00555238062543,"HFC134a_emissions","old","GCAM"
"Gg","GCAM_SSP1",1990,9.010356e-06,"HFC245fa_emissions","old","GCAM"
"Gg","GCAM_SSP1",1990,1.078794e-05,"HFC143a_emissions","old","GCAM"
"Pg C/yr","GCAM_SSP1",1990,6.17882420392556,"ffi_emissions","old","GCAM"
"Pg C/yr","GCAM_SSP1",2005,8.14001607236573,"ffi_emissions","old","GCAM"
"Pg C/yr","GCAM_SSP1",2010,9.23933775402649,"ffi_emissions","old","GCAM"
"Pg C/yr","GCAM_SSP1",2015,9.91486598086042,"ffi_emissions","old","GCAM"
"Pg C/yr","GCAM_SSP1",2021,10.3145490411078,"ffi_emissions","old","GCAM"
"Pg C/yr","GCAM_SSP1",2025,10.9447527235865,"ffi_emissions","old","GCAM"
"Pg C/yr","GCAM_SSP1",2030,11.0892726514293,"ffi_emissions","old","GCAM"
"Pg C/yr","GCAM_SSP1",2035,10.8875623902459,"ffi_emissions","old","GCAM"
"Pg C/yr","GCAM_SSP1",2040,10.6956077686324,"ffi_emissions","old","GCAM"
"Pg C/yr","GCAM_SSP1",2045,10.457934499836,"ffi_emissions","old","GCAM"
"Pg C/yr","GCAM_SSP1",2050,10.1617867773893,"ffi_emissions","old","GCAM"
"Pg C/yr","GCAM_SSP1",2055,9.93159566028909,"ffi_emissions","old","GCAM"
"Pg C/yr","GCAM_SSP1",2060,9.72920029869603,"ffi_emissions","old","GCAM"
"Pg C/yr","GCAM_SSP1",2065,9.52929246397557,"ffi_emissions","old","GCAM"
"Pg C/yr","GCAM_SSP1",2070,9.35368062980119,"ffi_emissions","old","GCAM"
"Pg C/yr","GCAM_SSP1",2075,9.2138898669888,"ffi_emissions","old","GCAM"
"Pg C/yr","GCAM_SSP1",2080,9.01292877427672,"ffi_emissions","old","GCAM"
"Pg C/yr","GCAM_SSP1",2085,8.75224771875142,"ffi_emissions","old","GCAM"
"Pg C/yr","GCAM_SSP1",2090,8.44216988876659,"ffi_emissions","old","GCAM"
"Pg C/yr","GCAM_SSP1",2095,8.08889651192038,"ffi_emissions","old","GCAM"
"Pg C/yr","GCAM_SSP1",2100,7.74734960214086,"ffi_emissions","old","GCAM"
"Tg","GCAM_SSP1",1990,7.00621142300109,"BC_emissions","old","GCAM"
"Tg","GCAM_SSP1",2005,7.27622241839533,"BC_emissions","old","GCAM"
"Tg","GCAM_SSP1",2010,7.53326501248469,"BC_emissions","old","GCAM"
"Tg","GCAM_SSP1",2015,7.19507927154289,"BC_emissions","old","GCAM"
"Tg","GCAM_SSP1",2021,6.75363485550095,"BC_emissions","old","GCAM"
"Tg","GCAM_SSP1",2025,6.51705906851785,"BC_emissions","old","GCAM"
"Tg","GCAM_SSP1",2030,5.89805350197677,"BC_emissions","old","GCAM"
"Tg","GCAM_SSP1",2035,5.26067955584138,"BC_emissions","old","GCAM"
"Tg","GCAM_SSP1",2040,4.6643420962717,"BC_emissions","old","GCAM"
"Tg","GCAM_SSP1",2045,4.2699022539474,"BC_emissions","old","GCAM"
"Tg","GCAM_SSP1",2050,3.89364031997129,"BC_emissions","old","GCAM"
"Tg","GCAM_SSP1",2055,3.71755743894981,"BC_emissions","old","GCAM"
"Tg","GCAM_SSP1",2060,3.54881145511639,"BC_emissions","old","GCAM"
"Tg","GCAM_SSP1",2065,3.38131150941435,"BC_emissions","old","GCAM"
"Tg","GCAM_SSP1",2070,3.22370785801542,"BC_emissions","old","GCAM"
"Tg","GCAM_SSP1",2075,3.0696643119077,"BC_emissions","old","GCAM"
"Tg","GCAM_SSP1",2080,2.91908382875212,"BC_emissions","old","GCAM"
"Tg","GCAM_SSP1",2085,2.78010653717858,"BC_emissions","old","GCAM"
"Tg","GCAM_SSP1",2090,2.64764922322399,"BC_emissions","old","GCAM"
"Tg","GCAM_SSP1",2095,2.52555737297842,"BC_emissions","old","GCAM"
"Tg","GCAM_SSP1",2100,2.42006261504193,"BC_emissions","old","GCAM"
"Tg CH4","GCAM_SSP1",1990,303.036388459652,"CH4_emissions","old","GCAM"
"Tg CH4","GCAM_SSP1",2005,324.826828350794,"CH4_emissions","old","GCAM"
"Tg CH4","GCAM_SSP1",2010,340.017507657621,"CH4_emissions","old","GCAM"
"Tg CH4","GCAM_SSP1",2015,355.373265591683,"CH4_emissions","old","GCAM"
"Tg CH4","GCAM_SSP1",2021,367.707499900755,"CH4_emissions","old","GCAM"
"Tg CH4","GCAM_SSP1",2025,385.750919284293,"CH4_emissions","old","GCAM"
"Tg CH4","GCAM_SSP1",2030,394.597910233213,"CH4_emissions","old","GCAM"
"Tg CH4","GCAM_SSP1",2035,399.59392630537,"CH4_emissions","old","GCAM"
"Tg CH4","GCAM_SSP1",2040,405.42533831185,"CH4_emissions","old","GCAM"
"Tg CH4","GCAM_SSP1",2045,409.704318396771,"CH4_emissions","old","GCAM"
"Tg CH4","GCAM_SSP1",2050,414.42317386047,"CH4_emissions","old","GCAM"
"Tg CH4","GCAM_SSP1",2055,417.416149524188,"CH4_emissions","old","GCAM"
"Tg CH4","GCAM_SSP1",2060,419.416393367584,"CH4_emissions","old","GCAM"
"Tg CH4","GCAM_SSP1",2065,419.439004693822,"CH4_emissions","old","GCAM"
"Tg CH4","GCAM_SSP1",2070,416.577161077174,"CH4_emissions","old","GCAM"
"Tg CH4","GCAM_SSP1",2075,412.167780255132,"CH4_emissions","old","GCAM"
"Tg CH4","GCAM_SSP1",2080,406.109216279455,"CH4_emissions","old","GCAM"
"Tg CH4","GCAM_SSP1",2085,398.040821668762,"CH4_emissions","old","GCAM"
"Tg CH4","GCAM_SSP1",2090,387.466028420165,"CH4_emissions","old","GCAM"
"Tg CH4","GCAM_SSP1",2095,375.692601036591,"CH4_emissions","old","GCAM"
"Tg CH4","GCAM_SSP1",2100,363.024851177312,"CH4_emissions","old","GCAM"
"Tg CO","GCAM_SSP1",1990,836.303124378209,"CO_emissions","old","GCAM"
"Tg CO","GCAM_SSP1",2005,781.100929514955,"CO_emissions","old","GCAM"
"Tg CO","GCAM_SSP1",2010,761.776371204203,"CO_emissions","old","GCAM"
"Tg CO","GCAM_SSP1",2015,732.334609669018,"CO_emissions","old","GCAM"
"Tg CO","GCAM_SSP1",2021,666.236094636248,"CO_emissions","old","GCAM"
"Tg CO","GCAM_SSP1",2025,648.316650969922,"CO_emissions","old","GCAM"
"Tg CO","GCAM_SSP1",2030,587.018011719962,"CO_emissions","old","GCAM"
"Tg CO","GCAM_SSP1",2035,540.401599775795,"CO_emissions","old","GCAM"
"Tg CO","GCAM_SSP1",2040,504.586670164243,"CO_emissions","old","GCAM"
"Tg CO","GCAM_SSP1",2045,477.128917566914,"CO_emissions","old","GCAM"
"Tg CO","GCAM_SSP1",2050,454.395741644146,"CO_emissions","old","GCAM"
"Tg CO","GCAM_SSP1",2055,441.791604518833,"CO_emissions","old","GCAM"
"Tg CO","GCAM_SSP1",2060,427.370977541653,"CO_emissions","old","GCAM"
"Tg CO","GCAM_SSP1",2065,412.079367976119,"CO_emissions","old","GCAM"
"Tg CO","GCAM_SSP1",2070,397.759400076469,"CO_emissions","old","GCAM"
"Tg CO","GCAM_SSP1",2075,383.417697822772,"CO_emissions","old","GCAM"
"Tg CO","GCAM_SSP1",2080,369.429170316739,"CO_emissions","old","GCAM"
"Tg CO","GCAM_SSP1",2085,359.110506143773,"CO_emissions","old","GCAM"
"Tg CO","GCAM_SSP1",2090,349.355219058934,"CO_emissions","old","GCAM"
"Tg CO","GCAM_SSP1",2095,340.750186417201,"CO_emissions","old","GCAM"
"Tg CO","GCAM_SSP1",2100,334.098498499349,"CO_emissions","old","GCAM"
NA,"GCAM_SSP1",1990,NA,NA,"old","GCAM"
NA,"GCAM_SSP1",2005,NA,NA,"old","GCAM"
NA,"GCAM_SSP1",2010,NA,NA,"old","GCAM"
NA,"GCAM_SSP1",2015,NA,NA,"old","GCAM"
NA,"GCAM_SSP1",2021,NA,NA,"old","GCAM"
NA,"GCAM_SSP1",2025,NA,NA,"old","GCAM"
NA,"GCAM_SSP1",2030,NA,NA,"old","GCAM"
NA,"GCAM_SSP1",2035,NA,NA,"old","GCAM"
NA,"GCAM_SSP1",2040,NA,NA,"old","GCAM"
NA,"GCAM_SSP1",2045,NA,NA,"old","GCAM"
NA,"GCAM_SSP1",2050,NA,NA,"old","GCAM"
NA,"GCAM_SSP1",2055,NA,NA,"old","GCAM"
NA,"GCAM_SSP1",2060,NA,NA,"old","GCAM"
NA,"GCAM_SSP1",2065,NA,NA,"old","GCAM"
NA,"GCAM_SSP1",2070,NA,NA,"old","GCAM"
NA,"GCAM_SSP1",2075,NA,NA,"old","GCAM"
NA,"GCAM_SSP1",2080,NA,NA,"old","GCAM"
NA,"GCAM_SSP1",2085,NA,NA,"old","GCAM"
NA,"GCAM_SSP1",2090,NA,NA,"old","GCAM"
NA,"GCAM_SSP1",2095,NA,NA,"old","GCAM"
NA,"GCAM_SSP1",2100,NA,NA,"old","GCAM"
"Tg N","GCAM_SSP1",1990,5.3805170651615,"N2O_emissions","old","GCAM"
"Tg N","GCAM_SSP1",2005,6.08941930746858,"N2O_emissions","old","GCAM"
"Tg N","GCAM_SSP1",2010,6.39970980601394,"N2O_emissions","old","GCAM"
"Tg N","GCAM_SSP1",2015,7.01123979632188,"N2O_emissions","old","GCAM"
"Tg N","GCAM_SSP1",2021,7.105378679332,"N2O_emissions","old","GCAM"
"Tg N","GCAM_SSP1",2025,7.58559555495135,"N2O_emissions","old","GCAM"
"Tg N","GCAM_SSP1",2030,7.88604243792083,"N2O_emissions","old","GCAM"
"Tg N","GCAM_SSP1",2035,8.16073018562296,"N2O_emissions","old","GCAM"
"Tg N","GCAM_SSP1",2040,8.40785174429135,"N2O_emissions","old","GCAM"
"Tg N","GCAM_SSP1",2045,8.63003376090994,"N2O_emissions","old","GCAM"
"Tg N","GCAM_SSP1",2050,8.89971455393556,"N2O_emissions","old","GCAM"
"Tg N","GCAM_SSP1",2055,9.13671717214499,"N2O_emissions","old","GCAM"
"Tg N","GCAM_SSP1",2060,9.34063892755157,"N2O_emissions","old","GCAM"
"Tg N","GCAM_SSP1",2065,9.469507408558,"N2O_emissions","old","GCAM"
"Tg N","GCAM_SSP1",2070,9.52277880654007,"N2O_emissions","old","GCAM"
"Tg N","GCAM_SSP1",2075,9.50891191042874,"N2O_emissions","old","GCAM"
"Tg N","GCAM_SSP1",2080,9.45690537800474,"N2O_emissions","old","GCAM"
"Tg N","GCAM_SSP1",2085,9.36626889631323,"N2O_emissions","old","GCAM"
"Tg N","GCAM_SSP1",2090,9.23315799594621,"N2O_emissions","old","GCAM"
"Tg N","GCAM_SSP1",2095,9.06516459420536,"N2O_emissions","old","GCAM"
"Tg N","GCAM_SSP1",2100,8.84927775503482,"N2O_emissions","old","GCAM"
"Tg","GCAM_SSP1",1990,49.8893714614497,"NH3_emissions","old","GCAM"
"Tg","GCAM_SSP1",2005,55.74579186622,"NH3_emissions","old","GCAM"
"Tg","GCAM_SSP1",2010,59.4134766714642,"NH3_emissions","old","GCAM"
"Tg","GCAM_SSP1",2015,62.5179094882013,"NH3_emissions","old","GCAM"
"Tg","GCAM_SSP1",2021,65.8962209171956,"NH3_emissions","old","GCAM"
"Tg","GCAM_SSP1",2025,70.4392529600251,"NH3_emissions","old","GCAM"
"Tg","GCAM_SSP1",2030,73.6665183778773,"NH3_emissions","old","GCAM"
"Tg","GCAM_SSP1",2035,77.2192589808164,"NH3_emissions","old","GCAM"
"Tg","GCAM_SSP1",2040,80.6149539370368,"NH3_emissions","old","GCAM"
"Tg","GCAM_SSP1",2045,83.7539973767803,"NH3_emissions","old","GCAM"
"Tg","GCAM_SSP1",2050,86.1893049127676,"NH3_emissions","old","GCAM"
"Tg","GCAM_SSP1",2055,87.753379924624,"NH3_emissions","old","GCAM"
"Tg","GCAM_SSP1",2060,89.0915096672275,"NH3_emissions","old","GCAM"
"Tg","GCAM_SSP1",2065,89.8234545289726,"NH3_emissions","old","GCAM"
"Tg","GCAM_SSP1",2070,89.9532944850861,"NH3_emissions","old","GCAM"
"Tg","GCAM_SSP1",2075,89.5020344059741,"NH3_emissions","old","GCAM"
"Tg","GCAM_SSP1",2080,88.590773432864,"NH3_emissions","old","GCAM"
"Tg","GCAM_SSP1",2085,87.409195034841,"NH3_emissions","old","GCAM"
"Tg","GCAM_SSP1",2090,85.9835205575852,"NH3_emissions","old","GCAM"
"Tg","GCAM_SSP1",2095,84.3410789072028,"NH3_emissions","old","GCAM"
"Tg","GCAM_SSP1",2100,82.367588930297,"NH3_emissions","old","GCAM"
"Tg NMVOC","GCAM_SSP1",1990,164.235669894974,"NMVOC_emissions","old","GCAM"
"Tg NMVOC","GCAM_SSP1",2005,168.860688936523,"NMVOC_emissions","old","GCAM"
"Tg NMVOC","GCAM_SSP1",2010,171.580684138291,"NMVOC_emissions","old","GCAM"
"Tg NMVOC","GCAM_SSP1",2015,176.936337620715,"NMVOC_emissions","old","GCAM"
"Tg NMVOC","GCAM_SSP1",2021,173.559550532073,"NMVOC_emissions","old","GCAM"
"Tg NMVOC","GCAM_SSP1",2025,169.72497491555,"NMVOC_emissions","old","GCAM"
"Tg NMVOC","GCAM_SSP1",2030,158.628310832086,"NMVOC_emissions","old","GCAM"
"Tg NMVOC","GCAM_SSP1",2035,150.245068228419,"NMVOC_emissions","old","GCAM"
"Tg NMVOC","GCAM_SSP1",2040,145.348342037236,"NMVOC_emissions","old","GCAM"
"Tg NMVOC","GCAM_SSP1",2045,141.70866918627,"NMVOC_emissions","old","GCAM"
"Tg NMVOC","GCAM_SSP1",2050,138.255296898488,"NMVOC_emissions","old","GCAM"
"Tg NMVOC","GCAM_SSP1",2055,136.008401523704,"NMVOC_emissions","old","GCAM"
"Tg NMVOC","GCAM_SSP1",2060,133.469383120683,"NMVOC_emissions","old","GCAM"
"Tg NMVOC","GCAM_SSP1",2065,130.577418040275,"NMVOC_emissions","old","GCAM"
"Tg NMVOC","GCAM_SSP1",2070,127.369979240115,"NMVOC_emissions","old","GCAM"
"Tg NMVOC","GCAM_SSP1",2075,123.855511438773,"NMVOC_emissions","old","GCAM"
"Tg NMVOC","GCAM_SSP1",2080,120.256948332399,"NMVOC_emissions","old","GCAM"
"Tg NMVOC","GCAM_SSP1",2085,118.004452801342,"NMVOC_emissions","old","GCAM"
"Tg NMVOC","GCAM_SSP1",2090,115.749279335483,"NMVOC_emissions","old","GCAM"
"Tg NMVOC","GCAM_SSP1",2095,113.512794005932,"NMVOC_emissions","old","GCAM"
"Tg NMVOC","GCAM_SSP1",2100,111.35973868571,"NMVOC_emissions","old","GCAM"
"Tg N","GCAM_SSP1",1990,37.9392069659156,"NOX_emissions","old","GCAM"
"Tg N","GCAM_SSP1",2005,43.0106488656757,"NOX_emissions","old","GCAM"
"Tg N","GCAM_SSP1",2010,42.4927187036374,"NOX_emissions","old","GCAM"
"Tg N","GCAM_SSP1",2015,41.8129308109846,"NOX_emissions","old","GCAM"
"Tg N","GCAM_SSP1",2021,38.2388006780423,"NOX_emissions","old","GCAM"
"Tg N","GCAM_SSP1",2025,37.3114361429465,"NOX_emissions","old","GCAM"
"Tg N","GCAM_SSP1",2030,32.2936172871429,"NOX_emissions","old","GCAM"
"Tg N","GCAM_SSP1",2035,27.7377358089423,"NOX_emissions","old","GCAM"
"Tg N","GCAM_SSP1",2040,23.3240929670789,"NOX_emissions","old","GCAM"
"Tg N","GCAM_SSP1",2045,21.160820675172,"NOX_emissions","old","GCAM"
"Tg N","GCAM_SSP1",2050,19.1913880356973,"NOX_emissions","old","GCAM"
"Tg N","GCAM_SSP1",2055,18.3194934034136,"NOX_emissions","old","GCAM"
"Tg N","GCAM_SSP1",2060,17.60032218947,"NOX_emissions","old","GCAM"
"Tg N","GCAM_SSP1",2065,16.906345606459,"NOX_emissions","old","GCAM"
"Tg N","GCAM_SSP1",2070,16.2299017698334,"NOX_emissions","old","GCAM"
"Tg N","GCAM_SSP1",2075,15.5914517683055,"NOX_emissions","old","GCAM"
"Tg N","GCAM_SSP1",2080,14.946780785336,"NOX_emissions","old","GCAM"
"Tg N","GCAM_SSP1",2085,14.2899057882905,"NOX_emissions","old","GCAM"
"Tg N","GCAM_SSP1",2090,13.6352911213639,"NOX_emissions","old","GCAM"
"Tg N","GCAM_SSP1",2095,12.9882930312341,"NOX_emissions","old","GCAM"
"Tg N","GCAM_SSP1",2100,12.3422299410043,"NOX_emissions","old","GCAM"
"Tg","GCAM_SSP1",1990,22.4024493437264,"OC_emissions","old","GCAM"
"Tg","GCAM_SSP1",2005,23.8215767072933,"OC_emissions","old","GCAM"
"Tg","GCAM_SSP1",2010,24.6788804387611,"OC_emissions","old","GCAM"
"Tg","GCAM_SSP1",2015,24.5184090492347,"OC_emissions","old","GCAM"
"Tg","GCAM_SSP1",2021,23.9508011865721,"OC_emissions","old","GCAM"
"Tg","GCAM_SSP1",2025,24.0877394960064,"OC_emissions","old","GCAM"
"Tg","GCAM_SSP1",2030,22.5821938413402,"OC_emissions","old","GCAM"
"Tg","GCAM_SSP1",2035,21.2334092155123,"OC_emissions","old","GCAM"
"Tg","GCAM_SSP1",2040,20.4785704849553,"OC_emissions","old","GCAM"
"Tg","GCAM_SSP1",2045,19.5592418019041,"OC_emissions","old","GCAM"
"Tg","GCAM_SSP1",2050,18.5596627430143,"OC_emissions","old","GCAM"
"Tg","GCAM_SSP1",2055,18.0762231561801,"OC_emissions","old","GCAM"
"Tg","GCAM_SSP1",2060,17.4438530142369,"OC_emissions","old","GCAM"
"Tg","GCAM_SSP1",2065,16.7522234219,"OC_emissions","old","GCAM"
"Tg","GCAM_SSP1",2070,16.1291423425498,"OC_emissions","old","GCAM"
"Tg","GCAM_SSP1",2075,15.5266234350804,"OC_emissions","old","GCAM"
"Tg","GCAM_SSP1",2080,14.9618970875129,"OC_emissions","old","GCAM"
"Tg","GCAM_SSP1",2085,14.4715122620303,"OC_emissions","old","GCAM"
"Tg","GCAM_SSP1",2090,14.0111862134234,"OC_emissions","old","GCAM"
"Tg","GCAM_SSP1",2095,13.6160126389921,"OC_emissions","old","GCAM"
"Tg","GCAM_SSP1",2100,13.3025032226155,"OC_emissions","old","GCAM"
"Gg S","GCAM_SSP1",1990,68294.1400675173,"SO2_emissions","old","GCAM"
"Gg S","GCAM_SSP1",2005,61985.3021332908,"SO2_emissions","old","GCAM"
"Gg S","GCAM_SSP1",2010,53026.2252962766,"SO2_emissions","old","GCAM"
"Gg S","GCAM_SSP1",2015,45373.065483895,"SO2_emissions","old","GCAM"
"Gg S","GCAM_SSP1",2021,36028.7547983023,"SO2_emissions","old","GCAM"
"Gg S","GCAM_SSP1",2025,31441.8877605849,"SO2_emissions","old","GCAM"
"Gg S","GCAM_SSP1",2030,26529.9337898423,"SO2_emissions","old","GCAM"
"Gg S","GCAM_SSP1",2035,23010.8228970035,"SO2_emissions","old","GCAM"
"Gg S","GCAM_SSP1",2040,19998.3402971674,"SO2_emissions","old","GCAM"
"Gg S","GCAM_SSP1",2045,17263.7836540925,"SO2_emissions","old","GCAM"
"Gg S","GCAM_SSP1",2050,14812.495352477,"SO2_emissions","old","GCAM"
"Gg S","GCAM_SSP1",2055,13890.8645166413,"SO2_emissions","old","GCAM"
"Gg S","GCAM_SSP1",2060,13058.1498408269,"SO2_emissions","old","GCAM"
"Gg S","GCAM_SSP1",2065,12243.7791248703,"SO2_emissions","old","GCAM"
"Gg S","GCAM_SSP1",2070,11445.8903683669,"SO2_emissions","old","GCAM"
"Gg S","GCAM_SSP1",2075,10707.5318937155,"SO2_emissions","old","GCAM"
"Gg S","GCAM_SSP1",2080,10018.3865044637,"SO2_emissions","old","GCAM"
"Gg S","GCAM_SSP1",2085,9331.09718879502,"SO2_emissions","old","GCAM"
"Gg S","GCAM_SSP1",2090,8668.05891768681,"SO2_emissions","old","GCAM"
"Gg S","GCAM_SSP1",2095,8032.7042704976,"SO2_emissions","old","GCAM"
"Gg S","GCAM_SSP1",2100,7422.52746070673,"SO2_emissions","old","GCAM"
"Pg C/yr","GCAM_SSP1",1990,6.0233280063794,"ffi_emissions","old","GCAM"
"Pg C/yr","GCAM_SSP1",2005,7.9829449382286,"ffi_emissions","old","GCAM"
"Pg C/yr","GCAM_SSP1",2010,9.07491468390694,"ffi_emissions","old","GCAM"
"Pg C/yr","GCAM_SSP1",2015,9.69313672356527,"ffi_emissions","old","GCAM"
"Pg C/yr","GCAM_SSP1",2021,10.0506041691071,"ffi_emissions","old","GCAM"
"Pg C/yr","GCAM_SSP1",2025,10.6373997266801,"ffi_emissions","old","GCAM"
"Pg C/yr","GCAM_SSP1",2030,10.7801714828433,"ffi_emissions","old","GCAM"
"Pg C/yr","GCAM_SSP1",2035,10.5845799086781,"ffi_emissions","old","GCAM"
"Pg C/yr","GCAM_SSP1",2040,10.3961076688395,"ffi_emissions","old","GCAM"
"Pg C/yr","GCAM_SSP1",2045,10.1511436249627,"ffi_emissions","old","GCAM"
"Pg C/yr","GCAM_SSP1",2050,9.83006958645482,"ffi_emissions","old","GCAM"
"Pg C/yr","GCAM_SSP1",2055,9.54913826002345,"ffi_emissions","old","GCAM"
"Pg C/yr","GCAM_SSP1",2060,9.31594065760441,"ffi_emissions","old","GCAM"
"Pg C/yr","GCAM_SSP1",2065,9.09719418506188,"ffi_emissions","old","GCAM"
"Pg C/yr","GCAM_SSP1",2070,8.88817554768159,"ffi_emissions","old","GCAM"
"Pg C/yr","GCAM_SSP1",2075,8.7134384928436,"ffi_emissions","old","GCAM"
"Pg C/yr","GCAM_SSP1",2080,8.49056688251524,"ffi_emissions","old","GCAM"
"Pg C/yr","GCAM_SSP1",2085,8.22558595903184,"ffi_emissions","old","GCAM"
"Pg C/yr","GCAM_SSP1",2090,7.92697927432029,"ffi_emissions","old","GCAM"
"Pg C/yr","GCAM_SSP1",2095,7.59111335395832,"ffi_emissions","old","GCAM"
"Pg C/yr","GCAM_SSP1",2100,7.2650705480555,"ffi_emissions","old","GCAM"
"Pg C/yr","GCAM_SSP1",1990,0.563518302901509,"luc_emissions","old","GCAM"
"Pg C/yr","GCAM_SSP1",2005,0.210869629720399,"luc_emissions","old","GCAM"
"Pg C/yr","GCAM_SSP1",2010,0.492800075014875,"luc_emissions","old","GCAM"
"Pg C/yr","GCAM_SSP1",2015,0.551397506391166,"luc_emissions","old","GCAM"
"Pg C/yr","GCAM_SSP1",2021,0.211212036851328,"luc_emissions","old","GCAM"
"Pg C/yr","GCAM_SSP1",2025,0.924652091237198,"luc_emissions","old","GCAM"
"Pg C/yr","GCAM_SSP1",2030,0.775815719361437,"luc_emissions","old","GCAM"
"Pg C/yr","GCAM_SSP1",2035,0.755152177366394,"luc_emissions","old","GCAM"
"Pg C/yr","GCAM_SSP1",2040,0.845560066636775,"luc_emissions","old","GCAM"
"Pg C/yr","GCAM_SSP1",2045,0.749930746525734,"luc_emissions","old","GCAM"
"Pg C/yr","GCAM_SSP1",2050,0.636713038744405,"luc_emissions","old","GCAM"
"Pg C/yr","GCAM_SSP1",2055,0.727388764687402,"luc_emissions","old","GCAM"
"Pg C/yr","GCAM_SSP1",2060,0.597271283894787,"luc_emissions","old","GCAM"
"Pg C/yr","GCAM_SSP1",2065,0.392304846834303,"luc_emissions","old","GCAM"
"Pg C/yr","GCAM_SSP1",2070,0.274427828676027,"luc_emissions","old","GCAM"
"Pg C/yr","GCAM_SSP1",2075,0.156044601404915,"luc_emissions","old","GCAM"
"Pg C/yr","GCAM_SSP1",2080,0.069981734228432,"luc_emissions","old","GCAM"
"Pg C/yr","GCAM_SSP1",2085,-0.0287835423125016,"luc_emissions","old","GCAM"
"Pg C/yr","GCAM_SSP1",2090,-0.161418015663698,"luc_emissions","old","GCAM"
"Pg C/yr","GCAM_SSP1",2095,-0.238815028098308,"luc_emissions","old","GCAM"
"Pg C/yr","GCAM_SSP1",2100,-0.316889203302592,"luc_emissions","old","GCAM"
"PPM","GCAM_SSP3",1976,334.97,"CO2_concentration","old","GCAM"
"PPM","GCAM_SSP3",1977,336.335,"CO2_concentration","old","GCAM"
"PPM","GCAM_SSP3",1978,337.769,"CO2_concentration","old","GCAM"
"PPM","GCAM_SSP3",1979,339.249,"CO2_concentration","old","GCAM"
"PPM","GCAM_SSP3",1980,340.738,"CO2_concentration","old","GCAM"
"PPM","GCAM_SSP3",1981,342.148,"CO2_concentration","old","GCAM"
"PPM","GCAM_SSP3",1982,343.482,"CO2_concentration","old","GCAM"
"PPM","GCAM_SSP3",1983,344.741,"CO2_concentration","old","GCAM"
"PPM","GCAM_SSP3",1984,345.996,"CO2_concentration","old","GCAM"
"PPM","GCAM_SSP3",1985,347.319,"CO2_concentration","old","GCAM"
"PPM","GCAM_SSP3",1986,348.696,"CO2_concentration","old","GCAM"
"PPM","GCAM_SSP3",1987,350.124,"CO2_concentration","old","GCAM"
"PPM","GCAM_SSP3",1988,351.598,"CO2_concentration","old","GCAM"
"PPM","GCAM_SSP3",1989,353.139,"CO2_concentration","old","GCAM"
"PPM","GCAM_SSP3",1990,354.699,"CO2_concentration","old","GCAM"
"PPM","GCAM_SSP3",1991,356.182,"CO2_concentration","old","GCAM"
"PPM","GCAM_SSP3",1992,357.664,"CO2_concentration","old","GCAM"
"PPM","GCAM_SSP3",1993,358.931,"CO2_concentration","old","GCAM"
"PPM","GCAM_SSP3",1994,360.133,"CO2_concentration","old","GCAM"
"PPM","GCAM_SSP3",1995,361.45,"CO2_concentration","old","GCAM"
"PPM","GCAM_SSP3",1996,362.886,"CO2_concentration","old","GCAM"
"PPM","GCAM_SSP3",1997,364.404,"CO2_concentration","old","GCAM"
"PPM","GCAM_SSP3",1998,366.294,"CO2_concentration","old","GCAM"
"PPM","GCAM_SSP3",1999,367.917,"CO2_concentration","old","GCAM"
"PPM","GCAM_SSP3",2000,369.501,"CO2_concentration","old","GCAM"
"PPM","GCAM_SSP3",2001,371.171,"CO2_concentration","old","GCAM"
"PPM","GCAM_SSP3",2002,372.769,"CO2_concentration","old","GCAM"
"PPM","GCAM_SSP3",2003,374.478,"CO2_concentration","old","GCAM"
"PPM","GCAM_SSP3",2004,376.248,"CO2_concentration","old","GCAM"
"PPM","GCAM_SSP3",2005,378.246,"CO2_concentration","old","GCAM"
"PPM","GCAM_SSP3",2006,380.223,"CO2_concentration","old","GCAM"
"PPM","GCAM_SSP3",2007,381.96,"CO2_concentration","old","GCAM"
"PPM","GCAM_SSP3",2008,383.842,"CO2_concentration","old","GCAM"
"PPM","GCAM_SSP3",2009,385.861,"CO2_concentration","old","GCAM"
"PPM","GCAM_SSP3",2010,388.007,"CO2_concentration","old","GCAM"
"PPM","GCAM_SSP3",2011,390.279,"CO2_concentration","old","GCAM"
"PPM","GCAM_SSP3",2012,392.608,"CO2_concentration","old","GCAM"
"PPM","GCAM_SSP3",2013,394.984,"CO2_concentration","old","GCAM"
"PPM","GCAM_SSP3",2014,397.408,"CO2_concentration","old","GCAM"
"PPM","GCAM_SSP3",2015,399.876,"CO2_concentration","old","GCAM"
"PPM","GCAM_SSP3",2016,402.386,"CO2_concentration","old","GCAM"
"PPM","GCAM_SSP3",2017,404.697,"CO2_concentration","old","GCAM"
"PPM","GCAM_SSP3",2018,407.045,"CO2_concentration","old","GCAM"
"PPM","GCAM_SSP3",2019,409.407,"CO2_concentration","old","GCAM"
"PPM","GCAM_SSP3",2020,411.786,"CO2_concentration","old","GCAM"
"PPM","GCAM_SSP3",2021,414.183,"CO2_concentration","old","GCAM"
"PPM","GCAM_SSP3",2022,416.598,"CO2_concentration","old","GCAM"
"PPM","GCAM_SSP3",2023,419.551,"CO2_concentration","old","GCAM"
"PPM","GCAM_SSP3",2024,422.636,"CO2_concentration","old","GCAM"
"PPM","GCAM_SSP3",2025,425.851,"CO2_concentration","old","GCAM"
"PPM","GCAM_SSP3",2026,429.193,"CO2_concentration","old","GCAM"
"PPM","GCAM_SSP3",2027,432.549,"CO2_concentration","old","GCAM"
"PPM","GCAM_SSP3",2028,435.964,"CO2_concentration","old","GCAM"
"PPM","GCAM_SSP3",2029,439.435,"CO2_concentration","old","GCAM"
"PPM","GCAM_SSP3",2030,442.961,"CO2_concentration","old","GCAM"
"PPM","GCAM_SSP3",2031,446.54,"CO2_concentration","old","GCAM"
"PPM","GCAM_SSP3",2032,450.064,"CO2_concentration","old","GCAM"
"PPM","GCAM_SSP3",2033,453.622,"CO2_concentration","old","GCAM"
"PPM","GCAM_SSP3",2034,457.213,"CO2_concentration","old","GCAM"
"PPM","GCAM_SSP3",2035,460.837,"CO2_concentration","old","GCAM"
"PPM","GCAM_SSP3",2036,464.494,"CO2_concentration","old","GCAM"
"PPM","GCAM_SSP3",2037,468.162,"CO2_concentration","old","GCAM"
"PPM","GCAM_SSP3",2038,471.842,"CO2_concentration","old","GCAM"
"PPM","GCAM_SSP3",2039,475.535,"CO2_concentration","old","GCAM"
"PPM","GCAM_SSP3",2040,479.241,"CO2_concentration","old","GCAM"
"PPM","GCAM_SSP3",2041,482.961,"CO2_concentration","old","GCAM"
"PPM","GCAM_SSP3",2042,486.606,"CO2_concentration","old","GCAM"
"PPM","GCAM_SSP3",2043,490.252,"CO2_concentration","old","GCAM"
"PPM","GCAM_SSP3",2044,493.897,"CO2_concentration","old","GCAM"
"PPM","GCAM_SSP3",2045,497.544,"CO2_concentration","old","GCAM"
"PPM","GCAM_SSP3",2046,501.193,"CO2_concentration","old","GCAM"
"PPM","GCAM_SSP3",2047,504.823,"CO2_concentration","old","GCAM"
"PPM","GCAM_SSP3",2048,508.452,"CO2_concentration","old","GCAM"
"PPM","GCAM_SSP3",2049,512.08,"CO2_concentration","old","GCAM"
"PPM","GCAM_SSP3",2050,515.709,"CO2_concentration","old","GCAM"
"PPM","GCAM_SSP3",2051,519.34,"CO2_concentration","old","GCAM"
"PPM","GCAM_SSP3",2052,523.028,"CO2_concentration","old","GCAM"
"PPM","GCAM_SSP3",2053,526.726,"CO2_concentration","old","GCAM"
"PPM","GCAM_SSP3",2054,530.435,"CO2_concentration","old","GCAM"
"PPM","GCAM_SSP3",2055,534.156,"CO2_concentration","old","GCAM"
"PPM","GCAM_SSP3",2056,537.889,"CO2_concentration","old","GCAM"
"PPM","GCAM_SSP3",2057,541.618,"CO2_concentration","old","GCAM"
"PPM","GCAM_SSP3",2058,545.37,"CO2_concentration","old","GCAM"
"PPM","GCAM_SSP3",2059,549.147,"CO2_concentration","old","GCAM"
"PPM","GCAM_SSP3",2060,552.95,"CO2_concentration","old","GCAM"
"PPM","GCAM_SSP3",2061,556.779,"CO2_concentration","old","GCAM"
"PPM","GCAM_SSP3",2062,560.556,"CO2_concentration","old","GCAM"
"PPM","GCAM_SSP3",2063,564.359,"CO2_concentration","old","GCAM"
"PPM","GCAM_SSP3",2064,568.187,"CO2_concentration","old","GCAM"
"PPM","GCAM_SSP3",2065,572.042,"CO2_concentration","old","GCAM"
"PPM","GCAM_SSP3",2066,575.923,"CO2_concentration","old","GCAM"
"PPM","GCAM_SSP3",2067,579.782,"CO2_concentration","old","GCAM"
"PPM","GCAM_SSP3",2068,583.668,"CO2_concentration","old","GCAM"
"PPM","GCAM_SSP3",2069,587.581,"CO2_concentration","old","GCAM"
"PPM","GCAM_SSP3",2070,591.522,"CO2_concentration","old","GCAM"
"PPM","GCAM_SSP3",2071,595.49,"CO2_concentration","old","GCAM"
"PPM","GCAM_SSP3",2072,599.436,"CO2_concentration","old","GCAM"
"PPM","GCAM_SSP3",2073,603.408,"CO2_concentration","old","GCAM"
"PPM","GCAM_SSP3",2074,607.408,"CO2_concentration","old","GCAM"
"PPM","GCAM_SSP3",2075,611.435,"CO2_concentration","old","GCAM"
"PPM","GCAM_SSP3",2076,615.49,"CO2_concentration","old","GCAM"
"PPM","GCAM_SSP3",2077,619.541,"CO2_concentration","old","GCAM"
"PPM","GCAM_SSP3",2078,623.615,"CO2_concentration","old","GCAM"
"PPM","GCAM_SSP3",2079,627.71,"CO2_concentration","old","GCAM"
"PPM","GCAM_SSP3",2080,631.829,"CO2_concentration","old","GCAM"
"PPM","GCAM_SSP3",2081,635.97,"CO2_concentration","old","GCAM"
"PPM","GCAM_SSP3",2082,640.091,"CO2_concentration","old","GCAM"
"PPM","GCAM_SSP3",2083,644.223,"CO2_concentration","old","GCAM"
"PPM","GCAM_SSP3",2084,648.366,"CO2_concentration","old","GCAM"
"PPM","GCAM_SSP3",2085,652.521,"CO2_concentration","old","GCAM"
"PPM","GCAM_SSP3",2086,656.689,"CO2_concentration","old","GCAM"
"PPM","GCAM_SSP3",2087,660.847,"CO2_concentration","old","GCAM"
"PPM","GCAM_SSP3",2088,665.028,"CO2_concentration","old","GCAM"
"PPM","GCAM_SSP3",2089,669.229,"CO2_concentration","old","GCAM"
"PPM","GCAM_SSP3",2090,673.453,"CO2_concentration","old","GCAM"
"PPM","GCAM_SSP3",2091,677.697,"CO2_concentration","old","GCAM"
"PPM","GCAM_SSP3",2092,681.931,"CO2_concentration","old","GCAM"
"PPM","GCAM_SSP3",2093,686.184,"CO2_concentration","old","GCAM"
"PPM","GCAM_SSP3",2094,690.456,"CO2_concentration","old","GCAM"
"PPM","GCAM_SSP3",2095,694.747,"CO2_concentration","old","GCAM"
"PPM","GCAM_SSP3",2096,699.058,"CO2_concentration","old","GCAM"
"PPM","GCAM_SSP3",2097,703.367,"CO2_concentration","old","GCAM"
"PPM","GCAM_SSP3",2098,707.694,"CO2_concentration","old","GCAM"
"PPM","GCAM_SSP3",2099,712.041,"CO2_concentration","old","GCAM"
"PPM","GCAM_SSP3",2100,716.408,"CO2_concentration","old","GCAM"
"W/m^2","GCAM_SSP3",1976,-0.976163,"RF_aci","old","GCAM"
"W/m^2","GCAM_SSP3",1977,-0.983358,"RF_aci","old","GCAM"
"W/m^2","GCAM_SSP3",1978,-0.995526,"RF_aci","old","GCAM"
"W/m^2","GCAM_SSP3",1979,-1.00941,"RF_aci","old","GCAM"
"W/m^2","GCAM_SSP3",1980,-1.00574,"RF_aci","old","GCAM"
"W/m^2","GCAM_SSP3",1981,-0.980879,"RF_aci","old","GCAM"
"W/m^2","GCAM_SSP3",1982,-1.01212,"RF_aci","old","GCAM"
"W/m^2","GCAM_SSP3",1983,-0.95573,"RF_aci","old","GCAM"
"W/m^2","GCAM_SSP3",1984,-0.975326,"RF_aci","old","GCAM"
"W/m^2","GCAM_SSP3",1985,-0.983952,"RF_aci","old","GCAM"
"W/m^2","GCAM_SSP3",1986,-0.98595,"RF_aci","old","GCAM"
"W/m^2","GCAM_SSP3",1987,-1.01525,"RF_aci","old","GCAM"
"W/m^2","GCAM_SSP3",1988,-1.02214,"RF_aci","old","GCAM"
"W/m^2","GCAM_SSP3",1989,-1.01192,"RF_aci","old","GCAM"
"W/m^2","GCAM_SSP3",1990,-1.02357,"RF_aci","old","GCAM"
"W/m^2","GCAM_SSP3",1991,-1.10085,"RF_aci","old","GCAM"
"W/m^2","GCAM_SSP3",1992,-0.986158,"RF_aci","old","GCAM"
"W/m^2","GCAM_SSP3",1993,-0.994766,"RF_aci","old","GCAM"
"W/m^2","GCAM_SSP3",1994,-1.04225,"RF_aci","old","GCAM"
"W/m^2","GCAM_SSP3",1995,-0.991361,"RF_aci","old","GCAM"
"W/m^2","GCAM_SSP3",1996,-0.968846,"RF_aci","old","GCAM"
"W/m^2","GCAM_SSP3",1997,-1.08535,"RF_aci","old","GCAM"
"W/m^2","GCAM_SSP3",1998,-1.0693,"RF_aci","old","GCAM"
"W/m^2","GCAM_SSP3",1999,-0.948405,"RF_aci","old","GCAM"
"W/m^2","GCAM_SSP3",2000,-0.918149,"RF_aci","old","GCAM"
"W/m^2","GCAM_SSP3",2001,-0.922392,"RF_aci","old","GCAM"
"W/m^2","GCAM_SSP3",2002,-0.992604,"RF_aci","old","GCAM"
"W/m^2","GCAM_SSP3",2003,-1.01991,"RF_aci","old","GCAM"
"W/m^2","GCAM_SSP3",2004,-1.0263,"RF_aci","old","GCAM"
"W/m^2","GCAM_SSP3",2005,-1.0263,"RF_aci","old","GCAM"
"W/m^2","GCAM_SSP3",2006,-0.99266,"RF_aci","old","GCAM"
"W/m^2","GCAM_SSP3",2007,-0.958512,"RF_aci","old","GCAM"
"W/m^2","GCAM_SSP3",2008,-0.923845,"RF_aci","old","GCAM"
"W/m^2","GCAM_SSP3",2009,-0.888643,"RF_aci","old","GCAM"
"W/m^2","GCAM_SSP3",2010,-0.852889,"RF_aci","old","GCAM"
"W/m^2","GCAM_SSP3",2011,-0.835838,"RF_aci","old","GCAM"
"W/m^2","GCAM_SSP3",2012,-0.818659,"RF_aci","old","GCAM"
"W/m^2","GCAM_SSP3",2013,-0.80135,"RF_aci","old","GCAM"
"W/m^2","GCAM_SSP3",2014,-0.783908,"RF_aci","old","GCAM"
"W/m^2","GCAM_SSP3",2015,-0.766331,"RF_aci","old","GCAM"
"W/m^2","GCAM_SSP3",2016,-0.747463,"RF_aci","old","GCAM"
"W/m^2","GCAM_SSP3",2017,-0.728437,"RF_aci","old","GCAM"
"W/m^2","GCAM_SSP3",2018,-0.70925,"RF_aci","old","GCAM"
"W/m^2","GCAM_SSP3",2019,-0.689901,"RF_aci","old","GCAM"
"W/m^2","GCAM_SSP3",2020,-0.670387,"RF_aci","old","GCAM"
"W/m^2","GCAM_SSP3",2021,-0.650703,"RF_aci","old","GCAM"
"W/m^2","GCAM_SSP3",2022,-0.659498,"RF_aci","old","GCAM"
"W/m^2","GCAM_SSP3",2023,-0.668259,"RF_aci","old","GCAM"
"W/m^2","GCAM_SSP3",2024,-0.676986,"RF_aci","old","GCAM"
"W/m^2","GCAM_SSP3",2025,-0.68568,"RF_aci","old","GCAM"
"W/m^2","GCAM_SSP3",2026,-0.675661,"RF_aci","old","GCAM"
"W/m^2","GCAM_SSP3",2027,-0.665598,"RF_aci","old","GCAM"
"W/m^2","GCAM_SSP3",2028,-0.65549,"RF_aci","old","GCAM"
"W/m^2","GCAM_SSP3",2029,-0.645338,"RF_aci","old","GCAM"
"W/m^2","GCAM_SSP3",2030,-0.63514,"RF_aci","old","GCAM"
"W/m^2","GCAM_SSP3",2031,-0.626514,"RF_aci","old","GCAM"
"W/m^2","GCAM_SSP3",2032,-0.617856,"RF_aci","old","GCAM"
"W/m^2","GCAM_SSP3",2033,-0.609165,"RF_aci","old","GCAM"
"W/m^2","GCAM_SSP3",2034,-0.600441,"RF_aci","old","GCAM"
"W/m^2","GCAM_SSP3",2035,-0.591683,"RF_aci","old","GCAM"
"W/m^2","GCAM_SSP3",2036,-0.585789,"RF_aci","old","GCAM"
"W/m^2","GCAM_SSP3",2037,-0.579879,"RF_aci","old","GCAM"
"W/m^2","GCAM_SSP3",2038,-0.573954,"RF_aci","old","GCAM"
"W/m^2","GCAM_SSP3",2039,-0.568014,"RF_aci","old","GCAM"
"W/m^2","GCAM_SSP3",2040,-0.562058,"RF_aci","old","GCAM"
"W/m^2","GCAM_SSP3",2041,-0.556948,"RF_aci","old","GCAM"
"W/m^2","GCAM_SSP3",2042,-0.551827,"RF_aci","old","GCAM"
"W/m^2","GCAM_SSP3",2043,-0.546695,"RF_aci","old","GCAM"
"W/m^2","GCAM_SSP3",2044,-0.54155,"RF_aci","old","GCAM"
"W/m^2","GCAM_SSP3",2045,-0.536394,"RF_aci","old","GCAM"
"W/m^2","GCAM_SSP3",2046,-0.532106,"RF_aci","old","GCAM"
"W/m^2","GCAM_SSP3",2047,-0.52781,"RF_aci","old","GCAM"
"W/m^2","GCAM_SSP3",2048,-0.523506,"RF_aci","old","GCAM"
"W/m^2","GCAM_SSP3",2049,-0.519194,"RF_aci","old","GCAM"
"W/m^2","GCAM_SSP3",2050,-0.514874,"RF_aci","old","GCAM"
"W/m^2","GCAM_SSP3",2051,-0.510719,"RF_aci","old","GCAM"
"W/m^2","GCAM_SSP3",2052,-0.506557,"RF_aci","old","GCAM"
"W/m^2","GCAM_SSP3",2053,-0.502387,"RF_aci","old","GCAM"
"W/m^2","GCAM_SSP3",2054,-0.498209,"RF_aci","old","GCAM"
"W/m^2","GCAM_SSP3",2055,-0.494024,"RF_aci","old","GCAM"
"W/m^2","GCAM_SSP3",2056,-0.490799,"RF_aci","old","GCAM"
"W/m^2","GCAM_SSP3",2057,-0.487569,"RF_aci","old","GCAM"
"W/m^2","GCAM_SSP3",2058,-0.484335,"RF_aci","old","GCAM"
"W/m^2","GCAM_SSP3",2059,-0.481096,"RF_aci","old","GCAM"
"W/m^2","GCAM_SSP3",2060,-0.477852,"RF_aci","old","GCAM"
"W/m^2","GCAM_SSP3",2061,-0.474593,"RF_aci","old","GCAM"
"W/m^2","GCAM_SSP3",2062,-0.471329,"RF_aci","old","GCAM"
"W/m^2","GCAM_SSP3",2063,-0.46806,"RF_aci","old","GCAM"
"W/m^2","GCAM_SSP3",2064,-0.464786,"RF_aci","old","GCAM"
"W/m^2","GCAM_SSP3",2065,-0.461508,"RF_aci","old","GCAM"
"W/m^2","GCAM_SSP3",2066,-0.458191,"RF_aci","old","GCAM"
"W/m^2","GCAM_SSP3",2067,-0.454868,"RF_aci","old","GCAM"
"W/m^2","GCAM_SSP3",2068,-0.451541,"RF_aci","old","GCAM"
"W/m^2","GCAM_SSP3",2069,-0.448209,"RF_aci","old","GCAM"
"W/m^2","GCAM_SSP3",2070,-0.444872,"RF_aci","old","GCAM"
"W/m^2","GCAM_SSP3",2071,-0.441185,"RF_aci","old","GCAM"
"W/m^2","GCAM_SSP3",2072,-0.437493,"RF_aci","old","GCAM"
"W/m^2","GCAM_SSP3",2073,-0.433795,"RF_aci","old","GCAM"
"W/m^2","GCAM_SSP3",2074,-0.43009,"RF_aci","old","GCAM"
"W/m^2","GCAM_SSP3",2075,-0.42638,"RF_aci","old","GCAM"
"W/m^2","GCAM_SSP3",2076,-0.422554,"RF_aci","old","GCAM"
"W/m^2","GCAM_SSP3",2077,-0.418722,"RF_aci","old","GCAM"
"W/m^2","GCAM_SSP3",2078,-0.414884,"RF_aci","old","GCAM"
"W/m^2","GCAM_SSP3",2079,-0.411039,"RF_aci","old","GCAM"
"W/m^2","GCAM_SSP3",2080,-0.407188,"RF_aci","old","GCAM"
"W/m^2","GCAM_SSP3",2081,-0.402469,"RF_aci","old","GCAM"
"W/m^2","GCAM_SSP3",2082,-0.39774,"RF_aci","old","GCAM"
"W/m^2","GCAM_SSP3",2083,-0.393001,"RF_aci","old","GCAM"
"W/m^2","GCAM_SSP3",2084,-0.388252,"RF_aci","old","GCAM"
"W/m^2","GCAM_SSP3",2085,-0.383494,"RF_aci","old","GCAM"
"W/m^2","GCAM_SSP3",2086,-0.37906,"RF_aci","old","GCAM"
"W/m^2","GCAM_SSP3",2087,-0.374618,"RF_aci","old","GCAM"
"W/m^2","GCAM_SSP3",2088,-0.370168,"RF_aci","old","GCAM"
"W/m^2","GCAM_SSP3",2089,-0.365708,"RF_aci","old","GCAM"
"W/m^2","GCAM_SSP3",2090,-0.36124,"RF_aci","old","GCAM"
"W/m^2","GCAM_SSP3",2091,-0.356347,"RF_aci","old","GCAM"
"W/m^2","GCAM_SSP3",2092,-0.351444,"RF_aci","old","GCAM"
"W/m^2","GCAM_SSP3",2093,-0.34653,"RF_aci","old","GCAM"
"W/m^2","GCAM_SSP3",2094,-0.341605,"RF_aci","old","GCAM"
"W/m^2","GCAM_SSP3",2095,-0.33667,"RF_aci","old","GCAM"
"W/m^2","GCAM_SSP3",2096,-0.331252,"RF_aci","old","GCAM"
"W/m^2","GCAM_SSP3",2097,-0.325821,"RF_aci","old","GCAM"
"W/m^2","GCAM_SSP3",2098,-0.320377,"RF_aci","old","GCAM"
"W/m^2","GCAM_SSP3",2099,-0.31492,"RF_aci","old","GCAM"
"W/m^2","GCAM_SSP3",2100,-0.30945,"RF_aci","old","GCAM"
"W/m^2","GCAM_SSP3",1976,-0.0573955,"RF_OC","old","GCAM"
"W/m^2","GCAM_SSP3",1977,-0.0572771,"RF_OC","old","GCAM"
"W/m^2","GCAM_SSP3",1978,-0.0613297,"RF_OC","old","GCAM"
"W/m^2","GCAM_SSP3",1979,-0.0625645,"RF_OC","old","GCAM"
"W/m^2","GCAM_SSP3",1980,-0.0626931,"RF_OC","old","GCAM"
"W/m^2","GCAM_SSP3",1981,-0.0603913,"RF_OC","old","GCAM"
"W/m^2","GCAM_SSP3",1982,-0.0821686,"RF_OC","old","GCAM"
"W/m^2","GCAM_SSP3",1983,-0.0577402,"RF_OC","old","GCAM"
"W/m^2","GCAM_SSP3",1984,-0.0632937,"RF_OC","old","GCAM"
"W/m^2","GCAM_SSP3",1985,-0.0665367,"RF_OC","old","GCAM"
"W/m^2","GCAM_SSP3",1986,-0.0670472,"RF_OC","old","GCAM"
"W/m^2","GCAM_SSP3",1987,-0.0756312,"RF_OC","old","GCAM"
"W/m^2","GCAM_SSP3",1988,-0.0752032,"RF_OC","old","GCAM"
"W/m^2","GCAM_SSP3",1989,-0.0697337,"RF_OC","old","GCAM"
"W/m^2","GCAM_SSP3",1990,-0.0763584,"RF_OC","old","GCAM"
"W/m^2","GCAM_SSP3",1991,-0.121398,"RF_OC","old","GCAM"
"W/m^2","GCAM_SSP3",1992,-0.0717684,"RF_OC","old","GCAM"
"W/m^2","GCAM_SSP3",1993,-0.0811614,"RF_OC","old","GCAM"
"W/m^2","GCAM_SSP3",1994,-0.113379,"RF_OC","old","GCAM"
"W/m^2","GCAM_SSP3",1995,-0.0914154,"RF_OC","old","GCAM"
"W/m^2","GCAM_SSP3",1996,-0.0850005,"RF_OC","old","GCAM"
"W/m^2","GCAM_SSP3",1997,-0.146683,"RF_OC","old","GCAM"
"W/m^2","GCAM_SSP3",1998,-0.143293,"RF_OC","old","GCAM"
"W/m^2","GCAM_SSP3",1999,-0.0961168,"RF_OC","old","GCAM"
"W/m^2","GCAM_SSP3",2000,-0.0803091,"RF_OC","old","GCAM"
"W/m^2","GCAM_SSP3",2001,-0.0796429,"RF_OC","old","GCAM"
"W/m^2","GCAM_SSP3",2002,-0.117639,"RF_OC","old","GCAM"
"W/m^2","GCAM_SSP3",2003,-0.121188,"RF_OC","old","GCAM"
"W/m^2","GCAM_SSP3",2004,-0.10817,"RF_OC","old","GCAM"
"W/m^2","GCAM_SSP3",2005,-0.10817,"RF_OC","old","GCAM"
"W/m^2","GCAM_SSP3",2006,-0.0983648,"RF_OC","old","GCAM"
"W/m^2","GCAM_SSP3",2007,-0.0885601,"RF_OC","old","GCAM"
"W/m^2","GCAM_SSP3",2008,-0.0787553,"RF_OC","old","GCAM"
"W/m^2","GCAM_SSP3",2009,-0.0689505,"RF_OC","old","GCAM"
"W/m^2","GCAM_SSP3",2010,-0.0591457,"RF_OC","old","GCAM"
"W/m^2","GCAM_SSP3",2011,-0.0589401,"RF_OC","old","GCAM"
"W/m^2","GCAM_SSP3",2012,-0.0587344,"RF_OC","old","GCAM"
"W/m^2","GCAM_SSP3",2013,-0.0585288,"RF_OC","old","GCAM"
"W/m^2","GCAM_SSP3",2014,-0.0583232,"RF_OC","old","GCAM"
"W/m^2","GCAM_SSP3",2015,-0.0581175,"RF_OC","old","GCAM"
"W/m^2","GCAM_SSP3",2016,-0.0575114,"RF_OC","old","GCAM"
"W/m^2","GCAM_SSP3",2017,-0.0569053,"RF_OC","old","GCAM"
"W/m^2","GCAM_SSP3",2018,-0.0562991,"RF_OC","old","GCAM"
"W/m^2","GCAM_SSP3",2019,-0.055693,"RF_OC","old","GCAM"
"W/m^2","GCAM_SSP3",2020,-0.0550869,"RF_OC","old","GCAM"
"W/m^2","GCAM_SSP3",2021,-0.0544807,"RF_OC","old","GCAM"
"W/m^2","GCAM_SSP3",2022,-0.0563245,"RF_OC","old","GCAM"
"W/m^2","GCAM_SSP3",2023,-0.0581683,"RF_OC","old","GCAM"
"W/m^2","GCAM_SSP3",2024,-0.0600121,"RF_OC","old","GCAM"
"W/m^2","GCAM_SSP3",2025,-0.061856,"RF_OC","old","GCAM"
"W/m^2","GCAM_SSP3",2026,-0.0601594,"RF_OC","old","GCAM"
"W/m^2","GCAM_SSP3",2027,-0.0584628,"RF_OC","old","GCAM"
"W/m^2","GCAM_SSP3",2028,-0.0567662,"RF_OC","old","GCAM"
"W/m^2","GCAM_SSP3",2029,-0.0550696,"RF_OC","old","GCAM"
"W/m^2","GCAM_SSP3",2030,-0.053373,"RF_OC","old","GCAM"
"W/m^2","GCAM_SSP3",2031,-0.0520182,"RF_OC","old","GCAM"
"W/m^2","GCAM_SSP3",2032,-0.0506634,"RF_OC","old","GCAM"
"W/m^2","GCAM_SSP3",2033,-0.0493086,"RF_OC","old","GCAM"
"W/m^2","GCAM_SSP3",2034,-0.0479538,"RF_OC","old","GCAM"
"W/m^2","GCAM_SSP3",2035,-0.046599,"RF_OC","old","GCAM"
"W/m^2","GCAM_SSP3",2036,-0.045861,"RF_OC","old","GCAM"
"W/m^2","GCAM_SSP3",2037,-0.045123,"RF_OC","old","GCAM"
"W/m^2","GCAM_SSP3",2038,-0.044385,"RF_OC","old","GCAM"
"W/m^2","GCAM_SSP3",2039,-0.043647,"RF_OC","old","GCAM"
"W/m^2","GCAM_SSP3",2040,-0.042909,"RF_OC","old","GCAM"
"W/m^2","GCAM_SSP3",2041,-0.0419896,"RF_OC","old","GCAM"
"W/m^2","GCAM_SSP3",2042,-0.0410703,"RF_OC","old","GCAM"
"W/m^2","GCAM_SSP3",2043,-0.040151,"RF_OC","old","GCAM"
"W/m^2","GCAM_SSP3",2044,-0.0392317,"RF_OC","old","GCAM"
"W/m^2","GCAM_SSP3",2045,-0.0383124,"RF_OC","old","GCAM"
"W/m^2","GCAM_SSP3",2046,-0.0375527,"RF_OC","old","GCAM"
"W/m^2","GCAM_SSP3",2047,-0.036793,"RF_OC","old","GCAM"
"W/m^2","GCAM_SSP3",2048,-0.0360333,"RF_OC","old","GCAM"
"W/m^2","GCAM_SSP3",2049,-0.0352736,"RF_OC","old","GCAM"
"W/m^2","GCAM_SSP3",2050,-0.034514,"RF_OC","old","GCAM"
"W/m^2","GCAM_SSP3",2051,-0.0337889,"RF_OC","old","GCAM"
"W/m^2","GCAM_SSP3",2052,-0.0330639,"RF_OC","old","GCAM"
"W/m^2","GCAM_SSP3",2053,-0.0323389,"RF_OC","old","GCAM"
"W/m^2","GCAM_SSP3",2054,-0.0316139,"RF_OC","old","GCAM"
"W/m^2","GCAM_SSP3",2055,-0.0308889,"RF_OC","old","GCAM"
"W/m^2","GCAM_SSP3",2056,-0.0301819,"RF_OC","old","GCAM"
"W/m^2","GCAM_SSP3",2057,-0.029475,"RF_OC","old","GCAM"
"W/m^2","GCAM_SSP3",2058,-0.028768,"RF_OC","old","GCAM"
"W/m^2","GCAM_SSP3",2059,-0.028061,"RF_OC","old","GCAM"
"W/m^2","GCAM_SSP3",2060,-0.0273541,"RF_OC","old","GCAM"
"W/m^2","GCAM_SSP3",2061,-0.0265966,"RF_OC","old","GCAM"
"W/m^2","GCAM_SSP3",2062,-0.025839,"RF_OC","old","GCAM"
"W/m^2","GCAM_SSP3",2063,-0.0250815,"RF_OC","old","GCAM"
"W/m^2","GCAM_SSP3",2064,-0.024324,"RF_OC","old","GCAM"
"W/m^2","GCAM_SSP3",2065,-0.0235665,"RF_OC","old","GCAM"
"W/m^2","GCAM_SSP3",2066,-0.0228674,"RF_OC","old","GCAM"
"W/m^2","GCAM_SSP3",2067,-0.0221683,"RF_OC","old","GCAM"
"W/m^2","GCAM_SSP3",2068,-0.0214692,"RF_OC","old","GCAM"
"W/m^2","GCAM_SSP3",2069,-0.0207701,"RF_OC","old","GCAM"
"W/m^2","GCAM_SSP3",2070,-0.020071,"RF_OC","old","GCAM"
"W/m^2","GCAM_SSP3",2071,-0.0193247,"RF_OC","old","GCAM"
"W/m^2","GCAM_SSP3",2072,-0.0185785,"RF_OC","old","GCAM"
"W/m^2","GCAM_SSP3",2073,-0.0178322,"RF_OC","old","GCAM"
"W/m^2","GCAM_SSP3",2074,-0.017086,"RF_OC","old","GCAM"
"W/m^2","GCAM_SSP3",2075,-0.0163397,"RF_OC","old","GCAM"
"W/m^2","GCAM_SSP3",2076,-0.0156758,"RF_OC","old","GCAM"
"W/m^2","GCAM_SSP3",2077,-0.0150119,"RF_OC","old","GCAM"
"W/m^2","GCAM_SSP3",2078,-0.014348,"RF_OC","old","GCAM"
"W/m^2","GCAM_SSP3",2079,-0.013684,"RF_OC","old","GCAM"
"W/m^2","GCAM_SSP3",2080,-0.0130201,"RF_OC","old","GCAM"
"W/m^2","GCAM_SSP3",2081,-0.0124523,"RF_OC","old","GCAM"
"W/m^2","GCAM_SSP3",2082,-0.0118845,"RF_OC","old","GCAM"
"W/m^2","GCAM_SSP3",2083,-0.0113167,"RF_OC","old","GCAM"
"W/m^2","GCAM_SSP3",2084,-0.0107488,"RF_OC","old","GCAM"
"W/m^2","GCAM_SSP3",2085,-0.010181,"RF_OC","old","GCAM"
"W/m^2","GCAM_SSP3",2086,-0.00969938,"RF_OC","old","GCAM"
"W/m^2","GCAM_SSP3",2087,-0.00921776,"RF_OC","old","GCAM"
"W/m^2","GCAM_SSP3",2088,-0.00873614,"RF_OC","old","GCAM"
"W/m^2","GCAM_SSP3",2089,-0.00825452,"RF_OC","old","GCAM"
"W/m^2","GCAM_SSP3",2090,-0.0077729,"RF_OC","old","GCAM"
"W/m^2","GCAM_SSP3",2091,-0.00723199,"RF_OC","old","GCAM"
"W/m^2","GCAM_SSP3",2092,-0.00669107,"RF_OC","old","GCAM"
"W/m^2","GCAM_SSP3",2093,-0.00615016,"RF_OC","old","GCAM"
"W/m^2","GCAM_SSP3",2094,-0.00560924,"RF_OC","old","GCAM"
"W/m^2","GCAM_SSP3",2095,-0.00506833,"RF_OC","old","GCAM"
"W/m^2","GCAM_SSP3",2096,-0.00453201,"RF_OC","old","GCAM"
"W/m^2","GCAM_SSP3",2097,-0.00399568,"RF_OC","old","GCAM"
"W/m^2","GCAM_SSP3",2098,-0.00345936,"RF_OC","old","GCAM"
"W/m^2","GCAM_SSP3",2099,-0.00292304,"RF_OC","old","GCAM"
"W/m^2","GCAM_SSP3",2100,-0.00238671,"RF_OC","old","GCAM"
"W/m^2","GCAM_SSP3",1976,0.032349,"RF_H2O_strat","old","GCAM"
"W/m^2","GCAM_SSP3",1977,0.0329131,"RF_H2O_strat","old","GCAM"
"W/m^2","GCAM_SSP3",1978,0.0334511,"RF_H2O_strat","old","GCAM"
"W/m^2","GCAM_SSP3",1979,0.0340049,"RF_H2O_strat","old","GCAM"
"W/m^2","GCAM_SSP3",1980,0.0345282,"RF_H2O_strat","old","GCAM"
"W/m^2","GCAM_SSP3",1981,0.0349403,"RF_H2O_strat","old","GCAM"
"W/m^2","GCAM_SSP3",1982,0.0355625,"RF_H2O_strat","old","GCAM"
"W/m^2","GCAM_SSP3",1983,0.0359063,"RF_H2O_strat","old","GCAM"
"W/m^2","GCAM_SSP3",1984,0.0362715,"RF_H2O_strat","old","GCAM"
"W/m^2","GCAM_SSP3",1985,0.0366091,"RF_H2O_strat","old","GCAM"
"W/m^2","GCAM_SSP3",1986,0.0370032,"RF_H2O_strat","old","GCAM"
"W/m^2","GCAM_SSP3",1987,0.0374405,"RF_H2O_strat","old","GCAM"
"W/m^2","GCAM_SSP3",1988,0.0378441,"RF_H2O_strat","old","GCAM"
"W/m^2","GCAM_SSP3",1989,0.0382267,"RF_H2O_strat","old","GCAM"
"W/m^2","GCAM_SSP3",1990,0.0386362,"RF_H2O_strat","old","GCAM"
"W/m^2","GCAM_SSP3",1991,0.0394549,"RF_H2O_strat","old","GCAM"
"W/m^2","GCAM_SSP3",1992,0.0396023,"RF_H2O_strat","old","GCAM"
"W/m^2","GCAM_SSP3",1993,0.0397321,"RF_H2O_strat","old","GCAM"
"W/m^2","GCAM_SSP3",1994,0.0401774,"RF_H2O_strat","old","GCAM"
"W/m^2","GCAM_SSP3",1995,0.0403317,"RF_H2O_strat","old","GCAM"
"W/m^2","GCAM_SSP3",1996,0.0404678,"RF_H2O_strat","old","GCAM"
"W/m^2","GCAM_SSP3",1997,0.0413577,"RF_H2O_strat","old","GCAM"
"W/m^2","GCAM_SSP3",1998,0.0417024,"RF_H2O_strat","old","GCAM"
"W/m^2","GCAM_SSP3",1999,0.0417624,"RF_H2O_strat","old","GCAM"
"W/m^2","GCAM_SSP3",2000,0.0417421,"RF_H2O_strat","old","GCAM"
"W/m^2","GCAM_SSP3",2001,0.0417688,"RF_H2O_strat","old","GCAM"
"W/m^2","GCAM_SSP3",2002,0.0420783,"RF_H2O_strat","old","GCAM"
"W/m^2","GCAM_SSP3",2003,0.0423898,"RF_H2O_strat","old","GCAM"
"W/m^2","GCAM_SSP3",2004,0.0427806,"RF_H2O_strat","old","GCAM"
"W/m^2","GCAM_SSP3",2005,0.0431361,"RF_H2O_strat","old","GCAM"
"W/m^2","GCAM_SSP3",2006,0.0434182,"RF_H2O_strat","old","GCAM"
"W/m^2","GCAM_SSP3",2007,0.0436327,"RF_H2O_strat","old","GCAM"
"W/m^2","GCAM_SSP3",2008,0.0437867,"RF_H2O_strat","old","GCAM"
"W/m^2","GCAM_SSP3",2009,0.0438868,"RF_H2O_strat","old","GCAM"
"W/m^2","GCAM_SSP3",2010,0.0439392,"RF_H2O_strat","old","GCAM"
"W/m^2","GCAM_SSP3",2011,0.0440439,"RF_H2O_strat","old","GCAM"
"W/m^2","GCAM_SSP3",2012,0.0441981,"RF_H2O_strat","old","GCAM"
"W/m^2","GCAM_SSP3",2013,0.0443948,"RF_H2O_strat","old","GCAM"
"W/m^2","GCAM_SSP3",2014,0.0446319,"RF_H2O_strat","old","GCAM"
"W/m^2","GCAM_SSP3",2015,0.0449057,"RF_H2O_strat","old","GCAM"
"W/m^2","GCAM_SSP3",2016,0.0452037,"RF_H2O_strat","old","GCAM"
"W/m^2","GCAM_SSP3",2017,0.0455237,"RF_H2O_strat","old","GCAM"
"W/m^2","GCAM_SSP3",2018,0.0458632,"RF_H2O_strat","old","GCAM"
"W/m^2","GCAM_SSP3",2019,0.0462204,"RF_H2O_strat","old","GCAM"
"W/m^2","GCAM_SSP3",2020,0.0465936,"RF_H2O_strat","old","GCAM"
"W/m^2","GCAM_SSP3",2021,0.0469811,"RF_H2O_strat","old","GCAM"
"W/m^2","GCAM_SSP3",2022,0.0473869,"RF_H2O_strat","old","GCAM"
"W/m^2","GCAM_SSP3",2023,0.0478085,"RF_H2O_strat","old","GCAM"
"W/m^2","GCAM_SSP3",2024,0.0482427,"RF_H2O_strat","old","GCAM"
"W/m^2","GCAM_SSP3",2025,0.0486875,"RF_H2O_strat","old","GCAM"
"W/m^2","GCAM_SSP3",2026,0.0491563,"RF_H2O_strat","old","GCAM"
"W/m^2","GCAM_SSP3",2027,0.0496475,"RF_H2O_strat","old","GCAM"
"W/m^2","GCAM_SSP3",2028,0.0501597,"RF_H2O_strat","old","GCAM"
"W/m^2","GCAM_SSP3",2029,0.0506913,"RF_H2O_strat","old","GCAM"
"W/m^2","GCAM_SSP3",2030,0.0512408,"RF_H2O_strat","old","GCAM"
"W/m^2","GCAM_SSP3",2031,0.0518112,"RF_H2O_strat","old","GCAM"
"W/m^2","GCAM_SSP3",2032,0.0524007,"RF_H2O_strat","old","GCAM"
"W/m^2","GCAM_SSP3",2033,0.0530079,"RF_H2O_strat","old","GCAM"
"W/m^2","GCAM_SSP3",2034,0.0536312,"RF_H2O_strat","old","GCAM"
"W/m^2","GCAM_SSP3",2035,0.0542695,"RF_H2O_strat","old","GCAM"
"W/m^2","GCAM_SSP3",2036,0.0549175,"RF_H2O_strat","old","GCAM"
"W/m^2","GCAM_SSP3",2037,0.0555746,"RF_H2O_strat","old","GCAM"
"W/m^2","GCAM_SSP3",2038,0.0562401,"RF_H2O_strat","old","GCAM"
"W/m^2","GCAM_SSP3",2039,0.0569133,"RF_H2O_strat","old","GCAM"
"W/m^2","GCAM_SSP3",2040,0.0575938,"RF_H2O_strat","old","GCAM"
"W/m^2","GCAM_SSP3",2041,0.0582588,"RF_H2O_strat","old","GCAM"
"W/m^2","GCAM_SSP3",2042,0.0589098,"RF_H2O_strat","old","GCAM"
"W/m^2","GCAM_SSP3",2043,0.0595483,"RF_H2O_strat","old","GCAM"
"W/m^2","GCAM_SSP3",2044,0.0601758,"RF_H2O_strat","old","GCAM"
"W/m^2","GCAM_SSP3",2045,0.0607932,"RF_H2O_strat","old","GCAM"
"W/m^2","GCAM_SSP3",2046,0.0614076,"RF_H2O_strat","old","GCAM"
"W/m^2","GCAM_SSP3",2047,0.0620192,"RF_H2O_strat","old","GCAM"
"W/m^2","GCAM_SSP3",2048,0.0626285,"RF_H2O_strat","old","GCAM"
"W/m^2","GCAM_SSP3",2049,0.0632356,"RF_H2O_strat","old","GCAM"
"W/m^2","GCAM_SSP3",2050,0.0638408,"RF_H2O_strat","old","GCAM"
"W/m^2","GCAM_SSP3",2051,0.0644427,"RF_H2O_strat","old","GCAM"
"W/m^2","GCAM_SSP3",2052,0.0650415,"RF_H2O_strat","old","GCAM"
"W/m^2","GCAM_SSP3",2053,0.0656377,"RF_H2O_strat","old","GCAM"
"W/m^2","GCAM_SSP3",2054,0.0662315,"RF_H2O_strat","old","GCAM"
"W/m^2","GCAM_SSP3",2055,0.0668234,"RF_H2O_strat","old","GCAM"
"W/m^2","GCAM_SSP3",2056,0.0674174,"RF_H2O_strat","old","GCAM"
"W/m^2","GCAM_SSP3",2057,0.0680134,"RF_H2O_strat","old","GCAM"
"W/m^2","GCAM_SSP3",2058,0.0686114,"RF_H2O_strat","old","GCAM"
"W/m^2","GCAM_SSP3",2059,0.0692111,"RF_H2O_strat","old","GCAM"
"W/m^2","GCAM_SSP3",2060,0.0698124,"RF_H2O_strat","old","GCAM"
"W/m^2","GCAM_SSP3",2061,0.0704153,"RF_H2O_strat","old","GCAM"
"W/m^2","GCAM_SSP3",2062,0.0710197,"RF_H2O_strat","old","GCAM"
"W/m^2","GCAM_SSP3",2063,0.0716255,"RF_H2O_strat","old","GCAM"
"W/m^2","GCAM_SSP3",2064,0.0722326,"RF_H2O_strat","old","GCAM"
"W/m^2","GCAM_SSP3",2065,0.0728409,"RF_H2O_strat","old","GCAM"
"W/m^2","GCAM_SSP3",2066,0.0734472,"RF_H2O_strat","old","GCAM"
"W/m^2","GCAM_SSP3",2067,0.0740516,"RF_H2O_strat","old","GCAM"
"W/m^2","GCAM_SSP3",2068,0.0746544,"RF_H2O_strat","old","GCAM"
"W/m^2","GCAM_SSP3",2069,0.0752557,"RF_H2O_strat","old","GCAM"
"W/m^2","GCAM_SSP3",2070,0.0758558,"RF_H2O_strat","old","GCAM"
"W/m^2","GCAM_SSP3",2071,0.0764546,"RF_H2O_strat","old","GCAM"
"W/m^2","GCAM_SSP3",2072,0.0770523,"RF_H2O_strat","old","GCAM"
"W/m^2","GCAM_SSP3",2073,0.0776491,"RF_H2O_strat","old","GCAM"
"W/m^2","GCAM_SSP3",2074,0.0782451,"RF_H2O_strat","old","GCAM"
"W/m^2","GCAM_SSP3",2075,0.0788404,"RF_H2O_strat","old","GCAM"
"W/m^2","GCAM_SSP3",2076,0.0794344,"RF_H2O_strat","old","GCAM"
"W/m^2","GCAM_SSP3",2077,0.0800274,"RF_H2O_strat","old","GCAM"
"W/m^2","GCAM_SSP3",2078,0.0806194,"RF_H2O_strat","old","GCAM"
"W/m^2","GCAM_SSP3",2079,0.0812106,"RF_H2O_strat","old","GCAM"
"W/m^2","GCAM_SSP3",2080,0.0818012,"RF_H2O_strat","old","GCAM"
"W/m^2","GCAM_SSP3",2081,0.0823917,"RF_H2O_strat","old","GCAM"
"W/m^2","GCAM_SSP3",2082,0.0829823,"RF_H2O_strat","old","GCAM"
"W/m^2","GCAM_SSP3",2083,0.0835731,"RF_H2O_strat","old","GCAM"
"W/m^2","GCAM_SSP3",2084,0.0841641,"RF_H2O_strat","old","GCAM"
"W/m^2","GCAM_SSP3",2085,0.0847554,"RF_H2O_strat","old","GCAM"
"W/m^2","GCAM_SSP3",2086,0.0853477,"RF_H2O_strat","old","GCAM"
"W/m^2","GCAM_SSP3",2087,0.0859408,"RF_H2O_strat","old","GCAM"
"W/m^2","GCAM_SSP3",2088,0.0865349,"RF_H2O_strat","old","GCAM"
"W/m^2","GCAM_SSP3",2089,0.0871298,"RF_H2O_strat","old","GCAM"
"W/m^2","GCAM_SSP3",2090,0.0877256,"RF_H2O_strat","old","GCAM"
"W/m^2","GCAM_SSP3",2091,0.0883166,"RF_H2O_strat","old","GCAM"
"W/m^2","GCAM_SSP3",2092,0.088903,"RF_H2O_strat","old","GCAM"
"W/m^2","GCAM_SSP3",2093,0.0894855,"RF_H2O_strat","old","GCAM"
"W/m^2","GCAM_SSP3",2094,0.0900644,"RF_H2O_strat","old","GCAM"
"W/m^2","GCAM_SSP3",2095,0.09064,"RF_H2O_strat","old","GCAM"
"W/m^2","GCAM_SSP3",2096,0.0912143,"RF_H2O_strat","old","GCAM"
"W/m^2","GCAM_SSP3",2097,0.0917874,"RF_H2O_strat","old","GCAM"
"W/m^2","GCAM_SSP3",2098,0.0923595,"RF_H2O_strat","old","GCAM"
"W/m^2","GCAM_SSP3",2099,0.0929308,"RF_H2O_strat","old","GCAM"
"W/m^2","GCAM_SSP3",2100,0.0935012,"RF_H2O_strat","old","GCAM"
"W/m^2","GCAM_SSP3",1976,0.332685,"RF_O3_trop","old","GCAM"
"W/m^2","GCAM_SSP3",1977,0.339523,"RF_O3_trop","old","GCAM"
"W/m^2","GCAM_SSP3",1978,0.349427,"RF_O3_trop","old","GCAM"
"W/m^2","GCAM_SSP3",1979,0.355642,"RF_O3_trop","old","GCAM"
"W/m^2","GCAM_SSP3",1980,0.355273,"RF_O3_trop","old","GCAM"
"W/m^2","GCAM_SSP3",1981,0.351734,"RF_O3_trop","old","GCAM"
"W/m^2","GCAM_SSP3",1982,0.360543,"RF_O3_trop","old","GCAM"
"W/m^2","GCAM_SSP3",1983,0.348953,"RF_O3_trop","old","GCAM"
"W/m^2","GCAM_SSP3",1984,0.357558,"RF_O3_trop","old","GCAM"
"W/m^2","GCAM_SSP3",1985,0.362344,"RF_O3_trop","old","GCAM"
"W/m^2","GCAM_SSP3",1986,0.366618,"RF_O3_trop","old","GCAM"
"W/m^2","GCAM_SSP3",1987,0.377009,"RF_O3_trop","old","GCAM"
"W/m^2","GCAM_SSP3",1988,0.385258,"RF_O3_trop","old","GCAM"
"W/m^2","GCAM_SSP3",1989,0.386823,"RF_O3_trop","old","GCAM"
"W/m^2","GCAM_SSP3",1990,0.38947,"RF_O3_trop","old","GCAM"
"W/m^2","GCAM_SSP3",1991,0.413873,"RF_O3_trop","old","GCAM"
"W/m^2","GCAM_SSP3",1992,0.392768,"RF_O3_trop","old","GCAM"
"W/m^2","GCAM_SSP3",1993,0.400616,"RF_O3_trop","old","GCAM"
"W/m^2","GCAM_SSP3",1994,0.413913,"RF_O3_trop","old","GCAM"
"W/m^2","GCAM_SSP3",1995,0.407025,"RF_O3_trop","old","GCAM"
"W/m^2","GCAM_SSP3",1996,0.405479,"RF_O3_trop","old","GCAM"
"W/m^2","GCAM_SSP3",1997,0.437121,"RF_O3_trop","old","GCAM"
"W/m^2","GCAM_SSP3",1998,0.430398,"RF_O3_trop","old","GCAM"
"W/m^2","GCAM_SSP3",1999,0.412824,"RF_O3_trop","old","GCAM"
"W/m^2","GCAM_SSP3",2000,0.410571,"RF_O3_trop","old","GCAM"
"W/m^2","GCAM_SSP3",2001,0.411135,"RF_O3_trop","old","GCAM"
"W/m^2","GCAM_SSP3",2002,0.421939,"RF_O3_trop","old","GCAM"
"W/m^2","GCAM_SSP3",2003,0.425156,"RF_O3_trop","old","GCAM"
"W/m^2","GCAM_SSP3",2004,0.436433,"RF_O3_trop","old","GCAM"
"W/m^2","GCAM_SSP3",2005,0.437412,"RF_O3_trop","old","GCAM"
"W/m^2","GCAM_SSP3",2006,0.433122,"RF_O3_trop","old","GCAM"
"W/m^2","GCAM_SSP3",2007,0.428644,"RF_O3_trop","old","GCAM"
"W/m^2","GCAM_SSP3",2008,0.423999,"RF_O3_trop","old","GCAM"
"W/m^2","GCAM_SSP3",2009,0.419207,"RF_O3_trop","old","GCAM"
"W/m^2","GCAM_SSP3",2010,0.414285,"RF_O3_trop","old","GCAM"
"W/m^2","GCAM_SSP3",2011,0.413732,"RF_O3_trop","old","GCAM"
"W/m^2","GCAM_SSP3",2012,0.413312,"RF_O3_trop","old","GCAM"
"W/m^2","GCAM_SSP3",2013,0.413006,"RF_O3_trop","old","GCAM"
"W/m^2","GCAM_SSP3",2014,0.412808,"RF_O3_trop","old","GCAM"
"W/m^2","GCAM_SSP3",2015,0.412706,"RF_O3_trop","old","GCAM"
"W/m^2","GCAM_SSP3",2016,0.409787,"RF_O3_trop","old","GCAM"
"W/m^2","GCAM_SSP3",2017,0.406924,"RF_O3_trop","old","GCAM"
"W/m^2","GCAM_SSP3",2018,0.404109,"RF_O3_trop","old","GCAM"
"W/m^2","GCAM_SSP3",2019,0.401336,"RF_O3_trop","old","GCAM"
"W/m^2","GCAM_SSP3",2020,0.398602,"RF_O3_trop","old","GCAM"
"W/m^2","GCAM_SSP3",2021,0.3959,"RF_O3_trop","old","GCAM"
"W/m^2","GCAM_SSP3",2022,0.403577,"RF_O3_trop","old","GCAM"
"W/m^2","GCAM_SSP3",2023,0.411289,"RF_O3_trop","old","GCAM"
"W/m^2","GCAM_SSP3",2024,0.419028,"RF_O3_trop","old","GCAM"
"W/m^2","GCAM_SSP3",2025,0.426788,"RF_O3_trop","old","GCAM"
"W/m^2","GCAM_SSP3",2026,0.424537,"RF_O3_trop","old","GCAM"
"W/m^2","GCAM_SSP3",2027,0.422336,"RF_O3_trop","old","GCAM"
"W/m^2","GCAM_SSP3",2028,0.420181,"RF_O3_trop","old","GCAM"
"W/m^2","GCAM_SSP3",2029,0.418066,"RF_O3_trop","old","GCAM"
"W/m^2","GCAM_SSP3",2030,0.415987,"RF_O3_trop","old","GCAM"
"W/m^2","GCAM_SSP3",2031,0.41365,"RF_O3_trop","old","GCAM"
"W/m^2","GCAM_SSP3",2032,0.41135,"RF_O3_trop","old","GCAM"
"W/m^2","GCAM_SSP3",2033,0.409083,"RF_O3_trop","old","GCAM"
"W/m^2","GCAM_SSP3",2034,0.406844,"RF_O3_trop","old","GCAM"
"W/m^2","GCAM_SSP3",2035,0.404631,"RF_O3_trop","old","GCAM"
"W/m^2","GCAM_SSP3",2036,0.402434,"RF_O3_trop","old","GCAM"
"W/m^2","GCAM_SSP3",2037,0.400248,"RF_O3_trop","old","GCAM"
"W/m^2","GCAM_SSP3",2038,0.398069,"RF_O3_trop","old","GCAM"
"W/m^2","GCAM_SSP3",2039,0.395897,"RF_O3_trop","old","GCAM"
"W/m^2","GCAM_SSP3",2040,0.39373,"RF_O3_trop","old","GCAM"
"W/m^2","GCAM_SSP3",2041,0.393566,"RF_O3_trop","old","GCAM"
"W/m^2","GCAM_SSP3",2042,0.393358,"RF_O3_trop","old","GCAM"
"W/m^2","GCAM_SSP3",2043,0.393112,"RF_O3_trop","old","GCAM"
"W/m^2","GCAM_SSP3",2044,0.392831,"RF_O3_trop","old","GCAM"
"W/m^2","GCAM_SSP3",2045,0.392518,"RF_O3_trop","old","GCAM"
"W/m^2","GCAM_SSP3",2046,0.392294,"RF_O3_trop","old","GCAM"
"W/m^2","GCAM_SSP3",2047,0.392056,"RF_O3_trop","old","GCAM"
"W/m^2","GCAM_SSP3",2048,0.391803,"RF_O3_trop","old","GCAM"
"W/m^2","GCAM_SSP3",2049,0.391537,"RF_O3_trop","old","GCAM"
"W/m^2","GCAM_SSP3",2050,0.391259,"RF_O3_trop","old","GCAM"
"W/m^2","GCAM_SSP3",2051,0.391182,"RF_O3_trop","old","GCAM"
"W/m^2","GCAM_SSP3",2052,0.39109,"RF_O3_trop","old","GCAM"
"W/m^2","GCAM_SSP3",2053,0.390985,"RF_O3_trop","old","GCAM"
"W/m^2","GCAM_SSP3",2054,0.390868,"RF_O3_trop","old","GCAM"
"W/m^2","GCAM_SSP3",2055,0.390738,"RF_O3_trop","old","GCAM"
"W/m^2","GCAM_SSP3",2056,0.391034,"RF_O3_trop","old","GCAM"
"W/m^2","GCAM_SSP3",2057,0.391326,"RF_O3_trop","old","GCAM"
"W/m^2","GCAM_SSP3",2058,0.391615,"RF_O3_trop","old","GCAM"
"W/m^2","GCAM_SSP3",2059,0.3919,"RF_O3_trop","old","GCAM"
"W/m^2","GCAM_SSP3",2060,0.392181,"RF_O3_trop","old","GCAM"
"W/m^2","GCAM_SSP3",2061,0.392503,"RF_O3_trop","old","GCAM"
"W/m^2","GCAM_SSP3",2062,0.39282,"RF_O3_trop","old","GCAM"
"W/m^2","GCAM_SSP3",2063,0.393134,"RF_O3_trop","old","GCAM"
"W/m^2","GCAM_SSP3",2064,0.393443,"RF_O3_trop","old","GCAM"
"W/m^2","GCAM_SSP3",2065,0.393747,"RF_O3_trop","old","GCAM"
"W/m^2","GCAM_SSP3",2066,0.394086,"RF_O3_trop","old","GCAM"
"W/m^2","GCAM_SSP3",2067,0.394415,"RF_O3_trop","old","GCAM"
"W/m^2","GCAM_SSP3",2068,0.394734,"RF_O3_trop","old","GCAM"
"W/m^2","GCAM_SSP3",2069,0.395044,"RF_O3_trop","old","GCAM"
"W/m^2","GCAM_SSP3",2070,0.395344,"RF_O3_trop","old","GCAM"
"W/m^2","GCAM_SSP3",2071,0.395633,"RF_O3_trop","old","GCAM"
"W/m^2","GCAM_SSP3",2072,0.395914,"RF_O3_trop","old","GCAM"
"W/m^2","GCAM_SSP3",2073,0.396186,"RF_O3_trop","old","GCAM"
"W/m^2","GCAM_SSP3",2074,0.396451,"RF_O3_trop","old","GCAM"
"W/m^2","GCAM_SSP3",2075,0.396708,"RF_O3_trop","old","GCAM"
"W/m^2","GCAM_SSP3",2076,0.396936,"RF_O3_trop","old","GCAM"
"W/m^2","GCAM_SSP3",2077,0.397155,"RF_O3_trop","old","GCAM"
"W/m^2","GCAM_SSP3",2078,0.397368,"RF_O3_trop","old","GCAM"
"W/m^2","GCAM_SSP3",2079,0.397573,"RF_O3_trop","old","GCAM"
"W/m^2","GCAM_SSP3",2080,0.397771,"RF_O3_trop","old","GCAM"
"W/m^2","GCAM_SSP3",2081,0.397743,"RF_O3_trop","old","GCAM"
"W/m^2","GCAM_SSP3",2082,0.39771,"RF_O3_trop","old","GCAM"
"W/m^2","GCAM_SSP3",2083,0.397671,"RF_O3_trop","old","GCAM"
"W/m^2","GCAM_SSP3",2084,0.397628,"RF_O3_trop","old","GCAM"
"W/m^2","GCAM_SSP3",2085,0.39758,"RF_O3_trop","old","GCAM"
"W/m^2","GCAM_SSP3",2086,0.397743,"RF_O3_trop","old","GCAM"
"W/m^2","GCAM_SSP3",2087,0.397902,"RF_O3_trop","old","GCAM"
"W/m^2","GCAM_SSP3",2088,0.398058,"RF_O3_trop","old","GCAM"
"W/m^2","GCAM_SSP3",2089,0.39821,"RF_O3_trop","old","GCAM"
"W/m^2","GCAM_SSP3",2090,0.398359,"RF_O3_trop","old","GCAM"
"W/m^2","GCAM_SSP3",2091,0.398444,"RF_O3_trop","old","GCAM"
"W/m^2","GCAM_SSP3",2092,0.398516,"RF_O3_trop","old","GCAM"
"W/m^2","GCAM_SSP3",2093,0.398577,"RF_O3_trop","old","GCAM"
"W/m^2","GCAM_SSP3",2094,0.398627,"RF_O3_trop","old","GCAM"
"W/m^2","GCAM_SSP3",2095,0.398666,"RF_O3_trop","old","GCAM"
"W/m^2","GCAM_SSP3",2096,0.398701,"RF_O3_trop","old","GCAM"
"W/m^2","GCAM_SSP3",2097,0.398728,"RF_O3_trop","old","GCAM"
"W/m^2","GCAM_SSP3",2098,0.39875,"RF_O3_trop","old","GCAM"
"W/m^2","GCAM_SSP3",2099,0.398766,"RF_O3_trop","old","GCAM"
"W/m^2","GCAM_SSP3",2100,0.398776,"RF_O3_trop","old","GCAM"
"W/m^2","GCAM_SSP3",1976,0.264375,"RF_BC","old","GCAM"
"W/m^2","GCAM_SSP3",1977,0.271763,"RF_BC","old","GCAM"
"W/m^2","GCAM_SSP3",1978,0.286187,"RF_BC","old","GCAM"
"W/m^2","GCAM_SSP3",1979,0.292457,"RF_BC","old","GCAM"
"W/m^2","GCAM_SSP3",1980,0.288699,"RF_BC","old","GCAM"
"W/m^2","GCAM_SSP3",1981,0.286106,"RF_BC","old","GCAM"
"W/m^2","GCAM_SSP3",1982,0.307659,"RF_BC","old","GCAM"
"W/m^2","GCAM_SSP3",1983,0.289147,"RF_BC","old","GCAM"
"W/m^2","GCAM_SSP3",1984,0.301257,"RF_BC","old","GCAM"
"W/m^2","GCAM_SSP3",1985,0.308138,"RF_BC","old","GCAM"
"W/m^2","GCAM_SSP3",1986,0.313946,"RF_BC","old","GCAM"
"W/m^2","GCAM_SSP3",1987,0.325852,"RF_BC","old","GCAM"
"W/m^2","GCAM_SSP3",1988,0.338401,"RF_BC","old","GCAM"
"W/m^2","GCAM_SSP3",1989,0.333521,"RF_BC","old","GCAM"
"W/m^2","GCAM_SSP3",1990,0.34553,"RF_BC","old","GCAM"
"W/m^2","GCAM_SSP3",1991,0.37767,"RF_BC","old","GCAM"
"W/m^2","GCAM_SSP3",1992,0.336373,"RF_BC","old","GCAM"
"W/m^2","GCAM_SSP3",1993,0.346989,"RF_BC","old","GCAM"
"W/m^2","GCAM_SSP3",1994,0.370274,"RF_BC","old","GCAM"
"W/m^2","GCAM_SSP3",1995,0.365003,"RF_BC","old","GCAM"
"W/m^2","GCAM_SSP3",1996,0.356902,"RF_BC","old","GCAM"
"W/m^2","GCAM_SSP3",1997,0.394163,"RF_BC","old","GCAM"
"W/m^2","GCAM_SSP3",1998,0.403259,"RF_BC","old","GCAM"
"W/m^2","GCAM_SSP3",1999,0.357657,"RF_BC","old","GCAM"
"W/m^2","GCAM_SSP3",2000,0.342278,"RF_BC","old","GCAM"
"W/m^2","GCAM_SSP3",2001,0.350862,"RF_BC","old","GCAM"
"W/m^2","GCAM_SSP3",2002,0.379901,"RF_BC","old","GCAM"
"W/m^2","GCAM_SSP3",2003,0.392369,"RF_BC","old","GCAM"
"W/m^2","GCAM_SSP3",2004,0.411577,"RF_BC","old","GCAM"
"W/m^2","GCAM_SSP3",2005,0.411577,"RF_BC","old","GCAM"
"W/m^2","GCAM_SSP3",2006,0.398687,"RF_BC","old","GCAM"
"W/m^2","GCAM_SSP3",2007,0.385796,"RF_BC","old","GCAM"
"W/m^2","GCAM_SSP3",2008,0.372906,"RF_BC","old","GCAM"
"W/m^2","GCAM_SSP3",2009,0.360016,"RF_BC","old","GCAM"
"W/m^2","GCAM_SSP3",2010,0.347126,"RF_BC","old","GCAM"
"W/m^2","GCAM_SSP3",2011,0.342807,"RF_BC","old","GCAM"
"W/m^2","GCAM_SSP3",2012,0.338487,"RF_BC","old","GCAM"
"W/m^2","GCAM_SSP3",2013,0.334168,"RF_BC","old","GCAM"
"W/m^2","GCAM_SSP3",2014,0.329848,"RF_BC","old","GCAM"
"W/m^2","GCAM_SSP3",2015,0.325529,"RF_BC","old","GCAM"
"W/m^2","GCAM_SSP3",2016,0.32083,"RF_BC","old","GCAM"
"W/m^2","GCAM_SSP3",2017,0.316131,"RF_BC","old","GCAM"
"W/m^2","GCAM_SSP3",2018,0.311433,"RF_BC","old","GCAM"
"W/m^2","GCAM_SSP3",2019,0.306734,"RF_BC","old","GCAM"
"W/m^2","GCAM_SSP3",2020,0.302035,"RF_BC","old","GCAM"
"W/m^2","GCAM_SSP3",2021,0.297337,"RF_BC","old","GCAM"
"W/m^2","GCAM_SSP3",2022,0.29954,"RF_BC","old","GCAM"
"W/m^2","GCAM_SSP3",2023,0.301743,"RF_BC","old","GCAM"
"W/m^2","GCAM_SSP3",2024,0.303946,"RF_BC","old","GCAM"
"W/m^2","GCAM_SSP3",2025,0.306149,"RF_BC","old","GCAM"
"W/m^2","GCAM_SSP3",2026,0.300366,"RF_BC","old","GCAM"
"W/m^2","GCAM_SSP3",2027,0.294582,"RF_BC","old","GCAM"
"W/m^2","GCAM_SSP3",2028,0.288799,"RF_BC","old","GCAM"
"W/m^2","GCAM_SSP3",2029,0.283015,"RF_BC","old","GCAM"
"W/m^2","GCAM_SSP3",2030,0.277232,"RF_BC","old","GCAM"
"W/m^2","GCAM_SSP3",2031,0.272676,"RF_BC","old","GCAM"
"W/m^2","GCAM_SSP3",2032,0.26812,"RF_BC","old","GCAM"
"W/m^2","GCAM_SSP3",2033,0.263565,"RF_BC","old","GCAM"
"W/m^2","GCAM_SSP3",2034,0.259009,"RF_BC","old","GCAM"
"W/m^2","GCAM_SSP3",2035,0.254453,"RF_BC","old","GCAM"
"W/m^2","GCAM_SSP3",2036,0.249657,"RF_BC","old","GCAM"
"W/m^2","GCAM_SSP3",2037,0.244862,"RF_BC","old","GCAM"
"W/m^2","GCAM_SSP3",2038,0.240066,"RF_BC","old","GCAM"
"W/m^2","GCAM_SSP3",2039,0.23527,"RF_BC","old","GCAM"
"W/m^2","GCAM_SSP3",2040,0.230475,"RF_BC","old","GCAM"
"W/m^2","GCAM_SSP3",2041,0.227433,"RF_BC","old","GCAM"
"W/m^2","GCAM_SSP3",2042,0.224392,"RF_BC","old","GCAM"
"W/m^2","GCAM_SSP3",2043,0.221351,"RF_BC","old","GCAM"
"W/m^2","GCAM_SSP3",2044,0.218309,"RF_BC","old","GCAM"
"W/m^2","GCAM_SSP3",2045,0.215268,"RF_BC","old","GCAM"
"W/m^2","GCAM_SSP3",2046,0.212327,"RF_BC","old","GCAM"
"W/m^2","GCAM_SSP3",2047,0.209386,"RF_BC","old","GCAM"
"W/m^2","GCAM_SSP3",2048,0.206445,"RF_BC","old","GCAM"
"W/m^2","GCAM_SSP3",2049,0.203505,"RF_BC","old","GCAM"
"W/m^2","GCAM_SSP3",2050,0.200564,"RF_BC","old","GCAM"
"W/m^2","GCAM_SSP3",2051,0.197729,"RF_BC","old","GCAM"
"W/m^2","GCAM_SSP3",2052,0.194894,"RF_BC","old","GCAM"
"W/m^2","GCAM_SSP3",2053,0.192059,"RF_BC","old","GCAM"
"W/m^2","GCAM_SSP3",2054,0.189224,"RF_BC","old","GCAM"
"W/m^2","GCAM_SSP3",2055,0.186389,"RF_BC","old","GCAM"
"W/m^2","GCAM_SSP3",2056,0.184033,"RF_BC","old","GCAM"
"W/m^2","GCAM_SSP3",2057,0.181677,"RF_BC","old","GCAM"
"W/m^2","GCAM_SSP3",2058,0.179322,"RF_BC","old","GCAM"
"W/m^2","GCAM_SSP3",2059,0.176966,"RF_BC","old","GCAM"
"W/m^2","GCAM_SSP3",2060,0.17461,"RF_BC","old","GCAM"
"W/m^2","GCAM_SSP3",2061,0.172383,"RF_BC","old","GCAM"
"W/m^2","GCAM_SSP3",2062,0.170156,"RF_BC","old","GCAM"
"W/m^2","GCAM_SSP3",2063,0.167929,"RF_BC","old","GCAM"
"W/m^2","GCAM_SSP3",2064,0.165702,"RF_BC","old","GCAM"
"W/m^2","GCAM_SSP3",2065,0.163474,"RF_BC","old","GCAM"
"W/m^2","GCAM_SSP3",2066,0.161352,"RF_BC","old","GCAM"
"W/m^2","GCAM_SSP3",2067,0.15923,"RF_BC","old","GCAM"
"W/m^2","GCAM_SSP3",2068,0.157108,"RF_BC","old","GCAM"
"W/m^2","GCAM_SSP3",2069,0.154986,"RF_BC","old","GCAM"
"W/m^2","GCAM_SSP3",2070,0.152864,"RF_BC","old","GCAM"
"W/m^2","GCAM_SSP3",2071,0.150673,"RF_BC","old","GCAM"
"W/m^2","GCAM_SSP3",2072,0.148483,"RF_BC","old","GCAM"
"W/m^2","GCAM_SSP3",2073,0.146292,"RF_BC","old","GCAM"
"W/m^2","GCAM_SSP3",2074,0.144101,"RF_BC","old","GCAM"
"W/m^2","GCAM_SSP3",2075,0.141911,"RF_BC","old","GCAM"
"W/m^2","GCAM_SSP3",2076,0.139823,"RF_BC","old","GCAM"
"W/m^2","GCAM_SSP3",2077,0.137735,"RF_BC","old","GCAM"
"W/m^2","GCAM_SSP3",2078,0.135647,"RF_BC","old","GCAM"
"W/m^2","GCAM_SSP3",2079,0.133559,"RF_BC","old","GCAM"
"W/m^2","GCAM_SSP3",2080,0.131472,"RF_BC","old","GCAM"
"W/m^2","GCAM_SSP3",2081,0.129538,"RF_BC","old","GCAM"
"W/m^2","GCAM_SSP3",2082,0.127605,"RF_BC","old","GCAM"
"W/m^2","GCAM_SSP3",2083,0.125672,"RF_BC","old","GCAM"
"W/m^2","GCAM_SSP3",2084,0.123738,"RF_BC","old","GCAM"
"W/m^2","GCAM_SSP3",2085,0.121805,"RF_BC","old","GCAM"
"W/m^2","GCAM_SSP3",2086,0.120011,"RF_BC","old","GCAM"
"W/m^2","GCAM_SSP3",2087,0.118218,"RF_BC","old","GCAM"
"W/m^2","GCAM_SSP3",2088,0.116424,"RF_BC","old","GCAM"
"W/m^2","GCAM_SSP3",2089,0.11463,"RF_BC","old","GCAM"
"W/m^2","GCAM_SSP3",2090,0.112837,"RF_BC","old","GCAM"
"W/m^2","GCAM_SSP3",2091,0.11088,"RF_BC","old","GCAM"
"W/m^2","GCAM_SSP3",2092,0.108923,"RF_BC","old","GCAM"
"W/m^2","GCAM_SSP3",2093,0.106966,"RF_BC","old","GCAM"
"W/m^2","GCAM_SSP3",2094,0.105009,"RF_BC","old","GCAM"
"W/m^2","GCAM_SSP3",2095,0.103052,"RF_BC","old","GCAM"
"W/m^2","GCAM_SSP3",2096,0.101131,"RF_BC","old","GCAM"
"W/m^2","GCAM_SSP3",2097,0.0992098,"RF_BC","old","GCAM"
"W/m^2","GCAM_SSP3",2098,0.0972885,"RF_BC","old","GCAM"
"W/m^2","GCAM_SSP3",2099,0.0953673,"RF_BC","old","GCAM"
"W/m^2","GCAM_SSP3",2100,0.0934461,"RF_BC","old","GCAM"
"W/m^2","GCAM_SSP3",1976,-0.492498,"RF_SO2","old","GCAM"
"W/m^2","GCAM_SSP3",1977,-0.497157,"RF_SO2","old","GCAM"
"W/m^2","GCAM_SSP3",1978,-0.498994,"RF_SO2","old","GCAM"
"W/m^2","GCAM_SSP3",1979,-0.507187,"RF_SO2","old","GCAM"
"W/m^2","GCAM_SSP3",1980,-0.504677,"RF_SO2","old","GCAM"
"W/m^2","GCAM_SSP3",1981,-0.489027,"RF_SO2","old","GCAM"
"W/m^2","GCAM_SSP3",1982,-0.480388,"RF_SO2","old","GCAM"
"W/m^2","GCAM_SSP3",1983,-0.473069,"RF_SO2","old","GCAM"
"W/m^2","GCAM_SSP3",1984,-0.478727,"RF_SO2","old","GCAM"
"W/m^2","GCAM_SSP3",1985,-0.479953,"RF_SO2","old","GCAM"
"W/m^2","GCAM_SSP3",1986,-0.479992,"RF_SO2","old","GCAM"
"W/m^2","GCAM_SSP3",1987,-0.489268,"RF_SO2","old","GCAM"
"W/m^2","GCAM_SSP3",1988,-0.493499,"RF_SO2","old","GCAM"
"W/m^2","GCAM_SSP3",1989,-0.493689,"RF_SO2","old","GCAM"
"W/m^2","GCAM_SSP3",1990,-0.492054,"RF_SO2","old","GCAM"
"W/m^2","GCAM_SSP3",1991,-0.48741,"RF_SO2","old","GCAM"
"W/m^2","GCAM_SSP3",1992,-0.470615,"RF_SO2","old","GCAM"
"W/m^2","GCAM_SSP3",1993,-0.462933,"RF_SO2","old","GCAM"
"W/m^2","GCAM_SSP3",1994,-0.452662,"RF_SO2","old","GCAM"
"W/m^2","GCAM_SSP3",1995,-0.44381,"RF_SO2","old","GCAM"
"W/m^2","GCAM_SSP3",1996,-0.436449,"RF_SO2","old","GCAM"
"W/m^2","GCAM_SSP3",1997,-0.438079,"RF_SO2","old","GCAM"
"W/m^2","GCAM_SSP3",1998,-0.428638,"RF_SO2","old","GCAM"
"W/m^2","GCAM_SSP3",1999,-0.405624,"RF_SO2","old","GCAM"
"W/m^2","GCAM_SSP3",2000,-0.406651,"RF_SO2","old","GCAM"
"W/m^2","GCAM_SSP3",2001,-0.409551,"RF_SO2","old","GCAM"
"W/m^2","GCAM_SSP3",2002,-0.406849,"RF_SO2","old","GCAM"
"W/m^2","GCAM_SSP3",2003,-0.421447,"RF_SO2","old","GCAM"
"W/m^2","GCAM_SSP3",2004,-0.441609,"RF_SO2","old","GCAM"
"W/m^2","GCAM_SSP3",2005,-0.441609,"RF_SO2","old","GCAM"
"W/m^2","GCAM_SSP3",2006,-0.430681,"RF_SO2","old","GCAM"
"W/m^2","GCAM_SSP3",2007,-0.419753,"RF_SO2","old","GCAM"
"W/m^2","GCAM_SSP3",2008,-0.408825,"RF_SO2","old","GCAM"
"W/m^2","GCAM_SSP3",2009,-0.397898,"RF_SO2","old","GCAM"
"W/m^2","GCAM_SSP3",2010,-0.38697,"RF_SO2","old","GCAM"
"W/m^2","GCAM_SSP3",2011,-0.375536,"RF_SO2","old","GCAM"
"W/m^2","GCAM_SSP3",2012,-0.364103,"RF_SO2","old","GCAM"
"W/m^2","GCAM_SSP3",2013,-0.352669,"RF_SO2","old","GCAM"
"W/m^2","GCAM_SSP3",2014,-0.341236,"RF_SO2","old","GCAM"
"W/m^2","GCAM_SSP3",2015,-0.329802,"RF_SO2","old","GCAM"
"W/m^2","GCAM_SSP3",2016,-0.318169,"RF_SO2","old","GCAM"
"W/m^2","GCAM_SSP3",2017,-0.306535,"RF_SO2","old","GCAM"
"W/m^2","GCAM_SSP3",2018,-0.294902,"RF_SO2","old","GCAM"
"W/m^2","GCAM_SSP3",2019,-0.283268,"RF_SO2","old","GCAM"
"W/m^2","GCAM_SSP3",2020,-0.271635,"RF_SO2","old","GCAM"
"W/m^2","GCAM_SSP3",2021,-0.260002,"RF_SO2","old","GCAM"
"W/m^2","GCAM_SSP3",2022,-0.263019,"RF_SO2","old","GCAM"
"W/m^2","GCAM_SSP3",2023,-0.266037,"RF_SO2","old","GCAM"
"W/m^2","GCAM_SSP3",2024,-0.269055,"RF_SO2","old","GCAM"
"W/m^2","GCAM_SSP3",2025,-0.272073,"RF_SO2","old","GCAM"
"W/m^2","GCAM_SSP3",2026,-0.268457,"RF_SO2","old","GCAM"
"W/m^2","GCAM_SSP3",2027,-0.26484,"RF_SO2","old","GCAM"
"W/m^2","GCAM_SSP3",2028,-0.261224,"RF_SO2","old","GCAM"
"W/m^2","GCAM_SSP3",2029,-0.257608,"RF_SO2","old","GCAM"
"W/m^2","GCAM_SSP3",2030,-0.253992,"RF_SO2","old","GCAM"
"W/m^2","GCAM_SSP3",2031,-0.250801,"RF_SO2","old","GCAM"
"W/m^2","GCAM_SSP3",2032,-0.24761,"RF_SO2","old","GCAM"
"W/m^2","GCAM_SSP3",2033,-0.24442,"RF_SO2","old","GCAM"
"W/m^2","GCAM_SSP3",2034,-0.241229,"RF_SO2","old","GCAM"
"W/m^2","GCAM_SSP3",2035,-0.238038,"RF_SO2","old","GCAM"
"W/m^2","GCAM_SSP3",2036,-0.235902,"RF_SO2","old","GCAM"
"W/m^2","GCAM_SSP3",2037,-0.233767,"RF_SO2","old","GCAM"
"W/m^2","GCAM_SSP3",2038,-0.231631,"RF_SO2","old","GCAM"
"W/m^2","GCAM_SSP3",2039,-0.229496,"RF_SO2","old","GCAM"
"W/m^2","GCAM_SSP3",2040,-0.22736,"RF_SO2","old","GCAM"
"W/m^2","GCAM_SSP3",2041,-0.22578,"RF_SO2","old","GCAM"
"W/m^2","GCAM_SSP3",2042,-0.2242,"RF_SO2","old","GCAM"
"W/m^2","GCAM_SSP3",2043,-0.22262,"RF_SO2","old","GCAM"
"W/m^2","GCAM_SSP3",2044,-0.221039,"RF_SO2","old","GCAM"
"W/m^2","GCAM_SSP3",2045,-0.219459,"RF_SO2","old","GCAM"
"W/m^2","GCAM_SSP3",2046,-0.218201,"RF_SO2","old","GCAM"
"W/m^2","GCAM_SSP3",2047,-0.216942,"RF_SO2","old","GCAM"
"W/m^2","GCAM_SSP3",2048,-0.215683,"RF_SO2","old","GCAM"
"W/m^2","GCAM_SSP3",2049,-0.214425,"RF_SO2","old","GCAM"
"W/m^2","GCAM_SSP3",2050,-0.213166,"RF_SO2","old","GCAM"
"W/m^2","GCAM_SSP3",2051,-0.211954,"RF_SO2","old","GCAM"
"W/m^2","GCAM_SSP3",2052,-0.210742,"RF_SO2","old","GCAM"
"W/m^2","GCAM_SSP3",2053,-0.209529,"RF_SO2","old","GCAM"
"W/m^2","GCAM_SSP3",2054,-0.208317,"RF_SO2","old","GCAM"
"W/m^2","GCAM_SSP3",2055,-0.207105,"RF_SO2","old","GCAM"
"W/m^2","GCAM_SSP3",2056,-0.2064,"RF_SO2","old","GCAM"
"W/m^2","GCAM_SSP3",2057,-0.205696,"RF_SO2","old","GCAM"
"W/m^2","GCAM_SSP3",2058,-0.204991,"RF_SO2","old","GCAM"
"W/m^2","GCAM_SSP3",2059,-0.204287,"RF_SO2","old","GCAM"
"W/m^2","GCAM_SSP3",2060,-0.203582,"RF_SO2","old","GCAM"
"W/m^2","GCAM_SSP3",2061,-0.202922,"RF_SO2","old","GCAM"
"W/m^2","GCAM_SSP3",2062,-0.202262,"RF_SO2","old","GCAM"
"W/m^2","GCAM_SSP3",2063,-0.201602,"RF_SO2","old","GCAM"
"W/m^2","GCAM_SSP3",2064,-0.200942,"RF_SO2","old","GCAM"
"W/m^2","GCAM_SSP3",2065,-0.200282,"RF_SO2","old","GCAM"
"W/m^2","GCAM_SSP3",2066,-0.199507,"RF_SO2","old","GCAM"
"W/m^2","GCAM_SSP3",2067,-0.198731,"RF_SO2","old","GCAM"
"W/m^2","GCAM_SSP3",2068,-0.197956,"RF_SO2","old","GCAM"
"W/m^2","GCAM_SSP3",2069,-0.19718,"RF_SO2","old","GCAM"
"W/m^2","GCAM_SSP3",2070,-0.196405,"RF_SO2","old","GCAM"
"W/m^2","GCAM_SSP3",2071,-0.195495,"RF_SO2","old","GCAM"
"W/m^2","GCAM_SSP3",2072,-0.194585,"RF_SO2","old","GCAM"
"W/m^2","GCAM_SSP3",2073,-0.193675,"RF_SO2","old","GCAM"
"W/m^2","GCAM_SSP3",2074,-0.192765,"RF_SO2","old","GCAM"
"W/m^2","GCAM_SSP3",2075,-0.191855,"RF_SO2","old","GCAM"
"W/m^2","GCAM_SSP3",2076,-0.190753,"RF_SO2","old","GCAM"
"W/m^2","GCAM_SSP3",2077,-0.189651,"RF_SO2","old","GCAM"
"W/m^2","GCAM_SSP3",2078,-0.188549,"RF_SO2","old","GCAM"
"W/m^2","GCAM_SSP3",2079,-0.187447,"RF_SO2","old","GCAM"
"W/m^2","GCAM_SSP3",2080,-0.186345,"RF_SO2","old","GCAM"
"W/m^2","GCAM_SSP3",2081,-0.184578,"RF_SO2","old","GCAM"
"W/m^2","GCAM_SSP3",2082,-0.182811,"RF_SO2","old","GCAM"
"W/m^2","GCAM_SSP3",2083,-0.181044,"RF_SO2","old","GCAM"
"W/m^2","GCAM_SSP3",2084,-0.179277,"RF_SO2","old","GCAM"
"W/m^2","GCAM_SSP3",2085,-0.17751,"RF_SO2","old","GCAM"
"W/m^2","GCAM_SSP3",2086,-0.175803,"RF_SO2","old","GCAM"
"W/m^2","GCAM_SSP3",2087,-0.174096,"RF_SO2","old","GCAM"
"W/m^2","GCAM_SSP3",2088,-0.172389,"RF_SO2","old","GCAM"
"W/m^2","GCAM_SSP3",2089,-0.170682,"RF_SO2","old","GCAM"
"W/m^2","GCAM_SSP3",2090,-0.168975,"RF_SO2","old","GCAM"
"W/m^2","GCAM_SSP3",2091,-0.167129,"RF_SO2","old","GCAM"
"W/m^2","GCAM_SSP3",2092,-0.165283,"RF_SO2","old","GCAM"
"W/m^2","GCAM_SSP3",2093,-0.163438,"RF_SO2","old","GCAM"
"W/m^2","GCAM_SSP3",2094,-0.161592,"RF_SO2","old","GCAM"
"W/m^2","GCAM_SSP3",2095,-0.159746,"RF_SO2","old","GCAM"
"W/m^2","GCAM_SSP3",2096,-0.157617,"RF_SO2","old","GCAM"
"W/m^2","GCAM_SSP3",2097,-0.155488,"RF_SO2","old","GCAM"
"W/m^2","GCAM_SSP3",2098,-0.153359,"RF_SO2","old","GCAM"
"W/m^2","GCAM_SSP3",2099,-0.15123,"RF_SO2","old","GCAM"
"W/m^2","GCAM_SSP3",2100,-0.149101,"RF_SO2","old","GCAM"
"W/m^2","GCAM_SSP3",1976,-0.0763851,"RF_NH3","old","GCAM"
"W/m^2","GCAM_SSP3",1977,-0.0780022,"RF_NH3","old","GCAM"
"W/m^2","GCAM_SSP3",1978,-0.0800753,"RF_NH3","old","GCAM"
"W/m^2","GCAM_SSP3",1979,-0.0819936,"RF_NH3","old","GCAM"
"W/m^2","GCAM_SSP3",1980,-0.0838043,"RF_NH3","old","GCAM"
"W/m^2","GCAM_SSP3",1981,-0.0846538,"RF_NH3","old","GCAM"
"W/m^2","GCAM_SSP3",1982,-0.0874276,"RF_NH3","old","GCAM"
"W/m^2","GCAM_SSP3",1983,-0.0873815,"RF_NH3","old","GCAM"
"W/m^2","GCAM_SSP3",1984,-0.0896308,"RF_NH3","old","GCAM"
"W/m^2","GCAM_SSP3",1985,-0.0911805,"RF_NH3","old","GCAM"
"W/m^2","GCAM_SSP3",1986,-0.0928888,"RF_NH3","old","GCAM"
"W/m^2","GCAM_SSP3",1987,-0.095291,"RF_NH3","old","GCAM"
"W/m^2","GCAM_SSP3",1988,-0.0961403,"RF_NH3","old","GCAM"
"W/m^2","GCAM_SSP3",1989,-0.096864,"RF_NH3","old","GCAM"
"W/m^2","GCAM_SSP3",1990,-0.0978462,"RF_NH3","old","GCAM"
"W/m^2","GCAM_SSP3",1991,-0.101579,"RF_NH3","old","GCAM"
"W/m^2","GCAM_SSP3",1992,-0.0975369,"RF_NH3","old","GCAM"
"W/m^2","GCAM_SSP3",1993,-0.0984064,"RF_NH3","old","GCAM"
"W/m^2","GCAM_SSP3",1994,-0.10147,"RF_NH3","old","GCAM"
"W/m^2","GCAM_SSP3",1995,-0.0997669,"RF_NH3","old","GCAM"
"W/m^2","GCAM_SSP3",1996,-0.0997767,"RF_NH3","old","GCAM"
"W/m^2","GCAM_SSP3",1997,-0.105564,"RF_NH3","old","GCAM"
"W/m^2","GCAM_SSP3",1998,-0.106575,"RF_NH3","old","GCAM"
"W/m^2","GCAM_SSP3",1999,-0.10267,"RF_NH3","old","GCAM"
"W/m^2","GCAM_SSP3",2000,-0.102112,"RF_NH3","old","GCAM"
"W/m^2","GCAM_SSP3",2001,-0.102542,"RF_NH3","old","GCAM"
"W/m^2","GCAM_SSP3",2002,-0.107621,"RF_NH3","old","GCAM"
"W/m^2","GCAM_SSP3",2003,-0.108938,"RF_NH3","old","GCAM"
"W/m^2","GCAM_SSP3",2004,-0.109847,"RF_NH3","old","GCAM"
"W/m^2","GCAM_SSP3",2005,-0.109847,"RF_NH3","old","GCAM"
"W/m^2","GCAM_SSP3",2006,-0.110404,"RF_NH3","old","GCAM"
"W/m^2","GCAM_SSP3",2007,-0.110962,"RF_NH3","old","GCAM"
"W/m^2","GCAM_SSP3",2008,-0.11152,"RF_NH3","old","GCAM"
"W/m^2","GCAM_SSP3",2009,-0.112078,"RF_NH3","old","GCAM"
"W/m^2","GCAM_SSP3",2010,-0.112636,"RF_NH3","old","GCAM"
"W/m^2","GCAM_SSP3",2011,-0.113969,"RF_NH3","old","GCAM"
"W/m^2","GCAM_SSP3",2012,-0.115301,"RF_NH3","old","GCAM"
"W/m^2","GCAM_SSP3",2013,-0.116634,"RF_NH3","old","GCAM"
"W/m^2","GCAM_SSP3",2014,-0.117966,"RF_NH3","old","GCAM"
"W/m^2","GCAM_SSP3",2015,-0.119298,"RF_NH3","old","GCAM"
"W/m^2","GCAM_SSP3",2016,-0.120507,"RF_NH3","old","GCAM"
"W/m^2","GCAM_SSP3",2017,-0.121715,"RF_NH3","old","GCAM"
"W/m^2","GCAM_SSP3",2018,-0.122923,"RF_NH3","old","GCAM"
"W/m^2","GCAM_SSP3",2019,-0.124132,"RF_NH3","old","GCAM"
"W/m^2","GCAM_SSP3",2020,-0.12534,"RF_NH3","old","GCAM"
"W/m^2","GCAM_SSP3",2021,-0.126548,"RF_NH3","old","GCAM"
"W/m^2","GCAM_SSP3",2022,-0.129137,"RF_NH3","old","GCAM"
"W/m^2","GCAM_SSP3",2023,-0.131726,"RF_NH3","old","GCAM"
"W/m^2","GCAM_SSP3",2024,-0.134315,"RF_NH3","old","GCAM"
"W/m^2","GCAM_SSP3",2025,-0.136905,"RF_NH3","old","GCAM"
"W/m^2","GCAM_SSP3",2026,-0.138738,"RF_NH3","old","GCAM"
"W/m^2","GCAM_SSP3",2027,-0.14057,"RF_NH3","old","GCAM"
"W/m^2","GCAM_SSP3",2028,-0.142403,"RF_NH3","old","GCAM"
"W/m^2","GCAM_SSP3",2029,-0.144236,"RF_NH3","old","GCAM"
"W/m^2","GCAM_SSP3",2030,-0.146069,"RF_NH3","old","GCAM"
"W/m^2","GCAM_SSP3",2031,-0.147962,"RF_NH3","old","GCAM"
"W/m^2","GCAM_SSP3",2032,-0.149855,"RF_NH3","old","GCAM"
"W/m^2","GCAM_SSP3",2033,-0.151748,"RF_NH3","old","GCAM"
"W/m^2","GCAM_SSP3",2034,-0.153641,"RF_NH3","old","GCAM"
"W/m^2","GCAM_SSP3",2035,-0.155533,"RF_NH3","old","GCAM"
"W/m^2","GCAM_SSP3",2036,-0.157289,"RF_NH3","old","GCAM"
"W/m^2","GCAM_SSP3",2037,-0.159044,"RF_NH3","old","GCAM"
"W/m^2","GCAM_SSP3",2038,-0.160799,"RF_NH3","old","GCAM"
"W/m^2","GCAM_SSP3",2039,-0.162554,"RF_NH3","old","GCAM"
"W/m^2","GCAM_SSP3",2040,-0.164309,"RF_NH3","old","GCAM"
"W/m^2","GCAM_SSP3",2041,-0.165868,"RF_NH3","old","GCAM"
"W/m^2","GCAM_SSP3",2042,-0.167426,"RF_NH3","old","GCAM"
"W/m^2","GCAM_SSP3",2043,-0.168985,"RF_NH3","old","GCAM"
"W/m^2","GCAM_SSP3",2044,-0.170544,"RF_NH3","old","GCAM"
"W/m^2","GCAM_SSP3",2045,-0.172103,"RF_NH3","old","GCAM"
"W/m^2","GCAM_SSP3",2046,-0.173509,"RF_NH3","old","GCAM"
"W/m^2","GCAM_SSP3",2047,-0.174916,"RF_NH3","old","GCAM"
"W/m^2","GCAM_SSP3",2048,-0.176323,"RF_NH3","old","GCAM"
"W/m^2","GCAM_SSP3",2049,-0.177729,"RF_NH3","old","GCAM"
"W/m^2","GCAM_SSP3",2050,-0.179136,"RF_NH3","old","GCAM"
"W/m^2","GCAM_SSP3",2051,-0.180481,"RF_NH3","old","GCAM"
"W/m^2","GCAM_SSP3",2052,-0.181827,"RF_NH3","old","GCAM"
"W/m^2","GCAM_SSP3",2053,-0.183172,"RF_NH3","old","GCAM"
"W/m^2","GCAM_SSP3",2054,-0.184518,"RF_NH3","old","GCAM"
"W/m^2","GCAM_SSP3",2055,-0.185864,"RF_NH3","old","GCAM"
"W/m^2","GCAM_SSP3",2056,-0.187318,"RF_NH3","old","GCAM"
"W/m^2","GCAM_SSP3",2057,-0.188773,"RF_NH3","old","GCAM"
"W/m^2","GCAM_SSP3",2058,-0.190228,"RF_NH3","old","GCAM"
"W/m^2","GCAM_SSP3",2059,-0.191683,"RF_NH3","old","GCAM"
"W/m^2","GCAM_SSP3",2060,-0.193137,"RF_NH3","old","GCAM"
"W/m^2","GCAM_SSP3",2061,-0.194533,"RF_NH3","old","GCAM"
"W/m^2","GCAM_SSP3",2062,-0.195929,"RF_NH3","old","GCAM"
"W/m^2","GCAM_SSP3",2063,-0.197325,"RF_NH3","old","GCAM"
"W/m^2","GCAM_SSP3",2064,-0.198721,"RF_NH3","old","GCAM"
"W/m^2","GCAM_SSP3",2065,-0.200117,"RF_NH3","old","GCAM"
"W/m^2","GCAM_SSP3",2066,-0.20142,"RF_NH3","old","GCAM"
"W/m^2","GCAM_SSP3",2067,-0.202723,"RF_NH3","old","GCAM"
"W/m^2","GCAM_SSP3",2068,-0.204025,"RF_NH3","old","GCAM"
"W/m^2","GCAM_SSP3",2069,-0.205328,"RF_NH3","old","GCAM"
"W/m^2","GCAM_SSP3",2070,-0.206631,"RF_NH3","old","GCAM"
"W/m^2","GCAM_SSP3",2071,-0.207825,"RF_NH3","old","GCAM"
"W/m^2","GCAM_SSP3",2072,-0.209018,"RF_NH3","old","GCAM"
"W/m^2","GCAM_SSP3",2073,-0.210212,"RF_NH3","old","GCAM"
"W/m^2","GCAM_SSP3",2074,-0.211405,"RF_NH3","old","GCAM"
"W/m^2","GCAM_SSP3",2075,-0.212598,"RF_NH3","old","GCAM"
"W/m^2","GCAM_SSP3",2076,-0.213764,"RF_NH3","old","GCAM"
"W/m^2","GCAM_SSP3",2077,-0.21493,"RF_NH3","old","GCAM"
"W/m^2","GCAM_SSP3",2078,-0.216096,"RF_NH3","old","GCAM"
"W/m^2","GCAM_SSP3",2079,-0.217261,"RF_NH3","old","GCAM"
"W/m^2","GCAM_SSP3",2080,-0.218427,"RF_NH3","old","GCAM"
"W/m^2","GCAM_SSP3",2081,-0.219601,"RF_NH3","old","GCAM"
"W/m^2","GCAM_SSP3",2082,-0.220776,"RF_NH3","old","GCAM"
"W/m^2","GCAM_SSP3",2083,-0.221951,"RF_NH3","old","GCAM"
"W/m^2","GCAM_SSP3",2084,-0.223125,"RF_NH3","old","GCAM"
"W/m^2","GCAM_SSP3",2085,-0.2243,"RF_NH3","old","GCAM"
"W/m^2","GCAM_SSP3",2086,-0.225555,"RF_NH3","old","GCAM"
"W/m^2","GCAM_SSP3",2087,-0.226811,"RF_NH3","old","GCAM"
"W/m^2","GCAM_SSP3",2088,-0.228066,"RF_NH3","old","GCAM"
"W/m^2","GCAM_SSP3",2089,-0.229321,"RF_NH3","old","GCAM"
"W/m^2","GCAM_SSP3",2090,-0.230576,"RF_NH3","old","GCAM"
"W/m^2","GCAM_SSP3",2091,-0.231725,"RF_NH3","old","GCAM"
"W/m^2","GCAM_SSP3",2092,-0.232874,"RF_NH3","old","GCAM"
"W/m^2","GCAM_SSP3",2093,-0.234023,"RF_NH3","old","GCAM"
"W/m^2","GCAM_SSP3",2094,-0.235172,"RF_NH3","old","GCAM"
"W/m^2","GCAM_SSP3",2095,-0.23632,"RF_NH3","old","GCAM"
"W/m^2","GCAM_SSP3",2096,-0.237466,"RF_NH3","old","GCAM"
"W/m^2","GCAM_SSP3",2097,-0.238612,"RF_NH3","old","GCAM"
"W/m^2","GCAM_SSP3",2098,-0.239758,"RF_NH3","old","GCAM"
"W/m^2","GCAM_SSP3",2099,-0.240904,"RF_NH3","old","GCAM"
"W/m^2","GCAM_SSP3",2100,-0.24205,"RF_NH3","old","GCAM"
"W/m^2","GCAM_SSP3",1976,0.0964543,"RF_N2O","old","GCAM"
"W/m^2","GCAM_SSP3",1977,0.0993834,"RF_N2O","old","GCAM"
"W/m^2","GCAM_SSP3",1978,0.102372,"RF_N2O","old","GCAM"
"W/m^2","GCAM_SSP3",1979,0.105457,"RF_N2O","old","GCAM"
"W/m^2","GCAM_SSP3",1980,0.108559,"RF_N2O","old","GCAM"
"W/m^2","GCAM_SSP3",1981,0.111589,"RF_N2O","old","GCAM"
"W/m^2","GCAM_SSP3",1982,0.114741,"RF_N2O","old","GCAM"
"W/m^2","GCAM_SSP3",1983,0.117897,"RF_N2O","old","GCAM"
"W/m^2","GCAM_SSP3",1984,0.120971,"RF_N2O","old","GCAM"
"W/m^2","GCAM_SSP3",1985,0.124015,"RF_N2O","old","GCAM"
"W/m^2","GCAM_SSP3",1986,0.127112,"RF_N2O","old","GCAM"
"W/m^2","GCAM_SSP3",1987,0.130331,"RF_N2O","old","GCAM"
"W/m^2","GCAM_SSP3",1988,0.133407,"RF_N2O","old","GCAM"
"W/m^2","GCAM_SSP3",1989,0.136506,"RF_N2O","old","GCAM"
"W/m^2","GCAM_SSP3",1990,0.139579,"RF_N2O","old","GCAM"
"W/m^2","GCAM_SSP3",1991,0.142632,"RF_N2O","old","GCAM"
"W/m^2","GCAM_SSP3",1992,0.145722,"RF_N2O","old","GCAM"
"W/m^2","GCAM_SSP3",1993,0.148753,"RF_N2O","old","GCAM"
"W/m^2","GCAM_SSP3",1994,0.151815,"RF_N2O","old","GCAM"
"W/m^2","GCAM_SSP3",1995,0.154916,"RF_N2O","old","GCAM"
"W/m^2","GCAM_SSP3",1996,0.158012,"RF_N2O","old","GCAM"
"W/m^2","GCAM_SSP3",1997,0.161138,"RF_N2O","old","GCAM"
"W/m^2","GCAM_SSP3",1998,0.164079,"RF_N2O","old","GCAM"
"W/m^2","GCAM_SSP3",1999,0.166909,"RF_N2O","old","GCAM"
"W/m^2","GCAM_SSP3",2000,0.169606,"RF_N2O","old","GCAM"
"W/m^2","GCAM_SSP3",2001,0.172322,"RF_N2O","old","GCAM"
"W/m^2","GCAM_SSP3",2002,0.1751,"RF_N2O","old","GCAM"
"W/m^2","GCAM_SSP3",2003,0.177896,"RF_N2O","old","GCAM"
"W/m^2","GCAM_SSP3",2004,0.180763,"RF_N2O","old","GCAM"
"W/m^2","GCAM_SSP3",2005,0.183602,"RF_N2O","old","GCAM"
"W/m^2","GCAM_SSP3",2006,0.186395,"RF_N2O","old","GCAM"
"W/m^2","GCAM_SSP3",2007,0.189147,"RF_N2O","old","GCAM"
"W/m^2","GCAM_SSP3",2008,0.191851,"RF_N2O","old","GCAM"
"W/m^2","GCAM_SSP3",2009,0.194508,"RF_N2O","old","GCAM"
"W/m^2","GCAM_SSP3",2010,0.197117,"RF_N2O","old","GCAM"
"W/m^2","GCAM_SSP3",2011,0.199776,"RF_N2O","old","GCAM"
"W/m^2","GCAM_SSP3",2012,0.202483,"RF_N2O","old","GCAM"
"W/m^2","GCAM_SSP3",2013,0.205239,"RF_N2O","old","GCAM"
"W/m^2","GCAM_SSP3",2014,0.208044,"RF_N2O","old","GCAM"
"W/m^2","GCAM_SSP3",2015,0.210897,"RF_N2O","old","GCAM"
"W/m^2","GCAM_SSP3",2016,0.213727,"RF_N2O","old","GCAM"
"W/m^2","GCAM_SSP3",2017,0.21654,"RF_N2O","old","GCAM"
"W/m^2","GCAM_SSP3",2018,0.219331,"RF_N2O","old","GCAM"
"W/m^2","GCAM_SSP3",2019,0.222102,"RF_N2O","old","GCAM"
"W/m^2","GCAM_SSP3",2020,0.224852,"RF_N2O","old","GCAM"
"W/m^2","GCAM_SSP3",2021,0.227581,"RF_N2O","old","GCAM"
"W/m^2","GCAM_SSP3",2022,0.230366,"RF_N2O","old","GCAM"
"W/m^2","GCAM_SSP3",2023,0.233196,"RF_N2O","old","GCAM"
"W/m^2","GCAM_SSP3",2024,0.236078,"RF_N2O","old","GCAM"
"W/m^2","GCAM_SSP3",2025,0.239011,"RF_N2O","old","GCAM"
"W/m^2","GCAM_SSP3",2026,0.241964,"RF_N2O","old","GCAM"
"W/m^2","GCAM_SSP3",2027,0.244939,"RF_N2O","old","GCAM"
"W/m^2","GCAM_SSP3",2028,0.247935,"RF_N2O","old","GCAM"
"W/m^2","GCAM_SSP3",2029,0.250952,"RF_N2O","old","GCAM"
"W/m^2","GCAM_SSP3",2030,0.25399,"RF_N2O","old","GCAM"
"W/m^2","GCAM_SSP3",2031,0.257041,"RF_N2O","old","GCAM"
"W/m^2","GCAM_SSP3",2032,0.26011,"RF_N2O","old","GCAM"
"W/m^2","GCAM_SSP3",2033,0.263192,"RF_N2O","old","GCAM"
"W/m^2","GCAM_SSP3",2034,0.26629,"RF_N2O","old","GCAM"
"W/m^2","GCAM_SSP3",2035,0.269401,"RF_N2O","old","GCAM"
"W/m^2","GCAM_SSP3",2036,0.27252,"RF_N2O","old","GCAM"
"W/m^2","GCAM_SSP3",2037,0.275648,"RF_N2O","old","GCAM"
"W/m^2","GCAM_SSP3",2038,0.278784,"RF_N2O","old","GCAM"
"W/m^2","GCAM_SSP3",2039,0.281927,"RF_N2O","old","GCAM"
"W/m^2","GCAM_SSP3",2040,0.285079,"RF_N2O","old","GCAM"
"W/m^2","GCAM_SSP3",2041,0.288236,"RF_N2O","old","GCAM"
"W/m^2","GCAM_SSP3",2042,0.291401,"RF_N2O","old","GCAM"
"W/m^2","GCAM_SSP3",2043,0.294571,"RF_N2O","old","GCAM"
"W/m^2","GCAM_SSP3",2044,0.297746,"RF_N2O","old","GCAM"
"W/m^2","GCAM_SSP3",2045,0.300926,"RF_N2O","old","GCAM"
"W/m^2","GCAM_SSP3",2046,0.304121,"RF_N2O","old","GCAM"
"W/m^2","GCAM_SSP3",2047,0.307331,"RF_N2O","old","GCAM"
"W/m^2","GCAM_SSP3",2048,0.310556,"RF_N2O","old","GCAM"
"W/m^2","GCAM_SSP3",2049,0.313795,"RF_N2O","old","GCAM"
"W/m^2","GCAM_SSP3",2050,0.317048,"RF_N2O","old","GCAM"
"W/m^2","GCAM_SSP3",2051,0.320318,"RF_N2O","old","GCAM"
"W/m^2","GCAM_SSP3",2052,0.323604,"RF_N2O","old","GCAM"
"W/m^2","GCAM_SSP3",2053,0.326906,"RF_N2O","old","GCAM"
"W/m^2","GCAM_SSP3",2054,0.330224,"RF_N2O","old","GCAM"
"W/m^2","GCAM_SSP3",2055,0.333558,"RF_N2O","old","GCAM"
"W/m^2","GCAM_SSP3",2056,0.336909,"RF_N2O","old","GCAM"
"W/m^2","GCAM_SSP3",2057,0.340278,"RF_N2O","old","GCAM"
"W/m^2","GCAM_SSP3",2058,0.343663,"RF_N2O","old","GCAM"
"W/m^2","GCAM_SSP3",2059,0.347064,"RF_N2O","old","GCAM"
"W/m^2","GCAM_SSP3",2060,0.350481,"RF_N2O","old","GCAM"
"W/m^2","GCAM_SSP3",2061,0.35391,"RF_N2O","old","GCAM"
"W/m^2","GCAM_SSP3",2062,0.357352,"RF_N2O","old","GCAM"
"W/m^2","GCAM_SSP3",2063,0.360806,"RF_N2O","old","GCAM"
"W/m^2","GCAM_SSP3",2064,0.364272,"RF_N2O","old","GCAM"
"W/m^2","GCAM_SSP3",2065,0.367748,"RF_N2O","old","GCAM"
"W/m^2","GCAM_SSP3",2066,0.371233,"RF_N2O","old","GCAM"
"W/m^2","GCAM_SSP3",2067,0.374727,"RF_N2O","old","GCAM"
"W/m^2","GCAM_SSP3",2068,0.378228,"RF_N2O","old","GCAM"
"W/m^2","GCAM_SSP3",2069,0.381738,"RF_N2O","old","GCAM"
"W/m^2","GCAM_SSP3",2070,0.385254,"RF_N2O","old","GCAM"
"W/m^2","GCAM_SSP3",2071,0.388774,"RF_N2O","old","GCAM"
"W/m^2","GCAM_SSP3",2072,0.3923,"RF_N2O","old","GCAM"
"W/m^2","GCAM_SSP3",2073,0.395828,"RF_N2O","old","GCAM"
"W/m^2","GCAM_SSP3",2074,0.39936,"RF_N2O","old","GCAM"
"W/m^2","GCAM_SSP3",2075,0.402896,"RF_N2O","old","GCAM"
"W/m^2","GCAM_SSP3",2076,0.406434,"RF_N2O","old","GCAM"
"W/m^2","GCAM_SSP3",2077,0.409975,"RF_N2O","old","GCAM"
"W/m^2","GCAM_SSP3",2078,0.41352,"RF_N2O","old","GCAM"
"W/m^2","GCAM_SSP3",2079,0.417067,"RF_N2O","old","GCAM"
"W/m^2","GCAM_SSP3",2080,0.420617,"RF_N2O","old","GCAM"
"W/m^2","GCAM_SSP3",2081,0.424167,"RF_N2O","old","GCAM"
"W/m^2","GCAM_SSP3",2082,0.427717,"RF_N2O","old","GCAM"
"W/m^2","GCAM_SSP3",2083,0.431267,"RF_N2O","old","GCAM"
"W/m^2","GCAM_SSP3",2084,0.434817,"RF_N2O","old","GCAM"
"W/m^2","GCAM_SSP3",2085,0.438366,"RF_N2O","old","GCAM"
"W/m^2","GCAM_SSP3",2086,0.441916,"RF_N2O","old","GCAM"
"W/m^2","GCAM_SSP3",2087,0.445467,"RF_N2O","old","GCAM"
"W/m^2","GCAM_SSP3",2088,0.449018,"RF_N2O","old","GCAM"
"W/m^2","GCAM_SSP3",2089,0.452569,"RF_N2O","old","GCAM"
"W/m^2","GCAM_SSP3",2090,0.456121,"RF_N2O","old","GCAM"
"W/m^2","GCAM_SSP3",2091,0.459669,"RF_N2O","old","GCAM"
"W/m^2","GCAM_SSP3",2092,0.463216,"RF_N2O","old","GCAM"
"W/m^2","GCAM_SSP3",2093,0.466761,"RF_N2O","old","GCAM"
"W/m^2","GCAM_SSP3",2094,0.470303,"RF_N2O","old","GCAM"
"W/m^2","GCAM_SSP3",2095,0.473842,"RF_N2O","old","GCAM"
"W/m^2","GCAM_SSP3",2096,0.477376,"RF_N2O","old","GCAM"
"W/m^2","GCAM_SSP3",2097,0.480907,"RF_N2O","old","GCAM"
"W/m^2","GCAM_SSP3",2098,0.484433,"RF_N2O","old","GCAM"
"W/m^2","GCAM_SSP3",2099,0.487955,"RF_N2O","old","GCAM"
"W/m^2","GCAM_SSP3",2100,0.491472,"RF_N2O","old","GCAM"
"W/m^2","GCAM_SSP3",1976,0.377541,"RF_CH4","old","GCAM"
"W/m^2","GCAM_SSP3",1977,0.38299,"RF_CH4","old","GCAM"
"W/m^2","GCAM_SSP3",1978,0.388159,"RF_CH4","old","GCAM"
"W/m^2","GCAM_SSP3",1979,0.393452,"RF_CH4","old","GCAM"
"W/m^2","GCAM_SSP3",1980,0.398428,"RF_CH4","old","GCAM"
"W/m^2","GCAM_SSP3",1981,0.402322,"RF_CH4","old","GCAM"
"W/m^2","GCAM_SSP3",1982,0.408191,"RF_CH4","old","GCAM"
"W/m^2","GCAM_SSP3",1983,0.411404,"RF_CH4","old","GCAM"
"W/m^2","GCAM_SSP3",1984,0.414809,"RF_CH4","old","GCAM"
"W/m^2","GCAM_SSP3",1985,0.417944,"RF_CH4","old","GCAM"
"W/m^2","GCAM_SSP3",1986,0.421597,"RF_CH4","old","GCAM"
"W/m^2","GCAM_SSP3",1987,0.425637,"RF_CH4","old","GCAM"
"W/m^2","GCAM_SSP3",1988,0.429351,"RF_CH4","old","GCAM"
"W/m^2","GCAM_SSP3",1989,0.432858,"RF_CH4","old","GCAM"
"W/m^2","GCAM_SSP3",1990,0.4366,"RF_CH4","old","GCAM"
"W/m^2","GCAM_SSP3",1991,0.444081,"RF_CH4","old","GCAM"
"W/m^2","GCAM_SSP3",1992,0.445391,"RF_CH4","old","GCAM"
"W/m^2","GCAM_SSP3",1993,0.446539,"RF_CH4","old","GCAM"
"W/m^2","GCAM_SSP3",1994,0.450559,"RF_CH4","old","GCAM"
"W/m^2","GCAM_SSP3",1995,0.451922,"RF_CH4","old","GCAM"
"W/m^2","GCAM_SSP3",1996,0.453118,"RF_CH4","old","GCAM"
"W/m^2","GCAM_SSP3",1997,0.461123,"RF_CH4","old","GCAM"
"W/m^2","GCAM_SSP3",1998,0.464185,"RF_CH4","old","GCAM"
"W/m^2","GCAM_SSP3",1999,0.464687,"RF_CH4","old","GCAM"
"W/m^2","GCAM_SSP3",2000,0.46447,"RF_CH4","old","GCAM"
"W/m^2","GCAM_SSP3",2001,0.464674,"RF_CH4","old","GCAM"
"W/m^2","GCAM_SSP3",2002,0.467412,"RF_CH4","old","GCAM"
"W/m^2","GCAM_SSP3",2003,0.47016,"RF_CH4","old","GCAM"
"W/m^2","GCAM_SSP3",2004,0.473606,"RF_CH4","old","GCAM"
"W/m^2","GCAM_SSP3",2005,0.476728,"RF_CH4","old","GCAM"
"W/m^2","GCAM_SSP3",2006,0.479191,"RF_CH4","old","GCAM"
"W/m^2","GCAM_SSP3",2007,0.481052,"RF_CH4","old","GCAM"
"W/m^2","GCAM_SSP3",2008,0.482376,"RF_CH4","old","GCAM"
"W/m^2","GCAM_SSP3",2009,0.483223,"RF_CH4","old","GCAM"
"W/m^2","GCAM_SSP3",2010,0.483649,"RF_CH4","old","GCAM"
"W/m^2","GCAM_SSP3",2011,0.484536,"RF_CH4","old","GCAM"
"W/m^2","GCAM_SSP3",2012,0.485856,"RF_CH4","old","GCAM"
"W/m^2","GCAM_SSP3",2013,0.487547,"RF_CH4","old","GCAM"
"W/m^2","GCAM_SSP3",2014,0.489589,"RF_CH4","old","GCAM"
"W/m^2","GCAM_SSP3",2015,0.491947,"RF_CH4","old","GCAM"
"W/m^2","GCAM_SSP3",2016,0.494511,"RF_CH4","old","GCAM"
"W/m^2","GCAM_SSP3",2017,0.49726,"RF_CH4","old","GCAM"
"W/m^2","GCAM_SSP3",2018,0.500173,"RF_CH4","old","GCAM"
"W/m^2","GCAM_SSP3",2019,0.50323,"RF_CH4","old","GCAM"
"W/m^2","GCAM_SSP3",2020,0.506416,"RF_CH4","old","GCAM"
"W/m^2","GCAM_SSP3",2021,0.509718,"RF_CH4","old","GCAM"
"W/m^2","GCAM_SSP3",2022,0.513164,"RF_CH4","old","GCAM"
"W/m^2","GCAM_SSP3",2023,0.516734,"RF_CH4","old","GCAM"
"W/m^2","GCAM_SSP3",2024,0.520398,"RF_CH4","old","GCAM"
"W/m^2","GCAM_SSP3",2025,0.524139,"RF_CH4","old","GCAM"
"W/m^2","GCAM_SSP3",2026,0.52807,"RF_CH4","old","GCAM"
"W/m^2","GCAM_SSP3",2027,0.532175,"RF_CH4","old","GCAM"
"W/m^2","GCAM_SSP3",2028,0.536441,"RF_CH4","old","GCAM"
"W/m^2","GCAM_SSP3",2029,0.540852,"RF_CH4","old","GCAM"
"W/m^2","GCAM_SSP3",2030,0.545395,"RF_CH4","old","GCAM"
"W/m^2","GCAM_SSP3",2031,0.550091,"RF_CH4","old","GCAM"
"W/m^2","GCAM_SSP3",2032,0.554925,"RF_CH4","old","GCAM"
"W/m^2","GCAM_SSP3",2033,0.559883,"RF_CH4","old","GCAM"
"W/m^2","GCAM_SSP3",2034,0.564951,"RF_CH4","old","GCAM"
"W/m^2","GCAM_SSP3",2035,0.570117,"RF_CH4","old","GCAM"
"W/m^2","GCAM_SSP3",2036,0.575338,"RF_CH4","old","GCAM"
"W/m^2","GCAM_SSP3",2037,0.580608,"RF_CH4","old","GCAM"
"W/m^2","GCAM_SSP3",2038,0.58592,"RF_CH4","old","GCAM"
"W/m^2","GCAM_SSP3",2039,0.591269,"RF_CH4","old","GCAM"
"W/m^2","GCAM_SSP3",2040,0.59665,"RF_CH4","old","GCAM"
"W/m^2","GCAM_SSP3",2041,0.601881,"RF_CH4","old","GCAM"
"W/m^2","GCAM_SSP3",2042,0.606978,"RF_CH4","old","GCAM"
"W/m^2","GCAM_SSP3",2043,0.611954,"RF_CH4","old","GCAM"
"W/m^2","GCAM_SSP3",2044,0.616821,"RF_CH4","old","GCAM"
"W/m^2","GCAM_SSP3",2045,0.621588,"RF_CH4","old","GCAM"
"W/m^2","GCAM_SSP3",2046,0.626311,"RF_CH4","old","GCAM"
"W/m^2","GCAM_SSP3",2047,0.630993,"RF_CH4","old","GCAM"
"W/m^2","GCAM_SSP3",2048,0.635636,"RF_CH4","old","GCAM"
"W/m^2","GCAM_SSP3",2049,0.640243,"RF_CH4","old","GCAM"
"W/m^2","GCAM_SSP3",2050,0.644816,"RF_CH4","old","GCAM"
"W/m^2","GCAM_SSP3",2051,0.649345,"RF_CH4","old","GCAM"
"W/m^2","GCAM_SSP3",2052,0.653833,"RF_CH4","old","GCAM"
"W/m^2","GCAM_SSP3",2053,0.658282,"RF_CH4","old","GCAM"
"W/m^2","GCAM_SSP3",2054,0.662695,"RF_CH4","old","GCAM"
"W/m^2","GCAM_SSP3",2055,0.667076,"RF_CH4","old","GCAM"
"W/m^2","GCAM_SSP3",2056,0.671455,"RF_CH4","old","GCAM"
"W/m^2","GCAM_SSP3",2057,0.675832,"RF_CH4","old","GCAM"
"W/m^2","GCAM_SSP3",2058,0.680206,"RF_CH4","old","GCAM"
"W/m^2","GCAM_SSP3",2059,0.684575,"RF_CH4","old","GCAM"
"W/m^2","GCAM_SSP3",2060,0.688939,"RF_CH4","old","GCAM"
"W/m^2","GCAM_SSP3",2061,0.693297,"RF_CH4","old","GCAM"
"W/m^2","GCAM_SSP3",2062,0.697649,"RF_CH4","old","GCAM"
"W/m^2","GCAM_SSP3",2063,0.701994,"RF_CH4","old","GCAM"
"W/m^2","GCAM_SSP3",2064,0.706331,"RF_CH4","old","GCAM"
"W/m^2","GCAM_SSP3",2065,0.710661,"RF_CH4","old","GCAM"
"W/m^2","GCAM_SSP3",2066,0.714958,"RF_CH4","old","GCAM"
"W/m^2","GCAM_SSP3",2067,0.719226,"RF_CH4","old","GCAM"
"W/m^2","GCAM_SSP3",2068,0.723465,"RF_CH4","old","GCAM"
"W/m^2","GCAM_SSP3",2069,0.727678,"RF_CH4","old","GCAM"
"W/m^2","GCAM_SSP3",2070,0.731867,"RF_CH4","old","GCAM"
"W/m^2","GCAM_SSP3",2071,0.73603,"RF_CH4","old","GCAM"
"W/m^2","GCAM_SSP3",2072,0.740171,"RF_CH4","old","GCAM"
"W/m^2","GCAM_SSP3",2073,0.744289,"RF_CH4","old","GCAM"
"W/m^2","GCAM_SSP3",2074,0.748387,"RF_CH4","old","GCAM"
"W/m^2","GCAM_SSP3",2075,0.752465,"RF_CH4","old","GCAM"
"W/m^2","GCAM_SSP3",2076,0.756519,"RF_CH4","old","GCAM"
"W/m^2","GCAM_SSP3",2077,0.760551,"RF_CH4","old","GCAM"
"W/m^2","GCAM_SSP3",2078,0.764562,"RF_CH4","old","GCAM"
"W/m^2","GCAM_SSP3",2079,0.768553,"RF_CH4","old","GCAM"
"W/m^2","GCAM_SSP3",2080,0.772526,"RF_CH4","old","GCAM"
"W/m^2","GCAM_SSP3",2081,0.776484,"RF_CH4","old","GCAM"
"W/m^2","GCAM_SSP3",2082,0.780429,"RF_CH4","old","GCAM"
"W/m^2","GCAM_SSP3",2083,0.784361,"RF_CH4","old","GCAM"
"W/m^2","GCAM_SSP3",2084,0.788281,"RF_CH4","old","GCAM"
"W/m^2","GCAM_SSP3",2085,0.792189,"RF_CH4","old","GCAM"
"W/m^2","GCAM_SSP3",2086,0.79609,"RF_CH4","old","GCAM"
"W/m^2","GCAM_SSP3",2087,0.799983,"RF_CH4","old","GCAM"
"W/m^2","GCAM_SSP3",2088,0.803869,"RF_CH4","old","GCAM"
"W/m^2","GCAM_SSP3",2089,0.807748,"RF_CH4","old","GCAM"
"W/m^2","GCAM_SSP3",2090,0.811619,"RF_CH4","old","GCAM"
"W/m^2","GCAM_SSP3",2091,0.815444,"RF_CH4","old","GCAM"
"W/m^2","GCAM_SSP3",2092,0.819227,"RF_CH4","old","GCAM"
"W/m^2","GCAM_SSP3",2093,0.822971,"RF_CH4","old","GCAM"
"W/m^2","GCAM_SSP3",2094,0.82668,"RF_CH4","old","GCAM"
"W/m^2","GCAM_SSP3",2095,0.830354,"RF_CH4","old","GCAM"
"W/m^2","GCAM_SSP3",2096,0.834008,"RF_CH4","old","GCAM"
"W/m^2","GCAM_SSP3",2097,0.837643,"RF_CH4","old","GCAM"
"W/m^2","GCAM_SSP3",2098,0.84126,"RF_CH4","old","GCAM"
"W/m^2","GCAM_SSP3",2099,0.844859,"RF_CH4","old","GCAM"
"W/m^2","GCAM_SSP3",2100,0.848442,"RF_CH4","old","GCAM"
"W/m^2","GCAM_SSP3",1976,1.04228,"RF_CO2","old","GCAM"
"W/m^2","GCAM_SSP3",1977,1.06491,"RF_CO2","old","GCAM"
"W/m^2","GCAM_SSP3",1978,1.0886,"RF_CO2","old","GCAM"
"W/m^2","GCAM_SSP3",1979,1.11294,"RF_CO2","old","GCAM"
"W/m^2","GCAM_SSP3",1980,1.13735,"RF_CO2","old","GCAM"
"W/m^2","GCAM_SSP3",1981,1.16036,"RF_CO2","old","GCAM"
"W/m^2","GCAM_SSP3",1982,1.18206,"RF_CO2","old","GCAM"
"W/m^2","GCAM_SSP3",1983,1.20245,"RF_CO2","old","GCAM"
"W/m^2","GCAM_SSP3",1984,1.22273,"RF_CO2","old","GCAM"
"W/m^2","GCAM_SSP3",1985,1.24404,"RF_CO2","old","GCAM"
"W/m^2","GCAM_SSP3",1986,1.26613,"RF_CO2","old","GCAM"
"W/m^2","GCAM_SSP3",1987,1.28896,"RF_CO2","old","GCAM"
"W/m^2","GCAM_SSP3",1988,1.31243,"RF_CO2","old","GCAM"
"W/m^2","GCAM_SSP3",1989,1.33688,"RF_CO2","old","GCAM"
"W/m^2","GCAM_SSP3",1990,1.36154,"RF_CO2","old","GCAM"
"W/m^2","GCAM_SSP3",1991,1.38488,"RF_CO2","old","GCAM"
"W/m^2","GCAM_SSP3",1992,1.40811,"RF_CO2","old","GCAM"
"W/m^2","GCAM_SSP3",1993,1.42791,"RF_CO2","old","GCAM"
"W/m^2","GCAM_SSP3",1994,1.44665,"RF_CO2","old","GCAM"
"W/m^2","GCAM_SSP3",1995,1.46709,"RF_CO2","old","GCAM"
"W/m^2","GCAM_SSP3",1996,1.48932,"RF_CO2","old","GCAM"
"W/m^2","GCAM_SSP3",1997,1.51274,"RF_CO2","old","GCAM"
"W/m^2","GCAM_SSP3",1998,1.54176,"RF_CO2","old","GCAM"
"W/m^2","GCAM_SSP3",1999,1.56659,"RF_CO2","old","GCAM"
"W/m^2","GCAM_SSP3",2000,1.59072,"RF_CO2","old","GCAM"
"W/m^2","GCAM_SSP3",2001,1.61605,"RF_CO2","old","GCAM"
"W/m^2","GCAM_SSP3",2002,1.64021,"RF_CO2","old","GCAM"
"W/m^2","GCAM_SSP3",2003,1.66594,"RF_CO2","old","GCAM"
"W/m^2","GCAM_SSP3",2004,1.69248,"RF_CO2","old","GCAM"
"W/m^2","GCAM_SSP3",2005,1.72229,"RF_CO2","old","GCAM"
"W/m^2","GCAM_SSP3",2006,1.75167,"RF_CO2","old","GCAM"
"W/m^2","GCAM_SSP3",2007,1.77736,"RF_CO2","old","GCAM"
"W/m^2","GCAM_SSP3",2008,1.80508,"RF_CO2","old","GCAM"
"W/m^2","GCAM_SSP3",2009,1.83468,"RF_CO2","old","GCAM"
"W/m^2","GCAM_SSP3",2010,1.86601,"RF_CO2","old","GCAM"
"W/m^2","GCAM_SSP3",2011,1.899,"RF_CO2","old","GCAM"
"W/m^2","GCAM_SSP3",2012,1.93265,"RF_CO2","old","GCAM"
"W/m^2","GCAM_SSP3",2013,1.96678,"RF_CO2","old","GCAM"
"W/m^2","GCAM_SSP3",2014,2.00142,"RF_CO2","old","GCAM"
"W/m^2","GCAM_SSP3",2015,2.0365,"RF_CO2","old","GCAM"
"W/m^2","GCAM_SSP3",2016,2.07197,"RF_CO2","old","GCAM"
"W/m^2","GCAM_SSP3",2017,2.10447,"RF_CO2","old","GCAM"
"W/m^2","GCAM_SSP3",2018,2.13731,"RF_CO2","old","GCAM"
"W/m^2","GCAM_SSP3",2019,2.17019,"RF_CO2","old","GCAM"
"W/m^2","GCAM_SSP3",2020,2.20313,"RF_CO2","old","GCAM"
"W/m^2","GCAM_SSP3",2021,2.23614,"RF_CO2","old","GCAM"
"W/m^2","GCAM_SSP3",2022,2.26924,"RF_CO2","old","GCAM"
"W/m^2","GCAM_SSP3",2023,2.30948,"RF_CO2","old","GCAM"
"W/m^2","GCAM_SSP3",2024,2.35126,"RF_CO2","old","GCAM"
"W/m^2","GCAM_SSP3",2025,2.39451,"RF_CO2","old","GCAM"
"W/m^2","GCAM_SSP3",2026,2.43917,"RF_CO2","old","GCAM"
"W/m^2","GCAM_SSP3",2027,2.48372,"RF_CO2","old","GCAM"
"W/m^2","GCAM_SSP3",2028,2.52873,"RF_CO2","old","GCAM"
"W/m^2","GCAM_SSP3",2029,2.57417,"RF_CO2","old","GCAM"
"W/m^2","GCAM_SSP3",2030,2.62,"RF_CO2","old","GCAM"
"W/m^2","GCAM_SSP3",2031,2.6662,"RF_CO2","old","GCAM"
"W/m^2","GCAM_SSP3",2032,2.71138,"RF_CO2","old","GCAM"
"W/m^2","GCAM_SSP3",2033,2.75666,"RF_CO2","old","GCAM"
"W/m^2","GCAM_SSP3",2034,2.80207,"RF_CO2","old","GCAM"
"W/m^2","GCAM_SSP3",2035,2.84758,"RF_CO2","old","GCAM"
"W/m^2","GCAM_SSP3",2036,2.89318,"RF_CO2","old","GCAM"
"W/m^2","GCAM_SSP3",2037,2.93861,"RF_CO2","old","GCAM"
"W/m^2","GCAM_SSP3",2038,2.98387,"RF_CO2","old","GCAM"
"W/m^2","GCAM_SSP3",2039,3.02899,"RF_CO2","old","GCAM"
"W/m^2","GCAM_SSP3",2040,3.07396,"RF_CO2","old","GCAM"
"W/m^2","GCAM_SSP3",2041,3.11879,"RF_CO2","old","GCAM"
"W/m^2","GCAM_SSP3",2042,3.16244,"RF_CO2","old","GCAM"
"W/m^2","GCAM_SSP3",2043,3.2058,"RF_CO2","old","GCAM"
"W/m^2","GCAM_SSP3",2044,3.24889,"RF_CO2","old","GCAM"
"W/m^2","GCAM_SSP3",2045,3.29171,"RF_CO2","old","GCAM"
"W/m^2","GCAM_SSP3",2046,3.33429,"RF_CO2","old","GCAM"
"W/m^2","GCAM_SSP3",2047,3.37639,"RF_CO2","old","GCAM"
"W/m^2","GCAM_SSP3",2048,3.41821,"RF_CO2","old","GCAM"
"W/m^2","GCAM_SSP3",2049,3.45977,"RF_CO2","old","GCAM"
"W/m^2","GCAM_SSP3",2050,3.50108,"RF_CO2","old","GCAM"
"W/m^2","GCAM_SSP3",2051,3.54215,"RF_CO2","old","GCAM"
"W/m^2","GCAM_SSP3",2052,3.58363,"RF_CO2","old","GCAM"
"W/m^2","GCAM_SSP3",2053,3.62497,"RF_CO2","old","GCAM"
"W/m^2","GCAM_SSP3",2054,3.66617,"RF_CO2","old","GCAM"
"W/m^2","GCAM_SSP3",2055,3.70726,"RF_CO2","old","GCAM"
"W/m^2","GCAM_SSP3",2056,3.74824,"RF_CO2","old","GCAM"
"W/m^2","GCAM_SSP3",2057,3.78893,"RF_CO2","old","GCAM"
"W/m^2","GCAM_SSP3",2058,3.82963,"RF_CO2","old","GCAM"
"W/m^2","GCAM_SSP3",2059,3.87035,"RF_CO2","old","GCAM"
"W/m^2","GCAM_SSP3",2060,3.91112,"RF_CO2","old","GCAM"
"W/m^2","GCAM_SSP3",2061,3.95191,"RF_CO2","old","GCAM"
"W/m^2","GCAM_SSP3",2062,3.99193,"RF_CO2","old","GCAM"
"W/m^2","GCAM_SSP3",2063,4.03198,"RF_CO2","old","GCAM"
"W/m^2","GCAM_SSP3",2064,4.07206,"RF_CO2","old","GCAM"
"W/m^2","GCAM_SSP3",2065,4.11219,"RF_CO2","old","GCAM"
"W/m^2","GCAM_SSP3",2066,4.15236,"RF_CO2","old","GCAM"
"W/m^2","GCAM_SSP3",2067,4.19207,"RF_CO2","old","GCAM"
"W/m^2","GCAM_SSP3",2068,4.23184,"RF_CO2","old","GCAM"
"W/m^2","GCAM_SSP3",2069,4.27165,"RF_CO2","old","GCAM"
"W/m^2","GCAM_SSP3",2070,4.31151,"RF_CO2","old","GCAM"
"W/m^2","GCAM_SSP3",2071,4.35143,"RF_CO2","old","GCAM"
"W/m^2","GCAM_SSP3",2072,4.39089,"RF_CO2","old","GCAM"
"W/m^2","GCAM_SSP3",2073,4.4304,"RF_CO2","old","GCAM"
"W/m^2","GCAM_SSP3",2074,4.46995,"RF_CO2","old","GCAM"
"W/m^2","GCAM_SSP3",2075,4.50955,"RF_CO2","old","GCAM"
"W/m^2","GCAM_SSP3",2076,4.5492,"RF_CO2","old","GCAM"
"W/m^2","GCAM_SSP3",2077,4.5886,"RF_CO2","old","GCAM"
"W/m^2","GCAM_SSP3",2078,4.62798,"RF_CO2","old","GCAM"
"W/m^2","GCAM_SSP3",2079,4.66737,"RF_CO2","old","GCAM"
"W/m^2","GCAM_SSP3",2080,4.70675,"RF_CO2","old","GCAM"
"W/m^2","GCAM_SSP3",2081,4.74613,"RF_CO2","old","GCAM"
"W/m^2","GCAM_SSP3",2082,4.7851,"RF_CO2","old","GCAM"
"W/m^2","GCAM_SSP3",2083,4.82396,"RF_CO2","old","GCAM"
"W/m^2","GCAM_SSP3",2084,4.86271,"RF_CO2","old","GCAM"
"W/m^2","GCAM_SSP3",2085,4.90136,"RF_CO2","old","GCAM"
"W/m^2","GCAM_SSP3",2086,4.93992,"RF_CO2","old","GCAM"
"W/m^2","GCAM_SSP3",2087,4.9782,"RF_CO2","old","GCAM"
"W/m^2","GCAM_SSP3",2088,5.01646,"RF_CO2","old","GCAM"
"W/m^2","GCAM_SSP3",2089,5.05471,"RF_CO2","old","GCAM"
"W/m^2","GCAM_SSP3",2090,5.09296,"RF_CO2","old","GCAM"
"W/m^2","GCAM_SSP3",2091,5.13119,"RF_CO2","old","GCAM"
"W/m^2","GCAM_SSP3",2092,5.16912,"RF_CO2","old","GCAM"
"W/m^2","GCAM_SSP3",2093,5.20703,"RF_CO2","old","GCAM"
"W/m^2","GCAM_SSP3",2094,5.2449,"RF_CO2","old","GCAM"
"W/m^2","GCAM_SSP3",2095,5.28274,"RF_CO2","old","GCAM"
"W/m^2","GCAM_SSP3",2096,5.32056,"RF_CO2","old","GCAM"
"W/m^2","GCAM_SSP3",2097,5.35816,"RF_CO2","old","GCAM"
"W/m^2","GCAM_SSP3",2098,5.39573,"RF_CO2","old","GCAM"
"W/m^2","GCAM_SSP3",2099,5.43327,"RF_CO2","old","GCAM"
"W/m^2","GCAM_SSP3",2100,5.47078,"RF_CO2","old","GCAM"
"W/m^2","GCAM_SSP3",1976,0.383154,"RF_tot","old","GCAM"
"W/m^2","GCAM_SSP3",1977,0.512006,"RF_tot","old","GCAM"
"W/m^2","GCAM_SSP3",1978,0.580813,"RF_tot","old","GCAM"
"W/m^2","GCAM_SSP3",1979,0.607994,"RF_tot","old","GCAM"
"W/m^2","GCAM_SSP3",1980,0.613136,"RF_tot","old","GCAM"
"W/m^2","GCAM_SSP3",1981,0.655905,"RF_tot","old","GCAM"
"W/m^2","GCAM_SSP3",1982,0.448068,"RF_tot","old","GCAM"
"W/m^2","GCAM_SSP3",1983,0.0226605,"RF_tot","old","GCAM"
"W/m^2","GCAM_SSP3",1984,0.497674,"RF_tot","old","GCAM"
"W/m^2","GCAM_SSP3",1985,0.751914,"RF_tot","old","GCAM"
"W/m^2","GCAM_SSP3",1986,0.81282,"RF_tot","old","GCAM"
"W/m^2","GCAM_SSP3",1987,0.892627,"RF_tot","old","GCAM"
"W/m^2","GCAM_SSP3",1988,0.992152,"RF_tot","old","GCAM"
"W/m^2","GCAM_SSP3",1989,1.07647,"RF_tot","old","GCAM"
"W/m^2","GCAM_SSP3",1990,1.11103,"RF_tot","old","GCAM"
"W/m^2","GCAM_SSP3",1991,0.530465,"RF_tot","old","GCAM"
"W/m^2","GCAM_SSP3",1992,-0.584517,"RF_tot","old","GCAM"
"W/m^2","GCAM_SSP3",1993,0.316224,"RF_tot","old","GCAM"
"W/m^2","GCAM_SSP3",1994,1.04551,"RF_tot","old","GCAM"
"W/m^2","GCAM_SSP3",1995,1.31107,"RF_tot","old","GCAM"
"W/m^2","GCAM_SSP3",1996,1.42654,"RF_tot","old","GCAM"
"W/m^2","GCAM_SSP3",1997,1.36829,"RF_tot","old","GCAM"
"W/m^2","GCAM_SSP3",1998,1.43978,"RF_tot","old","GCAM"
"W/m^2","GCAM_SSP3",1999,1.60375,"RF_tot","old","GCAM"
"W/m^2","GCAM_SSP3",2000,1.66116,"RF_tot","old","GCAM"
"W/m^2","GCAM_SSP3",2001,1.68901,"RF_tot","old","GCAM"
"W/m^2","GCAM_SSP3",2002,1.65489,"RF_tot","old","GCAM"
"W/m^2","GCAM_SSP3",2003,1.64521,"RF_tot","old","GCAM"
"W/m^2","GCAM_SSP3",2004,1.70263,"RF_tot","old","GCAM"
"W/m^2","GCAM_SSP3",2005,1.71893,"RF_tot","old","GCAM"
"W/m^2","GCAM_SSP3",2006,1.76659,"RF_tot","old","GCAM"
"W/m^2","GCAM_SSP3",2007,1.83231,"RF_tot","old","GCAM"
"W/m^2","GCAM_SSP3",2008,1.91465,"RF_tot","old","GCAM"
"W/m^2","GCAM_SSP3",2009,1.96016,"RF_tot","old","GCAM"
"W/m^2","GCAM_SSP3",2010,2.06502,"RF_tot","old","GCAM"
"W/m^2","GCAM_SSP3",2011,2.09643,"RF_tot","old","GCAM"
"W/m^2","GCAM_SSP3",2012,2.18775,"RF_tot","old","GCAM"
"W/m^2","GCAM_SSP3",2013,2.26951,"RF_tot","old","GCAM"
"W/m^2","GCAM_SSP3",2014,2.31516,"RF_tot","old","GCAM"
"W/m^2","GCAM_SSP3",2015,2.3654,"RF_tot","old","GCAM"
"W/m^2","GCAM_SSP3",2016,2.41501,"RF_tot","old","GCAM"
"W/m^2","GCAM_SSP3",2017,2.46199,"RF_tot","old","GCAM"
"W/m^2","GCAM_SSP3",2018,2.50966,"RF_tot","old","GCAM"
"W/m^2","GCAM_SSP3",2019,2.55706,"RF_tot","old","GCAM"
"W/m^2","GCAM_SSP3",2020,2.60484,"RF_tot","old","GCAM"
"W/m^2","GCAM_SSP3",2021,2.65289,"RF_tot","old","GCAM"
"W/m^2","GCAM_SSP3",2022,2.67138,"RF_tot","old","GCAM"
"W/m^2","GCAM_SSP3",2023,2.69712,"RF_tot","old","GCAM"
"W/m^2","GCAM_SSP3",2024,2.72449,"RF_tot","old","GCAM"
"W/m^2","GCAM_SSP3",2025,2.76739,"RF_tot","old","GCAM"
"W/m^2","GCAM_SSP3",2026,2.8235,"RF_tot","old","GCAM"
"W/m^2","GCAM_SSP3",2027,2.87977,"RF_tot","old","GCAM"
"W/m^2","GCAM_SSP3",2028,2.93676,"RF_tot","old","GCAM"
"W/m^2","GCAM_SSP3",2029,2.99442,"RF_tot","old","GCAM"
"W/m^2","GCAM_SSP3",2030,3.0527,"RF_tot","old","GCAM"
"W/m^2","GCAM_SSP3",2031,3.11008,"RF_tot","old","GCAM"
"W/m^2","GCAM_SSP3",2032,3.16669,"RF_tot","old","GCAM"
"W/m^2","GCAM_SSP3",2033,3.22361,"RF_tot","old","GCAM"
"W/m^2","GCAM_SSP3",2034,3.28086,"RF_tot","old","GCAM"
"W/m^2","GCAM_SSP3",2035,3.33839,"RF_tot","old","GCAM"
"W/m^2","GCAM_SSP3",2036,3.39146,"RF_tot","old","GCAM"
"W/m^2","GCAM_SSP3",2037,3.44443,"RF_tot","old","GCAM"
"W/m^2","GCAM_SSP3",2038,3.49731,"RF_tot","old","GCAM"
"W/m^2","GCAM_SSP3",2039,3.5501,"RF_tot","old","GCAM"
"W/m^2","GCAM_SSP3",2040,3.60282,"RF_tot","old","GCAM"
"W/m^2","GCAM_SSP3",2041,3.65815,"RF_tot","old","GCAM"
"W/m^2","GCAM_SSP3",2042,3.71228,"RF_tot","old","GCAM"
"W/m^2","GCAM_SSP3",2043,3.76613,"RF_tot","old","GCAM"
"W/m^2","GCAM_SSP3",2044,3.81971,"RF_tot","old","GCAM"
"W/m^2","GCAM_SSP3",2045,3.87305,"RF_tot","old","GCAM"
"W/m^2","GCAM_SSP3",2046,3.92524,"RF_tot","old","GCAM"
"W/m^2","GCAM_SSP3",2047,3.97704,"RF_tot","old","GCAM"
"W/m^2","GCAM_SSP3",2048,4.02865,"RF_tot","old","GCAM"
"W/m^2","GCAM_SSP3",2049,4.08008,"RF_tot","old","GCAM"
"W/m^2","GCAM_SSP3",2050,4.13135,"RF_tot","old","GCAM"
"W/m^2","GCAM_SSP3",2051,4.18262,"RF_tot","old","GCAM"
"W/m^2","GCAM_SSP3",2052,4.23437,"RF_tot","old","GCAM"
"W/m^2","GCAM_SSP3",2053,4.28608,"RF_tot","old","GCAM"
"W/m^2","GCAM_SSP3",2054,4.33776,"RF_tot","old","GCAM"
"W/m^2","GCAM_SSP3",2055,4.38941,"RF_tot","old","GCAM"
"W/m^2","GCAM_SSP3",2056,4.44038,"RF_tot","old","GCAM"
"W/m^2","GCAM_SSP3",2057,4.49119,"RF_tot","old","GCAM"
"W/m^2","GCAM_SSP3",2058,4.54213,"RF_tot","old","GCAM"
"W/m^2","GCAM_SSP3",2059,4.59322,"RF_tot","old","GCAM"
"W/m^2","GCAM_SSP3",2060,4.64445,"RF_tot","old","GCAM"
"W/m^2","GCAM_SSP3",2061,4.69604,"RF_tot","old","GCAM"
"W/m^2","GCAM_SSP3",2062,4.74691,"RF_tot","old","GCAM"
"W/m^2","GCAM_SSP3",2063,4.79787,"RF_tot","old","GCAM"
"W/m^2","GCAM_SSP3",2064,4.84892,"RF_tot","old","GCAM"
"W/m^2","GCAM_SSP3",2065,4.90007,"RF_tot","old","GCAM"
"W/m^2","GCAM_SSP3",2066,4.95161,"RF_tot","old","GCAM"
"W/m^2","GCAM_SSP3",2067,5.00269,"RF_tot","old","GCAM"
"W/m^2","GCAM_SSP3",2068,5.05384,"RF_tot","old","GCAM"
"W/m^2","GCAM_SSP3",2069,5.10505,"RF_tot","old","GCAM"
"W/m^2","GCAM_SSP3",2070,5.15632,"RF_tot","old","GCAM"
"W/m^2","GCAM_SSP3",2071,5.20822,"RF_tot","old","GCAM"
"W/m^2","GCAM_SSP3",2072,5.25969,"RF_tot","old","GCAM"
"W/m^2","GCAM_SSP3",2073,5.31124,"RF_tot","old","GCAM"
"W/m^2","GCAM_SSP3",2074,5.36285,"RF_tot","old","GCAM"
"W/m^2","GCAM_SSP3",2075,5.41453,"RF_tot","old","GCAM"
"W/m^2","GCAM_SSP3",2076,5.46661,"RF_tot","old","GCAM"
"W/m^2","GCAM_SSP3",2077,5.51844,"RF_tot","old","GCAM"
"W/m^2","GCAM_SSP3",2078,5.57028,"RF_tot","old","GCAM"
"W/m^2","GCAM_SSP3",2079,5.62213,"RF_tot","old","GCAM"
"W/m^2","GCAM_SSP3",2080,5.674,"RF_tot","old","GCAM"
"W/m^2","GCAM_SSP3",2081,5.72724,"RF_tot","old","GCAM"
"W/m^2","GCAM_SSP3",2082,5.78008,"RF_tot","old","GCAM"
"W/m^2","GCAM_SSP3",2083,5.83283,"RF_tot","old","GCAM"
"W/m^2","GCAM_SSP3",2084,5.88548,"RF_tot","old","GCAM"
"W/m^2","GCAM_SSP3",2085,5.93805,"RF_tot","old","GCAM"
"W/m^2","GCAM_SSP3",2086,5.99033,"RF_tot","old","GCAM"
"W/m^2","GCAM_SSP3",2087,6.04235,"RF_tot","old","GCAM"
"W/m^2","GCAM_SSP3",2088,6.09437,"RF_tot","old","GCAM"
"W/m^2","GCAM_SSP3",2089,6.1464,"RF_tot","old","GCAM"
"W/m^2","GCAM_SSP3",2090,6.19844,"RF_tot","old","GCAM"
"W/m^2","GCAM_SSP3",2091,6.25092,"RF_tot","old","GCAM"
"W/m^2","GCAM_SSP3",2092,6.30305,"RF_tot","old","GCAM"
"W/m^2","GCAM_SSP3",2093,6.35511,"RF_tot","old","GCAM"
"W/m^2","GCAM_SSP3",2094,6.4071,"RF_tot","old","GCAM"
"W/m^2","GCAM_SSP3",2095,6.45904,"RF_tot","old","GCAM"
"W/m^2","GCAM_SSP3",2096,6.51171,"RF_tot","old","GCAM"
"W/m^2","GCAM_SSP3",2097,6.56413,"RF_tot","old","GCAM"
"W/m^2","GCAM_SSP3",2098,6.61651,"RF_tot","old","GCAM"
"W/m^2","GCAM_SSP3",2099,6.66885,"RF_tot","old","GCAM"
"W/m^2","GCAM_SSP3",2100,6.72114,"RF_tot","old","GCAM"
"degreesC","GCAM_SSP3",1976,0.100269,"gmst","old","GCAM"
"degreesC","GCAM_SSP3",1977,0.120862,"gmst","old","GCAM"
"degreesC","GCAM_SSP3",1978,0.141714,"gmst","old","GCAM"
"degreesC","GCAM_SSP3",1979,0.159493,"gmst","old","GCAM"
"degreesC","GCAM_SSP3",1980,0.173513,"gmst","old","GCAM"
"degreesC","GCAM_SSP3",1981,0.187989,"gmst","old","GCAM"
"degreesC","GCAM_SSP3",1982,0.183148,"gmst","old","GCAM"
"degreesC","GCAM_SSP3",1983,0.146355,"gmst","old","GCAM"
"degreesC","GCAM_SSP3",1984,0.157532,"gmst","old","GCAM"
"degreesC","GCAM_SSP3",1985,0.188321,"gmst","old","GCAM"
"degreesC","GCAM_SSP3",1986,0.215748,"gmst","old","GCAM"
"degreesC","GCAM_SSP3",1987,0.242095,"gmst","old","GCAM"
"degreesC","GCAM_SSP3",1988,0.27001,"gmst","old","GCAM"
"degreesC","GCAM_SSP3",1989,0.298248,"gmst","old","GCAM"
"degreesC","GCAM_SSP3",1990,0.322944,"gmst","old","GCAM"
"degreesC","GCAM_SSP3",1991,0.296353,"gmst","old","GCAM"
"degreesC","GCAM_SSP3",1992,0.188759,"gmst","old","GCAM"
"degreesC","GCAM_SSP3",1993,0.181627,"gmst","old","GCAM"
"degreesC","GCAM_SSP3",1994,0.238899,"gmst","old","GCAM"
"degreesC","GCAM_SSP3",1995,0.301649,"gmst","old","GCAM"
"degreesC","GCAM_SSP3",1996,0.3554,"gmst","old","GCAM"
"degreesC","GCAM_SSP3",1997,0.390187,"gmst","old","GCAM"
"degreesC","GCAM_SSP3",1998,0.4223,"gmst","old","GCAM"
"degreesC","GCAM_SSP3",1999,0.460964,"gmst","old","GCAM"
"degreesC","GCAM_SSP3",2000,0.496196,"gmst","old","GCAM"
"degreesC","GCAM_SSP3",2001,0.526278,"gmst","old","GCAM"
"degreesC","GCAM_SSP3",2002,0.547918,"gmst","old","GCAM"
"degreesC","GCAM_SSP3",2003,0.56536,"gmst","old","GCAM"
"degreesC","GCAM_SSP3",2004,0.585223,"gmst","old","GCAM"
"degreesC","GCAM_SSP3",2005,0.603615,"gmst","old","GCAM"
"degreesC","GCAM_SSP3",2006,0.623096,"gmst","old","GCAM"
"degreesC","GCAM_SSP3",2007,0.644856,"gmst","old","GCAM"
"degreesC","GCAM_SSP3",2008,0.669543,"gmst","old","GCAM"
"degreesC","GCAM_SSP3",2009,0.693425,"gmst","old","GCAM"
"degreesC","GCAM_SSP3",2010,0.72134,"gmst","old","GCAM"
"degreesC","GCAM_SSP3",2011,0.746613,"gmst","old","GCAM"
"degreesC","GCAM_SSP3",2012,0.774514,"gmst","old","GCAM"
"degreesC","GCAM_SSP3",2013,0.803892,"gmst","old","GCAM"
"degreesC","GCAM_SSP3",2014,0.831433,"gmst","old","GCAM"
"degreesC","GCAM_SSP3",2015,0.857993,"gmst","old","GCAM"
"degreesC","GCAM_SSP3",2016,0.883926,"gmst","old","GCAM"
"degreesC","GCAM_SSP3",2017,0.909235,"gmst","old","GCAM"
"degreesC","GCAM_SSP3",2018,0.934157,"gmst","old","GCAM"
"degreesC","GCAM_SSP3",2019,0.958792,"gmst","old","GCAM"
"degreesC","GCAM_SSP3",2020,0.983248,"gmst","old","GCAM"
"degreesC","GCAM_SSP3",2021,1.0076,"gmst","old","GCAM"
"degreesC","GCAM_SSP3",2022,1.02952,"gmst","old","GCAM"
"degreesC","GCAM_SSP3",2023,1.05018,"gmst","old","GCAM"
"degreesC","GCAM_SSP3",2024,1.0701,"gmst","old","GCAM"
"degreesC","GCAM_SSP3",2025,1.09069,"gmst","old","GCAM"
"degreesC","GCAM_SSP3",2026,1.11279,"gmst","old","GCAM"
"degreesC","GCAM_SSP3",2027,1.13597,"gmst","old","GCAM"
"degreesC","GCAM_SSP3",2028,1.15996,"gmst","old","GCAM"
"degreesC","GCAM_SSP3",2029,1.1846,"gmst","old","GCAM"
"degreesC","GCAM_SSP3",2030,1.20979,"gmst","old","GCAM"
"degreesC","GCAM_SSP3",2031,1.23533,"gmst","old","GCAM"
"degreesC","GCAM_SSP3",2032,1.26111,"gmst","old","GCAM"
"degreesC","GCAM_SSP3",2033,1.28712,"gmst","old","GCAM"
"degreesC","GCAM_SSP3",2034,1.31337,"gmst","old","GCAM"
"degreesC","GCAM_SSP3",2035,1.33984,"gmst","old","GCAM"
"degreesC","GCAM_SSP3",2036,1.36616,"gmst","old","GCAM"
"degreesC","GCAM_SSP3",2037,1.39237,"gmst","old","GCAM"
"degreesC","GCAM_SSP3",2038,1.41854,"gmst","old","GCAM"
"degreesC","GCAM_SSP3",2039,1.4447,"gmst","old","GCAM"
"degreesC","GCAM_SSP3",2040,1.47085,"gmst","old","GCAM"
"degreesC","GCAM_SSP3",2041,1.49723,"gmst","old","GCAM"
"degreesC","GCAM_SSP3",2042,1.5237,"gmst","old","GCAM"
"degreesC","GCAM_SSP3",2043,1.55022,"gmst","old","GCAM"
"degreesC","GCAM_SSP3",2044,1.57678,"gmst","old","GCAM"
"degreesC","GCAM_SSP3",2045,1.60336,"gmst","old","GCAM"
"degreesC","GCAM_SSP3",2046,1.62987,"gmst","old","GCAM"
"degreesC","GCAM_SSP3",2047,1.65633,"gmst","old","GCAM"
"degreesC","GCAM_SSP3",2048,1.68274,"gmst","old","GCAM"
"degreesC","GCAM_SSP3",2049,1.70912,"gmst","old","GCAM"
"degreesC","GCAM_SSP3",2050,1.73547,"gmst","old","GCAM"
"degreesC","GCAM_SSP3",2051,1.7618,"gmst","old","GCAM"
"degreesC","GCAM_SSP3",2052,1.78818,"gmst","old","GCAM"
"degreesC","GCAM_SSP3",2053,1.81459,"gmst","old","GCAM"
"degreesC","GCAM_SSP3",2054,1.84103,"gmst","old","GCAM"
"degreesC","GCAM_SSP3",2055,1.8675,"gmst","old","GCAM"
"degreesC","GCAM_SSP3",2056,1.89395,"gmst","old","GCAM"
"degreesC","GCAM_SSP3",2057,1.92037,"gmst","old","GCAM"
"degreesC","GCAM_SSP3",2058,1.94679,"gmst","old","GCAM"
"degreesC","GCAM_SSP3",2059,1.97324,"gmst","old","GCAM"
"degreesC","GCAM_SSP3",2060,1.99972,"gmst","old","GCAM"
"degreesC","GCAM_SSP3",2061,2.02626,"gmst","old","GCAM"
"degreesC","GCAM_SSP3",2062,2.0528,"gmst","old","GCAM"
"degreesC","GCAM_SSP3",2063,2.07935,"gmst","old","GCAM"
"degreesC","GCAM_SSP3",2064,2.10592,"gmst","old","GCAM"
"degreesC","GCAM_SSP3",2065,2.13252,"gmst","old","GCAM"
"degreesC","GCAM_SSP3",2066,2.15919,"gmst","old","GCAM"
"degreesC","GCAM_SSP3",2067,2.18587,"gmst","old","GCAM"
"degreesC","GCAM_SSP3",2068,2.21258,"gmst","old","GCAM"
"degreesC","GCAM_SSP3",2069,2.23931,"gmst","old","GCAM"
"degreesC","GCAM_SSP3",2070,2.26608,"gmst","old","GCAM"
"degreesC","GCAM_SSP3",2071,2.29294,"gmst","old","GCAM"
"degreesC","GCAM_SSP3",2072,2.31983,"gmst","old","GCAM"
"degreesC","GCAM_SSP3",2073,2.34676,"gmst","old","GCAM"
"degreesC","GCAM_SSP3",2074,2.37373,"gmst","old","GCAM"
"degreesC","GCAM_SSP3",2075,2.40075,"gmst","old","GCAM"
"degreesC","GCAM_SSP3",2076,2.42784,"gmst","old","GCAM"
"degreesC","GCAM_SSP3",2077,2.45497,"gmst","old","GCAM"
"degreesC","GCAM_SSP3",2078,2.48214,"gmst","old","GCAM"
"degreesC","GCAM_SSP3",2079,2.50935,"gmst","old","GCAM"
"degreesC","GCAM_SSP3",2080,2.53659,"gmst","old","GCAM"
"degreesC","GCAM_SSP3",2081,2.56398,"gmst","old","GCAM"
"degreesC","GCAM_SSP3",2082,2.59146,"gmst","old","GCAM"
"degreesC","GCAM_SSP3",2083,2.61899,"gmst","old","GCAM"
"degreesC","GCAM_SSP3",2084,2.64658,"gmst","old","GCAM"
"degreesC","GCAM_SSP3",2085,2.6742,"gmst","old","GCAM"
"degreesC","GCAM_SSP3",2086,2.70183,"gmst","old","GCAM"
"degreesC","GCAM_SSP3",2087,2.72946,"gmst","old","GCAM"
"degreesC","GCAM_SSP3",2088,2.7571,"gmst","old","GCAM"
"degreesC","GCAM_SSP3",2089,2.78476,"gmst","old","GCAM"
"degreesC","GCAM_SSP3",2090,2.81244,"gmst","old","GCAM"
"degreesC","GCAM_SSP3",2091,2.84017,"gmst","old","GCAM"
"degreesC","GCAM_SSP3",2092,2.86793,"gmst","old","GCAM"
"degreesC","GCAM_SSP3",2093,2.8957,"gmst","old","GCAM"
"degreesC","GCAM_SSP3",2094,2.92348,"gmst","old","GCAM"
"degreesC","GCAM_SSP3",2095,2.95128,"gmst","old","GCAM"
"degreesC","GCAM_SSP3",2096,2.97915,"gmst","old","GCAM"
"degreesC","GCAM_SSP3",2097,3.00707,"gmst","old","GCAM"
"degreesC","GCAM_SSP3",2098,3.03502,"gmst","old","GCAM"
"degreesC","GCAM_SSP3",2099,3.06299,"gmst","old","GCAM"
"degreesC","GCAM_SSP3",2100,3.09099,"gmst","old","GCAM"
"Gg","GCAM_SSP3",2005,1.3326894438,"C2F6_emissions","old","GCAM"
"Gg","GCAM_SSP3",2010,1.1421159114,"C2F6_emissions","old","GCAM"
"Gg","GCAM_SSP3",2015,1.4890217964,"C2F6_emissions","old","GCAM"
"Gg","GCAM_SSP3",2021,1.5013436056,"C2F6_emissions","old","GCAM"
"Gg","GCAM_SSP3",2025,1.5858316284,"C2F6_emissions","old","GCAM"
"Gg","GCAM_SSP3",2030,1.7003367322,"C2F6_emissions","old","GCAM"
"Gg","GCAM_SSP3",2035,1.7834239211,"C2F6_emissions","old","GCAM"
"Gg","GCAM_SSP3",2040,1.8315371664,"C2F6_emissions","old","GCAM"
"Gg","GCAM_SSP3",2045,1.8607483898,"C2F6_emissions","old","GCAM"
"Gg","GCAM_SSP3",2050,1.8815431089,"C2F6_emissions","old","GCAM"
"Gg","GCAM_SSP3",2055,1.8868539788,"C2F6_emissions","old","GCAM"
"Gg","GCAM_SSP3",2060,1.888509473,"C2F6_emissions","old","GCAM"
"Gg","GCAM_SSP3",2065,1.8871098001,"C2F6_emissions","old","GCAM"
"Gg","GCAM_SSP3",2070,1.8839089922,"C2F6_emissions","old","GCAM"
"Gg","GCAM_SSP3",2075,1.8799391717,"C2F6_emissions","old","GCAM"
"Gg","GCAM_SSP3",2080,1.8745021861,"C2F6_emissions","old","GCAM"
"Gg","GCAM_SSP3",2085,1.8687194343,"C2F6_emissions","old","GCAM"
"Gg","GCAM_SSP3",2090,1.8672348191,"C2F6_emissions","old","GCAM"
"Gg","GCAM_SSP3",2095,1.8681592437,"C2F6_emissions","old","GCAM"
"Gg","GCAM_SSP3",2100,1.8711607276,"C2F6_emissions","old","GCAM"
"Gg","GCAM_SSP3",2005,4.5595095224,"CF4_emissions","old","GCAM"
"Gg","GCAM_SSP3",2010,3.4908554511,"CF4_emissions","old","GCAM"
"Gg","GCAM_SSP3",2015,4.5419844727,"CF4_emissions","old","GCAM"
"Gg","GCAM_SSP3",2021,4.66616681119,"CF4_emissions","old","GCAM"
"Gg","GCAM_SSP3",2025,4.9357674838,"CF4_emissions","old","GCAM"
"Gg","GCAM_SSP3",2030,5.2622763018,"CF4_emissions","old","GCAM"
"Gg","GCAM_SSP3",2035,5.485185742,"CF4_emissions","old","GCAM"
"Gg","GCAM_SSP3",2040,5.60628014483,"CF4_emissions","old","GCAM"
"Gg","GCAM_SSP3",2045,5.67623535564,"CF4_emissions","old","GCAM"
"Gg","GCAM_SSP3",2050,5.75401583777,"CF4_emissions","old","GCAM"
"Gg","GCAM_SSP3",2055,5.79415932905,"CF4_emissions","old","GCAM"
"Gg","GCAM_SSP3",2060,5.82111140577,"CF4_emissions","old","GCAM"
"Gg","GCAM_SSP3",2065,5.83703806206,"CF4_emissions","old","GCAM"
"Gg","GCAM_SSP3",2070,5.84443356043,"CF4_emissions","old","GCAM"
"Gg","GCAM_SSP3",2075,5.847461732,"CF4_emissions","old","GCAM"
"Gg","GCAM_SSP3",2080,5.84182110892,"CF4_emissions","old","GCAM"
"Gg","GCAM_SSP3",2085,5.83216405421,"CF4_emissions","old","GCAM"
"Gg","GCAM_SSP3",2090,5.83729083262,"CF4_emissions","old","GCAM"
"Gg","GCAM_SSP3",2095,5.84903448267,"CF4_emissions","old","GCAM"
"Gg","GCAM_SSP3",2100,5.86476987893,"CF4_emissions","old","GCAM"
"Gg","GCAM_SSP3",2005,13.4736975439,"HFC125_emissions","old","GCAM"
"Gg","GCAM_SSP3",2010,25.754668812,"HFC125_emissions","old","GCAM"
"Gg","GCAM_SSP3",2015,39.522956612,"HFC125_emissions","old","GCAM"
"Gg","GCAM_SSP3",2021,76.34528554,"HFC125_emissions","old","GCAM"
"Gg","GCAM_SSP3",2025,98.403092416,"HFC125_emissions","old","GCAM"
"Gg","GCAM_SSP3",2030,129.065617773,"HFC125_emissions","old","GCAM"
"Gg","GCAM_SSP3",2035,143.701715269,"HFC125_emissions","old","GCAM"
"Gg","GCAM_SSP3",2040,155.328581178,"HFC125_emissions","old","GCAM"
"Gg","GCAM_SSP3",2045,165.638322434,"HFC125_emissions","old","GCAM"
"Gg","GCAM_SSP3",2050,175.109780201,"HFC125_emissions","old","GCAM"
"Gg","GCAM_SSP3",2055,182.810622288,"HFC125_emissions","old","GCAM"
"Gg","GCAM_SSP3",2060,190.161273005,"HFC125_emissions","old","GCAM"
"Gg","GCAM_SSP3",2065,196.711414807,"HFC125_emissions","old","GCAM"
"Gg","GCAM_SSP3",2070,202.298103718,"HFC125_emissions","old","GCAM"
"Gg","GCAM_SSP3",2075,207.213257664,"HFC125_emissions","old","GCAM"
"Gg","GCAM_SSP3",2080,211.239813285,"HFC125_emissions","old","GCAM"
"Gg","GCAM_SSP3",2085,214.38302902,"HFC125_emissions","old","GCAM"
"Gg","GCAM_SSP3",2090,217.034263053,"HFC125_emissions","old","GCAM"
"Gg","GCAM_SSP3",2095,219.089386533,"HFC125_emissions","old","GCAM"
"Gg","GCAM_SSP3",2100,220.394563685,"HFC125_emissions","old","GCAM"
"Gg","GCAM_SSP3",2005,130.6109941672,"HFC134a_emissions","old","GCAM"
"Gg","GCAM_SSP3",2010,181.60389160285,"HFC134a_emissions","old","GCAM"
"Gg","GCAM_SSP3",2015,244.0811181717,"HFC134a_emissions","old","GCAM"
"Gg","GCAM_SSP3",2021,312.4545100584,"HFC134a_emissions","old","GCAM"
"Gg","GCAM_SSP3",2025,339.4581469965,"HFC134a_emissions","old","GCAM"
"Gg","GCAM_SSP3",2030,383.887580525,"HFC134a_emissions","old","GCAM"
"Gg","GCAM_SSP3",2035,418.9691032075,"HFC134a_emissions","old","GCAM"
"Gg","GCAM_SSP3",2040,448.3996856405,"HFC134a_emissions","old","GCAM"
"Gg","GCAM_SSP3",2045,475.9319678485,"HFC134a_emissions","old","GCAM"
"Gg","GCAM_SSP3",2050,503.9656277215,"HFC134a_emissions","old","GCAM"
"Gg","GCAM_SSP3",2055,528.5181249685,"HFC134a_emissions","old","GCAM"
"Gg","GCAM_SSP3",2060,553.6161688125,"HFC134a_emissions","old","GCAM"
"Gg","GCAM_SSP3",2065,577.8557180995,"HFC134a_emissions","old","GCAM"
"Gg","GCAM_SSP3",2070,600.7211587175,"HFC134a_emissions","old","GCAM"
"Gg","GCAM_SSP3",2075,622.7758329265,"HFC134a_emissions","old","GCAM"
"Gg","GCAM_SSP3",2080,642.9011787805,"HFC134a_emissions","old","GCAM"
"Gg","GCAM_SSP3",2085,660.8045497565,"HFC134a_emissions","old","GCAM"
"Gg","GCAM_SSP3",2090,677.289516747,"HFC134a_emissions","old","GCAM"
"Gg","GCAM_SSP3",2095,691.9419918505,"HFC134a_emissions","old","GCAM"
"Gg","GCAM_SSP3",2100,704.031650546,"HFC134a_emissions","old","GCAM"
"Gg","GCAM_SSP3",2005,16.657881676495,"HFC143a_emissions","old","GCAM"
"Gg","GCAM_SSP3",2010,28.150171402278,"HFC143a_emissions","old","GCAM"
"Gg","GCAM_SSP3",2015,43.238084254551,"HFC143a_emissions","old","GCAM"
"Gg","GCAM_SSP3",2021,83.173213309551,"HFC143a_emissions","old","GCAM"
"Gg","GCAM_SSP3",2025,106.967658747995,"HFC143a_emissions","old","GCAM"
"Gg","GCAM_SSP3",2030,140.164011182906,"HFC143a_emissions","old","GCAM"
"Gg","GCAM_SSP3",2035,156.100669295911,"HFC143a_emissions","old","GCAM"
"Gg","GCAM_SSP3",2040,168.783547910463,"HFC143a_emissions","old","GCAM"
"Gg","GCAM_SSP3",2045,180.050450085335,"HFC143a_emissions","old","GCAM"
"Gg","GCAM_SSP3",2050,190.427004079622,"HFC143a_emissions","old","GCAM"
"Gg","GCAM_SSP3",2055,198.892631984592,"HFC143a_emissions","old","GCAM"
"Gg","GCAM_SSP3",2060,206.994983173523,"HFC143a_emissions","old","GCAM"
"Gg","GCAM_SSP3",2065,214.240590807851,"HFC143a_emissions","old","GCAM"
"Gg","GCAM_SSP3",2070,220.45111295622,"HFC143a_emissions","old","GCAM"
"Gg","GCAM_SSP3",2075,225.94147505298,"HFC143a_emissions","old","GCAM"
"Gg","GCAM_SSP3",2080,230.468398256389,"HFC143a_emissions","old","GCAM"
"Gg","GCAM_SSP3",2085,234.035390221284,"HFC143a_emissions","old","GCAM"
"Gg","GCAM_SSP3",2090,237.062594864601,"HFC143a_emissions","old","GCAM"
"Gg","GCAM_SSP3",2095,239.434595514176,"HFC143a_emissions","old","GCAM"
"Gg","GCAM_SSP3",2100,240.979586277405,"HFC143a_emissions","old","GCAM"
"Gg","GCAM_SSP3",2005,3.426583998229,"HFC245fa_emissions","old","GCAM"
"Gg","GCAM_SSP3",2010,6.643179485242,"HFC245fa_emissions","old","GCAM"
"Gg","GCAM_SSP3",2015,8.489817647341,"HFC245fa_emissions","old","GCAM"
"Gg","GCAM_SSP3",2021,8.496387675183,"HFC245fa_emissions","old","GCAM"
"Gg","GCAM_SSP3",2025,8.926849282562,"HFC245fa_emissions","old","GCAM"
"Gg","GCAM_SSP3",2030,10.374685087081,"HFC245fa_emissions","old","GCAM"
"Gg","GCAM_SSP3",2035,10.327882730469,"HFC245fa_emissions","old","GCAM"
"Gg","GCAM_SSP3",2040,10.495852746836,"HFC245fa_emissions","old","GCAM"
"Gg","GCAM_SSP3",2045,10.63067575175,"HFC245fa_emissions","old","GCAM"
"Gg","GCAM_SSP3",2050,10.884330329824,"HFC245fa_emissions","old","GCAM"
"Gg","GCAM_SSP3",2055,11.149535138658,"HFC245fa_emissions","old","GCAM"
"Gg","GCAM_SSP3",2060,11.426870702033,"HFC245fa_emissions","old","GCAM"
"Gg","GCAM_SSP3",2065,11.712820445739,"HFC245fa_emissions","old","GCAM"
"Gg","GCAM_SSP3",2070,12.006222418038,"HFC245fa_emissions","old","GCAM"
"Gg","GCAM_SSP3",2075,12.305671310869,"HFC245fa_emissions","old","GCAM"
"Gg","GCAM_SSP3",2080,12.60636909494,"HFC245fa_emissions","old","GCAM"
"Gg","GCAM_SSP3",2085,12.90949594384,"HFC245fa_emissions","old","GCAM"
"Gg","GCAM_SSP3",2090,13.22333177748,"HFC245fa_emissions","old","GCAM"
"Gg","GCAM_SSP3",2095,13.544335264134,"HFC245fa_emissions","old","GCAM"
"Gg","GCAM_SSP3",2100,13.867412265055,"HFC245fa_emissions","old","GCAM"
"Gg","GCAM_SSP3",2005,2.128184574,"HFC227ea_emissions","old","GCAM"
"Gg","GCAM_SSP3",2010,3.69184179,"HFC227ea_emissions","old","GCAM"
"Gg","GCAM_SSP3",2015,6.00504143,"HFC227ea_emissions","old","GCAM"
"Gg","GCAM_SSP3",2021,6.00504143,"HFC227ea_emissions","old","GCAM"
"Gg","GCAM_SSP3",2025,3.74020471,"HFC227ea_emissions","old","GCAM"
"Gg","GCAM_SSP3",2030,4.06360986,"HFC227ea_emissions","old","GCAM"
"Gg","GCAM_SSP3",2035,4.11674784,"HFC227ea_emissions","old","GCAM"
"Gg","GCAM_SSP3",2040,4.1742338,"HFC227ea_emissions","old","GCAM"
"Gg","GCAM_SSP3",2045,4.07112248,"HFC227ea_emissions","old","GCAM"
"Gg","GCAM_SSP3",2050,4.12558612,"HFC227ea_emissions","old","GCAM"
"Gg","GCAM_SSP3",2055,4.1826386,"HFC227ea_emissions","old","GCAM"
"Gg","GCAM_SSP3",2060,4.23863265,"HFC227ea_emissions","old","GCAM"
"Gg","GCAM_SSP3",2065,4.29478132,"HFC227ea_emissions","old","GCAM"
"Gg","GCAM_SSP3",2070,4.35396365,"HFC227ea_emissions","old","GCAM"
"Gg","GCAM_SSP3",2075,4.41626226,"HFC227ea_emissions","old","GCAM"
"Gg","GCAM_SSP3",2080,4.48108175,"HFC227ea_emissions","old","GCAM"
"Gg","GCAM_SSP3",2085,4.54851651,"HFC227ea_emissions","old","GCAM"
"Gg","GCAM_SSP3",2090,4.61949629,"HFC227ea_emissions","old","GCAM"
"Gg","GCAM_SSP3",2095,4.69431284,"HFC227ea_emissions","old","GCAM"
"Gg","GCAM_SSP3",2100,4.77224855,"HFC227ea_emissions","old","GCAM"
"Gg","GCAM_SSP3",2015,10.3569308623802,"HFC23_emissions","old","GCAM"
"Gg","GCAM_SSP3",2021,10.991813302661,"HFC23_emissions","old","GCAM"
"Gg","GCAM_SSP3",2025,11.90167812233,"HFC23_emissions","old","GCAM"
"Gg","GCAM_SSP3",2030,12.844885657185,"HFC23_emissions","old","GCAM"
"Gg","GCAM_SSP3",2035,13.465365352509,"HFC23_emissions","old","GCAM"
"Gg","GCAM_SSP3",2040,13.785896531954,"HFC23_emissions","old","GCAM"
"Gg","GCAM_SSP3",2045,13.959257219795,"HFC23_emissions","old","GCAM"
"Gg","GCAM_SSP3",2050,13.967459347596,"HFC23_emissions","old","GCAM"
"Gg","GCAM_SSP3",2055,13.808768763051,"HFC23_emissions","old","GCAM"
"Gg","GCAM_SSP3",2060,13.612472385575,"HFC23_emissions","old","GCAM"
"Gg","GCAM_SSP3",2065,13.389699127771,"HFC23_emissions","old","GCAM"
"Gg","GCAM_SSP3",2070,13.150106579509,"HFC23_emissions","old","GCAM"
"Gg","GCAM_SSP3",2075,12.902742215166,"HFC23_emissions","old","GCAM"
"Gg","GCAM_SSP3",2080,12.636065612294,"HFC23_emissions","old","GCAM"
"Gg","GCAM_SSP3",2085,12.363080418745,"HFC23_emissions","old","GCAM"
"Gg","GCAM_SSP3",2090,12.145522205174,"HFC23_emissions","old","GCAM"
"Gg","GCAM_SSP3",2095,11.956858583711,"HFC23_emissions","old","GCAM"
"Gg","GCAM_SSP3",2100,11.787393117133,"HFC23_emissions","old","GCAM"
"Gg","GCAM_SSP3",2005,1.2060792957,"HFC32_emissions","old","GCAM"
"Gg","GCAM_SSP3",2010,2.0280780141,"HFC32_emissions","old","GCAM"
"Gg","GCAM_SSP3",2015,3.1124134034,"HFC32_emissions","old","GCAM"
"Gg","GCAM_SSP3",2021,6.0196015741,"HFC32_emissions","old","GCAM"
"Gg","GCAM_SSP3",2025,7.7626279256,"HFC32_emissions","old","GCAM"
"Gg","GCAM_SSP3",2030,10.1861131762,"HFC32_emissions","old","GCAM"
"Gg","GCAM_SSP3",2035,11.3409958641,"HFC32_emissions","old","GCAM"
"Gg","GCAM_SSP3",2040,12.2581858327,"HFC32_emissions","old","GCAM"
"Gg","GCAM_SSP3",2045,13.0712300902,"HFC32_emissions","old","GCAM"
"Gg","GCAM_SSP3",2050,13.8179299191,"HFC32_emissions","old","GCAM"
"Gg","GCAM_SSP3",2055,14.4247430125,"HFC32_emissions","old","GCAM"
"Gg","GCAM_SSP3",2060,15.0037125377,"HFC32_emissions","old","GCAM"
"Gg","GCAM_SSP3",2065,15.5193735275,"HFC32_emissions","old","GCAM"
"Gg","GCAM_SSP3",2070,15.9588585927,"HFC32_emissions","old","GCAM"
"Gg","GCAM_SSP3",2075,16.3452378572,"HFC32_emissions","old","GCAM"
"Gg","GCAM_SSP3",2080,16.6614540199,"HFC32_emissions","old","GCAM"
"Gg","GCAM_SSP3",2085,16.90796748,"HFC32_emissions","old","GCAM"
"Gg","GCAM_SSP3",2090,17.1157064704,"HFC32_emissions","old","GCAM"
"Gg","GCAM_SSP3",2095,17.2764822984,"HFC32_emissions","old","GCAM"
"Gg","GCAM_SSP3",2100,17.3781889337,"HFC32_emissions","old","GCAM"
"Gg","GCAM_SSP3",1990,2.7646554195,"SF6_emissions","old","GCAM"
"Gg","GCAM_SSP3",2005,2.5740714763,"SF6_emissions","old","GCAM"
"Gg","GCAM_SSP3",2010,3.0635693566,"SF6_emissions","old","GCAM"
"Gg","GCAM_SSP3",2015,3.6045659027,"SF6_emissions","old","GCAM"
"Gg","GCAM_SSP3",2021,4.2902322408,"SF6_emissions","old","GCAM"
"Gg","GCAM_SSP3",2025,4.63957626511,"SF6_emissions","old","GCAM"
"Gg","GCAM_SSP3",2030,5.12961278806,"SF6_emissions","old","GCAM"
"Gg","GCAM_SSP3",2035,5.4809921282,"SF6_emissions","old","GCAM"
"Gg","GCAM_SSP3",2040,5.67685160088,"SF6_emissions","old","GCAM"
"Gg","GCAM_SSP3",2045,5.74865262385,"SF6_emissions","old","GCAM"
"Gg","GCAM_SSP3",2050,6.0381372574,"SF6_emissions","old","GCAM"
"Gg","GCAM_SSP3",2055,6.23119614463,"SF6_emissions","old","GCAM"
"Gg","GCAM_SSP3",2060,6.41689904466,"SF6_emissions","old","GCAM"
"Gg","GCAM_SSP3",2065,6.57537010861,"SF6_emissions","old","GCAM"
"Gg","GCAM_SSP3",2070,6.7074203851,"SF6_emissions","old","GCAM"
"Gg","GCAM_SSP3",2075,6.82567994367,"SF6_emissions","old","GCAM"
"Gg","GCAM_SSP3",2080,6.91719378238,"SF6_emissions","old","GCAM"
"Gg","GCAM_SSP3",2085,6.97349662378,"SF6_emissions","old","GCAM"
"Gg","GCAM_SSP3",2090,7.03567638664,"SF6_emissions","old","GCAM"
"Gg","GCAM_SSP3",2095,7.09442997493,"SF6_emissions","old","GCAM"
"Gg","GCAM_SSP3",2100,7.16970611395,"SF6_emissions","old","GCAM"
"Gg","GCAM_SSP3",1990,11.1037607851,"CF4_emissions","old","GCAM"
"Gg","GCAM_SSP3",2010,9.0445387905,"HFC23_emissions","old","GCAM"
"Gg","GCAM_SSP3",1990,1.6781865058,"C2F6_emissions","old","GCAM"
"Gg","GCAM_SSP3",2005,6.8150399058,"HFC23_emissions","old","GCAM"
"Gg","GCAM_SSP3",1990,9.1995099459024,"HFC23_emissions","old","GCAM"
"Gg","GCAM_SSP3",1990,0.00555238062543,"HFC134a_emissions","old","GCAM"
"Gg","GCAM_SSP3",1990,9.010356e-06,"HFC245fa_emissions","old","GCAM"
"Gg","GCAM_SSP3",1990,1.078794e-05,"HFC143a_emissions","old","GCAM"
"Pg C/yr","GCAM_SSP3",1990,6.17882420392556,"ffi_emissions","old","GCAM"
"Pg C/yr","GCAM_SSP3",2005,8.14001607236573,"ffi_emissions","old","GCAM"
"Pg C/yr","GCAM_SSP3",2010,9.23933775402649,"ffi_emissions","old","GCAM"
"Pg C/yr","GCAM_SSP3",2015,9.91486598086042,"ffi_emissions","old","GCAM"
"Pg C/yr","GCAM_SSP3",2021,10.3145490411078,"ffi_emissions","old","GCAM"
"Pg C/yr","GCAM_SSP3",2025,11.2360334108312,"ffi_emissions","old","GCAM"
"Pg C/yr","GCAM_SSP3",2030,11.6697692463725,"ffi_emissions","old","GCAM"
"Pg C/yr","GCAM_SSP3",2035,11.9179214350763,"ffi_emissions","old","GCAM"
"Pg C/yr","GCAM_SSP3",2040,11.9458612892278,"ffi_emissions","old","GCAM"
"Pg C/yr","GCAM_SSP3",2045,11.8574451615995,"ffi_emissions","old","GCAM"
"Pg C/yr","GCAM_SSP3",2050,11.7532248733079,"ffi_emissions","old","GCAM"
"Pg C/yr","GCAM_SSP3",2055,11.7109535689915,"ffi_emissions","old","GCAM"
"Pg C/yr","GCAM_SSP3",2060,11.7806035495328,"ffi_emissions","old","GCAM"
"Pg C/yr","GCAM_SSP3",2065,11.8853177563293,"ffi_emissions","old","GCAM"
"Pg C/yr","GCAM_SSP3",2070,12.0407071742586,"ffi_emissions","old","GCAM"
"Pg C/yr","GCAM_SSP3",2075,12.246278439041,"ffi_emissions","old","GCAM"
"Pg C/yr","GCAM_SSP3",2080,12.4162419627205,"ffi_emissions","old","GCAM"
"Pg C/yr","GCAM_SSP3",2085,12.4482917049231,"ffi_emissions","old","GCAM"
"Pg C/yr","GCAM_SSP3",2090,12.5676251804764,"ffi_emissions","old","GCAM"
"Pg C/yr","GCAM_SSP3",2095,12.6926884942007,"ffi_emissions","old","GCAM"
"Pg C/yr","GCAM_SSP3",2100,12.8323328677397,"ffi_emissions","old","GCAM"
"Tg","GCAM_SSP3",1990,7.00621142301109,"BC_emissions","old","GCAM"
"Tg","GCAM_SSP3",2005,7.27622241939533,"BC_emissions","old","GCAM"
"Tg","GCAM_SSP3",2010,7.53326501248469,"BC_emissions","old","GCAM"
"Tg","GCAM_SSP3",2015,7.19507927054289,"BC_emissions","old","GCAM"
"Tg","GCAM_SSP3",2021,6.75363485550095,"BC_emissions","old","GCAM"
"Tg","GCAM_SSP3",2025,6.891621955771,"BC_emissions","old","GCAM"
"Tg","GCAM_SSP3",2030,6.43882500824191,"BC_emissions","old","GCAM"
"Tg","GCAM_SSP3",2035,6.08213619836416,"BC_emissions","old","GCAM"
"Tg","GCAM_SSP3",2040,5.70666912996066,"BC_emissions","old","GCAM"
"Tg","GCAM_SSP3",2045,5.46855236377969,"BC_emissions","old","GCAM"
"Tg","GCAM_SSP3",2050,5.23831147068106,"BC_emissions","old","GCAM"
"Tg","GCAM_SSP3",2055,5.01635265574747,"BC_emissions","old","GCAM"
"Tg","GCAM_SSP3",2060,4.83191114149945,"BC_emissions","old","GCAM"
"Tg","GCAM_SSP3",2065,4.65754320715032,"BC_emissions","old","GCAM"
"Tg","GCAM_SSP3",2070,4.49139624681295,"BC_emissions","old","GCAM"
"Tg","GCAM_SSP3",2075,4.31988489993852,"BC_emissions","old","GCAM"
"Tg","GCAM_SSP3",2080,4.15642478383645,"BC_emissions","old","GCAM"
"Tg","GCAM_SSP3",2085,4.00506329733125,"BC_emissions","old","GCAM"
"Tg","GCAM_SSP3",2090,3.86463201701813,"BC_emissions","old","GCAM"
"Tg","GCAM_SSP3",2095,3.71141961831365,"BC_emissions","old","GCAM"
"Tg","GCAM_SSP3",2100,3.5610008008347,"BC_emissions","old","GCAM"
"Tg CH4","GCAM_SSP3",1990,303.036388460552,"CH4_emissions","old","GCAM"
"Tg CH4","GCAM_SSP3",2005,324.826828360814,"CH4_emissions","old","GCAM"
"Tg CH4","GCAM_SSP3",2010,340.017507647621,"CH4_emissions","old","GCAM"
"Tg CH4","GCAM_SSP3",2015,355.373265591683,"CH4_emissions","old","GCAM"
"Tg CH4","GCAM_SSP3",2021,367.707499900745,"CH4_emissions","old","GCAM"
"Tg CH4","GCAM_SSP3",2025,390.951169597062,"CH4_emissions","old","GCAM"
"Tg CH4","GCAM_SSP3",2030,408.588068756445,"CH4_emissions","old","GCAM"
"Tg CH4","GCAM_SSP3",2035,424.455891485854,"CH4_emissions","old","GCAM"
"Tg CH4","GCAM_SSP3",2040,437.765770946778,"CH4_emissions","old","GCAM"
"Tg CH4","GCAM_SSP3",2045,448.568170039578,"CH4_emissions","old","GCAM"
"Tg CH4","GCAM_SSP3",2050,461.043169798717,"CH4_emissions","old","GCAM"
"Tg CH4","GCAM_SSP3",2055,473.211507781268,"CH4_emissions","old","GCAM"
"Tg CH4","GCAM_SSP3",2060,487.590769929208,"CH4_emissions","old","GCAM"
"Tg CH4","GCAM_SSP3",2065,502.000829569884,"CH4_emissions","old","GCAM"
"Tg CH4","GCAM_SSP3",2070,515.244853885754,"CH4_emissions","old","GCAM"
"Tg CH4","GCAM_SSP3",2075,528.483277621812,"CH4_emissions","old","GCAM"
"Tg CH4","GCAM_SSP3",2080,541.239363345161,"CH4_emissions","old","GCAM"
"Tg CH4","GCAM_SSP3",2085,553.248513809867,"CH4_emissions","old","GCAM"
"Tg CH4","GCAM_SSP3",2090,565.782180526383,"CH4_emissions","old","GCAM"
"Tg CH4","GCAM_SSP3",2095,576.57420132305,"CH4_emissions","old","GCAM"
"Tg CH4","GCAM_SSP3",2100,587.7877791756,"CH4_emissions","old","GCAM"
"Tg CO","GCAM_SSP3",1990,836.303124377419,"CO_emissions","old","GCAM"
"Tg CO","GCAM_SSP3",2005,781.100929514845,"CO_emissions","old","GCAM"
"Tg CO","GCAM_SSP3",2010,761.776371104203,"CO_emissions","old","GCAM"
"Tg CO","GCAM_SSP3",2015,732.334609668918,"CO_emissions","old","GCAM"
"Tg CO","GCAM_SSP3",2021,666.236094636248,"CO_emissions","old","GCAM"
"Tg CO","GCAM_SSP3",2025,683.900977597639,"CO_emissions","old","GCAM"
"Tg CO","GCAM_SSP3",2030,633.340321342271,"CO_emissions","old","GCAM"
"Tg CO","GCAM_SSP3",2035,598.61574179622,"CO_emissions","old","GCAM"
"Tg CO","GCAM_SSP3",2040,572.131685733732,"CO_emissions","old","GCAM"
"Tg CO","GCAM_SSP3",2045,551.532977678662,"CO_emissions","old","GCAM"
"Tg CO","GCAM_SSP3",2050,534.8231412542,"CO_emissions","old","GCAM"
"Tg CO","GCAM_SSP3",2055,521.48960413424,"CO_emissions","old","GCAM"
"Tg CO","GCAM_SSP3",2060,508.893997827204,"CO_emissions","old","GCAM"
"Tg CO","GCAM_SSP3",2065,496.7111422152,"CO_emissions","old","GCAM"
"Tg CO","GCAM_SSP3",2070,486.731139629637,"CO_emissions","old","GCAM"
"Tg CO","GCAM_SSP3",2075,476.547157169294,"CO_emissions","old","GCAM"
"Tg CO","GCAM_SSP3",2080,467.474935620596,"CO_emissions","old","GCAM"
"Tg CO","GCAM_SSP3",2085,459.914586151707,"CO_emissions","old","GCAM"
"Tg CO","GCAM_SSP3",2090,453.928611956481,"CO_emissions","old","GCAM"
"Tg CO","GCAM_SSP3",2095,447.157325503461,"CO_emissions","old","GCAM"
"Tg CO","GCAM_SSP3",2100,440.92339873308,"CO_emissions","old","GCAM"
NA,"GCAM_SSP3",1990,NA,NA,"old","GCAM"
NA,"GCAM_SSP3",2005,NA,NA,"old","GCAM"
NA,"GCAM_SSP3",2010,NA,NA,"old","GCAM"
NA,"GCAM_SSP3",2015,NA,NA,"old","GCAM"
NA,"GCAM_SSP3",2021,NA,NA,"old","GCAM"
NA,"GCAM_SSP3",2025,NA,NA,"old","GCAM"
NA,"GCAM_SSP3",2030,NA,NA,"old","GCAM"
NA,"GCAM_SSP3",2035,NA,NA,"old","GCAM"
NA,"GCAM_SSP3",2040,NA,NA,"old","GCAM"
NA,"GCAM_SSP3",2045,NA,NA,"old","GCAM"
NA,"GCAM_SSP3",2050,NA,NA,"old","GCAM"
NA,"GCAM_SSP3",2055,NA,NA,"old","GCAM"
NA,"GCAM_SSP3",2060,NA,NA,"old","GCAM"
NA,"GCAM_SSP3",2065,NA,NA,"old","GCAM"
NA,"GCAM_SSP3",2070,NA,NA,"old","GCAM"
NA,"GCAM_SSP3",2075,NA,NA,"old","GCAM"
NA,"GCAM_SSP3",2080,NA,NA,"old","GCAM"
NA,"GCAM_SSP3",2085,NA,NA,"old","GCAM"
NA,"GCAM_SSP3",2090,NA,NA,"old","GCAM"
NA,"GCAM_SSP3",2095,NA,NA,"old","GCAM"
NA,"GCAM_SSP3",2100,NA,NA,"old","GCAM"
"Tg N","GCAM_SSP3",1990,5.3805170657975,"N2O_emissions","old","GCAM"
"Tg N","GCAM_SSP3",2005,6.08941930707426,"N2O_emissions","old","GCAM"
"Tg N","GCAM_SSP3",2010,6.39970980601394,"N2O_emissions","old","GCAM"
"Tg N","GCAM_SSP3",2015,7.01123979708578,"N2O_emissions","old","GCAM"
"Tg N","GCAM_SSP3",2021,7.1053786790776,"N2O_emissions","old","GCAM"
"Tg N","GCAM_SSP3",2025,7.6255122741047,"N2O_emissions","old","GCAM"
"Tg N","GCAM_SSP3",2030,8.06169343822685,"N2O_emissions","old","GCAM"
"Tg N","GCAM_SSP3",2035,8.45871227609545,"N2O_emissions","old","GCAM"
"Tg N","GCAM_SSP3",2040,8.80459748249749,"N2O_emissions","old","GCAM"
"Tg N","GCAM_SSP3",2045,9.10765548496637,"N2O_emissions","old","GCAM"
"Tg N","GCAM_SSP3",2050,9.50170635938463,"N2O_emissions","old","GCAM"
"Tg N","GCAM_SSP3",2055,9.92338111226842,"N2O_emissions","old","GCAM"
"Tg N","GCAM_SSP3",2060,10.3675634733072,"N2O_emissions","old","GCAM"
"Tg N","GCAM_SSP3",2065,10.7841002015754,"N2O_emissions","old","GCAM"
"Tg N","GCAM_SSP3",2070,11.1747866182521,"N2O_emissions","old","GCAM"
"Tg N","GCAM_SSP3",2075,11.5382706247868,"N2O_emissions","old","GCAM"
"Tg N","GCAM_SSP3",2080,11.9012549105131,"N2O_emissions","old","GCAM"
"Tg N","GCAM_SSP3",2085,12.2430406123427,"N2O_emissions","old","GCAM"
"Tg N","GCAM_SSP3",2090,12.5957482877206,"N2O_emissions","old","GCAM"
"Tg N","GCAM_SSP3",2095,12.9178105244281,"N2O_emissions","old","GCAM"
"Tg N","GCAM_SSP3",2100,13.2305427216912,"N2O_emissions","old","GCAM"
"Tg","GCAM_SSP3",1990,49.8893714613597,"NH3_emissions","old","GCAM"
"Tg","GCAM_SSP3",2005,55.74579186633,"NH3_emissions","old","GCAM"
"Tg","GCAM_SSP3",2010,59.4134766714642,"NH3_emissions","old","GCAM"
"Tg","GCAM_SSP3",2015,62.5179094882013,"NH3_emissions","old","GCAM"
"Tg","GCAM_SSP3",2021,65.8962209155056,"NH3_emissions","old","GCAM"
"Tg","GCAM_SSP3",2025,70.7219430450609,"NH3_emissions","old","GCAM"
"Tg","GCAM_SSP3",2030,74.9925625370451,"NH3_emissions","old","GCAM"
"Tg","GCAM_SSP3",2035,79.4025845585388,"NH3_emissions","old","GCAM"
"Tg","GCAM_SSP3",2040,83.4917411560081,"NH3_emissions","old","GCAM"
"Tg","GCAM_SSP3",2045,87.1234418349793,"NH3_emissions","old","GCAM"
"Tg","GCAM_SSP3",2050,90.4007150938711,"NH3_emissions","old","GCAM"
"Tg","GCAM_SSP3",2055,93.5357156944604,"NH3_emissions","old","GCAM"
"Tg","GCAM_SSP3",2060,96.9250523066229,"NH3_emissions","old","GCAM"
"Tg","GCAM_SSP3",2065,100.177343441756,"NH3_emissions","old","GCAM"
"Tg","GCAM_SSP3",2070,103.212939914858,"NH3_emissions","old","GCAM"
"Tg","GCAM_SSP3",2075,105.993512037478,"NH3_emissions","old","GCAM"
"Tg","GCAM_SSP3",2080,108.709430033753,"NH3_emissions","old","GCAM"
"Tg","GCAM_SSP3",2085,111.446135703291,"NH3_emissions","old","GCAM"
"Tg","GCAM_SSP3",2090,114.370808775226,"NH3_emissions","old","GCAM"
"Tg","GCAM_SSP3",2095,117.04737306696,"NH3_emissions","old","GCAM"
"Tg","GCAM_SSP3",2100,119.717407938432,"NH3_emissions","old","GCAM"
"Tg NMVOC","GCAM_SSP3",1990,164.235669894974,"NMVOC_emissions","old","GCAM"
"Tg NMVOC","GCAM_SSP3",2005,168.860688936823,"NMVOC_emissions","old","GCAM"
"Tg NMVOC","GCAM_SSP3",2010,171.580684137291,"NMVOC_emissions","old","GCAM"
"Tg NMVOC","GCAM_SSP3",2015,176.936337620715,"NMVOC_emissions","old","GCAM"
"Tg NMVOC","GCAM_SSP3",2021,173.559550532063,"NMVOC_emissions","old","GCAM"
"Tg NMVOC","GCAM_SSP3",2025,176.179111077646,"NMVOC_emissions","old","GCAM"
"Tg NMVOC","GCAM_SSP3",2030,168.55312045546,"NMVOC_emissions","old","GCAM"
"Tg NMVOC","GCAM_SSP3",2035,164.264595032353,"NMVOC_emissions","old","GCAM"
"Tg NMVOC","GCAM_SSP3",2040,161.901609229896,"NMVOC_emissions","old","GCAM"
"Tg NMVOC","GCAM_SSP3",2045,160.883391090265,"NMVOC_emissions","old","GCAM"
"Tg NMVOC","GCAM_SSP3",2050,160.18320377428,"NMVOC_emissions","old","GCAM"
"Tg NMVOC","GCAM_SSP3",2055,159.55613122548,"NMVOC_emissions","old","GCAM"
"Tg NMVOC","GCAM_SSP3",2060,159.532292057411,"NMVOC_emissions","old","GCAM"
"Tg NMVOC","GCAM_SSP3",2065,159.720972267037,"NMVOC_emissions","old","GCAM"
"Tg NMVOC","GCAM_SSP3",2070,160.04044923825,"NMVOC_emissions","old","GCAM"
"Tg NMVOC","GCAM_SSP3",2075,160.292957405922,"NMVOC_emissions","old","GCAM"
"Tg NMVOC","GCAM_SSP3",2080,160.828455343569,"NMVOC_emissions","old","GCAM"
"Tg NMVOC","GCAM_SSP3",2085,161.65521347166,"NMVOC_emissions","old","GCAM"
"Tg NMVOC","GCAM_SSP3",2090,162.990538592031,"NMVOC_emissions","old","GCAM"
"Tg NMVOC","GCAM_SSP3",2095,163.954272718782,"NMVOC_emissions","old","GCAM"
"Tg NMVOC","GCAM_SSP3",2100,165.008319903515,"NMVOC_emissions","old","GCAM"
"Tg N","GCAM_SSP3",1990,37.9392069653076,"NOX_emissions","old","GCAM"
"Tg N","GCAM_SSP3",2005,43.0106488664053,"NOX_emissions","old","GCAM"
"Tg N","GCAM_SSP3",2010,42.4927187079542,"NOX_emissions","old","GCAM"
"Tg N","GCAM_SSP3",2015,41.8129308109541,"NOX_emissions","old","GCAM"
"Tg N","GCAM_SSP3",2021,38.2388006793191,"NOX_emissions","old","GCAM"
"Tg N","GCAM_SSP3",2025,43.0505542082563,"NOX_emissions","old","GCAM"
"Tg N","GCAM_SSP3",2030,40.4156039276312,"NOX_emissions","old","GCAM"
"Tg N","GCAM_SSP3",2035,37.2667114720224,"NOX_emissions","old","GCAM"
"Tg N","GCAM_SSP3",2040,33.9989631116011,"NOX_emissions","old","GCAM"
"Tg N","GCAM_SSP3",2045,32.5937902815689,"NOX_emissions","old","GCAM"
"Tg N","GCAM_SSP3",2050,31.2458463106983,"NOX_emissions","old","GCAM"
"Tg N","GCAM_SSP3",2055,30.0720153154599,"NOX_emissions","old","GCAM"
"Tg N","GCAM_SSP3",2060,29.2823085707356,"NOX_emissions","old","GCAM"
"Tg N","GCAM_SSP3",2065,28.5256549266126,"NOX_emissions","old","GCAM"
"Tg N","GCAM_SSP3",2070,27.789579234966,"NOX_emissions","old","GCAM"
"Tg N","GCAM_SSP3",2075,27.0540137701817,"NOX_emissions","old","GCAM"
"Tg N","GCAM_SSP3",2080,26.2803595078391,"NOX_emissions","old","GCAM"
"Tg N","GCAM_SSP3",2085,25.2761003586899,"NOX_emissions","old","GCAM"
"Tg N","GCAM_SSP3",2090,24.4486926925546,"NOX_emissions","old","GCAM"
"Tg N","GCAM_SSP3",2095,23.5904781946951,"NOX_emissions","old","GCAM"
"Tg N","GCAM_SSP3",2100,22.7263137885843,"NOX_emissions","old","GCAM"
"Tg","GCAM_SSP3",1990,22.4024493447264,"OC_emissions","old","GCAM"
"Tg","GCAM_SSP3",2005,23.8215767163933,"OC_emissions","old","GCAM"
"Tg","GCAM_SSP3",2010,24.6788804398611,"OC_emissions","old","GCAM"
"Tg","GCAM_SSP3",2015,24.5184090493347,"OC_emissions","old","GCAM"
"Tg","GCAM_SSP3",2021,23.9508011865521,"OC_emissions","old","GCAM"
"Tg","GCAM_SSP3",2025,25.101880889213,"OC_emissions","old","GCAM"
"Tg","GCAM_SSP3",2030,23.7779081559389,"OC_emissions","old","GCAM"
"Tg","GCAM_SSP3",2035,22.7206452815672,"OC_emissions","old","GCAM"
"Tg","GCAM_SSP3",2040,22.1447196186425,"OC_emissions","old","GCAM"
"Tg","GCAM_SSP3",2045,21.4272972859106,"OC_emissions","old","GCAM"
"Tg","GCAM_SSP3",2050,20.8344633861313,"OC_emissions","old","GCAM"
"Tg","GCAM_SSP3",2055,20.2686748626476,"OC_emissions","old","GCAM"
"Tg","GCAM_SSP3",2060,19.7169782171435,"OC_emissions","old","GCAM"
"Tg","GCAM_SSP3",2065,19.1258308854918,"OC_emissions","old","GCAM"
"Tg","GCAM_SSP3",2070,18.5802554875931,"OC_emissions","old","GCAM"
"Tg","GCAM_SSP3",2075,17.9979026113782,"OC_emissions","old","GCAM"
"Tg","GCAM_SSP3",2080,17.479796055103,"OC_emissions","old","GCAM"
"Tg","GCAM_SSP3",2085,17.0366760649189,"OC_emissions","old","GCAM"
"Tg","GCAM_SSP3",2090,16.6608312730997,"OC_emissions","old","GCAM"
"Tg","GCAM_SSP3",2095,16.238711360486,"OC_emissions","old","GCAM"
"Tg","GCAM_SSP3",2100,15.8201761129653,"OC_emissions","old","GCAM"
"Gg S","GCAM_SSP3",1990,68294.1401175173,"SO2_emissions","old","GCAM"
"Gg S","GCAM_SSP3",2005,61985.3021332908,"SO2_emissions","old","GCAM"
"Gg S","GCAM_SSP3",2010,53026.2252962766,"SO2_emissions","old","GCAM"
"Gg S","GCAM_SSP3",2015,45373.065483895,"SO2_emissions","old","GCAM"
"Gg S","GCAM_SSP3",2021,36028.7547983023,"SO2_emissions","old","GCAM"
"Gg S","GCAM_SSP3",2025,37644.7765317505,"SO2_emissions","old","GCAM"
"Gg S","GCAM_SSP3",2030,35224.2158396201,"SO2_emissions","old","GCAM"
"Gg S","GCAM_SSP3",2035,33088.4849230709,"SO2_emissions","old","GCAM"
"Gg S","GCAM_SSP3",2040,31658.9826951696,"SO2_emissions","old","GCAM"
"Gg S","GCAM_SSP3",2045,30601.3098813842,"SO2_emissions","old","GCAM"
"Gg S","GCAM_SSP3",2050,29758.8191418112,"SO2_emissions","old","GCAM"
"Gg S","GCAM_SSP3",2055,28947.4054272274,"SO2_emissions","old","GCAM"
"Gg S","GCAM_SSP3",2060,28475.8085410738,"SO2_emissions","old","GCAM"
"Gg S","GCAM_SSP3",2065,28034.0240428561,"SO2_emissions","old","GCAM"
"Gg S","GCAM_SSP3",2070,27514.9676567837,"SO2_emissions","old","GCAM"
"Gg S","GCAM_SSP3",2075,26905.8977034484,"SO2_emissions","old","GCAM"
"Gg S","GCAM_SSP3",2080,26168.1872111112,"SO2_emissions","old","GCAM"
"Gg S","GCAM_SSP3",2085,24985.4269234473,"SO2_emissions","old","GCAM"
"Gg S","GCAM_SSP3",2090,23842.8915204108,"SO2_emissions","old","GCAM"
"Gg S","GCAM_SSP3",2095,22607.4107437154,"SO2_emissions","old","GCAM"
"Gg S","GCAM_SSP3",2100,21182.3153081655,"SO2_emissions","old","GCAM"
"Pg C/yr","GCAM_SSP3",1990,6.0233280063794,"ffi_emissions","old","GCAM"
"Pg C/yr","GCAM_SSP3",2005,7.9829449382286,"ffi_emissions","old","GCAM"
"Pg C/yr","GCAM_SSP3",2010,9.07491468390694,"ffi_emissions","old","GCAM"
"Pg C/yr","GCAM_SSP3",2015,9.69313672356527,"ffi_emissions","old","GCAM"
"Pg C/yr","GCAM_SSP3",2021,10.0506041691071,"ffi_emissions","old","GCAM"
"Pg C/yr","GCAM_SSP3",2025,10.9163240002724,"ffi_emissions","old","GCAM"
"Pg C/yr","GCAM_SSP3",2030,11.337844267617,"ffi_emissions","old","GCAM"
"Pg C/yr","GCAM_SSP3",2035,11.5749481339342,"ffi_emissions","old","GCAM"
"Pg C/yr","GCAM_SSP3",2040,11.5946583497132,"ffi_emissions","old","GCAM"
"Pg C/yr","GCAM_SSP3",2045,11.485048682797,"ffi_emissions","old","GCAM"
"Pg C/yr","GCAM_SSP3",2050,11.3403725125522,"ffi_emissions","old","GCAM"
"Pg C/yr","GCAM_SSP3",2055,11.2262958058302,"ffi_emissions","old","GCAM"
"Pg C/yr","GCAM_SSP3",2060,11.2502445278541,"ffi_emissions","old","GCAM"
"Pg C/yr","GCAM_SSP3",2065,11.3226128159594,"ffi_emissions","old","GCAM"
"Pg C/yr","GCAM_SSP3",2070,11.435149052791,"ffi_emissions","old","GCAM"
"Pg C/yr","GCAM_SSP3",2075,11.5991698757231,"ffi_emissions","old","GCAM"
"Pg C/yr","GCAM_SSP3",2080,11.7385423844855,"ffi_emissions","old","GCAM"
"Pg C/yr","GCAM_SSP3",2085,11.7626128205688,"ffi_emissions","old","GCAM"
"Pg C/yr","GCAM_SSP3",2090,11.8792492320346,"ffi_emissions","old","GCAM"
"Pg C/yr","GCAM_SSP3",2095,11.99949714133,"ffi_emissions","old","GCAM"
"Pg C/yr","GCAM_SSP3",2100,12.1318939285283,"ffi_emissions","old","GCAM"
"Pg C/yr","GCAM_SSP3",1990,0.560385279589071,"luc_emissions","old","GCAM"
"Pg C/yr","GCAM_SSP3",2005,0.179254430720199,"luc_emissions","old","GCAM"
"Pg C/yr","GCAM_SSP3",2010,0.459514974670875,"luc_emissions","old","GCAM"
"Pg C/yr","GCAM_SSP3",2015,0.539649440329446,"luc_emissions","old","GCAM"
"Pg C/yr","GCAM_SSP3",2021,0.22192798580059,"luc_emissions","old","GCAM"
"Pg C/yr","GCAM_SSP3",2025,1.53380822559834,"luc_emissions","old","GCAM"
"Pg C/yr","GCAM_SSP3",2030,1.6733822780492,"luc_emissions","old","GCAM"
"Pg C/yr","GCAM_SSP3",2035,1.57111246781653,"luc_emissions","old","GCAM"
"Pg C/yr","GCAM_SSP3",2040,1.60674111762435,"luc_emissions","old","GCAM"
"Pg C/yr","GCAM_SSP3",2045,1.44248822618114,"luc_emissions","old","GCAM"
"Pg C/yr","GCAM_SSP3",2050,1.38848581115369,"luc_emissions","old","GCAM"
"Pg C/yr","GCAM_SSP3",2055,1.49259083588344,"luc_emissions","old","GCAM"
"Pg C/yr","GCAM_SSP3",2060,1.4566634964712,"luc_emissions","old","GCAM"
"Pg C/yr","GCAM_SSP3",2065,1.31515745451932,"luc_emissions","old","GCAM"
"Pg C/yr","GCAM_SSP3",2070,1.22339374755074,"luc_emissions","old","GCAM"
"Pg C/yr","GCAM_SSP3",2075,1.10882220898791,"luc_emissions","old","GCAM"
"Pg C/yr","GCAM_SSP3",2080,1.04414016238619,"luc_emissions","old","GCAM"
"Pg C/yr","GCAM_SSP3",2085,0.984503030192974,"luc_emissions","old","GCAM"
"Pg C/yr","GCAM_SSP3",2090,0.939491698129851,"luc_emissions","old","GCAM"
"Pg C/yr","GCAM_SSP3",2095,0.879473058226635,"luc_emissions","old","GCAM"
"Pg C/yr","GCAM_SSP3",2100,0.831364393251899,"luc_emissions","old","GCAM"
"PPM","GCAM_SSP5",1976,334.97,"CO2_concentration","old","GCAM"
"PPM","GCAM_SSP5",1977,336.335,"CO2_concentration","old","GCAM"
"PPM","GCAM_SSP5",1978,337.769,"CO2_concentration","old","GCAM"
"PPM","GCAM_SSP5",1979,339.249,"CO2_concentration","old","GCAM"
"PPM","GCAM_SSP5",1980,340.738,"CO2_concentration","old","GCAM"
"PPM","GCAM_SSP5",1981,342.148,"CO2_concentration","old","GCAM"
"PPM","GCAM_SSP5",1982,343.482,"CO2_concentration","old","GCAM"
"PPM","GCAM_SSP5",1983,344.741,"CO2_concentration","old","GCAM"
"PPM","GCAM_SSP5",1984,345.996,"CO2_concentration","old","GCAM"
"PPM","GCAM_SSP5",1985,347.319,"CO2_concentration","old","GCAM"
"PPM","GCAM_SSP5",1986,348.696,"CO2_concentration","old","GCAM"
"PPM","GCAM_SSP5",1987,350.124,"CO2_concentration","old","GCAM"
"PPM","GCAM_SSP5",1988,351.598,"CO2_concentration","old","GCAM"
"PPM","GCAM_SSP5",1989,353.139,"CO2_concentration","old","GCAM"
"PPM","GCAM_SSP5",1990,354.699,"CO2_concentration","old","GCAM"
"PPM","GCAM_SSP5",1991,356.182,"CO2_concentration","old","GCAM"
"PPM","GCAM_SSP5",1992,357.664,"CO2_concentration","old","GCAM"
"PPM","GCAM_SSP5",1993,358.931,"CO2_concentration","old","GCAM"
"PPM","GCAM_SSP5",1994,360.133,"CO2_concentration","old","GCAM"
"PPM","GCAM_SSP5",1995,361.45,"CO2_concentration","old","GCAM"
"PPM","GCAM_SSP5",1996,362.886,"CO2_concentration","old","GCAM"
"PPM","GCAM_SSP5",1997,364.404,"CO2_concentration","old","GCAM"
"PPM","GCAM_SSP5",1998,366.294,"CO2_concentration","old","GCAM"
"PPM","GCAM_SSP5",1999,367.917,"CO2_concentration","old","GCAM"
"PPM","GCAM_SSP5",2000,369.501,"CO2_concentration","old","GCAM"
"PPM","GCAM_SSP5",2001,371.171,"CO2_concentration","old","GCAM"
"PPM","GCAM_SSP5",2002,372.769,"CO2_concentration","old","GCAM"
"PPM","GCAM_SSP5",2003,374.478,"CO2_concentration","old","GCAM"
"PPM","GCAM_SSP5",2004,376.248,"CO2_concentration","old","GCAM"
"PPM","GCAM_SSP5",2005,378.246,"CO2_concentration","old","GCAM"
"PPM","GCAM_SSP5",2006,380.223,"CO2_concentration","old","GCAM"
"PPM","GCAM_SSP5",2007,381.975,"CO2_concentration","old","GCAM"
"PPM","GCAM_SSP5",2008,383.872,"CO2_concentration","old","GCAM"
"PPM","GCAM_SSP5",2009,385.906,"CO2_concentration","old","GCAM"
"PPM","GCAM_SSP5",2010,388.068,"CO2_concentration","old","GCAM"
"PPM","GCAM_SSP5",2011,390.356,"CO2_concentration","old","GCAM"
"PPM","GCAM_SSP5",2012,392.692,"CO2_concentration","old","GCAM"
"PPM","GCAM_SSP5",2013,395.075,"CO2_concentration","old","GCAM"
"PPM","GCAM_SSP5",2014,397.506,"CO2_concentration","old","GCAM"
"PPM","GCAM_SSP5",2015,399.982,"CO2_concentration","old","GCAM"
"PPM","GCAM_SSP5",2016,402.499,"CO2_concentration","old","GCAM"
"PPM","GCAM_SSP5",2017,404.814,"CO2_concentration","old","GCAM"
"PPM","GCAM_SSP5",2018,407.165,"CO2_concentration","old","GCAM"
"PPM","GCAM_SSP5",2019,409.528,"CO2_concentration","old","GCAM"
"PPM","GCAM_SSP5",2020,411.906,"CO2_concentration","old","GCAM"
"PPM","GCAM_SSP5",2021,414.301,"CO2_concentration","old","GCAM"
"PPM","GCAM_SSP5",2022,416.714,"CO2_concentration","old","GCAM"
"PPM","GCAM_SSP5",2023,419.452,"CO2_concentration","old","GCAM"
"PPM","GCAM_SSP5",2024,422.315,"CO2_concentration","old","GCAM"
"PPM","GCAM_SSP5",2025,425.299,"CO2_concentration","old","GCAM"
"PPM","GCAM_SSP5",2026,428.401,"CO2_concentration","old","GCAM"
"PPM","GCAM_SSP5",2027,431.434,"CO2_concentration","old","GCAM"
"PPM","GCAM_SSP5",2028,434.515,"CO2_concentration","old","GCAM"
"PPM","GCAM_SSP5",2029,437.641,"CO2_concentration","old","GCAM"
"PPM","GCAM_SSP5",2030,440.811,"CO2_concentration","old","GCAM"
"PPM","GCAM_SSP5",2031,444.023,"CO2_concentration","old","GCAM"
"PPM","GCAM_SSP5",2032,447.308,"CO2_concentration","old","GCAM"
"PPM","GCAM_SSP5",2033,450.632,"CO2_concentration","old","GCAM"
"PPM","GCAM_SSP5",2034,453.996,"CO2_concentration","old","GCAM"
"PPM","GCAM_SSP5",2035,457.399,"CO2_concentration","old","GCAM"
"PPM","GCAM_SSP5",2036,460.839,"CO2_concentration","old","GCAM"
"PPM","GCAM_SSP5",2037,464.416,"CO2_concentration","old","GCAM"
"PPM","GCAM_SSP5",2038,468.039,"CO2_concentration","old","GCAM"
"PPM","GCAM_SSP5",2039,471.707,"CO2_concentration","old","GCAM"
"PPM","GCAM_SSP5",2040,475.419,"CO2_concentration","old","GCAM"
"PPM","GCAM_SSP5",2041,479.175,"CO2_concentration","old","GCAM"
"PPM","GCAM_SSP5",2042,482.966,"CO2_concentration","old","GCAM"
"PPM","GCAM_SSP5",2043,486.804,"CO2_concentration","old","GCAM"
"PPM","GCAM_SSP5",2044,490.687,"CO2_concentration","old","GCAM"
"PPM","GCAM_SSP5",2045,494.617,"CO2_concentration","old","GCAM"
"PPM","GCAM_SSP5",2046,498.592,"CO2_concentration","old","GCAM"
"PPM","GCAM_SSP5",2047,502.561,"CO2_concentration","old","GCAM"
"PPM","GCAM_SSP5",2048,506.57,"CO2_concentration","old","GCAM"
"PPM","GCAM_SSP5",2049,510.618,"CO2_concentration","old","GCAM"
"PPM","GCAM_SSP5",2050,514.705,"CO2_concentration","old","GCAM"
"PPM","GCAM_SSP5",2051,518.833,"CO2_concentration","old","GCAM"
"PPM","GCAM_SSP5",2052,523.051,"CO2_concentration","old","GCAM"
"PPM","GCAM_SSP5",2053,527.311,"CO2_concentration","old","GCAM"
"PPM","GCAM_SSP5",2054,531.612,"CO2_concentration","old","GCAM"
"PPM","GCAM_SSP5",2055,535.956,"CO2_concentration","old","GCAM"
"PPM","GCAM_SSP5",2056,540.342,"CO2_concentration","old","GCAM"
"PPM","GCAM_SSP5",2057,544.744,"CO2_concentration","old","GCAM"
"PPM","GCAM_SSP5",2058,549.197,"CO2_concentration","old","GCAM"
"PPM","GCAM_SSP5",2059,553.702,"CO2_concentration","old","GCAM"
"PPM","GCAM_SSP5",2060,558.26,"CO2_concentration","old","GCAM"
"PPM","GCAM_SSP5",2061,562.873,"CO2_concentration","old","GCAM"
"PPM","GCAM_SSP5",2062,567.468,"CO2_concentration","old","GCAM"
"PPM","GCAM_SSP5",2063,572.115,"CO2_concentration","old","GCAM"
"PPM","GCAM_SSP5",2064,576.812,"CO2_concentration","old","GCAM"
"PPM","GCAM_SSP5",2065,581.562,"CO2_concentration","old","GCAM"
"PPM","GCAM_SSP5",2066,586.364,"CO2_concentration","old","GCAM"
"PPM","GCAM_SSP5",2067,591.162,"CO2_concentration","old","GCAM"
"PPM","GCAM_SSP5",2068,596.005,"CO2_concentration","old","GCAM"
"PPM","GCAM_SSP5",2069,600.894,"CO2_concentration","old","GCAM"
"PPM","GCAM_SSP5",2070,605.829,"CO2_concentration","old","GCAM"
"PPM","GCAM_SSP5",2071,610.811,"CO2_concentration","old","GCAM"
"PPM","GCAM_SSP5",2072,615.796,"CO2_concentration","old","GCAM"
"PPM","GCAM_SSP5",2073,620.822,"CO2_concentration","old","GCAM"
"PPM","GCAM_SSP5",2074,625.887,"CO2_concentration","old","GCAM"
"PPM","GCAM_SSP5",2075,630.994,"CO2_concentration","old","GCAM"
"PPM","GCAM_SSP5",2076,636.142,"CO2_concentration","old","GCAM"
"PPM","GCAM_SSP5",2077,641.3,"CO2_concentration","old","GCAM"
"PPM","GCAM_SSP5",2078,646.484,"CO2_concentration","old","GCAM"
"PPM","GCAM_SSP5",2079,651.695,"CO2_concentration","old","GCAM"
"PPM","GCAM_SSP5",2080,656.933,"CO2_concentration","old","GCAM"
"PPM","GCAM_SSP5",2081,662.2,"CO2_concentration","old","GCAM"
"PPM","GCAM_SSP5",2082,667.437,"CO2_concentration","old","GCAM"
"PPM","GCAM_SSP5",2083,672.681,"CO2_concentration","old","GCAM"
"PPM","GCAM_SSP5",2084,677.932,"CO2_concentration","old","GCAM"
"PPM","GCAM_SSP5",2085,683.193,"CO2_concentration","old","GCAM"
"PPM","GCAM_SSP5",2086,688.464,"CO2_concentration","old","GCAM"
"PPM","GCAM_SSP5",2087,693.657,"CO2_concentration","old","GCAM"
"PPM","GCAM_SSP5",2088,698.856,"CO2_concentration","old","GCAM"
"PPM","GCAM_SSP5",2089,704.062,"CO2_concentration","old","GCAM"
"PPM","GCAM_SSP5",2090,709.276,"CO2_concentration","old","GCAM"
"PPM","GCAM_SSP5",2091,714.499,"CO2_concentration","old","GCAM"
"PPM","GCAM_SSP5",2092,719.671,"CO2_concentration","old","GCAM"
"PPM","GCAM_SSP5",2093,724.841,"CO2_concentration","old","GCAM"
"PPM","GCAM_SSP5",2094,730.011,"CO2_concentration","old","GCAM"
"PPM","GCAM_SSP5",2095,735.182,"CO2_concentration","old","GCAM"
"PPM","GCAM_SSP5",2096,740.355,"CO2_concentration","old","GCAM"
"PPM","GCAM_SSP5",2097,745.452,"CO2_concentration","old","GCAM"
"PPM","GCAM_SSP5",2098,750.534,"CO2_concentration","old","GCAM"
"PPM","GCAM_SSP5",2099,755.603,"CO2_concentration","old","GCAM"
"PPM","GCAM_SSP5",2100,760.66,"CO2_concentration","old","GCAM"
"W/m^2","GCAM_SSP5",1976,-0.976163,"RF_aci","old","GCAM"
"W/m^2","GCAM_SSP5",1977,-0.983358,"RF_aci","old","GCAM"
"W/m^2","GCAM_SSP5",1978,-0.995526,"RF_aci","old","GCAM"
"W/m^2","GCAM_SSP5",1979,-1.00941,"RF_aci","old","GCAM"
"W/m^2","GCAM_SSP5",1980,-1.00574,"RF_aci","old","GCAM"
"W/m^2","GCAM_SSP5",1981,-0.980879,"RF_aci","old","GCAM"
"W/m^2","GCAM_SSP5",1982,-1.01212,"RF_aci","old","GCAM"
"W/m^2","GCAM_SSP5",1983,-0.95573,"RF_aci","old","GCAM"
"W/m^2","GCAM_SSP5",1984,-0.975326,"RF_aci","old","GCAM"
"W/m^2","GCAM_SSP5",1985,-0.983952,"RF_aci","old","GCAM"
"W/m^2","GCAM_SSP5",1986,-0.98595,"RF_aci","old","GCAM"
"W/m^2","GCAM_SSP5",1987,-1.01525,"RF_aci","old","GCAM"
"W/m^2","GCAM_SSP5",1988,-1.02214,"RF_aci","old","GCAM"
"W/m^2","GCAM_SSP5",1989,-1.01192,"RF_aci","old","GCAM"
"W/m^2","GCAM_SSP5",1990,-1.02357,"RF_aci","old","GCAM"
"W/m^2","GCAM_SSP5",1991,-1.10085,"RF_aci","old","GCAM"
"W/m^2","GCAM_SSP5",1992,-0.986158,"RF_aci","old","GCAM"
"W/m^2","GCAM_SSP5",1993,-0.994766,"RF_aci","old","GCAM"
"W/m^2","GCAM_SSP5",1994,-1.04225,"RF_aci","old","GCAM"
"W/m^2","GCAM_SSP5",1995,-0.991361,"RF_aci","old","GCAM"
"W/m^2","GCAM_SSP5",1996,-0.968846,"RF_aci","old","GCAM"
"W/m^2","GCAM_SSP5",1997,-1.08535,"RF_aci","old","GCAM"
"W/m^2","GCAM_SSP5",1998,-1.0693,"RF_aci","old","GCAM"
"W/m^2","GCAM_SSP5",1999,-0.948405,"RF_aci","old","GCAM"
"W/m^2","GCAM_SSP5",2000,-0.918149,"RF_aci","old","GCAM"
"W/m^2","GCAM_SSP5",2001,-0.922392,"RF_aci","old","GCAM"
"W/m^2","GCAM_SSP5",2002,-0.992604,"RF_aci","old","GCAM"
"W/m^2","GCAM_SSP5",2003,-1.01991,"RF_aci","old","GCAM"
"W/m^2","GCAM_SSP5",2004,-1.0263,"RF_aci","old","GCAM"
"W/m^2","GCAM_SSP5",2005,-1.0263,"RF_aci","old","GCAM"
"W/m^2","GCAM_SSP5",2006,-0.99266,"RF_aci","old","GCAM"
"W/m^2","GCAM_SSP5",2007,-0.958512,"RF_aci","old","GCAM"
"W/m^2","GCAM_SSP5",2008,-0.923845,"RF_aci","old","GCAM"
"W/m^2","GCAM_SSP5",2009,-0.888643,"RF_aci","old","GCAM"
"W/m^2","GCAM_SSP5",2010,-0.852889,"RF_aci","old","GCAM"
"W/m^2","GCAM_SSP5",2011,-0.835838,"RF_aci","old","GCAM"
"W/m^2","GCAM_SSP5",2012,-0.818659,"RF_aci","old","GCAM"
"W/m^2","GCAM_SSP5",2013,-0.80135,"RF_aci","old","GCAM"
"W/m^2","GCAM_SSP5",2014,-0.783908,"RF_aci","old","GCAM"
"W/m^2","GCAM_SSP5",2015,-0.766331,"RF_aci","old","GCAM"
"W/m^2","GCAM_SSP5",2016,-0.747463,"RF_aci","old","GCAM"
"W/m^2","GCAM_SSP5",2017,-0.728437,"RF_aci","old","GCAM"
"W/m^2","GCAM_SSP5",2018,-0.70925,"RF_aci","old","GCAM"
"W/m^2","GCAM_SSP5",2019,-0.689901,"RF_aci","old","GCAM"
"W/m^2","GCAM_SSP5",2020,-0.670387,"RF_aci","old","GCAM"
"W/m^2","GCAM_SSP5",2021,-0.650703,"RF_aci","old","GCAM"
"W/m^2","GCAM_SSP5",2022,-0.640454,"RF_aci","old","GCAM"
"W/m^2","GCAM_SSP5",2023,-0.630159,"RF_aci","old","GCAM"
"W/m^2","GCAM_SSP5",2024,-0.619816,"RF_aci","old","GCAM"
"W/m^2","GCAM_SSP5",2025,-0.609427,"RF_aci","old","GCAM"
"W/m^2","GCAM_SSP5",2026,-0.593766,"RF_aci","old","GCAM"
"W/m^2","GCAM_SSP5",2027,-0.577996,"RF_aci","old","GCAM"
"W/m^2","GCAM_SSP5",2028,-0.562116,"RF_aci","old","GCAM"
"W/m^2","GCAM_SSP5",2029,-0.546125,"RF_aci","old","GCAM"
"W/m^2","GCAM_SSP5",2030,-0.530021,"RF_aci","old","GCAM"
"W/m^2","GCAM_SSP5",2031,-0.518565,"RF_aci","old","GCAM"
"W/m^2","GCAM_SSP5",2032,-0.507051,"RF_aci","old","GCAM"
"W/m^2","GCAM_SSP5",2033,-0.495478,"RF_aci","old","GCAM"
"W/m^2","GCAM_SSP5",2034,-0.483846,"RF_aci","old","GCAM"
"W/m^2","GCAM_SSP5",2035,-0.472155,"RF_aci","old","GCAM"
"W/m^2","GCAM_SSP5",2036,-0.462583,"RF_aci","old","GCAM"
"W/m^2","GCAM_SSP5",2037,-0.452971,"RF_aci","old","GCAM"
"W/m^2","GCAM_SSP5",2038,-0.443319,"RF_aci","old","GCAM"
"W/m^2","GCAM_SSP5",2039,-0.433625,"RF_aci","old","GCAM"
"W/m^2","GCAM_SSP5",2040,-0.42389,"RF_aci","old","GCAM"
"W/m^2","GCAM_SSP5",2041,-0.413722,"RF_aci","old","GCAM"
"W/m^2","GCAM_SSP5",2042,-0.403509,"RF_aci","old","GCAM"
"W/m^2","GCAM_SSP5",2043,-0.393249,"RF_aci","old","GCAM"
"W/m^2","GCAM_SSP5",2044,-0.382944,"RF_aci","old","GCAM"
"W/m^2","GCAM_SSP5",2045,-0.372591,"RF_aci","old","GCAM"
"W/m^2","GCAM_SSP5",2046,-0.361185,"RF_aci","old","GCAM"
"W/m^2","GCAM_SSP5",2047,-0.349721,"RF_aci","old","GCAM"
"W/m^2","GCAM_SSP5",2048,-0.3382,"RF_aci","old","GCAM"
"W/m^2","GCAM_SSP5",2049,-0.326619,"RF_aci","old","GCAM"
"W/m^2","GCAM_SSP5",2050,-0.31498,"RF_aci","old","GCAM"
"W/m^2","GCAM_SSP5",2051,-0.31052,"RF_aci","old","GCAM"
"W/m^2","GCAM_SSP5",2052,-0.30605,"RF_aci","old","GCAM"
"W/m^2","GCAM_SSP5",2053,-0.301572,"RF_aci","old","GCAM"
"W/m^2","GCAM_SSP5",2054,-0.297085,"RF_aci","old","GCAM"
"W/m^2","GCAM_SSP5",2055,-0.29259,"RF_aci","old","GCAM"
"W/m^2","GCAM_SSP5",2056,-0.287626,"RF_aci","old","GCAM"
"W/m^2","GCAM_SSP5",2057,-0.282652,"RF_aci","old","GCAM"
"W/m^2","GCAM_SSP5",2058,-0.277666,"RF_aci","old","GCAM"
"W/m^2","GCAM_SSP5",2059,-0.27267,"RF_aci","old","GCAM"
"W/m^2","GCAM_SSP5",2060,-0.267663,"RF_aci","old","GCAM"
"W/m^2","GCAM_SSP5",2061,-0.262844,"RF_aci","old","GCAM"
"W/m^2","GCAM_SSP5",2062,-0.258016,"RF_aci","old","GCAM"
"W/m^2","GCAM_SSP5",2063,-0.253176,"RF_aci","old","GCAM"
"W/m^2","GCAM_SSP5",2064,-0.248327,"RF_aci","old","GCAM"
"W/m^2","GCAM_SSP5",2065,-0.243467,"RF_aci","old","GCAM"
"W/m^2","GCAM_SSP5",2066,-0.238332,"RF_aci","old","GCAM"
"W/m^2","GCAM_SSP5",2067,-0.233186,"RF_aci","old","GCAM"
"W/m^2","GCAM_SSP5",2068,-0.228029,"RF_aci","old","GCAM"
"W/m^2","GCAM_SSP5",2069,-0.222859,"RF_aci","old","GCAM"
"W/m^2","GCAM_SSP5",2070,-0.217678,"RF_aci","old","GCAM"
"W/m^2","GCAM_SSP5",2071,-0.212549,"RF_aci","old","GCAM"
"W/m^2","GCAM_SSP5",2072,-0.207409,"RF_aci","old","GCAM"
"W/m^2","GCAM_SSP5",2073,-0.202258,"RF_aci","old","GCAM"
"W/m^2","GCAM_SSP5",2074,-0.197094,"RF_aci","old","GCAM"
"W/m^2","GCAM_SSP5",2075,-0.191919,"RF_aci","old","GCAM"
"W/m^2","GCAM_SSP5",2076,-0.186683,"RF_aci","old","GCAM"
"W/m^2","GCAM_SSP5",2077,-0.181435,"RF_aci","old","GCAM"
"W/m^2","GCAM_SSP5",2078,-0.176175,"RF_aci","old","GCAM"
"W/m^2","GCAM_SSP5",2079,-0.170902,"RF_aci","old","GCAM"
"W/m^2","GCAM_SSP5",2080,-0.165618,"RF_aci","old","GCAM"
"W/m^2","GCAM_SSP5",2081,-0.160323,"RF_aci","old","GCAM"
"W/m^2","GCAM_SSP5",2082,-0.155016,"RF_aci","old","GCAM"
"W/m^2","GCAM_SSP5",2083,-0.149696,"RF_aci","old","GCAM"
"W/m^2","GCAM_SSP5",2084,-0.144365,"RF_aci","old","GCAM"
"W/m^2","GCAM_SSP5",2085,-0.13902,"RF_aci","old","GCAM"
"W/m^2","GCAM_SSP5",2086,-0.133907,"RF_aci","old","GCAM"
"W/m^2","GCAM_SSP5",2087,-0.128783,"RF_aci","old","GCAM"
"W/m^2","GCAM_SSP5",2088,-0.123648,"RF_aci","old","GCAM"
"W/m^2","GCAM_SSP5",2089,-0.1185,"RF_aci","old","GCAM"
"W/m^2","GCAM_SSP5",2090,-0.113341,"RF_aci","old","GCAM"
"W/m^2","GCAM_SSP5",2091,-0.108774,"RF_aci","old","GCAM"
"W/m^2","GCAM_SSP5",2092,-0.104197,"RF_aci","old","GCAM"
"W/m^2","GCAM_SSP5",2093,-0.0996106,"RF_aci","old","GCAM"
"W/m^2","GCAM_SSP5",2094,-0.0950153,"RF_aci","old","GCAM"
"W/m^2","GCAM_SSP5",2095,-0.0904106,"RF_aci","old","GCAM"
"W/m^2","GCAM_SSP5",2096,-0.0857027,"RF_aci","old","GCAM"
"W/m^2","GCAM_SSP5",2097,-0.0809851,"RF_aci","old","GCAM"
"W/m^2","GCAM_SSP5",2098,-0.0762577,"RF_aci","old","GCAM"
"W/m^2","GCAM_SSP5",2099,-0.0715204,"RF_aci","old","GCAM"
"W/m^2","GCAM_SSP5",2100,-0.0667733,"RF_aci","old","GCAM"
"W/m^2","GCAM_SSP5",1976,-0.0573955,"RF_OC","old","GCAM"
"W/m^2","GCAM_SSP5",1977,-0.0572771,"RF_OC","old","GCAM"
"W/m^2","GCAM_SSP5",1978,-0.0613297,"RF_OC","old","GCAM"
"W/m^2","GCAM_SSP5",1979,-0.0625645,"RF_OC","old","GCAM"
"W/m^2","GCAM_SSP5",1980,-0.0626931,"RF_OC","old","GCAM"
"W/m^2","GCAM_SSP5",1981,-0.0603913,"RF_OC","old","GCAM"
"W/m^2","GCAM_SSP5",1982,-0.0821686,"RF_OC","old","GCAM"
"W/m^2","GCAM_SSP5",1983,-0.0577402,"RF_OC","old","GCAM"
"W/m^2","GCAM_SSP5",1984,-0.0632937,"RF_OC","old","GCAM"
"W/m^2","GCAM_SSP5",1985,-0.0665367,"RF_OC","old","GCAM"
"W/m^2","GCAM_SSP5",1986,-0.0670472,"RF_OC","old","GCAM"
"W/m^2","GCAM_SSP5",1987,-0.0756312,"RF_OC","old","GCAM"
"W/m^2","GCAM_SSP5",1988,-0.0752032,"RF_OC","old","GCAM"
"W/m^2","GCAM_SSP5",1989,-0.0697337,"RF_OC","old","GCAM"
"W/m^2","GCAM_SSP5",1990,-0.0763584,"RF_OC","old","GCAM"
"W/m^2","GCAM_SSP5",1991,-0.121398,"RF_OC","old","GCAM"
"W/m^2","GCAM_SSP5",1992,-0.0717684,"RF_OC","old","GCAM"
"W/m^2","GCAM_SSP5",1993,-0.0811614,"RF_OC","old","GCAM"
"W/m^2","GCAM_SSP5",1994,-0.113379,"RF_OC","old","GCAM"
"W/m^2","GCAM_SSP5",1995,-0.0914154,"RF_OC","old","GCAM"
"W/m^2","GCAM_SSP5",1996,-0.0850005,"RF_OC","old","GCAM"
"W/m^2","GCAM_SSP5",1997,-0.146683,"RF_OC","old","GCAM"
"W/m^2","GCAM_SSP5",1998,-0.143293,"RF_OC","old","GCAM"
"W/m^2","GCAM_SSP5",1999,-0.0961168,"RF_OC","old","GCAM"
"W/m^2","GCAM_SSP5",2000,-0.0803091,"RF_OC","old","GCAM"
"W/m^2","GCAM_SSP5",2001,-0.0796429,"RF_OC","old","GCAM"
"W/m^2","GCAM_SSP5",2002,-0.117639,"RF_OC","old","GCAM"
"W/m^2","GCAM_SSP5",2003,-0.121188,"RF_OC","old","GCAM"
"W/m^2","GCAM_SSP5",2004,-0.10817,"RF_OC","old","GCAM"
"W/m^2","GCAM_SSP5",2005,-0.10817,"RF_OC","old","GCAM"
"W/m^2","GCAM_SSP5",2006,-0.0983648,"RF_OC","old","GCAM"
"W/m^2","GCAM_SSP5",2007,-0.0885601,"RF_OC","old","GCAM"
"W/m^2","GCAM_SSP5",2008,-0.0787553,"RF_OC","old","GCAM"
"W/m^2","GCAM_SSP5",2009,-0.0689505,"RF_OC","old","GCAM"
"W/m^2","GCAM_SSP5",2010,-0.0591457,"RF_OC","old","GCAM"
"W/m^2","GCAM_SSP5",2011,-0.0589401,"RF_OC","old","GCAM"
"W/m^2","GCAM_SSP5",2012,-0.0587344,"RF_OC","old","GCAM"
"W/m^2","GCAM_SSP5",2013,-0.0585288,"RF_OC","old","GCAM"
"W/m^2","GCAM_SSP5",2014,-0.0583232,"RF_OC","old","GCAM"
"W/m^2","GCAM_SSP5",2015,-0.0581175,"RF_OC","old","GCAM"
"W/m^2","GCAM_SSP5",2016,-0.0575114,"RF_OC","old","GCAM"
"W/m^2","GCAM_SSP5",2017,-0.0569053,"RF_OC","old","GCAM"
"W/m^2","GCAM_SSP5",2018,-0.0562991,"RF_OC","old","GCAM"
"W/m^2","GCAM_SSP5",2019,-0.055693,"RF_OC","old","GCAM"
"W/m^2","GCAM_SSP5",2020,-0.0550869,"RF_OC","old","GCAM"
"W/m^2","GCAM_SSP5",2021,-0.0544807,"RF_OC","old","GCAM"
"W/m^2","GCAM_SSP5",2022,-0.0547547,"RF_OC","old","GCAM"
"W/m^2","GCAM_SSP5",2023,-0.0550287,"RF_OC","old","GCAM"
"W/m^2","GCAM_SSP5",2024,-0.0553026,"RF_OC","old","GCAM"
"W/m^2","GCAM_SSP5",2025,-0.0555766,"RF_OC","old","GCAM"
"W/m^2","GCAM_SSP5",2026,-0.0536402,"RF_OC","old","GCAM"
"W/m^2","GCAM_SSP5",2027,-0.0517039,"RF_OC","old","GCAM"
"W/m^2","GCAM_SSP5",2028,-0.0497676,"RF_OC","old","GCAM"
"W/m^2","GCAM_SSP5",2029,-0.0478313,"RF_OC","old","GCAM"
"W/m^2","GCAM_SSP5",2030,-0.0458949,"RF_OC","old","GCAM"
"W/m^2","GCAM_SSP5",2031,-0.0444226,"RF_OC","old","GCAM"
"W/m^2","GCAM_SSP5",2032,-0.0429502,"RF_OC","old","GCAM"
"W/m^2","GCAM_SSP5",2033,-0.0414778,"RF_OC","old","GCAM"
"W/m^2","GCAM_SSP5",2034,-0.0400055,"RF_OC","old","GCAM"
"W/m^2","GCAM_SSP5",2035,-0.0385331,"RF_OC","old","GCAM"
"W/m^2","GCAM_SSP5",2036,-0.037701,"RF_OC","old","GCAM"
"W/m^2","GCAM_SSP5",2037,-0.0368689,"RF_OC","old","GCAM"
"W/m^2","GCAM_SSP5",2038,-0.0360368,"RF_OC","old","GCAM"
"W/m^2","GCAM_SSP5",2039,-0.0352048,"RF_OC","old","GCAM"
"W/m^2","GCAM_SSP5",2040,-0.0343727,"RF_OC","old","GCAM"
"W/m^2","GCAM_SSP5",2041,-0.0331277,"RF_OC","old","GCAM"
"W/m^2","GCAM_SSP5",2042,-0.0318827,"RF_OC","old","GCAM"
"W/m^2","GCAM_SSP5",2043,-0.0306377,"RF_OC","old","GCAM"
"W/m^2","GCAM_SSP5",2044,-0.0293927,"RF_OC","old","GCAM"
"W/m^2","GCAM_SSP5",2045,-0.0281477,"RF_OC","old","GCAM"
"W/m^2","GCAM_SSP5",2046,-0.0265706,"RF_OC","old","GCAM"
"W/m^2","GCAM_SSP5",2047,-0.0249936,"RF_OC","old","GCAM"
"W/m^2","GCAM_SSP5",2048,-0.0234166,"RF_OC","old","GCAM"
"W/m^2","GCAM_SSP5",2049,-0.0218395,"RF_OC","old","GCAM"
"W/m^2","GCAM_SSP5",2050,-0.0202625,"RF_OC","old","GCAM"
"W/m^2","GCAM_SSP5",2051,-0.0193618,"RF_OC","old","GCAM"
"W/m^2","GCAM_SSP5",2052,-0.0184611,"RF_OC","old","GCAM"
"W/m^2","GCAM_SSP5",2053,-0.0175604,"RF_OC","old","GCAM"
"W/m^2","GCAM_SSP5",2054,-0.0166597,"RF_OC","old","GCAM"
"W/m^2","GCAM_SSP5",2055,-0.015759,"RF_OC","old","GCAM"
"W/m^2","GCAM_SSP5",2056,-0.0146829,"RF_OC","old","GCAM"
"W/m^2","GCAM_SSP5",2057,-0.0136069,"RF_OC","old","GCAM"
"W/m^2","GCAM_SSP5",2058,-0.0125309,"RF_OC","old","GCAM"
"W/m^2","GCAM_SSP5",2059,-0.0114548,"RF_OC","old","GCAM"
"W/m^2","GCAM_SSP5",2060,-0.0103788,"RF_OC","old","GCAM"
"W/m^2","GCAM_SSP5",2061,-0.0093283,"RF_OC","old","GCAM"
"W/m^2","GCAM_SSP5",2062,-0.00827779,"RF_OC","old","GCAM"
"W/m^2","GCAM_SSP5",2063,-0.00722728,"RF_OC","old","GCAM"
"W/m^2","GCAM_SSP5",2064,-0.00617677,"RF_OC","old","GCAM"
"W/m^2","GCAM_SSP5",2065,-0.00512626,"RF_OC","old","GCAM"
"W/m^2","GCAM_SSP5",2066,-0.00405463,"RF_OC","old","GCAM"
"W/m^2","GCAM_SSP5",2067,-0.00298299,"RF_OC","old","GCAM"
"W/m^2","GCAM_SSP5",2068,-0.00191135,"RF_OC","old","GCAM"
"W/m^2","GCAM_SSP5",2069,-0.00083971,"RF_OC","old","GCAM"
"W/m^2","GCAM_SSP5",2070,0.000231928,"RF_OC","old","GCAM"
"W/m^2","GCAM_SSP5",2071,0.00127134,"RF_OC","old","GCAM"
"W/m^2","GCAM_SSP5",2072,0.00231076,"RF_OC","old","GCAM"
"W/m^2","GCAM_SSP5",2073,0.00335018,"RF_OC","old","GCAM"
"W/m^2","GCAM_SSP5",2074,0.00438959,"RF_OC","old","GCAM"
"W/m^2","GCAM_SSP5",2075,0.00542901,"RF_OC","old","GCAM"
"W/m^2","GCAM_SSP5",2076,0.00644117,"RF_OC","old","GCAM"
"W/m^2","GCAM_SSP5",2077,0.00745333,"RF_OC","old","GCAM"
"W/m^2","GCAM_SSP5",2078,0.00846549,"RF_OC","old","GCAM"
"W/m^2","GCAM_SSP5",2079,0.00947765,"RF_OC","old","GCAM"
"W/m^2","GCAM_SSP5",2080,0.0104898,"RF_OC","old","GCAM"
"W/m^2","GCAM_SSP5",2081,0.0113914,"RF_OC","old","GCAM"
"W/m^2","GCAM_SSP5",2082,0.0122931,"RF_OC","old","GCAM"
"W/m^2","GCAM_SSP5",2083,0.0131947,"RF_OC","old","GCAM"
"W/m^2","GCAM_SSP5",2084,0.0140963,"RF_OC","old","GCAM"
"W/m^2","GCAM_SSP5",2085,0.014998,"RF_OC","old","GCAM"
"W/m^2","GCAM_SSP5",2086,0.0158405,"RF_OC","old","GCAM"
"W/m^2","GCAM_SSP5",2087,0.016683,"RF_OC","old","GCAM"
"W/m^2","GCAM_SSP5",2088,0.0175256,"RF_OC","old","GCAM"
"W/m^2","GCAM_SSP5",2089,0.0183681,"RF_OC","old","GCAM"
"W/m^2","GCAM_SSP5",2090,0.0192107,"RF_OC","old","GCAM"
"W/m^2","GCAM_SSP5",2091,0.0198928,"RF_OC","old","GCAM"
"W/m^2","GCAM_SSP5",2092,0.0205749,"RF_OC","old","GCAM"
"W/m^2","GCAM_SSP5",2093,0.021257,"RF_OC","old","GCAM"
"W/m^2","GCAM_SSP5",2094,0.0219391,"RF_OC","old","GCAM"
"W/m^2","GCAM_SSP5",2095,0.0226212,"RF_OC","old","GCAM"
"W/m^2","GCAM_SSP5",2096,0.023312,"RF_OC","old","GCAM"
"W/m^2","GCAM_SSP5",2097,0.0240028,"RF_OC","old","GCAM"
"W/m^2","GCAM_SSP5",2098,0.0246936,"RF_OC","old","GCAM"
"W/m^2","GCAM_SSP5",2099,0.0253844,"RF_OC","old","GCAM"
"W/m^2","GCAM_SSP5",2100,0.0260752,"RF_OC","old","GCAM"
"W/m^2","GCAM_SSP5",1976,0.032349,"RF_H2O_strat","old","GCAM"
"W/m^2","GCAM_SSP5",1977,0.0329131,"RF_H2O_strat","old","GCAM"
"W/m^2","GCAM_SSP5",1978,0.0334511,"RF_H2O_strat","old","GCAM"
"W/m^2","GCAM_SSP5",1979,0.0340049,"RF_H2O_strat","old","GCAM"
"W/m^2","GCAM_SSP5",1980,0.0345282,"RF_H2O_strat","old","GCAM"
"W/m^2","GCAM_SSP5",1981,0.0349403,"RF_H2O_strat","old","GCAM"
"W/m^2","GCAM_SSP5",1982,0.0355625,"RF_H2O_strat","old","GCAM"
"W/m^2","GCAM_SSP5",1983,0.0359063,"RF_H2O_strat","old","GCAM"
"W/m^2","GCAM_SSP5",1984,0.0362715,"RF_H2O_strat","old","GCAM"
"W/m^2","GCAM_SSP5",1985,0.0366091,"RF_H2O_strat","old","GCAM"
"W/m^2","GCAM_SSP5",1986,0.0370032,"RF_H2O_strat","old","GCAM"
"W/m^2","GCAM_SSP5",1987,0.0374405,"RF_H2O_strat","old","GCAM"
"W/m^2","GCAM_SSP5",1988,0.0378441,"RF_H2O_strat","old","GCAM"
"W/m^2","GCAM_SSP5",1989,0.0382267,"RF_H2O_strat","old","GCAM"
"W/m^2","GCAM_SSP5",1990,0.0386362,"RF_H2O_strat","old","GCAM"
"W/m^2","GCAM_SSP5",1991,0.0394549,"RF_H2O_strat","old","GCAM"
"W/m^2","GCAM_SSP5",1992,0.0396023,"RF_H2O_strat","old","GCAM"
"W/m^2","GCAM_SSP5",1993,0.0397321,"RF_H2O_strat","old","GCAM"
"W/m^2","GCAM_SSP5",1994,0.0401774,"RF_H2O_strat","old","GCAM"
"W/m^2","GCAM_SSP5",1995,0.0403317,"RF_H2O_strat","old","GCAM"
"W/m^2","GCAM_SSP5",1996,0.0404678,"RF_H2O_strat","old","GCAM"
"W/m^2","GCAM_SSP5",1997,0.0413577,"RF_H2O_strat","old","GCAM"
"W/m^2","GCAM_SSP5",1998,0.0417024,"RF_H2O_strat","old","GCAM"
"W/m^2","GCAM_SSP5",1999,0.0417624,"RF_H2O_strat","old","GCAM"
"W/m^2","GCAM_SSP5",2000,0.0417421,"RF_H2O_strat","old","GCAM"
"W/m^2","GCAM_SSP5",2001,0.0417688,"RF_H2O_strat","old","GCAM"
"W/m^2","GCAM_SSP5",2002,0.0420783,"RF_H2O_strat","old","GCAM"
"W/m^2","GCAM_SSP5",2003,0.0423898,"RF_H2O_strat","old","GCAM"
"W/m^2","GCAM_SSP5",2004,0.0427806,"RF_H2O_strat","old","GCAM"
"W/m^2","GCAM_SSP5",2005,0.0431361,"RF_H2O_strat","old","GCAM"
"W/m^2","GCAM_SSP5",2006,0.0434182,"RF_H2O_strat","old","GCAM"
"W/m^2","GCAM_SSP5",2007,0.0436327,"RF_H2O_strat","old","GCAM"
"W/m^2","GCAM_SSP5",2008,0.0437867,"RF_H2O_strat","old","GCAM"
"W/m^2","GCAM_SSP5",2009,0.0438868,"RF_H2O_strat","old","GCAM"
"W/m^2","GCAM_SSP5",2010,0.0439392,"RF_H2O_strat","old","GCAM"
"W/m^2","GCAM_SSP5",2011,0.044044,"RF_H2O_strat","old","GCAM"
"W/m^2","GCAM_SSP5",2012,0.0441982,"RF_H2O_strat","old","GCAM"
"W/m^2","GCAM_SSP5",2013,0.044395,"RF_H2O_strat","old","GCAM"
"W/m^2","GCAM_SSP5",2014,0.0446321,"RF_H2O_strat","old","GCAM"
"W/m^2","GCAM_SSP5",2015,0.044906,"RF_H2O_strat","old","GCAM"
"W/m^2","GCAM_SSP5",2016,0.0452041,"RF_H2O_strat","old","GCAM"
"W/m^2","GCAM_SSP5",2017,0.0455241,"RF_H2O_strat","old","GCAM"
"W/m^2","GCAM_SSP5",2018,0.0458638,"RF_H2O_strat","old","GCAM"
"W/m^2","GCAM_SSP5",2019,0.0462211,"RF_H2O_strat","old","GCAM"
"W/m^2","GCAM_SSP5",2020,0.0465943,"RF_H2O_strat","old","GCAM"
"W/m^2","GCAM_SSP5",2021,0.046982,"RF_H2O_strat","old","GCAM"
"W/m^2","GCAM_SSP5",2022,0.0474257,"RF_H2O_strat","old","GCAM"
"W/m^2","GCAM_SSP5",2023,0.0479199,"RF_H2O_strat","old","GCAM"
"W/m^2","GCAM_SSP5",2024,0.0484592,"RF_H2O_strat","old","GCAM"
"W/m^2","GCAM_SSP5",2025,0.0490393,"RF_H2O_strat","old","GCAM"
"W/m^2","GCAM_SSP5",2026,0.0496383,"RF_H2O_strat","old","GCAM"
"W/m^2","GCAM_SSP5",2027,0.0502552,"RF_H2O_strat","old","GCAM"
"W/m^2","GCAM_SSP5",2028,0.050889,"RF_H2O_strat","old","GCAM"
"W/m^2","GCAM_SSP5",2029,0.0515384,"RF_H2O_strat","old","GCAM"
"W/m^2","GCAM_SSP5",2030,0.0522024,"RF_H2O_strat","old","GCAM"
"W/m^2","GCAM_SSP5",2031,0.0528861,"RF_H2O_strat","old","GCAM"
"W/m^2","GCAM_SSP5",2032,0.053588,"RF_H2O_strat","old","GCAM"
"W/m^2","GCAM_SSP5",2033,0.0543066,"RF_H2O_strat","old","GCAM"
"W/m^2","GCAM_SSP5",2034,0.0550405,"RF_H2O_strat","old","GCAM"
"W/m^2","GCAM_SSP5",2035,0.0557887,"RF_H2O_strat","old","GCAM"
"W/m^2","GCAM_SSP5",2036,0.0565629,"RF_H2O_strat","old","GCAM"
"W/m^2","GCAM_SSP5",2037,0.057361,"RF_H2O_strat","old","GCAM"
"W/m^2","GCAM_SSP5",2038,0.058181,"RF_H2O_strat","old","GCAM"
"W/m^2","GCAM_SSP5",2039,0.0590215,"RF_H2O_strat","old","GCAM"
"W/m^2","GCAM_SSP5",2040,0.059881,"RF_H2O_strat","old","GCAM"
"W/m^2","GCAM_SSP5",2041,0.060742,"RF_H2O_strat","old","GCAM"
"W/m^2","GCAM_SSP5",2042,0.0616047,"RF_H2O_strat","old","GCAM"
"W/m^2","GCAM_SSP5",2043,0.0624695,"RF_H2O_strat","old","GCAM"
"W/m^2","GCAM_SSP5",2044,0.0633366,"RF_H2O_strat","old","GCAM"
"W/m^2","GCAM_SSP5",2045,0.0642061,"RF_H2O_strat","old","GCAM"
"W/m^2","GCAM_SSP5",2046,0.0650831,"RF_H2O_strat","old","GCAM"
"W/m^2","GCAM_SSP5",2047,0.0659673,"RF_H2O_strat","old","GCAM"
"W/m^2","GCAM_SSP5",2048,0.0668584,"RF_H2O_strat","old","GCAM"
"W/m^2","GCAM_SSP5",2049,0.0677561,"RF_H2O_strat","old","GCAM"
"W/m^2","GCAM_SSP5",2050,0.0686601,"RF_H2O_strat","old","GCAM"
"W/m^2","GCAM_SSP5",2051,0.0695587,"RF_H2O_strat","old","GCAM"
"W/m^2","GCAM_SSP5",2052,0.0704526,"RF_H2O_strat","old","GCAM"
"W/m^2","GCAM_SSP5",2053,0.0713421,"RF_H2O_strat","old","GCAM"
"W/m^2","GCAM_SSP5",2054,0.0722277,"RF_H2O_strat","old","GCAM"
"W/m^2","GCAM_SSP5",2055,0.0731099,"RF_H2O_strat","old","GCAM"
"W/m^2","GCAM_SSP5",2056,0.0739854,"RF_H2O_strat","old","GCAM"
"W/m^2","GCAM_SSP5",2057,0.0748549,"RF_H2O_strat","old","GCAM"
"W/m^2","GCAM_SSP5",2058,0.0757191,"RF_H2O_strat","old","GCAM"
"W/m^2","GCAM_SSP5",2059,0.0765784,"RF_H2O_strat","old","GCAM"
"W/m^2","GCAM_SSP5",2060,0.0774336,"RF_H2O_strat","old","GCAM"
"W/m^2","GCAM_SSP5",2061,0.0782793,"RF_H2O_strat","old","GCAM"
"W/m^2","GCAM_SSP5",2062,0.0791166,"RF_H2O_strat","old","GCAM"
"W/m^2","GCAM_SSP5",2063,0.0799462,"RF_H2O_strat","old","GCAM"
"W/m^2","GCAM_SSP5",2064,0.0807689,"RF_H2O_strat","old","GCAM"
"W/m^2","GCAM_SSP5",2065,0.0815852,"RF_H2O_strat","old","GCAM"
"W/m^2","GCAM_SSP5",2066,0.0823845,"RF_H2O_strat","old","GCAM"
"W/m^2","GCAM_SSP5",2067,0.0831682,"RF_H2O_strat","old","GCAM"
"W/m^2","GCAM_SSP5",2068,0.0839378,"RF_H2O_strat","old","GCAM"
"W/m^2","GCAM_SSP5",2069,0.0846943,"RF_H2O_strat","old","GCAM"
"W/m^2","GCAM_SSP5",2070,0.0854391,"RF_H2O_strat","old","GCAM"
"W/m^2","GCAM_SSP5",2071,0.086162,"RF_H2O_strat","old","GCAM"
"W/m^2","GCAM_SSP5",2072,0.0868648,"RF_H2O_strat","old","GCAM"
"W/m^2","GCAM_SSP5",2073,0.0875494,"RF_H2O_strat","old","GCAM"
"W/m^2","GCAM_SSP5",2074,0.0882173,"RF_H2O_strat","old","GCAM"
"W/m^2","GCAM_SSP5",2075,0.0888699,"RF_H2O_strat","old","GCAM"
"W/m^2","GCAM_SSP5",2076,0.0894959,"RF_H2O_strat","old","GCAM"
"W/m^2","GCAM_SSP5",2077,0.0900976,"RF_H2O_strat","old","GCAM"
"W/m^2","GCAM_SSP5",2078,0.0906771,"RF_H2O_strat","old","GCAM"
"W/m^2","GCAM_SSP5",2079,0.0912361,"RF_H2O_strat","old","GCAM"
"W/m^2","GCAM_SSP5",2080,0.0917764,"RF_H2O_strat","old","GCAM"
"W/m^2","GCAM_SSP5",2081,0.0922842,"RF_H2O_strat","old","GCAM"
"W/m^2","GCAM_SSP5",2082,0.0927622,"RF_H2O_strat","old","GCAM"
"W/m^2","GCAM_SSP5",2083,0.0932128,"RF_H2O_strat","old","GCAM"
"W/m^2","GCAM_SSP5",2084,0.0936382,"RF_H2O_strat","old","GCAM"
"W/m^2","GCAM_SSP5",2085,0.0940405,"RF_H2O_strat","old","GCAM"
"W/m^2","GCAM_SSP5",2086,0.0944107,"RF_H2O_strat","old","GCAM"
"W/m^2","GCAM_SSP5",2087,0.0947513,"RF_H2O_strat","old","GCAM"
"W/m^2","GCAM_SSP5",2088,0.0950647,"RF_H2O_strat","old","GCAM"
"W/m^2","GCAM_SSP5",2089,0.0953532,"RF_H2O_strat","old","GCAM"
"W/m^2","GCAM_SSP5",2090,0.0956186,"RF_H2O_strat","old","GCAM"
"W/m^2","GCAM_SSP5",2091,0.0958554,"RF_H2O_strat","old","GCAM"
"W/m^2","GCAM_SSP5",2092,0.0960658,"RF_H2O_strat","old","GCAM"
"W/m^2","GCAM_SSP5",2093,0.0962519,"RF_H2O_strat","old","GCAM"
"W/m^2","GCAM_SSP5",2094,0.0964157,"RF_H2O_strat","old","GCAM"
"W/m^2","GCAM_SSP5",2095,0.0965587,"RF_H2O_strat","old","GCAM"
"W/m^2","GCAM_SSP5",2096,0.0966798,"RF_H2O_strat","old","GCAM"
"W/m^2","GCAM_SSP5",2097,0.0967807,"RF_H2O_strat","old","GCAM"
"W/m^2","GCAM_SSP5",2098,0.0968629,"RF_H2O_strat","old","GCAM"
"W/m^2","GCAM_SSP5",2099,0.0969278,"RF_H2O_strat","old","GCAM"
"W/m^2","GCAM_SSP5",2100,0.0969767,"RF_H2O_strat","old","GCAM"
"W/m^2","GCAM_SSP5",1976,0.332685,"RF_O3_trop","old","GCAM"
"W/m^2","GCAM_SSP5",1977,0.339523,"RF_O3_trop","old","GCAM"
"W/m^2","GCAM_SSP5",1978,0.349427,"RF_O3_trop","old","GCAM"
"W/m^2","GCAM_SSP5",1979,0.355642,"RF_O3_trop","old","GCAM"
"W/m^2","GCAM_SSP5",1980,0.355273,"RF_O3_trop","old","GCAM"
"W/m^2","GCAM_SSP5",1981,0.351734,"RF_O3_trop","old","GCAM"
"W/m^2","GCAM_SSP5",1982,0.360543,"RF_O3_trop","old","GCAM"
"W/m^2","GCAM_SSP5",1983,0.348953,"RF_O3_trop","old","GCAM"
"W/m^2","GCAM_SSP5",1984,0.357558,"RF_O3_trop","old","GCAM"
"W/m^2","GCAM_SSP5",1985,0.362344,"RF_O3_trop","old","GCAM"
"W/m^2","GCAM_SSP5",1986,0.366618,"RF_O3_trop","old","GCAM"
"W/m^2","GCAM_SSP5",1987,0.377009,"RF_O3_trop","old","GCAM"
"W/m^2","GCAM_SSP5",1988,0.385258,"RF_O3_trop","old","GCAM"
"W/m^2","GCAM_SSP5",1989,0.386823,"RF_O3_trop","old","GCAM"
"W/m^2","GCAM_SSP5",1990,0.38947,"RF_O3_trop","old","GCAM"
"W/m^2","GCAM_SSP5",1991,0.413873,"RF_O3_trop","old","GCAM"
"W/m^2","GCAM_SSP5",1992,0.392768,"RF_O3_trop","old","GCAM"
"W/m^2","GCAM_SSP5",1993,0.400616,"RF_O3_trop","old","GCAM"
"W/m^2","GCAM_SSP5",1994,0.413913,"RF_O3_trop","old","GCAM"
"W/m^2","GCAM_SSP5",1995,0.407025,"RF_O3_trop","old","GCAM"
"W/m^2","GCAM_SSP5",1996,0.405479,"RF_O3_trop","old","GCAM"
"W/m^2","GCAM_SSP5",1997,0.437121,"RF_O3_trop","old","GCAM"
"W/m^2","GCAM_SSP5",1998,0.430398,"RF_O3_trop","old","GCAM"
"W/m^2","GCAM_SSP5",1999,0.412824,"RF_O3_trop","old","GCAM"
"W/m^2","GCAM_SSP5",2000,0.410571,"RF_O3_trop","old","GCAM"
"W/m^2","GCAM_SSP5",2001,0.411135,"RF_O3_trop","old","GCAM"
"W/m^2","GCAM_SSP5",2002,0.421939,"RF_O3_trop","old","GCAM"
"W/m^2","GCAM_SSP5",2003,0.425156,"RF_O3_trop","old","GCAM"
"W/m^2","GCAM_SSP5",2004,0.436433,"RF_O3_trop","old","GCAM"
"W/m^2","GCAM_SSP5",2005,0.437412,"RF_O3_trop","old","GCAM"
"W/m^2","GCAM_SSP5",2006,0.433122,"RF_O3_trop","old","GCAM"
"W/m^2","GCAM_SSP5",2007,0.428644,"RF_O3_trop","old","GCAM"
"W/m^2","GCAM_SSP5",2008,0.423999,"RF_O3_trop","old","GCAM"
"W/m^2","GCAM_SSP5",2009,0.419207,"RF_O3_trop","old","GCAM"
"W/m^2","GCAM_SSP5",2010,0.414285,"RF_O3_trop","old","GCAM"
"W/m^2","GCAM_SSP5",2011,0.413732,"RF_O3_trop","old","GCAM"
"W/m^2","GCAM_SSP5",2012,0.413312,"RF_O3_trop","old","GCAM"
"W/m^2","GCAM_SSP5",2013,0.413007,"RF_O3_trop","old","GCAM"
"W/m^2","GCAM_SSP5",2014,0.412809,"RF_O3_trop","old","GCAM"
"W/m^2","GCAM_SSP5",2015,0.412707,"RF_O3_trop","old","GCAM"
"W/m^2","GCAM_SSP5",2016,0.409788,"RF_O3_trop","old","GCAM"
"W/m^2","GCAM_SSP5",2017,0.406925,"RF_O3_trop","old","GCAM"
"W/m^2","GCAM_SSP5",2018,0.40411,"RF_O3_trop","old","GCAM"
"W/m^2","GCAM_SSP5",2019,0.401338,"RF_O3_trop","old","GCAM"
"W/m^2","GCAM_SSP5",2020,0.398604,"RF_O3_trop","old","GCAM"
"W/m^2","GCAM_SSP5",2021,0.395903,"RF_O3_trop","old","GCAM"
"W/m^2","GCAM_SSP5",2022,0.396423,"RF_O3_trop","old","GCAM"
"W/m^2","GCAM_SSP5",2023,0.397068,"RF_O3_trop","old","GCAM"
"W/m^2","GCAM_SSP5",2024,0.397821,"RF_O3_trop","old","GCAM"
"W/m^2","GCAM_SSP5",2025,0.398669,"RF_O3_trop","old","GCAM"
"W/m^2","GCAM_SSP5",2026,0.394643,"RF_O3_trop","old","GCAM"
"W/m^2","GCAM_SSP5",2027,0.390652,"RF_O3_trop","old","GCAM"
"W/m^2","GCAM_SSP5",2028,0.38669,"RF_O3_trop","old","GCAM"
"W/m^2","GCAM_SSP5",2029,0.382756,"RF_O3_trop","old","GCAM"
"W/m^2","GCAM_SSP5",2030,0.378845,"RF_O3_trop","old","GCAM"
"W/m^2","GCAM_SSP5",2031,0.375962,"RF_O3_trop","old","GCAM"
"W/m^2","GCAM_SSP5",2032,0.373111,"RF_O3_trop","old","GCAM"
"W/m^2","GCAM_SSP5",2033,0.370285,"RF_O3_trop","old","GCAM"
"W/m^2","GCAM_SSP5",2034,0.367482,"RF_O3_trop","old","GCAM"
"W/m^2","GCAM_SSP5",2035,0.364698,"RF_O3_trop","old","GCAM"
"W/m^2","GCAM_SSP5",2036,0.36211,"RF_O3_trop","old","GCAM"
"W/m^2","GCAM_SSP5",2037,0.359561,"RF_O3_trop","old","GCAM"
"W/m^2","GCAM_SSP5",2038,0.357047,"RF_O3_trop","old","GCAM"
"W/m^2","GCAM_SSP5",2039,0.354562,"RF_O3_trop","old","GCAM"
"W/m^2","GCAM_SSP5",2040,0.352103,"RF_O3_trop","old","GCAM"
"W/m^2","GCAM_SSP5",2041,0.351928,"RF_O3_trop","old","GCAM"
"W/m^2","GCAM_SSP5",2042,0.351739,"RF_O3_trop","old","GCAM"
"W/m^2","GCAM_SSP5",2043,0.351538,"RF_O3_trop","old","GCAM"
"W/m^2","GCAM_SSP5",2044,0.351325,"RF_O3_trop","old","GCAM"
"W/m^2","GCAM_SSP5",2045,0.351099,"RF_O3_trop","old","GCAM"
"W/m^2","GCAM_SSP5",2046,0.350889,"RF_O3_trop","old","GCAM"
"W/m^2","GCAM_SSP5",2047,0.350676,"RF_O3_trop","old","GCAM"
"W/m^2","GCAM_SSP5",2048,0.350462,"RF_O3_trop","old","GCAM"
"W/m^2","GCAM_SSP5",2049,0.350244,"RF_O3_trop","old","GCAM"
"W/m^2","GCAM_SSP5",2050,0.350023,"RF_O3_trop","old","GCAM"
"W/m^2","GCAM_SSP5",2051,0.351155,"RF_O3_trop","old","GCAM"
"W/m^2","GCAM_SSP5",2052,0.352261,"RF_O3_trop","old","GCAM"
"W/m^2","GCAM_SSP5",2053,0.353343,"RF_O3_trop","old","GCAM"
"W/m^2","GCAM_SSP5",2054,0.354402,"RF_O3_trop","old","GCAM"
"W/m^2","GCAM_SSP5",2055,0.355439,"RF_O3_trop","old","GCAM"
"W/m^2","GCAM_SSP5",2056,0.356572,"RF_O3_trop","old","GCAM"
"W/m^2","GCAM_SSP5",2057,0.357679,"RF_O3_trop","old","GCAM"
"W/m^2","GCAM_SSP5",2058,0.358763,"RF_O3_trop","old","GCAM"
"W/m^2","GCAM_SSP5",2059,0.359824,"RF_O3_trop","old","GCAM"
"W/m^2","GCAM_SSP5",2060,0.360864,"RF_O3_trop","old","GCAM"
"W/m^2","GCAM_SSP5",2061,0.361899,"RF_O3_trop","old","GCAM"
"W/m^2","GCAM_SSP5",2062,0.362905,"RF_O3_trop","old","GCAM"
"W/m^2","GCAM_SSP5",2063,0.363885,"RF_O3_trop","old","GCAM"
"W/m^2","GCAM_SSP5",2064,0.364842,"RF_O3_trop","old","GCAM"
"W/m^2","GCAM_SSP5",2065,0.365776,"RF_O3_trop","old","GCAM"
"W/m^2","GCAM_SSP5",2066,0.36655,"RF_O3_trop","old","GCAM"
"W/m^2","GCAM_SSP5",2067,0.367287,"RF_O3_trop","old","GCAM"
"W/m^2","GCAM_SSP5",2068,0.367988,"RF_O3_trop","old","GCAM"
"W/m^2","GCAM_SSP5",2069,0.368658,"RF_O3_trop","old","GCAM"
"W/m^2","GCAM_SSP5",2070,0.369298,"RF_O3_trop","old","GCAM"
"W/m^2","GCAM_SSP5",2071,0.369899,"RF_O3_trop","old","GCAM"
"W/m^2","GCAM_SSP5",2072,0.370458,"RF_O3_trop","old","GCAM"
"W/m^2","GCAM_SSP5",2073,0.370978,"RF_O3_trop","old","GCAM"
"W/m^2","GCAM_SSP5",2074,0.371463,"RF_O3_trop","old","GCAM"
"W/m^2","GCAM_SSP5",2075,0.371914,"RF_O3_trop","old","GCAM"
"W/m^2","GCAM_SSP5",2076,0.37219,"RF_O3_trop","old","GCAM"
"W/m^2","GCAM_SSP5",2077,0.372419,"RF_O3_trop","old","GCAM"
"W/m^2","GCAM_SSP5",2078,0.372605,"RF_O3_trop","old","GCAM"
"W/m^2","GCAM_SSP5",2079,0.372752,"RF_O3_trop","old","GCAM"
"W/m^2","GCAM_SSP5",2080,0.372863,"RF_O3_trop","old","GCAM"
"W/m^2","GCAM_SSP5",2081,0.372716,"RF_O3_trop","old","GCAM"
"W/m^2","GCAM_SSP5",2082,0.372515,"RF_O3_trop","old","GCAM"
"W/m^2","GCAM_SSP5",2083,0.372266,"RF_O3_trop","old","GCAM"
"W/m^2","GCAM_SSP5",2084,0.371973,"RF_O3_trop","old","GCAM"
"W/m^2","GCAM_SSP5",2085,0.371639,"RF_O3_trop","old","GCAM"
"W/m^2","GCAM_SSP5",2086,0.371231,"RF_O3_trop","old","GCAM"
"W/m^2","GCAM_SSP5",2087,0.370772,"RF_O3_trop","old","GCAM"
"W/m^2","GCAM_SSP5",2088,0.370267,"RF_O3_trop","old","GCAM"
"W/m^2","GCAM_SSP5",2089,0.36972,"RF_O3_trop","old","GCAM"
"W/m^2","GCAM_SSP5",2090,0.369134,"RF_O3_trop","old","GCAM"
"W/m^2","GCAM_SSP5",2091,0.368485,"RF_O3_trop","old","GCAM"
"W/m^2","GCAM_SSP5",2092,0.367792,"RF_O3_trop","old","GCAM"
"W/m^2","GCAM_SSP5",2093,0.367059,"RF_O3_trop","old","GCAM"
"W/m^2","GCAM_SSP5",2094,0.36629,"RF_O3_trop","old","GCAM"
"W/m^2","GCAM_SSP5",2095,0.365487,"RF_O3_trop","old","GCAM"
"W/m^2","GCAM_SSP5",2096,0.364545,"RF_O3_trop","old","GCAM"
"W/m^2","GCAM_SSP5",2097,0.36357,"RF_O3_trop","old","GCAM"
"W/m^2","GCAM_SSP5",2098,0.362565,"RF_O3_trop","old","GCAM"
"W/m^2","GCAM_SSP5",2099,0.361532,"RF_O3_trop","old","GCAM"
"W/m^2","GCAM_SSP5",2100,0.360473,"RF_O3_trop","old","GCAM"
"W/m^2","GCAM_SSP5",1976,0.264375,"RF_BC","old","GCAM"
"W/m^2","GCAM_SSP5",1977,0.271763,"RF_BC","old","GCAM"
"W/m^2","GCAM_SSP5",1978,0.286187,"RF_BC","old","GCAM"
"W/m^2","GCAM_SSP5",1979,0.292457,"RF_BC","old","GCAM"
"W/m^2","GCAM_SSP5",1980,0.288699,"RF_BC","old","GCAM"
"W/m^2","GCAM_SSP5",1981,0.286106,"RF_BC","old","GCAM"
"W/m^2","GCAM_SSP5",1982,0.307659,"RF_BC","old","GCAM"
"W/m^2","GCAM_SSP5",1983,0.289147,"RF_BC","old","GCAM"
"W/m^2","GCAM_SSP5",1984,0.301257,"RF_BC","old","GCAM"
"W/m^2","GCAM_SSP5",1985,0.308138,"RF_BC","old","GCAM"
"W/m^2","GCAM_SSP5",1986,0.313946,"RF_BC","old","GCAM"
"W/m^2","GCAM_SSP5",1987,0.325852,"RF_BC","old","GCAM"
"W/m^2","GCAM_SSP5",1988,0.338401,"RF_BC","old","GCAM"
"W/m^2","GCAM_SSP5",1989,0.333521,"RF_BC","old","GCAM"
"W/m^2","GCAM_SSP5",1990,0.34553,"RF_BC","old","GCAM"
"W/m^2","GCAM_SSP5",1991,0.37767,"RF_BC","old","GCAM"
"W/m^2","GCAM_SSP5",1992,0.336373,"RF_BC","old","GCAM"
"W/m^2","GCAM_SSP5",1993,0.346989,"RF_BC","old","GCAM"
"W/m^2","GCAM_SSP5",1994,0.370274,"RF_BC","old","GCAM"
"W/m^2","GCAM_SSP5",1995,0.365003,"RF_BC","old","GCAM"
"W/m^2","GCAM_SSP5",1996,0.356902,"RF_BC","old","GCAM"
"W/m^2","GCAM_SSP5",1997,0.394163,"RF_BC","old","GCAM"
"W/m^2","GCAM_SSP5",1998,0.403259,"RF_BC","old","GCAM"
"W/m^2","GCAM_SSP5",1999,0.357657,"RF_BC","old","GCAM"
"W/m^2","GCAM_SSP5",2000,0.342278,"RF_BC","old","GCAM"
"W/m^2","GCAM_SSP5",2001,0.350862,"RF_BC","old","GCAM"
"W/m^2","GCAM_SSP5",2002,0.379901,"RF_BC","old","GCAM"
"W/m^2","GCAM_SSP5",2003,0.392369,"RF_BC","old","GCAM"
"W/m^2","GCAM_SSP5",2004,0.411577,"RF_BC","old","GCAM"
"W/m^2","GCAM_SSP5",2005,0.411577,"RF_BC","old","GCAM"
"W/m^2","GCAM_SSP5",2006,0.398687,"RF_BC","old","GCAM"
"W/m^2","GCAM_SSP5",2007,0.385796,"RF_BC","old","GCAM"
"W/m^2","GCAM_SSP5",2008,0.372906,"RF_BC","old","GCAM"
"W/m^2","GCAM_SSP5",2009,0.360016,"RF_BC","old","GCAM"
"W/m^2","GCAM_SSP5",2010,0.347126,"RF_BC","old","GCAM"
"W/m^2","GCAM_SSP5",2011,0.342807,"RF_BC","old","GCAM"
"W/m^2","GCAM_SSP5",2012,0.338487,"RF_BC","old","GCAM"
"W/m^2","GCAM_SSP5",2013,0.334168,"RF_BC","old","GCAM"
"W/m^2","GCAM_SSP5",2014,0.329848,"RF_BC","old","GCAM"
"W/m^2","GCAM_SSP5",2015,0.325529,"RF_BC","old","GCAM"
"W/m^2","GCAM_SSP5",2016,0.32083,"RF_BC","old","GCAM"
"W/m^2","GCAM_SSP5",2017,0.316131,"RF_BC","old","GCAM"
"W/m^2","GCAM_SSP5",2018,0.311433,"RF_BC","old","GCAM"
"W/m^2","GCAM_SSP5",2019,0.306734,"RF_BC","old","GCAM"
"W/m^2","GCAM_SSP5",2020,0.302035,"RF_BC","old","GCAM"
"W/m^2","GCAM_SSP5",2021,0.297337,"RF_BC","old","GCAM"
"W/m^2","GCAM_SSP5",2022,0.293775,"RF_BC","old","GCAM"
"W/m^2","GCAM_SSP5",2023,0.290214,"RF_BC","old","GCAM"
"W/m^2","GCAM_SSP5",2024,0.286653,"RF_BC","old","GCAM"
"W/m^2","GCAM_SSP5",2025,0.283091,"RF_BC","old","GCAM"
"W/m^2","GCAM_SSP5",2026,0.27556,"RF_BC","old","GCAM"
"W/m^2","GCAM_SSP5",2027,0.268029,"RF_BC","old","GCAM"
"W/m^2","GCAM_SSP5",2028,0.260498,"RF_BC","old","GCAM"
"W/m^2","GCAM_SSP5",2029,0.252967,"RF_BC","old","GCAM"
"W/m^2","GCAM_SSP5",2030,0.245436,"RF_BC","old","GCAM"
"W/m^2","GCAM_SSP5",2031,0.238188,"RF_BC","old","GCAM"
"W/m^2","GCAM_SSP5",2032,0.23094,"RF_BC","old","GCAM"
"W/m^2","GCAM_SSP5",2033,0.223691,"RF_BC","old","GCAM"
"W/m^2","GCAM_SSP5",2034,0.216443,"RF_BC","old","GCAM"
"W/m^2","GCAM_SSP5",2035,0.209195,"RF_BC","old","GCAM"
"W/m^2","GCAM_SSP5",2036,0.202168,"RF_BC","old","GCAM"
"W/m^2","GCAM_SSP5",2037,0.195142,"RF_BC","old","GCAM"
"W/m^2","GCAM_SSP5",2038,0.188116,"RF_BC","old","GCAM"
"W/m^2","GCAM_SSP5",2039,0.18109,"RF_BC","old","GCAM"
"W/m^2","GCAM_SSP5",2040,0.174064,"RF_BC","old","GCAM"
"W/m^2","GCAM_SSP5",2041,0.169208,"RF_BC","old","GCAM"
"W/m^2","GCAM_SSP5",2042,0.164352,"RF_BC","old","GCAM"
"W/m^2","GCAM_SSP5",2043,0.159496,"RF_BC","old","GCAM"
"W/m^2","GCAM_SSP5",2044,0.15464,"RF_BC","old","GCAM"
"W/m^2","GCAM_SSP5",2045,0.149785,"RF_BC","old","GCAM"
"W/m^2","GCAM_SSP5",2046,0.144573,"RF_BC","old","GCAM"
"W/m^2","GCAM_SSP5",2047,0.139362,"RF_BC","old","GCAM"
"W/m^2","GCAM_SSP5",2048,0.134151,"RF_BC","old","GCAM"
"W/m^2","GCAM_SSP5",2049,0.12894,"RF_BC","old","GCAM"
"W/m^2","GCAM_SSP5",2050,0.123729,"RF_BC","old","GCAM"
"W/m^2","GCAM_SSP5",2051,0.121148,"RF_BC","old","GCAM"
"W/m^2","GCAM_SSP5",2052,0.118568,"RF_BC","old","GCAM"
"W/m^2","GCAM_SSP5",2053,0.115988,"RF_BC","old","GCAM"
"W/m^2","GCAM_SSP5",2054,0.113408,"RF_BC","old","GCAM"
"W/m^2","GCAM_SSP5",2055,0.110828,"RF_BC","old","GCAM"
"W/m^2","GCAM_SSP5",2056,0.108265,"RF_BC","old","GCAM"
"W/m^2","GCAM_SSP5",2057,0.105702,"RF_BC","old","GCAM"
"W/m^2","GCAM_SSP5",2058,0.103139,"RF_BC","old","GCAM"
"W/m^2","GCAM_SSP5",2059,0.100576,"RF_BC","old","GCAM"
"W/m^2","GCAM_SSP5",2060,0.0980131,"RF_BC","old","GCAM"
"W/m^2","GCAM_SSP5",2061,0.0956341,"RF_BC","old","GCAM"
"W/m^2","GCAM_SSP5",2062,0.093255,"RF_BC","old","GCAM"
"W/m^2","GCAM_SSP5",2063,0.090876,"RF_BC","old","GCAM"
"W/m^2","GCAM_SSP5",2064,0.088497,"RF_BC","old","GCAM"
"W/m^2","GCAM_SSP5",2065,0.0861179,"RF_BC","old","GCAM"
"W/m^2","GCAM_SSP5",2066,0.0836979,"RF_BC","old","GCAM"
"W/m^2","GCAM_SSP5",2067,0.0812779,"RF_BC","old","GCAM"
"W/m^2","GCAM_SSP5",2068,0.0788579,"RF_BC","old","GCAM"
"W/m^2","GCAM_SSP5",2069,0.076438,"RF_BC","old","GCAM"
"W/m^2","GCAM_SSP5",2070,0.074018,"RF_BC","old","GCAM"
"W/m^2","GCAM_SSP5",2071,0.0716045,"RF_BC","old","GCAM"
"W/m^2","GCAM_SSP5",2072,0.0691911,"RF_BC","old","GCAM"
"W/m^2","GCAM_SSP5",2073,0.0667776,"RF_BC","old","GCAM"
"W/m^2","GCAM_SSP5",2074,0.0643642,"RF_BC","old","GCAM"
"W/m^2","GCAM_SSP5",2075,0.0619507,"RF_BC","old","GCAM"
"W/m^2","GCAM_SSP5",2076,0.0595369,"RF_BC","old","GCAM"
"W/m^2","GCAM_SSP5",2077,0.0571231,"RF_BC","old","GCAM"
"W/m^2","GCAM_SSP5",2078,0.0547093,"RF_BC","old","GCAM"
"W/m^2","GCAM_SSP5",2079,0.0522955,"RF_BC","old","GCAM"
"W/m^2","GCAM_SSP5",2080,0.0498816,"RF_BC","old","GCAM"
"W/m^2","GCAM_SSP5",2081,0.0476268,"RF_BC","old","GCAM"
"W/m^2","GCAM_SSP5",2082,0.0453719,"RF_BC","old","GCAM"
"W/m^2","GCAM_SSP5",2083,0.043117,"RF_BC","old","GCAM"
"W/m^2","GCAM_SSP5",2084,0.0408621,"RF_BC","old","GCAM"
"W/m^2","GCAM_SSP5",2085,0.0386072,"RF_BC","old","GCAM"
"W/m^2","GCAM_SSP5",2086,0.0365053,"RF_BC","old","GCAM"
"W/m^2","GCAM_SSP5",2087,0.0344035,"RF_BC","old","GCAM"
"W/m^2","GCAM_SSP5",2088,0.0323016,"RF_BC","old","GCAM"
"W/m^2","GCAM_SSP5",2089,0.0301997,"RF_BC","old","GCAM"
"W/m^2","GCAM_SSP5",2090,0.0280979,"RF_BC","old","GCAM"
"W/m^2","GCAM_SSP5",2091,0.0262285,"RF_BC","old","GCAM"
"W/m^2","GCAM_SSP5",2092,0.0243591,"RF_BC","old","GCAM"
"W/m^2","GCAM_SSP5",2093,0.0224897,"RF_BC","old","GCAM"
"W/m^2","GCAM_SSP5",2094,0.0206203,"RF_BC","old","GCAM"
"W/m^2","GCAM_SSP5",2095,0.0187509,"RF_BC","old","GCAM"
"W/m^2","GCAM_SSP5",2096,0.0169865,"RF_BC","old","GCAM"
"W/m^2","GCAM_SSP5",2097,0.0152222,"RF_BC","old","GCAM"
"W/m^2","GCAM_SSP5",2098,0.0134578,"RF_BC","old","GCAM"
"W/m^2","GCAM_SSP5",2099,0.0116935,"RF_BC","old","GCAM"
"W/m^2","GCAM_SSP5",2100,0.00992909,"RF_BC","old","GCAM"
"W/m^2","GCAM_SSP5",1976,-0.492498,"RF_SO2","old","GCAM"
"W/m^2","GCAM_SSP5",1977,-0.497157,"RF_SO2","old","GCAM"
"W/m^2","GCAM_SSP5",1978,-0.498994,"RF_SO2","old","GCAM"
"W/m^2","GCAM_SSP5",1979,-0.507187,"RF_SO2","old","GCAM"
"W/m^2","GCAM_SSP5",1980,-0.504677,"RF_SO2","old","GCAM"
"W/m^2","GCAM_SSP5",1981,-0.489027,"RF_SO2","old","GCAM"
"W/m^2","GCAM_SSP5",1982,-0.480388,"RF_SO2","old","GCAM"
"W/m^2","GCAM_SSP5",1983,-0.473069,"RF_SO2","old","GCAM"
"W/m^2","GCAM_SSP5",1984,-0.478727,"RF_SO2","old","GCAM"
"W/m^2","GCAM_SSP5",1985,-0.479953,"RF_SO2","old","GCAM"
"W/m^2","GCAM_SSP5",1986,-0.479992,"RF_SO2","old","GCAM"
"W/m^2","GCAM_SSP5",1987,-0.489268,"RF_SO2","old","GCAM"
"W/m^2","GCAM_SSP5",1988,-0.493499,"RF_SO2","old","GCAM"
"W/m^2","GCAM_SSP5",1989,-0.493689,"RF_SO2","old","GCAM"
"W/m^2","GCAM_SSP5",1990,-0.492054,"RF_SO2","old","GCAM"
"W/m^2","GCAM_SSP5",1991,-0.48741,"RF_SO2","old","GCAM"
"W/m^2","GCAM_SSP5",1992,-0.470615,"RF_SO2","old","GCAM"
"W/m^2","GCAM_SSP5",1993,-0.462933,"RF_SO2","old","GCAM"
"W/m^2","GCAM_SSP5",1994,-0.452662,"RF_SO2","old","GCAM"
"W/m^2","GCAM_SSP5",1995,-0.44381,"RF_SO2","old","GCAM"
"W/m^2","GCAM_SSP5",1996,-0.436449,"RF_SO2","old","GCAM"
"W/m^2","GCAM_SSP5",1997,-0.438079,"RF_SO2","old","GCAM"
"W/m^2","GCAM_SSP5",1998,-0.428638,"RF_SO2","old","GCAM"
"W/m^2","GCAM_SSP5",1999,-0.405624,"RF_SO2","old","GCAM"
"W/m^2","GCAM_SSP5",2000,-0.406651,"RF_SO2","old","GCAM"
"W/m^2","GCAM_SSP5",2001,-0.409551,"RF_SO2","old","GCAM"
"W/m^2","GCAM_SSP5",2002,-0.406849,"RF_SO2","old","GCAM"
"W/m^2","GCAM_SSP5",2003,-0.421447,"RF_SO2","old","GCAM"
"W/m^2","GCAM_SSP5",2004,-0.441609,"RF_SO2","old","GCAM"
"W/m^2","GCAM_SSP5",2005,-0.441609,"RF_SO2","old","GCAM"
"W/m^2","GCAM_SSP5",2006,-0.430681,"RF_SO2","old","GCAM"
"W/m^2","GCAM_SSP5",2007,-0.419753,"RF_SO2","old","GCAM"
"W/m^2","GCAM_SSP5",2008,-0.408825,"RF_SO2","old","GCAM"
"W/m^2","GCAM_SSP5",2009,-0.397898,"RF_SO2","old","GCAM"
"W/m^2","GCAM_SSP5",2010,-0.38697,"RF_SO2","old","GCAM"
"W/m^2","GCAM_SSP5",2011,-0.375536,"RF_SO2","old","GCAM"
"W/m^2","GCAM_SSP5",2012,-0.364103,"RF_SO2","old","GCAM"
"W/m^2","GCAM_SSP5",2013,-0.352669,"RF_SO2","old","GCAM"
"W/m^2","GCAM_SSP5",2014,-0.341236,"RF_SO2","old","GCAM"
"W/m^2","GCAM_SSP5",2015,-0.329802,"RF_SO2","old","GCAM"
"W/m^2","GCAM_SSP5",2016,-0.318169,"RF_SO2","old","GCAM"
"W/m^2","GCAM_SSP5",2017,-0.306535,"RF_SO2","old","GCAM"
"W/m^2","GCAM_SSP5",2018,-0.294902,"RF_SO2","old","GCAM"
"W/m^2","GCAM_SSP5",2019,-0.283268,"RF_SO2","old","GCAM"
"W/m^2","GCAM_SSP5",2020,-0.271635,"RF_SO2","old","GCAM"
"W/m^2","GCAM_SSP5",2021,-0.260002,"RF_SO2","old","GCAM"
"W/m^2","GCAM_SSP5",2022,-0.253335,"RF_SO2","old","GCAM"
"W/m^2","GCAM_SSP5",2023,-0.246669,"RF_SO2","old","GCAM"
"W/m^2","GCAM_SSP5",2024,-0.240002,"RF_SO2","old","GCAM"
"W/m^2","GCAM_SSP5",2025,-0.233336,"RF_SO2","old","GCAM"
"W/m^2","GCAM_SSP5",2026,-0.226855,"RF_SO2","old","GCAM"
"W/m^2","GCAM_SSP5",2027,-0.220374,"RF_SO2","old","GCAM"
"W/m^2","GCAM_SSP5",2028,-0.213894,"RF_SO2","old","GCAM"
"W/m^2","GCAM_SSP5",2029,-0.207413,"RF_SO2","old","GCAM"
"W/m^2","GCAM_SSP5",2030,-0.200933,"RF_SO2","old","GCAM"
"W/m^2","GCAM_SSP5",2031,-0.196755,"RF_SO2","old","GCAM"
"W/m^2","GCAM_SSP5",2032,-0.192578,"RF_SO2","old","GCAM"
"W/m^2","GCAM_SSP5",2033,-0.1884,"RF_SO2","old","GCAM"
"W/m^2","GCAM_SSP5",2034,-0.184223,"RF_SO2","old","GCAM"
"W/m^2","GCAM_SSP5",2035,-0.180045,"RF_SO2","old","GCAM"
"W/m^2","GCAM_SSP5",2036,-0.176292,"RF_SO2","old","GCAM"
"W/m^2","GCAM_SSP5",2037,-0.172538,"RF_SO2","old","GCAM"
"W/m^2","GCAM_SSP5",2038,-0.168785,"RF_SO2","old","GCAM"
"W/m^2","GCAM_SSP5",2039,-0.165032,"RF_SO2","old","GCAM"
"W/m^2","GCAM_SSP5",2040,-0.161278,"RF_SO2","old","GCAM"
"W/m^2","GCAM_SSP5",2041,-0.157558,"RF_SO2","old","GCAM"
"W/m^2","GCAM_SSP5",2042,-0.153838,"RF_SO2","old","GCAM"
"W/m^2","GCAM_SSP5",2043,-0.150118,"RF_SO2","old","GCAM"
"W/m^2","GCAM_SSP5",2044,-0.146398,"RF_SO2","old","GCAM"
"W/m^2","GCAM_SSP5",2045,-0.142677,"RF_SO2","old","GCAM"
"W/m^2","GCAM_SSP5",2046,-0.138872,"RF_SO2","old","GCAM"
"W/m^2","GCAM_SSP5",2047,-0.135067,"RF_SO2","old","GCAM"
"W/m^2","GCAM_SSP5",2048,-0.131262,"RF_SO2","old","GCAM"
"W/m^2","GCAM_SSP5",2049,-0.127457,"RF_SO2","old","GCAM"
"W/m^2","GCAM_SSP5",2050,-0.123652,"RF_SO2","old","GCAM"
"W/m^2","GCAM_SSP5",2051,-0.122688,"RF_SO2","old","GCAM"
"W/m^2","GCAM_SSP5",2052,-0.121724,"RF_SO2","old","GCAM"
"W/m^2","GCAM_SSP5",2053,-0.12076,"RF_SO2","old","GCAM"
"W/m^2","GCAM_SSP5",2054,-0.119797,"RF_SO2","old","GCAM"
"W/m^2","GCAM_SSP5",2055,-0.118833,"RF_SO2","old","GCAM"
"W/m^2","GCAM_SSP5",2056,-0.117847,"RF_SO2","old","GCAM"
"W/m^2","GCAM_SSP5",2057,-0.116861,"RF_SO2","old","GCAM"
"W/m^2","GCAM_SSP5",2058,-0.115875,"RF_SO2","old","GCAM"
"W/m^2","GCAM_SSP5",2059,-0.114889,"RF_SO2","old","GCAM"
"W/m^2","GCAM_SSP5",2060,-0.113904,"RF_SO2","old","GCAM"
"W/m^2","GCAM_SSP5",2061,-0.112969,"RF_SO2","old","GCAM"
"W/m^2","GCAM_SSP5",2062,-0.112035,"RF_SO2","old","GCAM"
"W/m^2","GCAM_SSP5",2063,-0.1111,"RF_SO2","old","GCAM"
"W/m^2","GCAM_SSP5",2064,-0.110166,"RF_SO2","old","GCAM"
"W/m^2","GCAM_SSP5",2065,-0.109231,"RF_SO2","old","GCAM"
"W/m^2","GCAM_SSP5",2066,-0.108185,"RF_SO2","old","GCAM"
"W/m^2","GCAM_SSP5",2067,-0.107139,"RF_SO2","old","GCAM"
"W/m^2","GCAM_SSP5",2068,-0.106092,"RF_SO2","old","GCAM"
"W/m^2","GCAM_SSP5",2069,-0.105046,"RF_SO2","old","GCAM"
"W/m^2","GCAM_SSP5",2070,-0.104,"RF_SO2","old","GCAM"
"W/m^2","GCAM_SSP5",2071,-0.102944,"RF_SO2","old","GCAM"
"W/m^2","GCAM_SSP5",2072,-0.101888,"RF_SO2","old","GCAM"
"W/m^2","GCAM_SSP5",2073,-0.100832,"RF_SO2","old","GCAM"
"W/m^2","GCAM_SSP5",2074,-0.0997765,"RF_SO2","old","GCAM"
"W/m^2","GCAM_SSP5",2075,-0.0987207,"RF_SO2","old","GCAM"
"W/m^2","GCAM_SSP5",2076,-0.0976009,"RF_SO2","old","GCAM"
"W/m^2","GCAM_SSP5",2077,-0.0964811,"RF_SO2","old","GCAM"
"W/m^2","GCAM_SSP5",2078,-0.0953613,"RF_SO2","old","GCAM"
"W/m^2","GCAM_SSP5",2079,-0.0942416,"RF_SO2","old","GCAM"
"W/m^2","GCAM_SSP5",2080,-0.0931218,"RF_SO2","old","GCAM"
"W/m^2","GCAM_SSP5",2081,-0.0918302,"RF_SO2","old","GCAM"
"W/m^2","GCAM_SSP5",2082,-0.0905385,"RF_SO2","old","GCAM"
"W/m^2","GCAM_SSP5",2083,-0.0892469,"RF_SO2","old","GCAM"
"W/m^2","GCAM_SSP5",2084,-0.0879553,"RF_SO2","old","GCAM"
"W/m^2","GCAM_SSP5",2085,-0.0866636,"RF_SO2","old","GCAM"
"W/m^2","GCAM_SSP5",2086,-0.0853993,"RF_SO2","old","GCAM"
"W/m^2","GCAM_SSP5",2087,-0.084135,"RF_SO2","old","GCAM"
"W/m^2","GCAM_SSP5",2088,-0.0828706,"RF_SO2","old","GCAM"
"W/m^2","GCAM_SSP5",2089,-0.0816063,"RF_SO2","old","GCAM"
"W/m^2","GCAM_SSP5",2090,-0.080342,"RF_SO2","old","GCAM"
"W/m^2","GCAM_SSP5",2091,-0.0791414,"RF_SO2","old","GCAM"
"W/m^2","GCAM_SSP5",2092,-0.0779408,"RF_SO2","old","GCAM"
"W/m^2","GCAM_SSP5",2093,-0.0767402,"RF_SO2","old","GCAM"
"W/m^2","GCAM_SSP5",2094,-0.0755397,"RF_SO2","old","GCAM"
"W/m^2","GCAM_SSP5",2095,-0.0743391,"RF_SO2","old","GCAM"
"W/m^2","GCAM_SSP5",2096,-0.0730873,"RF_SO2","old","GCAM"
"W/m^2","GCAM_SSP5",2097,-0.0718356,"RF_SO2","old","GCAM"
"W/m^2","GCAM_SSP5",2098,-0.0705839,"RF_SO2","old","GCAM"
"W/m^2","GCAM_SSP5",2099,-0.0693321,"RF_SO2","old","GCAM"
"W/m^2","GCAM_SSP5",2100,-0.0680804,"RF_SO2","old","GCAM"
"W/m^2","GCAM_SSP5",1976,-0.0763851,"RF_NH3","old","GCAM"
"W/m^2","GCAM_SSP5",1977,-0.0780022,"RF_NH3","old","GCAM"
"W/m^2","GCAM_SSP5",1978,-0.0800753,"RF_NH3","old","GCAM"
"W/m^2","GCAM_SSP5",1979,-0.0819936,"RF_NH3","old","GCAM"
"W/m^2","GCAM_SSP5",1980,-0.0838043,"RF_NH3","old","GCAM"
"W/m^2","GCAM_SSP5",1981,-0.0846538,"RF_NH3","old","GCAM"
"W/m^2","GCAM_SSP5",1982,-0.0874276,"RF_NH3","old","GCAM"
"W/m^2","GCAM_SSP5",1983,-0.0873815,"RF_NH3","old","GCAM"
"W/m^2","GCAM_SSP5",1984,-0.0896308,"RF_NH3","old","GCAM"
"W/m^2","GCAM_SSP5",1985,-0.0911805,"RF_NH3","old","GCAM"
"W/m^2","GCAM_SSP5",1986,-0.0928888,"RF_NH3","old","GCAM"
"W/m^2","GCAM_SSP5",1987,-0.095291,"RF_NH3","old","GCAM"
"W/m^2","GCAM_SSP5",1988,-0.0961403,"RF_NH3","old","GCAM"
"W/m^2","GCAM_SSP5",1989,-0.096864,"RF_NH3","old","GCAM"
"W/m^2","GCAM_SSP5",1990,-0.0978462,"RF_NH3","old","GCAM"
"W/m^2","GCAM_SSP5",1991,-0.101579,"RF_NH3","old","GCAM"
"W/m^2","GCAM_SSP5",1992,-0.0975369,"RF_NH3","old","GCAM"
"W/m^2","GCAM_SSP5",1993,-0.0984064,"RF_NH3","old","GCAM"
"W/m^2","GCAM_SSP5",1994,-0.10147,"RF_NH3","old","GCAM"
"W/m^2","GCAM_SSP5",1995,-0.0997669,"RF_NH3","old","GCAM"
"W/m^2","GCAM_SSP5",1996,-0.0997767,"RF_NH3","old","GCAM"
"W/m^2","GCAM_SSP5",1997,-0.105564,"RF_NH3","old","GCAM"
"W/m^2","GCAM_SSP5",1998,-0.106575,"RF_NH3","old","GCAM"
"W/m^2","GCAM_SSP5",1999,-0.10267,"RF_NH3","old","GCAM"
"W/m^2","GCAM_SSP5",2000,-0.102112,"RF_NH3","old","GCAM"
"W/m^2","GCAM_SSP5",2001,-0.102542,"RF_NH3","old","GCAM"
"W/m^2","GCAM_SSP5",2002,-0.107621,"RF_NH3","old","GCAM"
"W/m^2","GCAM_SSP5",2003,-0.108938,"RF_NH3","old","GCAM"
"W/m^2","GCAM_SSP5",2004,-0.109847,"RF_NH3","old","GCAM"
"W/m^2","GCAM_SSP5",2005,-0.109847,"RF_NH3","old","GCAM"
"W/m^2","GCAM_SSP5",2006,-0.110404,"RF_NH3","old","GCAM"
"W/m^2","GCAM_SSP5",2007,-0.110962,"RF_NH3","old","GCAM"
"W/m^2","GCAM_SSP5",2008,-0.11152,"RF_NH3","old","GCAM"
"W/m^2","GCAM_SSP5",2009,-0.112078,"RF_NH3","old","GCAM"
"W/m^2","GCAM_SSP5",2010,-0.112636,"RF_NH3","old","GCAM"
"W/m^2","GCAM_SSP5",2011,-0.113969,"RF_NH3","old","GCAM"
"W/m^2","GCAM_SSP5",2012,-0.115301,"RF_NH3","old","GCAM"
"W/m^2","GCAM_SSP5",2013,-0.116634,"RF_NH3","old","GCAM"
"W/m^2","GCAM_SSP5",2014,-0.117966,"RF_NH3","old","GCAM"
"W/m^2","GCAM_SSP5",2015,-0.119298,"RF_NH3","old","GCAM"
"W/m^2","GCAM_SSP5",2016,-0.120507,"RF_NH3","old","GCAM"
"W/m^2","GCAM_SSP5",2017,-0.121715,"RF_NH3","old","GCAM"
"W/m^2","GCAM_SSP5",2018,-0.122923,"RF_NH3","old","GCAM"
"W/m^2","GCAM_SSP5",2019,-0.124132,"RF_NH3","old","GCAM"
"W/m^2","GCAM_SSP5",2020,-0.12534,"RF_NH3","old","GCAM"
"W/m^2","GCAM_SSP5",2021,-0.126548,"RF_NH3","old","GCAM"
"W/m^2","GCAM_SSP5",2022,-0.129186,"RF_NH3","old","GCAM"
"W/m^2","GCAM_SSP5",2023,-0.131823,"RF_NH3","old","GCAM"
"W/m^2","GCAM_SSP5",2024,-0.13446,"RF_NH3","old","GCAM"
"W/m^2","GCAM_SSP5",2025,-0.137097,"RF_NH3","old","GCAM"
"W/m^2","GCAM_SSP5",2026,-0.138743,"RF_NH3","old","GCAM"
"W/m^2","GCAM_SSP5",2027,-0.14039,"RF_NH3","old","GCAM"
"W/m^2","GCAM_SSP5",2028,-0.142036,"RF_NH3","old","GCAM"
"W/m^2","GCAM_SSP5",2029,-0.143682,"RF_NH3","old","GCAM"
"W/m^2","GCAM_SSP5",2030,-0.145328,"RF_NH3","old","GCAM"
"W/m^2","GCAM_SSP5",2031,-0.147351,"RF_NH3","old","GCAM"
"W/m^2","GCAM_SSP5",2032,-0.149374,"RF_NH3","old","GCAM"
"W/m^2","GCAM_SSP5",2033,-0.151397,"RF_NH3","old","GCAM"
"W/m^2","GCAM_SSP5",2034,-0.15342,"RF_NH3","old","GCAM"
"W/m^2","GCAM_SSP5",2035,-0.155443,"RF_NH3","old","GCAM"
"W/m^2","GCAM_SSP5",2036,-0.157598,"RF_NH3","old","GCAM"
"W/m^2","GCAM_SSP5",2037,-0.159753,"RF_NH3","old","GCAM"
"W/m^2","GCAM_SSP5",2038,-0.161909,"RF_NH3","old","GCAM"
"W/m^2","GCAM_SSP5",2039,-0.164064,"RF_NH3","old","GCAM"
"W/m^2","GCAM_SSP5",2040,-0.166219,"RF_NH3","old","GCAM"
"W/m^2","GCAM_SSP5",2041,-0.168369,"RF_NH3","old","GCAM"
"W/m^2","GCAM_SSP5",2042,-0.170518,"RF_NH3","old","GCAM"
"W/m^2","GCAM_SSP5",2043,-0.172668,"RF_NH3","old","GCAM"
"W/m^2","GCAM_SSP5",2044,-0.174817,"RF_NH3","old","GCAM"
"W/m^2","GCAM_SSP5",2045,-0.176967,"RF_NH3","old","GCAM"
"W/m^2","GCAM_SSP5",2046,-0.178766,"RF_NH3","old","GCAM"
"W/m^2","GCAM_SSP5",2047,-0.180565,"RF_NH3","old","GCAM"
"W/m^2","GCAM_SSP5",2048,-0.182364,"RF_NH3","old","GCAM"
"W/m^2","GCAM_SSP5",2049,-0.184163,"RF_NH3","old","GCAM"
"W/m^2","GCAM_SSP5",2050,-0.185962,"RF_NH3","old","GCAM"
"W/m^2","GCAM_SSP5",2051,-0.187306,"RF_NH3","old","GCAM"
"W/m^2","GCAM_SSP5",2052,-0.188649,"RF_NH3","old","GCAM"
"W/m^2","GCAM_SSP5",2053,-0.189993,"RF_NH3","old","GCAM"
"W/m^2","GCAM_SSP5",2054,-0.191336,"RF_NH3","old","GCAM"
"W/m^2","GCAM_SSP5",2055,-0.19268,"RF_NH3","old","GCAM"
"W/m^2","GCAM_SSP5",2056,-0.193937,"RF_NH3","old","GCAM"
"W/m^2","GCAM_SSP5",2057,-0.195194,"RF_NH3","old","GCAM"
"W/m^2","GCAM_SSP5",2058,-0.196451,"RF_NH3","old","GCAM"
"W/m^2","GCAM_SSP5",2059,-0.197709,"RF_NH3","old","GCAM"
"W/m^2","GCAM_SSP5",2060,-0.198966,"RF_NH3","old","GCAM"
"W/m^2","GCAM_SSP5",2061,-0.199982,"RF_NH3","old","GCAM"
"W/m^2","GCAM_SSP5",2062,-0.200999,"RF_NH3","old","GCAM"
"W/m^2","GCAM_SSP5",2063,-0.202015,"RF_NH3","old","GCAM"
"W/m^2","GCAM_SSP5",2064,-0.203031,"RF_NH3","old","GCAM"
"W/m^2","GCAM_SSP5",2065,-0.204048,"RF_NH3","old","GCAM"
"W/m^2","GCAM_SSP5",2066,-0.204776,"RF_NH3","old","GCAM"
"W/m^2","GCAM_SSP5",2067,-0.205504,"RF_NH3","old","GCAM"
"W/m^2","GCAM_SSP5",2068,-0.206232,"RF_NH3","old","GCAM"
"W/m^2","GCAM_SSP5",2069,-0.206961,"RF_NH3","old","GCAM"
"W/m^2","GCAM_SSP5",2070,-0.207689,"RF_NH3","old","GCAM"
"W/m^2","GCAM_SSP5",2071,-0.208127,"RF_NH3","old","GCAM"
"W/m^2","GCAM_SSP5",2072,-0.208565,"RF_NH3","old","GCAM"
"W/m^2","GCAM_SSP5",2073,-0.209004,"RF_NH3","old","GCAM"
"W/m^2","GCAM_SSP5",2074,-0.209442,"RF_NH3","old","GCAM"
"W/m^2","GCAM_SSP5",2075,-0.20988,"RF_NH3","old","GCAM"
"W/m^2","GCAM_SSP5",2076,-0.21003,"RF_NH3","old","GCAM"
"W/m^2","GCAM_SSP5",2077,-0.210181,"RF_NH3","old","GCAM"
"W/m^2","GCAM_SSP5",2078,-0.210331,"RF_NH3","old","GCAM"
"W/m^2","GCAM_SSP5",2079,-0.210481,"RF_NH3","old","GCAM"
"W/m^2","GCAM_SSP5",2080,-0.210631,"RF_NH3","old","GCAM"
"W/m^2","GCAM_SSP5",2081,-0.210554,"RF_NH3","old","GCAM"
"W/m^2","GCAM_SSP5",2082,-0.210477,"RF_NH3","old","GCAM"
"W/m^2","GCAM_SSP5",2083,-0.210399,"RF_NH3","old","GCAM"
"W/m^2","GCAM_SSP5",2084,-0.210322,"RF_NH3","old","GCAM"
"W/m^2","GCAM_SSP5",2085,-0.210245,"RF_NH3","old","GCAM"
"W/m^2","GCAM_SSP5",2086,-0.210007,"RF_NH3","old","GCAM"
"W/m^2","GCAM_SSP5",2087,-0.209769,"RF_NH3","old","GCAM"
"W/m^2","GCAM_SSP5",2088,-0.209532,"RF_NH3","old","GCAM"
"W/m^2","GCAM_SSP5",2089,-0.209294,"RF_NH3","old","GCAM"
"W/m^2","GCAM_SSP5",2090,-0.209056,"RF_NH3","old","GCAM"
"W/m^2","GCAM_SSP5",2091,-0.208689,"RF_NH3","old","GCAM"
"W/m^2","GCAM_SSP5",2092,-0.208322,"RF_NH3","old","GCAM"
"W/m^2","GCAM_SSP5",2093,-0.207955,"RF_NH3","old","GCAM"
"W/m^2","GCAM_SSP5",2094,-0.207589,"RF_NH3","old","GCAM"
"W/m^2","GCAM_SSP5",2095,-0.207222,"RF_NH3","old","GCAM"
"W/m^2","GCAM_SSP5",2096,-0.206573,"RF_NH3","old","GCAM"
"W/m^2","GCAM_SSP5",2097,-0.205923,"RF_NH3","old","GCAM"
"W/m^2","GCAM_SSP5",2098,-0.205274,"RF_NH3","old","GCAM"
"W/m^2","GCAM_SSP5",2099,-0.204625,"RF_NH3","old","GCAM"
"W/m^2","GCAM_SSP5",2100,-0.203976,"RF_NH3","old","GCAM"
"W/m^2","GCAM_SSP5",1976,0.0964543,"RF_N2O","old","GCAM"
"W/m^2","GCAM_SSP5",1977,0.0993834,"RF_N2O","old","GCAM"
"W/m^2","GCAM_SSP5",1978,0.102372,"RF_N2O","old","GCAM"
"W/m^2","GCAM_SSP5",1979,0.105457,"RF_N2O","old","GCAM"
"W/m^2","GCAM_SSP5",1980,0.108559,"RF_N2O","old","GCAM"
"W/m^2","GCAM_SSP5",1981,0.111589,"RF_N2O","old","GCAM"
"W/m^2","GCAM_SSP5",1982,0.114741,"RF_N2O","old","GCAM"
"W/m^2","GCAM_SSP5",1983,0.117897,"RF_N2O","old","GCAM"
"W/m^2","GCAM_SSP5",1984,0.120971,"RF_N2O","old","GCAM"
"W/m^2","GCAM_SSP5",1985,0.124015,"RF_N2O","old","GCAM"
"W/m^2","GCAM_SSP5",1986,0.127112,"RF_N2O","old","GCAM"
"W/m^2","GCAM_SSP5",1987,0.130331,"RF_N2O","old","GCAM"
"W/m^2","GCAM_SSP5",1988,0.133407,"RF_N2O","old","GCAM"
"W/m^2","GCAM_SSP5",1989,0.136506,"RF_N2O","old","GCAM"
"W/m^2","GCAM_SSP5",1990,0.139579,"RF_N2O","old","GCAM"
"W/m^2","GCAM_SSP5",1991,0.142632,"RF_N2O","old","GCAM"
"W/m^2","GCAM_SSP5",1992,0.145722,"RF_N2O","old","GCAM"
"W/m^2","GCAM_SSP5",1993,0.148753,"RF_N2O","old","GCAM"
"W/m^2","GCAM_SSP5",1994,0.151815,"RF_N2O","old","GCAM"
"W/m^2","GCAM_SSP5",1995,0.154916,"RF_N2O","old","GCAM"
"W/m^2","GCAM_SSP5",1996,0.158012,"RF_N2O","old","GCAM"
"W/m^2","GCAM_SSP5",1997,0.161138,"RF_N2O","old","GCAM"
"W/m^2","GCAM_SSP5",1998,0.164079,"RF_N2O","old","GCAM"
"W/m^2","GCAM_SSP5",1999,0.166909,"RF_N2O","old","GCAM"
"W/m^2","GCAM_SSP5",2000,0.169606,"RF_N2O","old","GCAM"
"W/m^2","GCAM_SSP5",2001,0.172322,"RF_N2O","old","GCAM"
"W/m^2","GCAM_SSP5",2002,0.1751,"RF_N2O","old","GCAM"
"W/m^2","GCAM_SSP5",2003,0.177896,"RF_N2O","old","GCAM"
"W/m^2","GCAM_SSP5",2004,0.180763,"RF_N2O","old","GCAM"
"W/m^2","GCAM_SSP5",2005,0.183602,"RF_N2O","old","GCAM"
"W/m^2","GCAM_SSP5",2006,0.186395,"RF_N2O","old","GCAM"
"W/m^2","GCAM_SSP5",2007,0.189147,"RF_N2O","old","GCAM"
"W/m^2","GCAM_SSP5",2008,0.191851,"RF_N2O","old","GCAM"
"W/m^2","GCAM_SSP5",2009,0.194507,"RF_N2O","old","GCAM"
"W/m^2","GCAM_SSP5",2010,0.197116,"RF_N2O","old","GCAM"
"W/m^2","GCAM_SSP5",2011,0.199774,"RF_N2O","old","GCAM"
"W/m^2","GCAM_SSP5",2012,0.202481,"RF_N2O","old","GCAM"
"W/m^2","GCAM_SSP5",2013,0.205238,"RF_N2O","old","GCAM"
"W/m^2","GCAM_SSP5",2014,0.208042,"RF_N2O","old","GCAM"
"W/m^2","GCAM_SSP5",2015,0.210895,"RF_N2O","old","GCAM"
"W/m^2","GCAM_SSP5",2016,0.213725,"RF_N2O","old","GCAM"
"W/m^2","GCAM_SSP5",2017,0.216538,"RF_N2O","old","GCAM"
"W/m^2","GCAM_SSP5",2018,0.219329,"RF_N2O","old","GCAM"
"W/m^2","GCAM_SSP5",2019,0.222099,"RF_N2O","old","GCAM"
"W/m^2","GCAM_SSP5",2020,0.224849,"RF_N2O","old","GCAM"
"W/m^2","GCAM_SSP5",2021,0.227579,"RF_N2O","old","GCAM"
"W/m^2","GCAM_SSP5",2022,0.230361,"RF_N2O","old","GCAM"
"W/m^2","GCAM_SSP5",2023,0.233189,"RF_N2O","old","GCAM"
"W/m^2","GCAM_SSP5",2024,0.236066,"RF_N2O","old","GCAM"
"W/m^2","GCAM_SSP5",2025,0.238991,"RF_N2O","old","GCAM"
"W/m^2","GCAM_SSP5",2026,0.241935,"RF_N2O","old","GCAM"
"W/m^2","GCAM_SSP5",2027,0.244898,"RF_N2O","old","GCAM"
"W/m^2","GCAM_SSP5",2028,0.24788,"RF_N2O","old","GCAM"
"W/m^2","GCAM_SSP5",2029,0.25088,"RF_N2O","old","GCAM"
"W/m^2","GCAM_SSP5",2030,0.253897,"RF_N2O","old","GCAM"
"W/m^2","GCAM_SSP5",2031,0.256939,"RF_N2O","old","GCAM"
"W/m^2","GCAM_SSP5",2032,0.260005,"RF_N2O","old","GCAM"
"W/m^2","GCAM_SSP5",2033,0.263094,"RF_N2O","old","GCAM"
"W/m^2","GCAM_SSP5",2034,0.266208,"RF_N2O","old","GCAM"
"W/m^2","GCAM_SSP5",2035,0.269344,"RF_N2O","old","GCAM"
"W/m^2","GCAM_SSP5",2036,0.272508,"RF_N2O","old","GCAM"
"W/m^2","GCAM_SSP5",2037,0.275695,"RF_N2O","old","GCAM"
"W/m^2","GCAM_SSP5",2038,0.278908,"RF_N2O","old","GCAM"
"W/m^2","GCAM_SSP5",2039,0.282147,"RF_N2O","old","GCAM"
"W/m^2","GCAM_SSP5",2040,0.28541,"RF_N2O","old","GCAM"
"W/m^2","GCAM_SSP5",2041,0.288702,"RF_N2O","old","GCAM"
"W/m^2","GCAM_SSP5",2042,0.292022,"RF_N2O","old","GCAM"
"W/m^2","GCAM_SSP5",2043,0.29537,"RF_N2O","old","GCAM"
"W/m^2","GCAM_SSP5",2044,0.298744,"RF_N2O","old","GCAM"
"W/m^2","GCAM_SSP5",2045,0.302144,"RF_N2O","old","GCAM"
"W/m^2","GCAM_SSP5",2046,0.305575,"RF_N2O","old","GCAM"
"W/m^2","GCAM_SSP5",2047,0.309038,"RF_N2O","old","GCAM"
"W/m^2","GCAM_SSP5",2048,0.312529,"RF_N2O","old","GCAM"
"W/m^2","GCAM_SSP5",2049,0.31605,"RF_N2O","old","GCAM"
"W/m^2","GCAM_SSP5",2050,0.319599,"RF_N2O","old","GCAM"
"W/m^2","GCAM_SSP5",2051,0.323171,"RF_N2O","old","GCAM"
"W/m^2","GCAM_SSP5",2052,0.326764,"RF_N2O","old","GCAM"
"W/m^2","GCAM_SSP5",2053,0.330379,"RF_N2O","old","GCAM"
"W/m^2","GCAM_SSP5",2054,0.334015,"RF_N2O","old","GCAM"
"W/m^2","GCAM_SSP5",2055,0.337672,"RF_N2O","old","GCAM"
"W/m^2","GCAM_SSP5",2056,0.341347,"RF_N2O","old","GCAM"
"W/m^2","GCAM_SSP5",2057,0.345039,"RF_N2O","old","GCAM"
"W/m^2","GCAM_SSP5",2058,0.348749,"RF_N2O","old","GCAM"
"W/m^2","GCAM_SSP5",2059,0.352474,"RF_N2O","old","GCAM"
"W/m^2","GCAM_SSP5",2060,0.356214,"RF_N2O","old","GCAM"
"W/m^2","GCAM_SSP5",2061,0.359963,"RF_N2O","old","GCAM"
"W/m^2","GCAM_SSP5",2062,0.363721,"RF_N2O","old","GCAM"
"W/m^2","GCAM_SSP5",2063,0.367487,"RF_N2O","old","GCAM"
"W/m^2","GCAM_SSP5",2064,0.371259,"RF_N2O","old","GCAM"
"W/m^2","GCAM_SSP5",2065,0.375039,"RF_N2O","old","GCAM"
"W/m^2","GCAM_SSP5",2066,0.378816,"RF_N2O","old","GCAM"
"W/m^2","GCAM_SSP5",2067,0.382593,"RF_N2O","old","GCAM"
"W/m^2","GCAM_SSP5",2068,0.386368,"RF_N2O","old","GCAM"
"W/m^2","GCAM_SSP5",2069,0.390141,"RF_N2O","old","GCAM"
"W/m^2","GCAM_SSP5",2070,0.393911,"RF_N2O","old","GCAM"
"W/m^2","GCAM_SSP5",2071,0.397669,"RF_N2O","old","GCAM"
"W/m^2","GCAM_SSP5",2072,0.401417,"RF_N2O","old","GCAM"
"W/m^2","GCAM_SSP5",2073,0.405154,"RF_N2O","old","GCAM"
"W/m^2","GCAM_SSP5",2074,0.408879,"RF_N2O","old","GCAM"
"W/m^2","GCAM_SSP5",2075,0.412593,"RF_N2O","old","GCAM"
"W/m^2","GCAM_SSP5",2076,0.416288,"RF_N2O","old","GCAM"
"W/m^2","GCAM_SSP5",2077,0.419967,"RF_N2O","old","GCAM"
"W/m^2","GCAM_SSP5",2078,0.423627,"RF_N2O","old","GCAM"
"W/m^2","GCAM_SSP5",2079,0.42727,"RF_N2O","old","GCAM"
"W/m^2","GCAM_SSP5",2080,0.430895,"RF_N2O","old","GCAM"
"W/m^2","GCAM_SSP5",2081,0.434496,"RF_N2O","old","GCAM"
"W/m^2","GCAM_SSP5",2082,0.438075,"RF_N2O","old","GCAM"
"W/m^2","GCAM_SSP5",2083,0.441631,"RF_N2O","old","GCAM"
"W/m^2","GCAM_SSP5",2084,0.445164,"RF_N2O","old","GCAM"
"W/m^2","GCAM_SSP5",2085,0.448674,"RF_N2O","old","GCAM"
"W/m^2","GCAM_SSP5",2086,0.452156,"RF_N2O","old","GCAM"
"W/m^2","GCAM_SSP5",2087,0.455612,"RF_N2O","old","GCAM"
"W/m^2","GCAM_SSP5",2088,0.459041,"RF_N2O","old","GCAM"
"W/m^2","GCAM_SSP5",2089,0.462441,"RF_N2O","old","GCAM"
"W/m^2","GCAM_SSP5",2090,0.465814,"RF_N2O","old","GCAM"
"W/m^2","GCAM_SSP5",2091,0.469157,"RF_N2O","old","GCAM"
"W/m^2","GCAM_SSP5",2092,0.47247,"RF_N2O","old","GCAM"
"W/m^2","GCAM_SSP5",2093,0.475753,"RF_N2O","old","GCAM"
"W/m^2","GCAM_SSP5",2094,0.479006,"RF_N2O","old","GCAM"
"W/m^2","GCAM_SSP5",2095,0.482229,"RF_N2O","old","GCAM"
"W/m^2","GCAM_SSP5",2096,0.485413,"RF_N2O","old","GCAM"
"W/m^2","GCAM_SSP5",2097,0.48856,"RF_N2O","old","GCAM"
"W/m^2","GCAM_SSP5",2098,0.491668,"RF_N2O","old","GCAM"
"W/m^2","GCAM_SSP5",2099,0.494738,"RF_N2O","old","GCAM"
"W/m^2","GCAM_SSP5",2100,0.49777,"RF_N2O","old","GCAM"
"W/m^2","GCAM_SSP5",1976,0.377541,"RF_CH4","old","GCAM"
"W/m^2","GCAM_SSP5",1977,0.38299,"RF_CH4","old","GCAM"
"W/m^2","GCAM_SSP5",1978,0.388159,"RF_CH4","old","GCAM"
"W/m^2","GCAM_SSP5",1979,0.393452,"RF_CH4","old","GCAM"
"W/m^2","GCAM_SSP5",1980,0.398428,"RF_CH4","old","GCAM"
"W/m^2","GCAM_SSP5",1981,0.402322,"RF_CH4","old","GCAM"
"W/m^2","GCAM_SSP5",1982,0.408191,"RF_CH4","old","GCAM"
"W/m^2","GCAM_SSP5",1983,0.411404,"RF_CH4","old","GCAM"
"W/m^2","GCAM_SSP5",1984,0.414809,"RF_CH4","old","GCAM"
"W/m^2","GCAM_SSP5",1985,0.417944,"RF_CH4","old","GCAM"
"W/m^2","GCAM_SSP5",1986,0.421597,"RF_CH4","old","GCAM"
"W/m^2","GCAM_SSP5",1987,0.425637,"RF_CH4","old","GCAM"
"W/m^2","GCAM_SSP5",1988,0.429351,"RF_CH4","old","GCAM"
"W/m^2","GCAM_SSP5",1989,0.432858,"RF_CH4","old","GCAM"
"W/m^2","GCAM_SSP5",1990,0.4366,"RF_CH4","old","GCAM"
"W/m^2","GCAM_SSP5",1991,0.444081,"RF_CH4","old","GCAM"
"W/m^2","GCAM_SSP5",1992,0.445391,"RF_CH4","old","GCAM"
"W/m^2","GCAM_SSP5",1993,0.446539,"RF_CH4","old","GCAM"
"W/m^2","GCAM_SSP5",1994,0.450559,"RF_CH4","old","GCAM"
"W/m^2","GCAM_SSP5",1995,0.451922,"RF_CH4","old","GCAM"
"W/m^2","GCAM_SSP5",1996,0.453118,"RF_CH4","old","GCAM"
"W/m^2","GCAM_SSP5",1997,0.461123,"RF_CH4","old","GCAM"
"W/m^2","GCAM_SSP5",1998,0.464185,"RF_CH4","old","GCAM"
"W/m^2","GCAM_SSP5",1999,0.464687,"RF_CH4","old","GCAM"
"W/m^2","GCAM_SSP5",2000,0.46447,"RF_CH4","old","GCAM"
"W/m^2","GCAM_SSP5",2001,0.464674,"RF_CH4","old","GCAM"
"W/m^2","GCAM_SSP5",2002,0.467412,"RF_CH4","old","GCAM"
"W/m^2","GCAM_SSP5",2003,0.47016,"RF_CH4","old","GCAM"
"W/m^2","GCAM_SSP5",2004,0.473606,"RF_CH4","old","GCAM"
"W/m^2","GCAM_SSP5",2005,0.476728,"RF_CH4","old","GCAM"
"W/m^2","GCAM_SSP5",2006,0.479191,"RF_CH4","old","GCAM"
"W/m^2","GCAM_SSP5",2007,0.481052,"RF_CH4","old","GCAM"
"W/m^2","GCAM_SSP5",2008,0.482376,"RF_CH4","old","GCAM"
"W/m^2","GCAM_SSP5",2009,0.483223,"RF_CH4","old","GCAM"
"W/m^2","GCAM_SSP5",2010,0.48365,"RF_CH4","old","GCAM"
"W/m^2","GCAM_SSP5",2011,0.484537,"RF_CH4","old","GCAM"
"W/m^2","GCAM_SSP5",2012,0.485857,"RF_CH4","old","GCAM"
"W/m^2","GCAM_SSP5",2013,0.487549,"RF_CH4","old","GCAM"
"W/m^2","GCAM_SSP5",2014,0.489591,"RF_CH4","old","GCAM"
"W/m^2","GCAM_SSP5",2015,0.491949,"RF_CH4","old","GCAM"
"W/m^2","GCAM_SSP5",2016,0.494515,"RF_CH4","old","GCAM"
"W/m^2","GCAM_SSP5",2017,0.497264,"RF_CH4","old","GCAM"
"W/m^2","GCAM_SSP5",2018,0.500178,"RF_CH4","old","GCAM"
"W/m^2","GCAM_SSP5",2019,0.503236,"RF_CH4","old","GCAM"
"W/m^2","GCAM_SSP5",2020,0.506423,"RF_CH4","old","GCAM"
"W/m^2","GCAM_SSP5",2021,0.509725,"RF_CH4","old","GCAM"
"W/m^2","GCAM_SSP5",2022,0.513497,"RF_CH4","old","GCAM"
"W/m^2","GCAM_SSP5",2023,0.517686,"RF_CH4","old","GCAM"
"W/m^2","GCAM_SSP5",2024,0.522243,"RF_CH4","old","GCAM"
"W/m^2","GCAM_SSP5",2025,0.527125,"RF_CH4","old","GCAM"
"W/m^2","GCAM_SSP5",2026,0.532144,"RF_CH4","old","GCAM"
"W/m^2","GCAM_SSP5",2027,0.537291,"RF_CH4","old","GCAM"
"W/m^2","GCAM_SSP5",2028,0.542554,"RF_CH4","old","GCAM"
"W/m^2","GCAM_SSP5",2029,0.547922,"RF_CH4","old","GCAM"
"W/m^2","GCAM_SSP5",2030,0.553384,"RF_CH4","old","GCAM"
"W/m^2","GCAM_SSP5",2031,0.558982,"RF_CH4","old","GCAM"
"W/m^2","GCAM_SSP5",2032,0.5647,"RF_CH4","old","GCAM"
"W/m^2","GCAM_SSP5",2033,0.570525,"RF_CH4","old","GCAM"
"W/m^2","GCAM_SSP5",2034,0.576443,"RF_CH4","old","GCAM"
"W/m^2","GCAM_SSP5",2035,0.582444,"RF_CH4","old","GCAM"
"W/m^2","GCAM_SSP5",2036,0.588622,"RF_CH4","old","GCAM"
"W/m^2","GCAM_SSP5",2037,0.594956,"RF_CH4","old","GCAM"
"W/m^2","GCAM_SSP5",2038,0.601429,"RF_CH4","old","GCAM"
"W/m^2","GCAM_SSP5",2039,0.608026,"RF_CH4","old","GCAM"
"W/m^2","GCAM_SSP5",2040,0.614732,"RF_CH4","old","GCAM"
"W/m^2","GCAM_SSP5",2041,0.621411,"RF_CH4","old","GCAM"
"W/m^2","GCAM_SSP5",2042,0.628064,"RF_CH4","old","GCAM"
"W/m^2","GCAM_SSP5",2043,0.634694,"RF_CH4","old","GCAM"
"W/m^2","GCAM_SSP5",2044,0.641302,"RF_CH4","old","GCAM"
"W/m^2","GCAM_SSP5",2045,0.647889,"RF_CH4","old","GCAM"
"W/m^2","GCAM_SSP5",2046,0.654495,"RF_CH4","old","GCAM"
"W/m^2","GCAM_SSP5",2047,0.661117,"RF_CH4","old","GCAM"
"W/m^2","GCAM_SSP5",2048,0.667752,"RF_CH4","old","GCAM"
"W/m^2","GCAM_SSP5",2049,0.674398,"RF_CH4","old","GCAM"
"W/m^2","GCAM_SSP5",2050,0.681051,"RF_CH4","old","GCAM"
"W/m^2","GCAM_SSP5",2051,0.687626,"RF_CH4","old","GCAM"
"W/m^2","GCAM_SSP5",2052,0.694128,"RF_CH4","old","GCAM"
"W/m^2","GCAM_SSP5",2053,0.700561,"RF_CH4","old","GCAM"
"W/m^2","GCAM_SSP5",2054,0.70693,"RF_CH4","old","GCAM"
"W/m^2","GCAM_SSP5",2055,0.713238,"RF_CH4","old","GCAM"
"W/m^2","GCAM_SSP5",2056,0.719464,"RF_CH4","old","GCAM"
"W/m^2","GCAM_SSP5",2057,0.725613,"RF_CH4","old","GCAM"
"W/m^2","GCAM_SSP5",2058,0.731691,"RF_CH4","old","GCAM"
"W/m^2","GCAM_SSP5",2059,0.737703,"RF_CH4","old","GCAM"
"W/m^2","GCAM_SSP5",2060,0.743653,"RF_CH4","old","GCAM"
"W/m^2","GCAM_SSP5",2061,0.749507,"RF_CH4","old","GCAM"
"W/m^2","GCAM_SSP5",2062,0.755272,"RF_CH4","old","GCAM"
"W/m^2","GCAM_SSP5",2063,0.760955,"RF_CH4","old","GCAM"
"W/m^2","GCAM_SSP5",2064,0.766562,"RF_CH4","old","GCAM"
"W/m^2","GCAM_SSP5",2065,0.772099,"RF_CH4","old","GCAM"
"W/m^2","GCAM_SSP5",2066,0.777492,"RF_CH4","old","GCAM"
"W/m^2","GCAM_SSP5",2067,0.782753,"RF_CH4","old","GCAM"
"W/m^2","GCAM_SSP5",2068,0.787895,"RF_CH4","old","GCAM"
"W/m^2","GCAM_SSP5",2069,0.792926,"RF_CH4","old","GCAM"
"W/m^2","GCAM_SSP5",2070,0.797856,"RF_CH4","old","GCAM"
"W/m^2","GCAM_SSP5",2071,0.802618,"RF_CH4","old","GCAM"
"W/m^2","GCAM_SSP5",2072,0.807228,"RF_CH4","old","GCAM"
"W/m^2","GCAM_SSP5",2073,0.811697,"RF_CH4","old","GCAM"
"W/m^2","GCAM_SSP5",2074,0.816038,"RF_CH4","old","GCAM"
"W/m^2","GCAM_SSP5",2075,0.820262,"RF_CH4","old","GCAM"
"W/m^2","GCAM_SSP5",2076,0.824296,"RF_CH4","old","GCAM"
"W/m^2","GCAM_SSP5",2077,0.828157,"RF_CH4","old","GCAM"
"W/m^2","GCAM_SSP5",2078,0.831859,"RF_CH4","old","GCAM"
"W/m^2","GCAM_SSP5",2079,0.835417,"RF_CH4","old","GCAM"
"W/m^2","GCAM_SSP5",2080,0.838841,"RF_CH4","old","GCAM"
"W/m^2","GCAM_SSP5",2081,0.842045,"RF_CH4","old","GCAM"
"W/m^2","GCAM_SSP5",2082,0.845047,"RF_CH4","old","GCAM"
"W/m^2","GCAM_SSP5",2083,0.847865,"RF_CH4","old","GCAM"
"W/m^2","GCAM_SSP5",2084,0.850515,"RF_CH4","old","GCAM"
"W/m^2","GCAM_SSP5",2085,0.85301,"RF_CH4","old","GCAM"
"W/m^2","GCAM_SSP5",2086,0.855293,"RF_CH4","old","GCAM"
"W/m^2","GCAM_SSP5",2087,0.857383,"RF_CH4","old","GCAM"
"W/m^2","GCAM_SSP5",2088,0.859296,"RF_CH4","old","GCAM"
"W/m^2","GCAM_SSP5",2089,0.861047,"RF_CH4","old","GCAM"
"W/m^2","GCAM_SSP5",2090,0.862649,"RF_CH4","old","GCAM"
"W/m^2","GCAM_SSP5",2091,0.864067,"RF_CH4","old","GCAM"
"W/m^2","GCAM_SSP5",2092,0.865315,"RF_CH4","old","GCAM"
"W/m^2","GCAM_SSP5",2093,0.866409,"RF_CH4","old","GCAM"
"W/m^2","GCAM_SSP5",2094,0.86736,"RF_CH4","old","GCAM"
"W/m^2","GCAM_SSP5",2095,0.86818,"RF_CH4","old","GCAM"
"W/m^2","GCAM_SSP5",2096,0.868861,"RF_CH4","old","GCAM"
"W/m^2","GCAM_SSP5",2097,0.869414,"RF_CH4","old","GCAM"
"W/m^2","GCAM_SSP5",2098,0.86985,"RF_CH4","old","GCAM"
"W/m^2","GCAM_SSP5",2099,0.870177,"RF_CH4","old","GCAM"
"W/m^2","GCAM_SSP5",2100,0.870404,"RF_CH4","old","GCAM"
"W/m^2","GCAM_SSP5",1976,1.04228,"RF_CO2","old","GCAM"
"W/m^2","GCAM_SSP5",1977,1.06491,"RF_CO2","old","GCAM"
"W/m^2","GCAM_SSP5",1978,1.0886,"RF_CO2","old","GCAM"
"W/m^2","GCAM_SSP5",1979,1.11294,"RF_CO2","old","GCAM"
"W/m^2","GCAM_SSP5",1980,1.13735,"RF_CO2","old","GCAM"
"W/m^2","GCAM_SSP5",1981,1.16036,"RF_CO2","old","GCAM"
"W/m^2","GCAM_SSP5",1982,1.18206,"RF_CO2","old","GCAM"
"W/m^2","GCAM_SSP5",1983,1.20245,"RF_CO2","old","GCAM"
"W/m^2","GCAM_SSP5",1984,1.22273,"RF_CO2","old","GCAM"
"W/m^2","GCAM_SSP5",1985,1.24404,"RF_CO2","old","GCAM"
"W/m^2","GCAM_SSP5",1986,1.26613,"RF_CO2","old","GCAM"
"W/m^2","GCAM_SSP5",1987,1.28896,"RF_CO2","old","GCAM"
"W/m^2","GCAM_SSP5",1988,1.31243,"RF_CO2","old","GCAM"
"W/m^2","GCAM_SSP5",1989,1.33688,"RF_CO2","old","GCAM"
"W/m^2","GCAM_SSP5",1990,1.36154,"RF_CO2","old","GCAM"
"W/m^2","GCAM_SSP5",1991,1.38488,"RF_CO2","old","GCAM"
"W/m^2","GCAM_SSP5",1992,1.40811,"RF_CO2","old","GCAM"
"W/m^2","GCAM_SSP5",1993,1.42791,"RF_CO2","old","GCAM"
"W/m^2","GCAM_SSP5",1994,1.44665,"RF_CO2","old","GCAM"
"W/m^2","GCAM_SSP5",1995,1.46709,"RF_CO2","old","GCAM"
"W/m^2","GCAM_SSP5",1996,1.48932,"RF_CO2","old","GCAM"
"W/m^2","GCAM_SSP5",1997,1.51274,"RF_CO2","old","GCAM"
"W/m^2","GCAM_SSP5",1998,1.54176,"RF_CO2","old","GCAM"
"W/m^2","GCAM_SSP5",1999,1.56659,"RF_CO2","old","GCAM"
"W/m^2","GCAM_SSP5",2000,1.59072,"RF_CO2","old","GCAM"
"W/m^2","GCAM_SSP5",2001,1.61605,"RF_CO2","old","GCAM"
"W/m^2","GCAM_SSP5",2002,1.64021,"RF_CO2","old","GCAM"
"W/m^2","GCAM_SSP5",2003,1.66594,"RF_CO2","old","GCAM"
"W/m^2","GCAM_SSP5",2004,1.69248,"RF_CO2","old","GCAM"
"W/m^2","GCAM_SSP5",2005,1.72229,"RF_CO2","old","GCAM"
"W/m^2","GCAM_SSP5",2006,1.75167,"RF_CO2","old","GCAM"
"W/m^2","GCAM_SSP5",2007,1.77758,"RF_CO2","old","GCAM"
"W/m^2","GCAM_SSP5",2008,1.80552,"RF_CO2","old","GCAM"
"W/m^2","GCAM_SSP5",2009,1.83535,"RF_CO2","old","GCAM"
"W/m^2","GCAM_SSP5",2010,1.8669,"RF_CO2","old","GCAM"
"W/m^2","GCAM_SSP5",2011,1.90012,"RF_CO2","old","GCAM"
"W/m^2","GCAM_SSP5",2012,1.93386,"RF_CO2","old","GCAM"
"W/m^2","GCAM_SSP5",2013,1.96808,"RF_CO2","old","GCAM"
"W/m^2","GCAM_SSP5",2014,2.00282,"RF_CO2","old","GCAM"
"W/m^2","GCAM_SSP5",2015,2.038,"RF_CO2","old","GCAM"
"W/m^2","GCAM_SSP5",2016,2.07357,"RF_CO2","old","GCAM"
"W/m^2","GCAM_SSP5",2017,2.10611,"RF_CO2","old","GCAM"
"W/m^2","GCAM_SSP5",2018,2.13898,"RF_CO2","old","GCAM"
"W/m^2","GCAM_SSP5",2019,2.17186,"RF_CO2","old","GCAM"
"W/m^2","GCAM_SSP5",2020,2.20478,"RF_CO2","old","GCAM"
"W/m^2","GCAM_SSP5",2021,2.23776,"RF_CO2","old","GCAM"
"W/m^2","GCAM_SSP5",2022,2.27082,"RF_CO2","old","GCAM"
"W/m^2","GCAM_SSP5",2023,2.30814,"RF_CO2","old","GCAM"
"W/m^2","GCAM_SSP5",2024,2.34692,"RF_CO2","old","GCAM"
"W/m^2","GCAM_SSP5",2025,2.3871,"RF_CO2","old","GCAM"
"W/m^2","GCAM_SSP5",2026,2.42861,"RF_CO2","old","GCAM"
"W/m^2","GCAM_SSP5",2027,2.46895,"RF_CO2","old","GCAM"
"W/m^2","GCAM_SSP5",2028,2.50966,"RF_CO2","old","GCAM"
"W/m^2","GCAM_SSP5",2029,2.55071,"RF_CO2","old","GCAM"
"W/m^2","GCAM_SSP5",2030,2.59207,"RF_CO2","old","GCAM"
"W/m^2","GCAM_SSP5",2031,2.63372,"RF_CO2","old","GCAM"
"W/m^2","GCAM_SSP5",2032,2.67605,"RF_CO2","old","GCAM"
"W/m^2","GCAM_SSP5",2033,2.7186,"RF_CO2","old","GCAM"
"W/m^2","GCAM_SSP5",2034,2.76138,"RF_CO2","old","GCAM"
"W/m^2","GCAM_SSP5",2035,2.80437,"RF_CO2","old","GCAM"
"W/m^2","GCAM_SSP5",2036,2.84756,"RF_CO2","old","GCAM"
"W/m^2","GCAM_SSP5",2037,2.89217,"RF_CO2","old","GCAM"
"W/m^2","GCAM_SSP5",2038,2.93705,"RF_CO2","old","GCAM"
"W/m^2","GCAM_SSP5",2039,2.98218,"RF_CO2","old","GCAM"
"W/m^2","GCAM_SSP5",2040,3.02753,"RF_CO2","old","GCAM"
"W/m^2","GCAM_SSP5",2041,3.07311,"RF_CO2","old","GCAM"
"W/m^2","GCAM_SSP5",2042,3.11881,"RF_CO2","old","GCAM"
"W/m^2","GCAM_SSP5",2043,3.16475,"RF_CO2","old","GCAM"
"W/m^2","GCAM_SSP5",2044,3.21092,"RF_CO2","old","GCAM"
"W/m^2","GCAM_SSP5",2045,3.25731,"RF_CO2","old","GCAM"
"W/m^2","GCAM_SSP5",2046,3.30392,"RF_CO2","old","GCAM"
"W/m^2","GCAM_SSP5",2047,3.35015,"RF_CO2","old","GCAM"
"W/m^2","GCAM_SSP5",2048,3.3965,"RF_CO2","old","GCAM"
"W/m^2","GCAM_SSP5",2049,3.443,"RF_CO2","old","GCAM"
"W/m^2","GCAM_SSP5",2050,3.48962,"RF_CO2","old","GCAM"
"W/m^2","GCAM_SSP5",2051,3.53639,"RF_CO2","old","GCAM"
"W/m^2","GCAM_SSP5",2052,3.58384,"RF_CO2","old","GCAM"
"W/m^2","GCAM_SSP5",2053,3.63143,"RF_CO2","old","GCAM"
"W/m^2","GCAM_SSP5",2054,3.67915,"RF_CO2","old","GCAM"
"W/m^2","GCAM_SSP5",2055,3.727,"RF_CO2","old","GCAM"
"W/m^2","GCAM_SSP5",2056,3.77499,"RF_CO2","old","GCAM"
"W/m^2","GCAM_SSP5",2057,3.82281,"RF_CO2","old","GCAM"
"W/m^2","GCAM_SSP5",2058,3.87085,"RF_CO2","old","GCAM"
"W/m^2","GCAM_SSP5",2059,3.91911,"RF_CO2","old","GCAM"
"W/m^2","GCAM_SSP5",2060,3.96761,"RF_CO2","old","GCAM"
"W/m^2","GCAM_SSP5",2061,4.01633,"RF_CO2","old","GCAM"
"W/m^2","GCAM_SSP5",2062,4.06453,"RF_CO2","old","GCAM"
"W/m^2","GCAM_SSP5",2063,4.11293,"RF_CO2","old","GCAM"
"W/m^2","GCAM_SSP5",2064,4.16152,"RF_CO2","old","GCAM"
"W/m^2","GCAM_SSP5",2065,4.21031,"RF_CO2","old","GCAM"
"W/m^2","GCAM_SSP5",2066,4.2593,"RF_CO2","old","GCAM"
"W/m^2","GCAM_SSP5",2067,4.30789,"RF_CO2","old","GCAM"
"W/m^2","GCAM_SSP5",2068,4.35661,"RF_CO2","old","GCAM"
"W/m^2","GCAM_SSP5",2069,4.40545,"RF_CO2","old","GCAM"
"W/m^2","GCAM_SSP5",2070,4.45441,"RF_CO2","old","GCAM"
"W/m^2","GCAM_SSP5",2071,4.50348,"RF_CO2","old","GCAM"
"W/m^2","GCAM_SSP5",2072,4.55225,"RF_CO2","old","GCAM"
"W/m^2","GCAM_SSP5",2073,4.60107,"RF_CO2","old","GCAM"
"W/m^2","GCAM_SSP5",2074,4.64995,"RF_CO2","old","GCAM"
"W/m^2","GCAM_SSP5",2075,4.69888,"RF_CO2","old","GCAM"
"W/m^2","GCAM_SSP5",2076,4.74786,"RF_CO2","old","GCAM"
"W/m^2","GCAM_SSP5",2077,4.79661,"RF_CO2","old","GCAM"
"W/m^2","GCAM_SSP5",2078,4.84527,"RF_CO2","old","GCAM"
"W/m^2","GCAM_SSP5",2079,4.89385,"RF_CO2","old","GCAM"
"W/m^2","GCAM_SSP5",2080,4.94235,"RF_CO2","old","GCAM"
"W/m^2","GCAM_SSP5",2081,4.99078,"RF_CO2","old","GCAM"
"W/m^2","GCAM_SSP5",2082,5.03862,"RF_CO2","old","GCAM"
"W/m^2","GCAM_SSP5",2083,5.0862,"RF_CO2","old","GCAM"
"W/m^2","GCAM_SSP5",2084,5.13354,"RF_CO2","old","GCAM"
"W/m^2","GCAM_SSP5",2085,5.18065,"RF_CO2","old","GCAM"
"W/m^2","GCAM_SSP5",2086,5.22755,"RF_CO2","old","GCAM"
"W/m^2","GCAM_SSP5",2087,5.27345,"RF_CO2","old","GCAM"
"W/m^2","GCAM_SSP5",2088,5.31911,"RF_CO2","old","GCAM"
"W/m^2","GCAM_SSP5",2089,5.36454,"RF_CO2","old","GCAM"
"W/m^2","GCAM_SSP5",2090,5.40977,"RF_CO2","old","GCAM"
"W/m^2","GCAM_SSP5",2091,5.45479,"RF_CO2","old","GCAM"
"W/m^2","GCAM_SSP5",2092,5.4991,"RF_CO2","old","GCAM"
"W/m^2","GCAM_SSP5",2093,5.54312,"RF_CO2","old","GCAM"
"W/m^2","GCAM_SSP5",2094,5.58687,"RF_CO2","old","GCAM"
"W/m^2","GCAM_SSP5",2095,5.63037,"RF_CO2","old","GCAM"
"W/m^2","GCAM_SSP5",2096,5.67362,"RF_CO2","old","GCAM"
"W/m^2","GCAM_SSP5",2097,5.71599,"RF_CO2","old","GCAM"
"W/m^2","GCAM_SSP5",2098,5.75799,"RF_CO2","old","GCAM"
"W/m^2","GCAM_SSP5",2099,5.79964,"RF_CO2","old","GCAM"
"W/m^2","GCAM_SSP5",2100,5.84096,"RF_CO2","old","GCAM"
"W/m^2","GCAM_SSP5",1976,0.383154,"RF_tot","old","GCAM"
"W/m^2","GCAM_SSP5",1977,0.512006,"RF_tot","old","GCAM"
"W/m^2","GCAM_SSP5",1978,0.580813,"RF_tot","old","GCAM"
"W/m^2","GCAM_SSP5",1979,0.607994,"RF_tot","old","GCAM"
"W/m^2","GCAM_SSP5",1980,0.613136,"RF_tot","old","GCAM"
"W/m^2","GCAM_SSP5",1981,0.655905,"RF_tot","old","GCAM"
"W/m^2","GCAM_SSP5",1982,0.448068,"RF_tot","old","GCAM"
"W/m^2","GCAM_SSP5",1983,0.0226605,"RF_tot","old","GCAM"
"W/m^2","GCAM_SSP5",1984,0.497674,"RF_tot","old","GCAM"
"W/m^2","GCAM_SSP5",1985,0.751914,"RF_tot","old","GCAM"
"W/m^2","GCAM_SSP5",1986,0.81282,"RF_tot","old","GCAM"
"W/m^2","GCAM_SSP5",1987,0.892627,"RF_tot","old","GCAM"
"W/m^2","GCAM_SSP5",1988,0.992152,"RF_tot","old","GCAM"
"W/m^2","GCAM_SSP5",1989,1.07647,"RF_tot","old","GCAM"
"W/m^2","GCAM_SSP5",1990,1.11103,"RF_tot","old","GCAM"
"W/m^2","GCAM_SSP5",1991,0.530465,"RF_tot","old","GCAM"
"W/m^2","GCAM_SSP5",1992,-0.584517,"RF_tot","old","GCAM"
"W/m^2","GCAM_SSP5",1993,0.316224,"RF_tot","old","GCAM"
"W/m^2","GCAM_SSP5",1994,1.04551,"RF_tot","old","GCAM"
"W/m^2","GCAM_SSP5",1995,1.31107,"RF_tot","old","GCAM"
"W/m^2","GCAM_SSP5",1996,1.42654,"RF_tot","old","GCAM"
"W/m^2","GCAM_SSP5",1997,1.36829,"RF_tot","old","GCAM"
"W/m^2","GCAM_SSP5",1998,1.43978,"RF_tot","old","GCAM"
"W/m^2","GCAM_SSP5",1999,1.60375,"RF_tot","old","GCAM"
"W/m^2","GCAM_SSP5",2000,1.66116,"RF_tot","old","GCAM"
"W/m^2","GCAM_SSP5",2001,1.68901,"RF_tot","old","GCAM"
"W/m^2","GCAM_SSP5",2002,1.65489,"RF_tot","old","GCAM"
"W/m^2","GCAM_SSP5",2003,1.64521,"RF_tot","old","GCAM"
"W/m^2","GCAM_SSP5",2004,1.70263,"RF_tot","old","GCAM"
"W/m^2","GCAM_SSP5",2005,1.71893,"RF_tot","old","GCAM"
"W/m^2","GCAM_SSP5",2006,1.76659,"RF_tot","old","GCAM"
"W/m^2","GCAM_SSP5",2007,1.83253,"RF_tot","old","GCAM"
"W/m^2","GCAM_SSP5",2008,1.91509,"RF_tot","old","GCAM"
"W/m^2","GCAM_SSP5",2009,1.96082,"RF_tot","old","GCAM"
"W/m^2","GCAM_SSP5",2010,2.06591,"RF_tot","old","GCAM"
"W/m^2","GCAM_SSP5",2011,2.09755,"RF_tot","old","GCAM"
"W/m^2","GCAM_SSP5",2012,2.18896,"RF_tot","old","GCAM"
"W/m^2","GCAM_SSP5",2013,2.27081,"RF_tot","old","GCAM"
"W/m^2","GCAM_SSP5",2014,2.31656,"RF_tot","old","GCAM"
"W/m^2","GCAM_SSP5",2015,2.3669,"RF_tot","old","GCAM"
"W/m^2","GCAM_SSP5",2016,2.41661,"RF_tot","old","GCAM"
"W/m^2","GCAM_SSP5",2017,2.46364,"RF_tot","old","GCAM"
"W/m^2","GCAM_SSP5",2018,2.51133,"RF_tot","old","GCAM"
"W/m^2","GCAM_SSP5",2019,2.55873,"RF_tot","old","GCAM"
"W/m^2","GCAM_SSP5",2020,2.6065,"RF_tot","old","GCAM"
"W/m^2","GCAM_SSP5",2021,2.65452,"RF_tot","old","GCAM"
"W/m^2","GCAM_SSP5",2022,2.69067,"RF_tot","old","GCAM"
"W/m^2","GCAM_SSP5",2023,2.73163,"RF_tot","old","GCAM"
"W/m^2","GCAM_SSP5",2024,2.77453,"RF_tot","old","GCAM"
"W/m^2","GCAM_SSP5",2025,2.83326,"RF_tot","old","GCAM"
"W/m^2","GCAM_SSP5",2026,2.8929,"RF_tot","old","GCAM"
"W/m^2","GCAM_SSP5",2027,2.95165,"RF_tot","old","GCAM"
"W/m^2","GCAM_SSP5",2028,3.01104,"RF_tot","old","GCAM"
"W/m^2","GCAM_SSP5",2029,3.07104,"RF_tot","old","GCAM"
"W/m^2","GCAM_SSP5",2030,3.1316,"RF_tot","old","GCAM"
"W/m^2","GCAM_SSP5",2031,3.18622,"RF_tot","old","GCAM"
"W/m^2","GCAM_SSP5",2032,3.24183,"RF_tot","old","GCAM"
"W/m^2","GCAM_SSP5",2033,3.29795,"RF_tot","old","GCAM"
"W/m^2","GCAM_SSP5",2034,3.35459,"RF_tot","old","GCAM"
"W/m^2","GCAM_SSP5",2035,3.41171,"RF_tot","old","GCAM"
"W/m^2","GCAM_SSP5",2036,3.46645,"RF_tot","old","GCAM"
"W/m^2","GCAM_SSP5",2037,3.52302,"RF_tot","old","GCAM"
"W/m^2","GCAM_SSP5",2038,3.5802,"RF_tot","old","GCAM"
"W/m^2","GCAM_SSP5",2039,3.63798,"RF_tot","old","GCAM"
"W/m^2","GCAM_SSP5",2040,3.69631,"RF_tot","old","GCAM"
"W/m^2","GCAM_SSP5",2041,3.76048,"RF_tot","old","GCAM"
"W/m^2","GCAM_SSP5",2042,3.82512,"RF_tot","old","GCAM"
"W/m^2","GCAM_SSP5",2043,3.89035,"RF_tot","old","GCAM"
"W/m^2","GCAM_SSP5",2044,3.95614,"RF_tot","old","GCAM"
"W/m^2","GCAM_SSP5",2045,4.02247,"RF_tot","old","GCAM"
"W/m^2","GCAM_SSP5",2046,4.09087,"RF_tot","old","GCAM"
"W/m^2","GCAM_SSP5",2047,4.15927,"RF_tot","old","GCAM"
"W/m^2","GCAM_SSP5",2048,4.2282,"RF_tot","old","GCAM"
"W/m^2","GCAM_SSP5",2049,4.29763,"RF_tot","old","GCAM"
"W/m^2","GCAM_SSP5",2050,4.36754,"RF_tot","old","GCAM"
"W/m^2","GCAM_SSP5",2051,4.43157,"RF_tot","old","GCAM"
"W/m^2","GCAM_SSP5",2052,4.49649,"RF_tot","old","GCAM"
"W/m^2","GCAM_SSP5",2053,4.56175,"RF_tot","old","GCAM"
"W/m^2","GCAM_SSP5",2054,4.62734,"RF_tot","old","GCAM"
"W/m^2","GCAM_SSP5",2055,4.69325,"RF_tot","old","GCAM"
"W/m^2","GCAM_SSP5",2056,4.76036,"RF_tot","old","GCAM"
"W/m^2","GCAM_SSP5",2057,4.82746,"RF_tot","old","GCAM"
"W/m^2","GCAM_SSP5",2058,4.89496,"RF_tot","old","GCAM"
"W/m^2","GCAM_SSP5",2059,4.96285,"RF_tot","old","GCAM"
"W/m^2","GCAM_SSP5",2060,5.03114,"RF_tot","old","GCAM"
"W/m^2","GCAM_SSP5",2061,5.0999,"RF_tot","old","GCAM"
"W/m^2","GCAM_SSP5",2062,5.16823,"RF_tot","old","GCAM"
"W/m^2","GCAM_SSP5",2063,5.23684,"RF_tot","old","GCAM"
"W/m^2","GCAM_SSP5",2064,5.30572,"RF_tot","old","GCAM"
"W/m^2","GCAM_SSP5",2065,5.37488,"RF_tot","old","GCAM"
"W/m^2","GCAM_SSP5",2066,5.44472,"RF_tot","old","GCAM"
"W/m^2","GCAM_SSP5",2067,5.51415,"RF_tot","old","GCAM"
"W/m^2","GCAM_SSP5",2068,5.58368,"RF_tot","old","GCAM"
"W/m^2","GCAM_SSP5",2069,5.65332,"RF_tot","old","GCAM"
"W/m^2","GCAM_SSP5",2070,5.72307,"RF_tot","old","GCAM"
"W/m^2","GCAM_SSP5",2071,5.79306,"RF_tot","old","GCAM"
"W/m^2","GCAM_SSP5",2072,5.86264,"RF_tot","old","GCAM"
"W/m^2","GCAM_SSP5",2073,5.9322,"RF_tot","old","GCAM"
"W/m^2","GCAM_SSP5",2074,6.00175,"RF_tot","old","GCAM"
"W/m^2","GCAM_SSP5",2075,6.0713,"RF_tot","old","GCAM"
"W/m^2","GCAM_SSP5",2076,6.14097,"RF_tot","old","GCAM"
"W/m^2","GCAM_SSP5",2077,6.21023,"RF_tot","old","GCAM"
"W/m^2","GCAM_SSP5",2078,6.27925,"RF_tot","old","GCAM"
"W/m^2","GCAM_SSP5",2079,6.34805,"RF_tot","old","GCAM"
"W/m^2","GCAM_SSP5",2080,6.41666,"RF_tot","old","GCAM"
"W/m^2","GCAM_SSP5",2081,6.48515,"RF_tot","old","GCAM"
"W/m^2","GCAM_SSP5",2082,6.55278,"RF_tot","old","GCAM"
"W/m^2","GCAM_SSP5",2083,6.61991,"RF_tot","old","GCAM"
"W/m^2","GCAM_SSP5",2084,6.68657,"RF_tot","old","GCAM"
"W/m^2","GCAM_SSP5",2085,6.7528,"RF_tot","old","GCAM"
"W/m^2","GCAM_SSP5",2086,6.81843,"RF_tot","old","GCAM"
"W/m^2","GCAM_SSP5",2087,6.88277,"RF_tot","old","GCAM"
"W/m^2","GCAM_SSP5",2088,6.94658,"RF_tot","old","GCAM"
"W/m^2","GCAM_SSP5",2089,7.0099,"RF_tot","old","GCAM"
"W/m^2","GCAM_SSP5",2090,7.07277,"RF_tot","old","GCAM"
"W/m^2","GCAM_SSP5",2091,7.13459,"RF_tot","old","GCAM"
"W/m^2","GCAM_SSP5",2092,7.19537,"RF_tot","old","GCAM"
"W/m^2","GCAM_SSP5",2093,7.25555,"RF_tot","old","GCAM"
"W/m^2","GCAM_SSP5",2094,7.31517,"RF_tot","old","GCAM"
"W/m^2","GCAM_SSP5",2095,7.37428,"RF_tot","old","GCAM"
"W/m^2","GCAM_SSP5",2096,7.43322,"RF_tot","old","GCAM"
"W/m^2","GCAM_SSP5",2097,7.49095,"RF_tot","old","GCAM"
"W/m^2","GCAM_SSP5",2098,7.548,"RF_tot","old","GCAM"
"W/m^2","GCAM_SSP5",2099,7.60441,"RF_tot","old","GCAM"
"W/m^2","GCAM_SSP5",2100,7.66022,"RF_tot","old","GCAM"
"degreesC","GCAM_SSP5",1976,0.100269,"gmst","old","GCAM"
"degreesC","GCAM_SSP5",1977,0.120862,"gmst","old","GCAM"
"degreesC","GCAM_SSP5",1978,0.141714,"gmst","old","GCAM"
"degreesC","GCAM_SSP5",1979,0.159493,"gmst","old","GCAM"
"degreesC","GCAM_SSP5",1980,0.173513,"gmst","old","GCAM"
"degreesC","GCAM_SSP5",1981,0.187989,"gmst","old","GCAM"
"degreesC","GCAM_SSP5",1982,0.183148,"gmst","old","GCAM"
"degreesC","GCAM_SSP5",1983,0.146355,"gmst","old","GCAM"
"degreesC","GCAM_SSP5",1984,0.157532,"gmst","old","GCAM"
"degreesC","GCAM_SSP5",1985,0.188321,"gmst","old","GCAM"
"degreesC","GCAM_SSP5",1986,0.215748,"gmst","old","GCAM"
"degreesC","GCAM_SSP5",1987,0.242095,"gmst","old","GCAM"
"degreesC","GCAM_SSP5",1988,0.27001,"gmst","old","GCAM"
"degreesC","GCAM_SSP5",1989,0.298248,"gmst","old","GCAM"
"degreesC","GCAM_SSP5",1990,0.322944,"gmst","old","GCAM"
"degreesC","GCAM_SSP5",1991,0.296353,"gmst","old","GCAM"
"degreesC","GCAM_SSP5",1992,0.188759,"gmst","old","GCAM"
"degreesC","GCAM_SSP5",1993,0.181627,"gmst","old","GCAM"
"degreesC","GCAM_SSP5",1994,0.238899,"gmst","old","GCAM"
"degreesC","GCAM_SSP5",1995,0.301649,"gmst","old","GCAM"
"degreesC","GCAM_SSP5",1996,0.3554,"gmst","old","GCAM"
"degreesC","GCAM_SSP5",1997,0.390187,"gmst","old","GCAM"
"degreesC","GCAM_SSP5",1998,0.4223,"gmst","old","GCAM"
"degreesC","GCAM_SSP5",1999,0.460964,"gmst","old","GCAM"
"degreesC","GCAM_SSP5",2000,0.496196,"gmst","old","GCAM"
"degreesC","GCAM_SSP5",2001,0.526278,"gmst","old","GCAM"
"degreesC","GCAM_SSP5",2002,0.547918,"gmst","old","GCAM"
"degreesC","GCAM_SSP5",2003,0.56536,"gmst","old","GCAM"
"degreesC","GCAM_SSP5",2004,0.585223,"gmst","old","GCAM"
"degreesC","GCAM_SSP5",2005,0.603615,"gmst","old","GCAM"
"degreesC","GCAM_SSP5",2006,0.623096,"gmst","old","GCAM"
"degreesC","GCAM_SSP5",2007,0.644874,"gmst","old","GCAM"
"degreesC","GCAM_SSP5",2008,0.669591,"gmst","old","GCAM"
"degreesC","GCAM_SSP5",2009,0.693514,"gmst","old","GCAM"
"degreesC","GCAM_SSP5",2010,0.721476,"gmst","old","GCAM"
"degreesC","GCAM_SSP5",2011,0.746803,"gmst","old","GCAM"
"degreesC","GCAM_SSP5",2012,0.774752,"gmst","old","GCAM"
"degreesC","GCAM_SSP5",2013,0.804174,"gmst","old","GCAM"
"degreesC","GCAM_SSP5",2014,0.831758,"gmst","old","GCAM"
"degreesC","GCAM_SSP5",2015,0.858358,"gmst","old","GCAM"
"degreesC","GCAM_SSP5",2016,0.884333,"gmst","old","GCAM"
"degreesC","GCAM_SSP5",2017,0.909678,"gmst","old","GCAM"
"degreesC","GCAM_SSP5",2018,0.934632,"gmst","old","GCAM"
"degreesC","GCAM_SSP5",2019,0.959293,"gmst","old","GCAM"
"degreesC","GCAM_SSP5",2020,0.98377,"gmst","old","GCAM"
"degreesC","GCAM_SSP5",2021,1.00813,"gmst","old","GCAM"
"degreesC","GCAM_SSP5",2022,1.03147,"gmst","old","GCAM"
"degreesC","GCAM_SSP5",2023,1.05442,"gmst","old","GCAM"
"degreesC","GCAM_SSP5",2024,1.07725,"gmst","old","GCAM"
"degreesC","GCAM_SSP5",2025,1.10126,"gmst","old","GCAM"
"degreesC","GCAM_SSP5",2026,1.1262,"gmst","old","GCAM"
"degreesC","GCAM_SSP5",2027,1.15173,"gmst","old","GCAM"
"degreesC","GCAM_SSP5",2028,1.17775,"gmst","old","GCAM"
"degreesC","GCAM_SSP5",2029,1.2042,"gmst","old","GCAM"
"degreesC","GCAM_SSP5",2030,1.23104,"gmst","old","GCAM"
"degreesC","GCAM_SSP5",2031,1.25773,"gmst","old","GCAM"
"degreesC","GCAM_SSP5",2032,1.28441,"gmst","old","GCAM"
"degreesC","GCAM_SSP5",2033,1.31117,"gmst","old","GCAM"
"degreesC","GCAM_SSP5",2034,1.33805,"gmst","old","GCAM"
"degreesC","GCAM_SSP5",2035,1.36509,"gmst","old","GCAM"
"degreesC","GCAM_SSP5",2036,1.39207,"gmst","old","GCAM"
"degreesC","GCAM_SSP5",2037,1.41918,"gmst","old","GCAM"
"degreesC","GCAM_SSP5",2038,1.44645,"gmst","old","GCAM"
"degreesC","GCAM_SSP5",2039,1.47391,"gmst","old","GCAM"
"degreesC","GCAM_SSP5",2040,1.50157,"gmst","old","GCAM"
"degreesC","GCAM_SSP5",2041,1.52985,"gmst","old","GCAM"
"degreesC","GCAM_SSP5",2042,1.55867,"gmst","old","GCAM"
"degreesC","GCAM_SSP5",2043,1.58794,"gmst","old","GCAM"
"degreesC","GCAM_SSP5",2044,1.6176,"gmst","old","GCAM"
"degreesC","GCAM_SSP5",2045,1.64764,"gmst","old","GCAM"
"degreesC","GCAM_SSP5",2046,1.67815,"gmst","old","GCAM"
"degreesC","GCAM_SSP5",2047,1.70904,"gmst","old","GCAM"
"degreesC","GCAM_SSP5",2048,1.74028,"gmst","old","GCAM"
"degreesC","GCAM_SSP5",2049,1.77187,"gmst","old","GCAM"
"degreesC","GCAM_SSP5",2050,1.80378,"gmst","old","GCAM"
"degreesC","GCAM_SSP5",2051,1.8355,"gmst","old","GCAM"
"degreesC","GCAM_SSP5",2052,1.86718,"gmst","old","GCAM"
"degreesC","GCAM_SSP5",2053,1.8989,"gmst","old","GCAM"
"degreesC","GCAM_SSP5",2054,1.93071,"gmst","old","GCAM"
"degreesC","GCAM_SSP5",2055,1.96264,"gmst","old","GCAM"
"degreesC","GCAM_SSP5",2056,1.99477,"gmst","old","GCAM"
"degreesC","GCAM_SSP5",2057,2.02708,"gmst","old","GCAM"
"degreesC","GCAM_SSP5",2058,2.05956,"gmst","old","GCAM"
"degreesC","GCAM_SSP5",2059,2.09224,"gmst","old","GCAM"
"degreesC","GCAM_SSP5",2060,2.1251,"gmst","old","GCAM"
"degreesC","GCAM_SSP5",2061,2.15817,"gmst","old","GCAM"
"degreesC","GCAM_SSP5",2062,2.19138,"gmst","old","GCAM"
"degreesC","GCAM_SSP5",2063,2.22474,"gmst","old","GCAM"
"degreesC","GCAM_SSP5",2064,2.25825,"gmst","old","GCAM"
"degreesC","GCAM_SSP5",2065,2.29193,"gmst","old","GCAM"
"degreesC","GCAM_SSP5",2066,2.3258,"gmst","old","GCAM"
"degreesC","GCAM_SSP5",2067,2.35981,"gmst","old","GCAM"
"degreesC","GCAM_SSP5",2068,2.39394,"gmst","old","GCAM"
"degreesC","GCAM_SSP5",2069,2.42821,"gmst","old","GCAM"
"degreesC","GCAM_SSP5",2070,2.4626,"gmst","old","GCAM"
"degreesC","GCAM_SSP5",2071,2.49713,"gmst","old","GCAM"
"degreesC","GCAM_SSP5",2072,2.53174,"gmst","old","GCAM"
"degreesC","GCAM_SSP5",2073,2.56644,"gmst","old","GCAM"
"degreesC","GCAM_SSP5",2074,2.60123,"gmst","old","GCAM"
"degreesC","GCAM_SSP5",2075,2.63609,"gmst","old","GCAM"
"degreesC","GCAM_SSP5",2076,2.67105,"gmst","old","GCAM"
"degreesC","GCAM_SSP5",2077,2.70606,"gmst","old","GCAM"
"degreesC","GCAM_SSP5",2078,2.7411,"gmst","old","GCAM"
"degreesC","GCAM_SSP5",2079,2.77618,"gmst","old","GCAM"
"degreesC","GCAM_SSP5",2080,2.81128,"gmst","old","GCAM"
"degreesC","GCAM_SSP5",2081,2.8464,"gmst","old","GCAM"
"degreesC","GCAM_SSP5",2082,2.88149,"gmst","old","GCAM"
"degreesC","GCAM_SSP5",2083,2.91652,"gmst","old","GCAM"
"degreesC","GCAM_SSP5",2084,2.9515,"gmst","old","GCAM"
"degreesC","GCAM_SSP5",2085,2.98641,"gmst","old","GCAM"
"degreesC","GCAM_SSP5",2086,3.02124,"gmst","old","GCAM"
"degreesC","GCAM_SSP5",2087,3.05591,"gmst","old","GCAM"
"degreesC","GCAM_SSP5",2088,3.09043,"gmst","old","GCAM"
"degreesC","GCAM_SSP5",2089,3.12481,"gmst","old","GCAM"
"degreesC","GCAM_SSP5",2090,3.15906,"gmst","old","GCAM"
"degreesC","GCAM_SSP5",2091,3.19313,"gmst","old","GCAM"
"degreesC","GCAM_SSP5",2092,3.22699,"gmst","old","GCAM"
"degreesC","GCAM_SSP5",2093,3.26065,"gmst","old","GCAM"
"degreesC","GCAM_SSP5",2094,3.29412,"gmst","old","GCAM"
"degreesC","GCAM_SSP5",2095,3.32741,"gmst","old","GCAM"
"degreesC","GCAM_SSP5",2096,3.36054,"gmst","old","GCAM"
"degreesC","GCAM_SSP5",2097,3.39346,"gmst","old","GCAM"
"degreesC","GCAM_SSP5",2098,3.42617,"gmst","old","GCAM"
"degreesC","GCAM_SSP5",2099,3.45867,"gmst","old","GCAM"
"degreesC","GCAM_SSP5",2100,3.49095,"gmst","old","GCAM"
"Gg","GCAM_SSP5",2005,1.3326894438,"C2F6_emissions","old","GCAM"
"Gg","GCAM_SSP5",2010,1.1421159114,"C2F6_emissions","old","GCAM"
"Gg","GCAM_SSP5",2015,1.4890217964,"C2F6_emissions","old","GCAM"
"Gg","GCAM_SSP5",2021,1.5013436056,"C2F6_emissions","old","GCAM"
"Gg","GCAM_SSP5",2025,1.5912468022,"C2F6_emissions","old","GCAM"
"Gg","GCAM_SSP5",2030,1.7188271708,"C2F6_emissions","old","GCAM"
"Gg","GCAM_SSP5",2035,1.8374813,"C2F6_emissions","old","GCAM"
"Gg","GCAM_SSP5",2040,1.9344513019,"C2F6_emissions","old","GCAM"
"Gg","GCAM_SSP5",2045,2.0245931704,"C2F6_emissions","old","GCAM"
"Gg","GCAM_SSP5",2050,2.1082061524,"C2F6_emissions","old","GCAM"
"Gg","GCAM_SSP5",2055,2.1703071852,"C2F6_emissions","old","GCAM"
"Gg","GCAM_SSP5",2060,2.2182790068,"C2F6_emissions","old","GCAM"
"Gg","GCAM_SSP5",2065,2.2527549887,"C2F6_emissions","old","GCAM"
"Gg","GCAM_SSP5",2070,2.274354424,"C2F6_emissions","old","GCAM"
"Gg","GCAM_SSP5",2075,2.2834728451,"C2F6_emissions","old","GCAM"
"Gg","GCAM_SSP5",2080,2.282318539,"C2F6_emissions","old","GCAM"
"Gg","GCAM_SSP5",2085,2.269585045,"C2F6_emissions","old","GCAM"
"Gg","GCAM_SSP5",2090,2.248130746,"C2F6_emissions","old","GCAM"
"Gg","GCAM_SSP5",2095,2.2193282167,"C2F6_emissions","old","GCAM"
"Gg","GCAM_SSP5",2100,2.1805549706,"C2F6_emissions","old","GCAM"
"Gg","GCAM_SSP5",2005,4.5595095224,"CF4_emissions","old","GCAM"
"Gg","GCAM_SSP5",2010,3.4908554511,"CF4_emissions","old","GCAM"
"Gg","GCAM_SSP5",2015,4.5419844727,"CF4_emissions","old","GCAM"
"Gg","GCAM_SSP5",2021,4.66616681119,"CF4_emissions","old","GCAM"
"Gg","GCAM_SSP5",2025,4.9515713114,"CF4_emissions","old","GCAM"
"Gg","GCAM_SSP5",2030,5.3175250461,"CF4_emissions","old","GCAM"
"Gg","GCAM_SSP5",2035,5.6403257433,"CF4_emissions","old","GCAM"
"Gg","GCAM_SSP5",2040,5.9050446901,"CF4_emissions","old","GCAM"
"Gg","GCAM_SSP5",2045,6.1639552385,"CF4_emissions","old","GCAM"
"Gg","GCAM_SSP5",2050,6.4434636298,"CF4_emissions","old","GCAM"
"Gg","GCAM_SSP5",2055,6.6663188808,"CF4_emissions","old","GCAM"
"Gg","GCAM_SSP5",2060,6.8389489625,"CF4_emissions","old","GCAM"
"Gg","GCAM_SSP5",2065,6.964953334,"CF4_emissions","old","GCAM"
"Gg","GCAM_SSP5",2070,7.0459079297,"CF4_emissions","old","GCAM"
"Gg","GCAM_SSP5",2075,7.0873172519,"CF4_emissions","old","GCAM"
"Gg","GCAM_SSP5",2080,7.0912360564,"CF4_emissions","old","GCAM"
"Gg","GCAM_SSP5",2085,7.051571441,"CF4_emissions","old","GCAM"
"Gg","GCAM_SSP5",2090,6.9821576213,"CF4_emissions","old","GCAM"
"Gg","GCAM_SSP5",2095,6.8897139908,"CF4_emissions","old","GCAM"
"Gg","GCAM_SSP5",2100,6.7706756809,"CF4_emissions","old","GCAM"
"Gg","GCAM_SSP5",2005,13.4736975439,"HFC125_emissions","old","GCAM"
"Gg","GCAM_SSP5",2010,25.754668812,"HFC125_emissions","old","GCAM"
"Gg","GCAM_SSP5",2015,39.522956612,"HFC125_emissions","old","GCAM"
"Gg","GCAM_SSP5",2021,76.34528554,"HFC125_emissions","old","GCAM"
"Gg","GCAM_SSP5",2025,98.977627247,"HFC125_emissions","old","GCAM"
"Gg","GCAM_SSP5",2030,131.914550846,"HFC125_emissions","old","GCAM"
"Gg","GCAM_SSP5",2035,155.060516647,"HFC125_emissions","old","GCAM"
"Gg","GCAM_SSP5",2040,181.47116991,"HFC125_emissions","old","GCAM"
"Gg","GCAM_SSP5",2045,212.87434894,"HFC125_emissions","old","GCAM"
"Gg","GCAM_SSP5",2050,246.626465113,"HFC125_emissions","old","GCAM"
"Gg","GCAM_SSP5",2055,279.84542149,"HFC125_emissions","old","GCAM"
"Gg","GCAM_SSP5",2060,313.67394688,"HFC125_emissions","old","GCAM"
"Gg","GCAM_SSP5",2065,347.06265168,"HFC125_emissions","old","GCAM"
"Gg","GCAM_SSP5",2070,378.5820516,"HFC125_emissions","old","GCAM"
"Gg","GCAM_SSP5",2075,407.57254053,"HFC125_emissions","old","GCAM"
"Gg","GCAM_SSP5",2080,433.14191854,"HFC125_emissions","old","GCAM"
"Gg","GCAM_SSP5",2085,454.20415228,"HFC125_emissions","old","GCAM"
"Gg","GCAM_SSP5",2090,470.59740239,"HFC125_emissions","old","GCAM"
"Gg","GCAM_SSP5",2095,482.12322541,"HFC125_emissions","old","GCAM"
"Gg","GCAM_SSP5",2100,487.75206368,"HFC125_emissions","old","GCAM"
"Gg","GCAM_SSP5",2005,130.6109941672,"HFC134a_emissions","old","GCAM"
"Gg","GCAM_SSP5",2010,181.60389160285,"HFC134a_emissions","old","GCAM"
"Gg","GCAM_SSP5",2015,244.0811181717,"HFC134a_emissions","old","GCAM"
"Gg","GCAM_SSP5",2021,312.4545100584,"HFC134a_emissions","old","GCAM"
"Gg","GCAM_SSP5",2025,341.24100512325,"HFC134a_emissions","old","GCAM"
"Gg","GCAM_SSP5",2030,392.0260621985,"HFC134a_emissions","old","GCAM"
"Gg","GCAM_SSP5",2035,450.730813317,"HFC134a_emissions","old","GCAM"
"Gg","GCAM_SSP5",2040,522.2527479775,"HFC134a_emissions","old","GCAM"
"Gg","GCAM_SSP5",2045,612.438399785,"HFC134a_emissions","old","GCAM"
"Gg","GCAM_SSP5",2050,717.4615441925,"HFC134a_emissions","old","GCAM"
"Gg","GCAM_SSP5",2055,829.2560738145,"HFC134a_emissions","old","GCAM"
"Gg","GCAM_SSP5",2060,952.7000756035,"HFC134a_emissions","old","GCAM"
"Gg","GCAM_SSP5",2065,1084.807127257,"HFC134a_emissions","old","GCAM"
"Gg","GCAM_SSP5",2070,1220.4343870255,"HFC134a_emissions","old","GCAM"
"Gg","GCAM_SSP5",2075,1355.4954731725,"HFC134a_emissions","old","GCAM"
"Gg","GCAM_SSP5",2080,1484.5453641525,"HFC134a_emissions","old","GCAM"
"Gg","GCAM_SSP5",2085,1600.989338251,"HFC134a_emissions","old","GCAM"
"Gg","GCAM_SSP5",2090,1701.634052595,"HFC134a_emissions","old","GCAM"
"Gg","GCAM_SSP5",2095,1783.594791306,"HFC134a_emissions","old","GCAM"
"Gg","GCAM_SSP5",2100,1840.969081583,"HFC134a_emissions","old","GCAM"
"Gg","GCAM_SSP5",2005,16.657881676495,"HFC143a_emissions","old","GCAM"
"Gg","GCAM_SSP5",2010,28.150171402278,"HFC143a_emissions","old","GCAM"
"Gg","GCAM_SSP5",2015,43.238084254551,"HFC143a_emissions","old","GCAM"
"Gg","GCAM_SSP5",2021,83.173213309551,"HFC143a_emissions","old","GCAM"
"Gg","GCAM_SSP5",2025,107.590107138995,"HFC143a_emissions","old","GCAM"
"Gg","GCAM_SSP5",2030,143.254960474201,"HFC143a_emissions","old","GCAM"
"Gg","GCAM_SSP5",2035,168.44063761038,"HFC143a_emissions","old","GCAM"
"Gg","GCAM_SSP5",2040,197.217549362383,"HFC143a_emissions","old","GCAM"
"Gg","GCAM_SSP5",2045,231.493353805542,"HFC143a_emissions","old","GCAM"
"Gg","GCAM_SSP5",2050,268.422529841025,"HFC143a_emissions","old","GCAM"
"Gg","GCAM_SSP5",2055,304.878596133852,"HFC143a_emissions","old","GCAM"
"Gg","GCAM_SSP5",2060,342.127627336762,"HFC143a_emissions","old","GCAM"
"Gg","GCAM_SSP5",2065,379.031518764798,"HFC143a_emissions","old","GCAM"
"Gg","GCAM_SSP5",2070,414.023568059797,"HFC143a_emissions","old","GCAM"
"Gg","GCAM_SSP5",2075,446.35911571432,"HFC143a_emissions","old","GCAM"
"Gg","GCAM_SSP5",2080,475.029786764945,"HFC143a_emissions","old","GCAM"
"Gg","GCAM_SSP5",2085,498.80816286593,"HFC143a_emissions","old","GCAM"
"Gg","GCAM_SSP5",2090,517.474150877732,"HFC143a_emissions","old","GCAM"
"Gg","GCAM_SSP5",2095,530.777699857298,"HFC143a_emissions","old","GCAM"
"Gg","GCAM_SSP5",2100,537.552768300498,"HFC143a_emissions","old","GCAM"
"Gg","GCAM_SSP5",2005,3.426583998229,"HFC245fa_emissions","old","GCAM"
"Gg","GCAM_SSP5",2010,6.643179485242,"HFC245fa_emissions","old","GCAM"
"Gg","GCAM_SSP5",2015,8.489817647341,"HFC245fa_emissions","old","GCAM"
"Gg","GCAM_SSP5",2021,8.496387675183,"HFC245fa_emissions","old","GCAM"
"Gg","GCAM_SSP5",2025,8.939789481425,"HFC245fa_emissions","old","GCAM"
"Gg","GCAM_SSP5",2030,10.485107423918,"HFC245fa_emissions","old","GCAM"
"Gg","GCAM_SSP5",2035,10.643988796926,"HFC245fa_emissions","old","GCAM"
"Gg","GCAM_SSP5",2040,11.10844400058,"HFC245fa_emissions","old","GCAM"
"Gg","GCAM_SSP5",2045,11.6298194664,"HFC245fa_emissions","old","GCAM"
"Gg","GCAM_SSP5",2050,12.311136027956,"HFC245fa_emissions","old","GCAM"
"Gg","GCAM_SSP5",2055,12.992348634224,"HFC245fa_emissions","old","GCAM"
"Gg","GCAM_SSP5",2060,13.637706648921,"HFC245fa_emissions","old","GCAM"
"Gg","GCAM_SSP5",2065,14.224736331731,"HFC245fa_emissions","old","GCAM"
"Gg","GCAM_SSP5",2070,14.751624523504,"HFC245fa_emissions","old","GCAM"
"Gg","GCAM_SSP5",2075,15.207048616041,"HFC245fa_emissions","old","GCAM"
"Gg","GCAM_SSP5",2080,15.598272640501,"HFC245fa_emissions","old","GCAM"
"Gg","GCAM_SSP5",2085,15.905300414892,"HFC245fa_emissions","old","GCAM"
"Gg","GCAM_SSP5",2090,16.115029637161,"HFC245fa_emissions","old","GCAM"
"Gg","GCAM_SSP5",2095,16.224176038812,"HFC245fa_emissions","old","GCAM"
"Gg","GCAM_SSP5",2100,16.217223652075,"HFC245fa_emissions","old","GCAM"
"Gg","GCAM_SSP5",2005,2.128184574,"HFC227ea_emissions","old","GCAM"
"Gg","GCAM_SSP5",2010,3.69184179,"HFC227ea_emissions","old","GCAM"
"Gg","GCAM_SSP5",2015,6.00504143,"HFC227ea_emissions","old","GCAM"
"Gg","GCAM_SSP5",2021,6.00504143,"HFC227ea_emissions","old","GCAM"
"Gg","GCAM_SSP5",2025,3.74020471,"HFC227ea_emissions","old","GCAM"
"Gg","GCAM_SSP5",2030,4.07882522,"HFC227ea_emissions","old","GCAM"
"Gg","GCAM_SSP5",2035,4.13969098,"HFC227ea_emissions","old","GCAM"
"Gg","GCAM_SSP5",2040,4.197605,"HFC227ea_emissions","old","GCAM"
"Gg","GCAM_SSP5",2045,4.09131432,"HFC227ea_emissions","old","GCAM"
"Gg","GCAM_SSP5",2050,4.14650766,"HFC227ea_emissions","old","GCAM"
"Gg","GCAM_SSP5",2055,4.1963915,"HFC227ea_emissions","old","GCAM"
"Gg","GCAM_SSP5",2060,4.22968535,"HFC227ea_emissions","old","GCAM"
"Gg","GCAM_SSP5",2065,4.2446555,"HFC227ea_emissions","old","GCAM"
"Gg","GCAM_SSP5",2070,4.24472157,"HFC227ea_emissions","old","GCAM"
"Gg","GCAM_SSP5",2075,4.23210238,"HFC227ea_emissions","old","GCAM"
"Gg","GCAM_SSP5",2080,4.2061684,"HFC227ea_emissions","old","GCAM"
"Gg","GCAM_SSP5",2085,4.16255033,"HFC227ea_emissions","old","GCAM"
"Gg","GCAM_SSP5",2090,4.09826661,"HFC227ea_emissions","old","GCAM"
"Gg","GCAM_SSP5",2095,4.01438959,"HFC227ea_emissions","old","GCAM"
"Gg","GCAM_SSP5",2100,3.9129536,"HFC227ea_emissions","old","GCAM"
"Gg","GCAM_SSP5",2015,10.3569308623802,"HFC23_emissions","old","GCAM"
"Gg","GCAM_SSP5",2021,10.991813302661,"HFC23_emissions","old","GCAM"
"Gg","GCAM_SSP5",2025,11.945454667767,"HFC23_emissions","old","GCAM"
"Gg","GCAM_SSP5",2030,12.984483614398,"HFC23_emissions","old","GCAM"
"Gg","GCAM_SSP5",2035,13.839320032008,"HFC23_emissions","old","GCAM"
"Gg","GCAM_SSP5",2040,14.480441217252,"HFC23_emissions","old","GCAM"
"Gg","GCAM_SSP5",2045,15.072723227872,"HFC23_emissions","old","GCAM"
"Gg","GCAM_SSP5",2050,15.511167316101,"HFC23_emissions","old","GCAM"
"Gg","GCAM_SSP5",2055,15.7353861309,"HFC23_emissions","old","GCAM"
"Gg","GCAM_SSP5",2060,15.83585205878,"HFC23_emissions","old","GCAM"
"Gg","GCAM_SSP5",2065,15.83270978065,"HFC23_emissions","old","GCAM"
"Gg","GCAM_SSP5",2070,15.73768432937,"HFC23_emissions","old","GCAM"
"Gg","GCAM_SSP5",2075,15.57135383397,"HFC23_emissions","old","GCAM"
"Gg","GCAM_SSP5",2080,15.33234748102,"HFC23_emissions","old","GCAM"
"Gg","GCAM_SSP5",2085,15.00274126371,"HFC23_emissions","old","GCAM"
"Gg","GCAM_SSP5",2090,14.64142264348,"HFC23_emissions","old","GCAM"
"Gg","GCAM_SSP5",2095,14.26471455243,"HFC23_emissions","old","GCAM"
"Gg","GCAM_SSP5",2100,13.85720027001,"HFC23_emissions","old","GCAM"
"Gg","GCAM_SSP5",2005,1.2060792957,"HFC32_emissions","old","GCAM"
"Gg","GCAM_SSP5",2010,2.0280780141,"HFC32_emissions","old","GCAM"
"Gg","GCAM_SSP5",2015,3.1124134034,"HFC32_emissions","old","GCAM"
"Gg","GCAM_SSP5",2021,6.0196015741,"HFC32_emissions","old","GCAM"
"Gg","GCAM_SSP5",2025,7.8079637911,"HFC32_emissions","old","GCAM"
"Gg","GCAM_SSP5",2030,10.4109706348,"HFC32_emissions","old","GCAM"
"Gg","GCAM_SSP5",2035,12.2373586967,"HFC32_emissions","old","GCAM"
"Gg","GCAM_SSP5",2040,14.3209068481,"HFC32_emissions","old","GCAM"
"Gg","GCAM_SSP5",2045,16.79755371,"HFC32_emissions","old","GCAM"
"Gg","GCAM_SSP5",2050,19.458489437,"HFC32_emissions","old","GCAM"
"Gg","GCAM_SSP5",2055,22.076162903,"HFC32_emissions","old","GCAM"
"Gg","GCAM_SSP5",2060,24.740460387,"HFC32_emissions","old","GCAM"
"Gg","GCAM_SSP5",2065,27.368637243,"HFC32_emissions","old","GCAM"
"Gg","GCAM_SSP5",2070,29.848032297,"HFC32_emissions","old","GCAM"
"Gg","GCAM_SSP5",2075,32.126892102,"HFC32_emissions","old","GCAM"
"Gg","GCAM_SSP5",2080,34.135272035,"HFC32_emissions","old","GCAM"
"Gg","GCAM_SSP5",2085,35.787971883,"HFC32_emissions","old","GCAM"
"Gg","GCAM_SSP5",2090,37.072640687,"HFC32_emissions","old","GCAM"
"Gg","GCAM_SSP5",2095,37.974051554,"HFC32_emissions","old","GCAM"
"Gg","GCAM_SSP5",2100,38.411416104,"HFC32_emissions","old","GCAM"
"Gg","GCAM_SSP5",1990,2.7646554195,"SF6_emissions","old","GCAM"
"Gg","GCAM_SSP5",2005,2.5740714763,"SF6_emissions","old","GCAM"
"Gg","GCAM_SSP5",2010,3.0635693566,"SF6_emissions","old","GCAM"
"Gg","GCAM_SSP5",2015,3.6045659027,"SF6_emissions","old","GCAM"
"Gg","GCAM_SSP5",2021,4.2902322408,"SF6_emissions","old","GCAM"
"Gg","GCAM_SSP5",2025,4.66264313273,"SF6_emissions","old","GCAM"
"Gg","GCAM_SSP5",2030,5.22925312909,"SF6_emissions","old","GCAM"
"Gg","GCAM_SSP5",2035,5.81938234467,"SF6_emissions","old","GCAM"
"Gg","GCAM_SSP5",2040,6.27018294526,"SF6_emissions","old","GCAM"
"Gg","GCAM_SSP5",2045,6.68434107242,"SF6_emissions","old","GCAM"
"Gg","GCAM_SSP5",2050,7.40423080354,"SF6_emissions","old","GCAM"
"Gg","GCAM_SSP5",2055,8.03136114979,"SF6_emissions","old","GCAM"
"Gg","GCAM_SSP5",2060,8.63787611374,"SF6_emissions","old","GCAM"
"Gg","GCAM_SSP5",2065,9.20539485286,"SF6_emissions","old","GCAM"
"Gg","GCAM_SSP5",2070,9.70363734939,"SF6_emissions","old","GCAM"
"Gg","GCAM_SSP5",2075,10.11382789275,"SF6_emissions","old","GCAM"
"Gg","GCAM_SSP5",2080,10.42573799016,"SF6_emissions","old","GCAM"
"Gg","GCAM_SSP5",2085,10.61189703462,"SF6_emissions","old","GCAM"
"Gg","GCAM_SSP5",2090,10.69210762872,"SF6_emissions","old","GCAM"
"Gg","GCAM_SSP5",2095,10.68511486023,"SF6_emissions","old","GCAM"
"Gg","GCAM_SSP5",2100,10.62167931502,"SF6_emissions","old","GCAM"
"Gg","GCAM_SSP5",1990,11.1037607851,"CF4_emissions","old","GCAM"
"Gg","GCAM_SSP5",2010,9.0445387905,"HFC23_emissions","old","GCAM"
"Gg","GCAM_SSP5",1990,1.6781865058,"C2F6_emissions","old","GCAM"
"Gg","GCAM_SSP5",2005,6.8150399058,"HFC23_emissions","old","GCAM"
"Gg","GCAM_SSP5",1990,9.1995099459024,"HFC23_emissions","old","GCAM"
"Gg","GCAM_SSP5",1990,0.00555238062543,"HFC134a_emissions","old","GCAM"
"Gg","GCAM_SSP5",1990,9.010356e-06,"HFC245fa_emissions","old","GCAM"
"Gg","GCAM_SSP5",1990,1.078794e-05,"HFC143a_emissions","old","GCAM"
"Pg C/yr","GCAM_SSP5",1990,6.17882420392556,"ffi_emissions","old","GCAM"
"Pg C/yr","GCAM_SSP5",2005,8.14001607236573,"ffi_emissions","old","GCAM"
"Pg C/yr","GCAM_SSP5",2010,9.23933775402649,"ffi_emissions","old","GCAM"
"Pg C/yr","GCAM_SSP5",2015,9.91486598086042,"ffi_emissions","old","GCAM"
"Pg C/yr","GCAM_SSP5",2021,10.3145490411078,"ffi_emissions","old","GCAM"
"Pg C/yr","GCAM_SSP5",2025,11.2194477102765,"ffi_emissions","old","GCAM"
"Pg C/yr","GCAM_SSP5",2030,11.6627795476058,"ffi_emissions","old","GCAM"
"Pg C/yr","GCAM_SSP5",2035,12.0397652442249,"ffi_emissions","old","GCAM"
"Pg C/yr","GCAM_SSP5",2040,12.4438160205856,"ffi_emissions","old","GCAM"
"Pg C/yr","GCAM_SSP5",2045,12.882144023511,"ffi_emissions","old","GCAM"
"Pg C/yr","GCAM_SSP5",2050,13.3249534622437,"ffi_emissions","old","GCAM"
"Pg C/yr","GCAM_SSP5",2055,13.7950910819865,"ffi_emissions","old","GCAM"
"Pg C/yr","GCAM_SSP5",2060,14.3717003403618,"ffi_emissions","old","GCAM"
"Pg C/yr","GCAM_SSP5",2065,14.9535801992839,"ffi_emissions","old","GCAM"
"Pg C/yr","GCAM_SSP5",2070,15.5061158112499,"ffi_emissions","old","GCAM"
"Pg C/yr","GCAM_SSP5",2075,16.0426412846093,"ffi_emissions","old","GCAM"
"Pg C/yr","GCAM_SSP5",2080,16.4505544727372,"ffi_emissions","old","GCAM"
"Pg C/yr","GCAM_SSP5",2085,16.6519570232731,"ffi_emissions","old","GCAM"
"Pg C/yr","GCAM_SSP5",2090,16.8261029678424,"ffi_emissions","old","GCAM"
"Pg C/yr","GCAM_SSP5",2095,16.9074139297722,"ffi_emissions","old","GCAM"
"Pg C/yr","GCAM_SSP5",2100,16.9065428113722,"ffi_emissions","old","GCAM"
"Tg","GCAM_SSP5",1990,7.00621142401109,"BC_emissions","old","GCAM"
"Tg","GCAM_SSP5",2005,7.27622241939533,"BC_emissions","old","GCAM"
"Tg","GCAM_SSP5",2010,7.53326501247469,"BC_emissions","old","GCAM"
"Tg","GCAM_SSP5",2015,7.19507927154289,"BC_emissions","old","GCAM"
"Tg","GCAM_SSP5",2021,6.75363485550095,"BC_emissions","old","GCAM"
"Tg","GCAM_SSP5",2025,6.53057124030965,"BC_emissions","old","GCAM"
"Tg","GCAM_SSP5",2030,5.94094886413297,"BC_emissions","old","GCAM"
"Tg","GCAM_SSP5",2035,5.37345409388382,"BC_emissions","old","GCAM"
"Tg","GCAM_SSP5",2040,4.82335821594114,"BC_emissions","old","GCAM"
"Tg","GCAM_SSP5",2045,4.44318192118428,"BC_emissions","old","GCAM"
"Tg","GCAM_SSP5",2050,4.03518105669061,"BC_emissions","old","GCAM"
"Tg","GCAM_SSP5",2055,3.83317066845239,"BC_emissions","old","GCAM"
"Tg","GCAM_SSP5",2060,3.63251456684945,"BC_emissions","old","GCAM"
"Tg","GCAM_SSP5",2065,3.44625265286805,"BC_emissions","old","GCAM"
"Tg","GCAM_SSP5",2070,3.25678501569513,"BC_emissions","old","GCAM"
"Tg","GCAM_SSP5",2075,3.06782957109524,"BC_emissions","old","GCAM"
"Tg","GCAM_SSP5",2080,2.8788448487969,"BC_emissions","old","GCAM"
"Tg","GCAM_SSP5",2085,2.70230390254139,"BC_emissions","old","GCAM"
"Tg","GCAM_SSP5",2090,2.53774299332086,"BC_emissions","old","GCAM"
"Tg","GCAM_SSP5",2095,2.3913827549476,"BC_emissions","old","GCAM"
"Tg","GCAM_SSP5",2100,2.25324620237516,"BC_emissions","old","GCAM"
"Tg CH4","GCAM_SSP5",1990,303.036388457652,"CH4_emissions","old","GCAM"
"Tg CH4","GCAM_SSP5",2005,324.826828350793,"CH4_emissions","old","GCAM"
"Tg CH4","GCAM_SSP5",2010,340.017507657621,"CH4_emissions","old","GCAM"
"Tg CH4","GCAM_SSP5",2015,355.373265591683,"CH4_emissions","old","GCAM"
"Tg CH4","GCAM_SSP5",2021,367.707499901756,"CH4_emissions","old","GCAM"
"Tg CH4","GCAM_SSP5",2025,390.238367627465,"CH4_emissions","old","GCAM"
"Tg CH4","GCAM_SSP5",2030,405.654327194055,"CH4_emissions","old","GCAM"
"Tg CH4","GCAM_SSP5",2035,423.078870577268,"CH4_emissions","old","GCAM"
"Tg CH4","GCAM_SSP5",2040,443.066635592382,"CH4_emissions","old","GCAM"
"Tg CH4","GCAM_SSP5",2045,463.346416942284,"CH4_emissions","old","GCAM"
"Tg CH4","GCAM_SSP5",2050,484.947285964677,"CH4_emissions","old","GCAM"
"Tg CH4","GCAM_SSP5",2055,505.325742505314,"CH4_emissions","old","GCAM"
"Tg CH4","GCAM_SSP5",2060,525.11439488424,"CH4_emissions","old","GCAM"
"Tg CH4","GCAM_SSP5",2065,543.414060374575,"CH4_emissions","old","GCAM"
"Tg CH4","GCAM_SSP5",2070,558.161069729497,"CH4_emissions","old","GCAM"
"Tg CH4","GCAM_SSP5",2075,568.847639872665,"CH4_emissions","old","GCAM"
"Tg CH4","GCAM_SSP5",2080,575.246497469972,"CH4_emissions","old","GCAM"
"Tg CH4","GCAM_SSP5",2085,576.358664442484,"CH4_emissions","old","GCAM"
"Tg CH4","GCAM_SSP5",2090,574.097674340416,"CH4_emissions","old","GCAM"
"Tg CH4","GCAM_SSP5",2095,569.336622404305,"CH4_emissions","old","GCAM"
"Tg CH4","GCAM_SSP5",2100,563.498856018131,"CH4_emissions","old","GCAM"
"Tg CO","GCAM_SSP5",1990,836.303124377409,"CO_emissions","old","GCAM"
"Tg CO","GCAM_SSP5",2005,781.100929515055,"CO_emissions","old","GCAM"
"Tg CO","GCAM_SSP5",2010,761.776371104203,"CO_emissions","old","GCAM"
"Tg CO","GCAM_SSP5",2015,732.334609669018,"CO_emissions","old","GCAM"
"Tg CO","GCAM_SSP5",2021,666.236094636248,"CO_emissions","old","GCAM"
"Tg CO","GCAM_SSP5",2025,652.44341873016,"CO_emissions","old","GCAM"
"Tg CO","GCAM_SSP5",2030,594.122055085256,"CO_emissions","old","GCAM"
"Tg CO","GCAM_SSP5",2035,552.384858415514,"CO_emissions","old","GCAM"
"Tg CO","GCAM_SSP5",2040,519.203564788892,"CO_emissions","old","GCAM"
"Tg CO","GCAM_SSP5",2045,492.243094204201,"CO_emissions","old","GCAM"
"Tg CO","GCAM_SSP5",2050,468.294751650416,"CO_emissions","old","GCAM"
"Tg CO","GCAM_SSP5",2055,455.299946769728,"CO_emissions","old","GCAM"
"Tg CO","GCAM_SSP5",2060,440.742476958021,"CO_emissions","old","GCAM"
"Tg CO","GCAM_SSP5",2065,425.69156851214,"CO_emissions","old","GCAM"
"Tg CO","GCAM_SSP5",2070,409.706333880298,"CO_emissions","old","GCAM"
"Tg CO","GCAM_SSP5",2075,395.836793570399,"CO_emissions","old","GCAM"
"Tg CO","GCAM_SSP5",2080,382.126946309948,"CO_emissions","old","GCAM"
"Tg CO","GCAM_SSP5",2085,368.901677219214,"CO_emissions","old","GCAM"
"Tg CO","GCAM_SSP5",2090,355.689645297932,"CO_emissions","old","GCAM"
"Tg CO","GCAM_SSP5",2095,343.880414300156,"CO_emissions","old","GCAM"
"Tg CO","GCAM_SSP5",2100,331.78360123582,"CO_emissions","old","GCAM"
NA,"GCAM_SSP5",1990,NA,NA,"old","GCAM"
NA,"GCAM_SSP5",2005,NA,NA,"old","GCAM"
NA,"GCAM_SSP5",2010,NA,NA,"old","GCAM"
NA,"GCAM_SSP5",2015,NA,NA,"old","GCAM"
NA,"GCAM_SSP5",2021,NA,NA,"old","GCAM"
NA,"GCAM_SSP5",2025,NA,NA,"old","GCAM"
NA,"GCAM_SSP5",2030,NA,NA,"old","GCAM"
NA,"GCAM_SSP5",2035,NA,NA,"old","GCAM"
NA,"GCAM_SSP5",2040,NA,NA,"old","GCAM"
NA,"GCAM_SSP5",2045,NA,NA,"old","GCAM"
NA,"GCAM_SSP5",2050,NA,NA,"old","GCAM"
NA,"GCAM_SSP5",2055,NA,NA,"old","GCAM"
NA,"GCAM_SSP5",2060,NA,NA,"old","GCAM"
NA,"GCAM_SSP5",2065,NA,NA,"old","GCAM"
NA,"GCAM_SSP5",2070,NA,NA,"old","GCAM"
NA,"GCAM_SSP5",2075,NA,NA,"old","GCAM"
NA,"GCAM_SSP5",2080,NA,NA,"old","GCAM"
NA,"GCAM_SSP5",2085,NA,NA,"old","GCAM"
NA,"GCAM_SSP5",2090,NA,NA,"old","GCAM"
NA,"GCAM_SSP5",2095,NA,NA,"old","GCAM"
NA,"GCAM_SSP5",2100,NA,NA,"old","GCAM"
"Tg N","GCAM_SSP5",1990,5.3805170663699,"N2O_emissions","old","GCAM"
"Tg N","GCAM_SSP5",2005,6.0894193068841,"N2O_emissions","old","GCAM"
"Tg N","GCAM_SSP5",2010,6.39970980028994,"N2O_emissions","old","GCAM"
"Tg N","GCAM_SSP5",2015,7.01123979689498,"N2O_emissions","old","GCAM"
"Tg N","GCAM_SSP5",2021,7.10537867861968,"N2O_emissions","old","GCAM"
"Tg N","GCAM_SSP5",2025,7.63785991231744,"N2O_emissions","old","GCAM"
"Tg N","GCAM_SSP5",2030,8.04778471440096,"N2O_emissions","old","GCAM"
"Tg N","GCAM_SSP5",2035,8.52036491172236,"N2O_emissions","old","GCAM"
"Tg N","GCAM_SSP5",2040,9.03594601643721,"N2O_emissions","old","GCAM"
"Tg N","GCAM_SSP5",2045,9.5619712935128,"N2O_emissions","old","GCAM"
"Tg N","GCAM_SSP5",2050,10.1334293861837,"N2O_emissions","old","GCAM"
"Tg N","GCAM_SSP5",2055,10.6486773161407,"N2O_emissions","old","GCAM"
"Tg N","GCAM_SSP5",2060,11.1380848507864,"N2O_emissions","old","GCAM"
"Tg N","GCAM_SSP5",2065,11.5609817571195,"N2O_emissions","old","GCAM"
"Tg N","GCAM_SSP5",2070,11.8976873277512,"N2O_emissions","old","GCAM"
"Tg N","GCAM_SSP5",2075,12.1451834082141,"N2O_emissions","old","GCAM"
"Tg N","GCAM_SSP5",2080,12.3189929805786,"N2O_emissions","old","GCAM"
"Tg N","GCAM_SSP5",2085,12.4171490976177,"N2O_emissions","old","GCAM"
"Tg N","GCAM_SSP5",2090,12.4537612246995,"N2O_emissions","old","GCAM"
"Tg N","GCAM_SSP5",2095,12.4509291174069,"N2O_emissions","old","GCAM"
"Tg N","GCAM_SSP5",2100,12.3585377250626,"N2O_emissions","old","GCAM"
"Tg","GCAM_SSP5",1990,49.8893714603597,"NH3_emissions","old","GCAM"
"Tg","GCAM_SSP5",2005,55.74579187534,"NH3_emissions","old","GCAM"
"Tg","GCAM_SSP5",2010,59.4134766724742,"NH3_emissions","old","GCAM"
"Tg","GCAM_SSP5",2015,62.5179094872013,"NH3_emissions","old","GCAM"
"Tg","GCAM_SSP5",2021,65.8962209165056,"NH3_emissions","old","GCAM"
"Tg","GCAM_SSP5",2025,70.8117923691123,"NH3_emissions","old","GCAM"
"Tg","GCAM_SSP5",2030,74.6470729692993,"NH3_emissions","old","GCAM"
"Tg","GCAM_SSP5",2035,79.3603733282428,"NH3_emissions","old","GCAM"
"Tg","GCAM_SSP5",2040,84.3818270349037,"NH3_emissions","old","GCAM"
"Tg","GCAM_SSP5",2045,89.3899241840454,"NH3_emissions","old","GCAM"
"Tg","GCAM_SSP5",2050,93.5815934224447,"NH3_emissions","old","GCAM"
"Tg","GCAM_SSP5",2055,96.7118870085553,"NH3_emissions","old","GCAM"
"Tg","GCAM_SSP5",2060,99.6410737838923,"NH3_emissions","old","GCAM"
"Tg","GCAM_SSP5",2065,102.009003235698,"NH3_emissions","old","GCAM"
"Tg","GCAM_SSP5",2070,103.705697170432,"NH3_emissions","old","GCAM"
"Tg","GCAM_SSP5",2075,104.726894684756,"NH3_emissions","old","GCAM"
"Tg","GCAM_SSP5",2080,105.076792294726,"NH3_emissions","old","GCAM"
"Tg","GCAM_SSP5",2085,104.896907858941,"NH3_emissions","old","GCAM"
"Tg","GCAM_SSP5",2090,104.342852270584,"NH3_emissions","old","GCAM"
"Tg","GCAM_SSP5",2095,103.488106325827,"NH3_emissions","old","GCAM"
"Tg","GCAM_SSP5",2100,101.975522139419,"NH3_emissions","old","GCAM"
"Tg NMVOC","GCAM_SSP5",1990,164.235669893764,"NMVOC_emissions","old","GCAM"
"Tg NMVOC","GCAM_SSP5",2005,168.860688936623,"NMVOC_emissions","old","GCAM"
"Tg NMVOC","GCAM_SSP5",2010,171.580684137391,"NMVOC_emissions","old","GCAM"
"Tg NMVOC","GCAM_SSP5",2015,176.936337611715,"NMVOC_emissions","old","GCAM"
"Tg NMVOC","GCAM_SSP5",2021,173.559550530063,"NMVOC_emissions","old","GCAM"
"Tg NMVOC","GCAM_SSP5",2025,171.073045464324,"NMVOC_emissions","old","GCAM"
"Tg NMVOC","GCAM_SSP5",2030,161.918865290619,"NMVOC_emissions","old","GCAM"
"Tg NMVOC","GCAM_SSP5",2035,156.324752557766,"NMVOC_emissions","old","GCAM"
"Tg NMVOC","GCAM_SSP5",2040,154.479815888583,"NMVOC_emissions","old","GCAM"
"Tg NMVOC","GCAM_SSP5",2045,153.114433148473,"NMVOC_emissions","old","GCAM"
"Tg NMVOC","GCAM_SSP5",2050,151.830801525588,"NMVOC_emissions","old","GCAM"
"Tg NMVOC","GCAM_SSP5",2055,151.881050953977,"NMVOC_emissions","old","GCAM"
"Tg NMVOC","GCAM_SSP5",2060,151.778658941,"NMVOC_emissions","old","GCAM"
"Tg NMVOC","GCAM_SSP5",2065,151.227394524199,"NMVOC_emissions","old","GCAM"
"Tg NMVOC","GCAM_SSP5",2070,149.783975465344,"NMVOC_emissions","old","GCAM"
"Tg NMVOC","GCAM_SSP5",2075,149.471567633709,"NMVOC_emissions","old","GCAM"
"Tg NMVOC","GCAM_SSP5",2080,148.985432567627,"NMVOC_emissions","old","GCAM"
"Tg NMVOC","GCAM_SSP5",2085,147.835404702756,"NMVOC_emissions","old","GCAM"
"Tg NMVOC","GCAM_SSP5",2090,146.320414411202,"NMVOC_emissions","old","GCAM"
"Tg NMVOC","GCAM_SSP5",2095,144.688817615555,"NMVOC_emissions","old","GCAM"
"Tg NMVOC","GCAM_SSP5",2100,142.665588352568,"NMVOC_emissions","old","GCAM"
"Tg N","GCAM_SSP5",1990,37.9392069659156,"NOX_emissions","old","GCAM"
"Tg N","GCAM_SSP5",2005,43.0106488656149,"NOX_emissions","old","GCAM"
"Tg N","GCAM_SSP5",2010,42.492718703607,"NOX_emissions","old","GCAM"
"Tg N","GCAM_SSP5",2015,41.8129308113797,"NOX_emissions","old","GCAM"
"Tg N","GCAM_SSP5",2021,38.2388006782551,"NOX_emissions","old","GCAM"
"Tg N","GCAM_SSP5",2025,37.9408081918887,"NOX_emissions","old","GCAM"
"Tg N","GCAM_SSP5",2030,33.4167304621139,"NOX_emissions","old","GCAM"
"Tg N","GCAM_SSP5",2035,29.59754382263,"NOX_emissions","old","GCAM"
"Tg N","GCAM_SSP5",2040,25.7467880223141,"NOX_emissions","old","GCAM"
"Tg N","GCAM_SSP5",2045,24.0157905257796,"NOX_emissions","old","GCAM"
"Tg N","GCAM_SSP5",2050,22.2705525065887,"NOX_emissions","old","GCAM"
"Tg N","GCAM_SSP5",2055,21.7067601368002,"NOX_emissions","old","GCAM"
"Tg N","GCAM_SSP5",2060,21.2781321197128,"NOX_emissions","old","GCAM"
"Tg N","GCAM_SSP5",2065,20.8885458441372,"NOX_emissions","old","GCAM"
"Tg N","GCAM_SSP5",2070,20.4187298975452,"NOX_emissions","old","GCAM"
"Tg N","GCAM_SSP5",2075,19.9085416740718,"NOX_emissions","old","GCAM"
"Tg N","GCAM_SSP5",2080,19.2828687620356,"NOX_emissions","old","GCAM"
"Tg N","GCAM_SSP5",2085,18.4797019441673,"NOX_emissions","old","GCAM"
"Tg N","GCAM_SSP5",2090,17.6670211850515,"NOX_emissions","old","GCAM"
"Tg N","GCAM_SSP5",2095,16.8295298172762,"NOX_emissions","old","GCAM"
"Tg N","GCAM_SSP5",2100,15.9069663462878,"NOX_emissions","old","GCAM"
"Tg","GCAM_SSP5",1990,22.4024493437264,"OC_emissions","old","GCAM"
"Tg","GCAM_SSP5",2005,23.8215767063933,"OC_emissions","old","GCAM"
"Tg","GCAM_SSP5",2010,24.6788804397611,"OC_emissions","old","GCAM"
"Tg","GCAM_SSP5",2015,24.5184090492347,"OC_emissions","old","GCAM"
"Tg","GCAM_SSP5",2021,23.9508011865621,"OC_emissions","old","GCAM"
"Tg","GCAM_SSP5",2025,24.121822966416,"OC_emissions","old","GCAM"
"Tg","GCAM_SSP5",2030,22.6107585442306,"OC_emissions","old","GCAM"
"Tg","GCAM_SSP5",2035,21.4617479084823,"OC_emissions","old","GCAM"
"Tg","GCAM_SSP5",2040,20.8124155830461,"OC_emissions","old","GCAM"
"Tg","GCAM_SSP5",2045,19.8408371845726,"OC_emissions","old","GCAM"
"Tg","GCAM_SSP5",2050,18.6101533119763,"OC_emissions","old","GCAM"
"Tg","GCAM_SSP5",2055,17.9072614123606,"OC_emissions","old","GCAM"
"Tg","GCAM_SSP5",2060,17.0675512226189,"OC_emissions","old","GCAM"
"Tg","GCAM_SSP5",2065,16.247753505851,"OC_emissions","old","GCAM"
"Tg","GCAM_SSP5",2070,15.4114704795056,"OC_emissions","old","GCAM"
"Tg","GCAM_SSP5",2075,14.6003304139285,"OC_emissions","old","GCAM"
"Tg","GCAM_SSP5",2080,13.8104635435082,"OC_emissions","old","GCAM"
"Tg","GCAM_SSP5",2085,13.1068492061456,"OC_emissions","old","GCAM"
"Tg","GCAM_SSP5",2090,12.4493457641261,"OC_emissions","old","GCAM"
"Tg","GCAM_SSP5",2095,11.9170402852584,"OC_emissions","old","GCAM"
"Tg","GCAM_SSP5",2100,11.3779666897826,"OC_emissions","old","GCAM"
"Gg S","GCAM_SSP5",1990,68294.1401175173,"SO2_emissions","old","GCAM"
"Gg S","GCAM_SSP5",2005,61985.3021332908,"SO2_emissions","old","GCAM"
"Gg S","GCAM_SSP5",2010,53026.2252962766,"SO2_emissions","old","GCAM"
"Gg S","GCAM_SSP5",2015,45373.065483395,"SO2_emissions","old","GCAM"
"Gg S","GCAM_SSP5",2021,36028.7547983023,"SO2_emissions","old","GCAM"
"Gg S","GCAM_SSP5",2025,32458.9549027773,"SO2_emissions","old","GCAM"
"Gg S","GCAM_SSP5",2030,28121.1259433293,"SO2_emissions","old","GCAM"
"Gg S","GCAM_SSP5",2035,25324.9054612047,"SO2_emissions","old","GCAM"
"Gg S","GCAM_SSP5",2040,22812.4892074437,"SO2_emissions","old","GCAM"
"Gg S","GCAM_SSP5",2045,20322.3773608833,"SO2_emissions","old","GCAM"
"Gg S","GCAM_SSP5",2050,17775.3937658771,"SO2_emissions","old","GCAM"
"Gg S","GCAM_SSP5",2055,17130.2571582608,"SO2_emissions","old","GCAM"
"Gg S","GCAM_SSP5",2060,16470.378531957,"SO2_emissions","old","GCAM"
"Gg S","GCAM_SSP5",2065,15844.8781635741,"SO2_emissions","old","GCAM"
"Gg S","GCAM_SSP5",2070,15144.5881415127,"SO2_emissions","old","GCAM"
"Gg S","GCAM_SSP5",2075,14437.8260805427,"SO2_emissions","old","GCAM"
"Gg S","GCAM_SSP5",2080,13688.2972052056,"SO2_emissions","old","GCAM"
"Gg S","GCAM_SSP5",2085,12823.7252382646,"SO2_emissions","old","GCAM"
"Gg S","GCAM_SSP5",2090,11977.4396586781,"SO2_emissions","old","GCAM"
"Gg S","GCAM_SSP5",2095,11173.8240126461,"SO2_emissions","old","GCAM"
"Gg S","GCAM_SSP5",2100,10335.9609824684,"SO2_emissions","old","GCAM"
"Pg C/yr","GCAM_SSP5",1990,6.0233280063794,"ffi_emissions","old","GCAM"
"Pg C/yr","GCAM_SSP5",2005,7.9829449382286,"ffi_emissions","old","GCAM"
"Pg C/yr","GCAM_SSP5",2010,9.07491468390694,"ffi_emissions","old","GCAM"
"Pg C/yr","GCAM_SSP5",2015,9.69313672356527,"ffi_emissions","old","GCAM"
"Pg C/yr","GCAM_SSP5",2021,10.0506041691071,"ffi_emissions","old","GCAM"
"Pg C/yr","GCAM_SSP5",2025,10.8995892911608,"ffi_emissions","old","GCAM"
"Pg C/yr","GCAM_SSP5",2030,11.3295141731602,"ffi_emissions","old","GCAM"
"Pg C/yr","GCAM_SSP5",2035,11.689317151608,"ffi_emissions","old","GCAM"
"Pg C/yr","GCAM_SSP5",2040,12.0685360449434,"ffi_emissions","old","GCAM"
"Pg C/yr","GCAM_SSP5",2045,12.4530456991146,"ffi_emissions","old","GCAM"
"Pg C/yr","GCAM_SSP5",2050,12.814915869456,"ffi_emissions","old","GCAM"
"Pg C/yr","GCAM_SSP5",2055,13.1836718979354,"ffi_emissions","old","GCAM"
"Pg C/yr","GCAM_SSP5",2060,13.656711268623,"ffi_emissions","old","GCAM"
"Pg C/yr","GCAM_SSP5",2065,14.1609284348343,"ffi_emissions","old","GCAM"
"Pg C/yr","GCAM_SSP5",2070,14.6337105629742,"ffi_emissions","old","GCAM"
"Pg C/yr","GCAM_SSP5",2075,15.1001467395067,"ffi_emissions","old","GCAM"
"Pg C/yr","GCAM_SSP5",2080,15.4517899871017,"ffi_emissions","old","GCAM"
"Pg C/yr","GCAM_SSP5",2085,15.6142549428427,"ffi_emissions","old","GCAM"
"Pg C/yr","GCAM_SSP5",2090,15.7615586139663,"ffi_emissions","old","GCAM"
"Pg C/yr","GCAM_SSP5",2095,15.8253481029971,"ffi_emissions","old","GCAM"
"Pg C/yr","GCAM_SSP5",2100,15.8162574344262,"ffi_emissions","old","GCAM"
"Pg C/yr","GCAM_SSP5",1990,0.563518302901509,"luc_emissions","old","GCAM"
"Pg C/yr","GCAM_SSP5",2005,0.210869629720399,"luc_emissions","old","GCAM"
"Pg C/yr","GCAM_SSP5",2010,0.492800075014875,"luc_emissions","old","GCAM"
"Pg C/yr","GCAM_SSP5",2015,0.551397506391166,"luc_emissions","old","GCAM"
"Pg C/yr","GCAM_SSP5",2021,0.211212036851328,"luc_emissions","old","GCAM"
"Pg C/yr","GCAM_SSP5",2025,1.02427211022084,"luc_emissions","old","GCAM"
"Pg C/yr","GCAM_SSP5",2030,0.97054151695802,"luc_emissions","old","GCAM"
"Pg C/yr","GCAM_SSP5",2035,1.16675072257803,"luc_emissions","old","GCAM"
"Pg C/yr","GCAM_SSP5",2040,1.44653899135295,"luc_emissions","old","GCAM"
"Pg C/yr","GCAM_SSP5",2045,1.44326347893382,"luc_emissions","old","GCAM"
"Pg C/yr","GCAM_SSP5",2050,1.29438496981807,"luc_emissions","old","GCAM"
"Pg C/yr","GCAM_SSP5",2055,1.35185921884589,"luc_emissions","old","GCAM"
"Pg C/yr","GCAM_SSP5",2060,1.2430621898744,"luc_emissions","old","GCAM"
"Pg C/yr","GCAM_SSP5",2065,1.08632581044889,"luc_emissions","old","GCAM"
"Pg C/yr","GCAM_SSP5",2070,0.960872347020939,"luc_emissions","old","GCAM"
"Pg C/yr","GCAM_SSP5",2075,0.839733791291691,"luc_emissions","old","GCAM"
"Pg C/yr","GCAM_SSP5",2080,0.745402779402101,"luc_emissions","old","GCAM"
"Pg C/yr","GCAM_SSP5",2085,0.612438145747145,"luc_emissions","old","GCAM"
"Pg C/yr","GCAM_SSP5",2090,0.4119534243297,"luc_emissions","old","GCAM"
"Pg C/yr","GCAM_SSP5",2095,0.311793333043928,"luc_emissions","old","GCAM"
"Pg C/yr","GCAM_SSP5",2100,0.139769586767431,"luc_emissions","old","GCAM"
"PPM","Reference",1976,334.97,"CO2_concentration","old","GCAM"
"PPM","Reference",1977,336.335,"CO2_concentration","old","GCAM"
"PPM","Reference",1978,337.769,"CO2_concentration","old","GCAM"
"PPM","Reference",1979,339.249,"CO2_concentration","old","GCAM"
"PPM","Reference",1980,340.738,"CO2_concentration","old","GCAM"
"PPM","Reference",1981,342.148,"CO2_concentration","old","GCAM"
"PPM","Reference",1982,343.482,"CO2_concentration","old","GCAM"
"PPM","Reference",1983,344.741,"CO2_concentration","old","GCAM"
"PPM","Reference",1984,345.996,"CO2_concentration","old","GCAM"
"PPM","Reference",1985,347.319,"CO2_concentration","old","GCAM"
"PPM","Reference",1986,348.696,"CO2_concentration","old","GCAM"
"PPM","Reference",1987,350.124,"CO2_concentration","old","GCAM"
"PPM","Reference",1988,351.598,"CO2_concentration","old","GCAM"
"PPM","Reference",1989,353.139,"CO2_concentration","old","GCAM"
"PPM","Reference",1990,354.699,"CO2_concentration","old","GCAM"
"PPM","Reference",1991,356.182,"CO2_concentration","old","GCAM"
"PPM","Reference",1992,357.664,"CO2_concentration","old","GCAM"
"PPM","Reference",1993,358.931,"CO2_concentration","old","GCAM"
"PPM","Reference",1994,360.133,"CO2_concentration","old","GCAM"
"PPM","Reference",1995,361.45,"CO2_concentration","old","GCAM"
"PPM","Reference",1996,362.886,"CO2_concentration","old","GCAM"
"PPM","Reference",1997,364.404,"CO2_concentration","old","GCAM"
"PPM","Reference",1998,366.294,"CO2_concentration","old","GCAM"
"PPM","Reference",1999,367.917,"CO2_concentration","old","GCAM"
"PPM","Reference",2000,369.501,"CO2_concentration","old","GCAM"
"PPM","Reference",2001,371.171,"CO2_concentration","old","GCAM"
"PPM","Reference",2002,372.769,"CO2_concentration","old","GCAM"
"PPM","Reference",2003,374.478,"CO2_concentration","old","GCAM"
"PPM","Reference",2004,376.248,"CO2_concentration","old","GCAM"
"PPM","Reference",2005,378.246,"CO2_concentration","old","GCAM"
"PPM","Reference",2006,380.223,"CO2_concentration","old","GCAM"
"PPM","Reference",2007,381.972,"CO2_concentration","old","GCAM"
"PPM","Reference",2008,383.866,"CO2_concentration","old","GCAM"
"PPM","Reference",2009,385.897,"CO2_concentration","old","GCAM"
"PPM","Reference",2010,388.057,"CO2_concentration","old","GCAM"
"PPM","Reference",2011,390.343,"CO2_concentration","old","GCAM"
"PPM","Reference",2012,392.674,"CO2_concentration","old","GCAM"
"PPM","Reference",2013,395.051,"CO2_concentration","old","GCAM"
"PPM","Reference",2014,397.478,"CO2_concentration","old","GCAM"
"PPM","Reference",2015,399.949,"CO2_concentration","old","GCAM"
"PPM","Reference",2016,402.463,"CO2_concentration","old","GCAM"
"PPM","Reference",2017,404.774,"CO2_concentration","old","GCAM"
"PPM","Reference",2018,407.121,"CO2_concentration","old","GCAM"
"PPM","Reference",2019,409.481,"CO2_concentration","old","GCAM"
"PPM","Reference",2020,411.856,"CO2_concentration","old","GCAM"
"PPM","Reference",2021,414.248,"CO2_concentration","old","GCAM"
"PPM","Reference",2022,416.658,"CO2_concentration","old","GCAM"
"PPM","Reference",2023,419.382,"CO2_concentration","old","GCAM"
"PPM","Reference",2024,422.19,"CO2_concentration","old","GCAM"
"PPM","Reference",2025,425.082,"CO2_concentration","old","GCAM"
"PPM","Reference",2026,428.056,"CO2_concentration","old","GCAM"
"PPM","Reference",2027,430.948,"CO2_concentration","old","GCAM"
"PPM","Reference",2028,433.878,"CO2_concentration","old","GCAM"
"PPM","Reference",2029,436.844,"CO2_concentration","old","GCAM"
"PPM","Reference",2030,439.844,"CO2_concentration","old","GCAM"
"PPM","Reference",2031,442.875,"CO2_concentration","old","GCAM"
"PPM","Reference",2032,445.884,"CO2_concentration","old","GCAM"
"PPM","Reference",2033,448.904,"CO2_concentration","old","GCAM"
"PPM","Reference",2034,451.937,"CO2_concentration","old","GCAM"
"PPM","Reference",2035,454.982,"CO2_concentration","old","GCAM"
"PPM","Reference",2036,458.04,"CO2_concentration","old","GCAM"
"PPM","Reference",2037,461.124,"CO2_concentration","old","GCAM"
"PPM","Reference",2038,464.211,"CO2_concentration","old","GCAM"
"PPM","Reference",2039,467.302,"CO2_concentration","old","GCAM"
"PPM","Reference",2040,470.397,"CO2_concentration","old","GCAM"
"PPM","Reference",2041,473.497,"CO2_concentration","old","GCAM"
"PPM","Reference",2042,476.564,"CO2_concentration","old","GCAM"
"PPM","Reference",2043,479.631,"CO2_concentration","old","GCAM"
"PPM","Reference",2044,482.698,"CO2_concentration","old","GCAM"
"PPM","Reference",2045,485.766,"CO2_concentration","old","GCAM"
"PPM","Reference",2046,488.835,"CO2_concentration","old","GCAM"
"PPM","Reference",2047,491.898,"CO2_concentration","old","GCAM"
"PPM","Reference",2048,494.962,"CO2_concentration","old","GCAM"
"PPM","Reference",2049,498.027,"CO2_concentration","old","GCAM"
"PPM","Reference",2050,501.093,"CO2_concentration","old","GCAM"
"PPM","Reference",2051,504.162,"CO2_concentration","old","GCAM"
"PPM","Reference",2052,507.31,"CO2_concentration","old","GCAM"
"PPM","Reference",2053,510.468,"CO2_concentration","old","GCAM"
"PPM","Reference",2054,513.638,"CO2_concentration","old","GCAM"
"PPM","Reference",2055,516.819,"CO2_concentration","old","GCAM"
"PPM","Reference",2056,520.012,"CO2_concentration","old","GCAM"
"PPM","Reference",2057,523.218,"CO2_concentration","old","GCAM"
"PPM","Reference",2058,526.451,"CO2_concentration","old","GCAM"
"PPM","Reference",2059,529.71,"CO2_concentration","old","GCAM"
"PPM","Reference",2060,532.997,"CO2_concentration","old","GCAM"
"PPM","Reference",2061,536.311,"CO2_concentration","old","GCAM"
"PPM","Reference",2062,539.594,"CO2_concentration","old","GCAM"
"PPM","Reference",2063,542.906,"CO2_concentration","old","GCAM"
"PPM","Reference",2064,546.248,"CO2_concentration","old","GCAM"
"PPM","Reference",2065,549.621,"CO2_concentration","old","GCAM"
"PPM","Reference",2066,553.024,"CO2_concentration","old","GCAM"
"PPM","Reference",2067,556.417,"CO2_concentration","old","GCAM"
"PPM","Reference",2068,559.838,"CO2_concentration","old","GCAM"
"PPM","Reference",2069,563.288,"CO2_concentration","old","GCAM"
"PPM","Reference",2070,566.767,"CO2_concentration","old","GCAM"
"PPM","Reference",2071,570.276,"CO2_concentration","old","GCAM"
"PPM","Reference",2072,573.779,"CO2_concentration","old","GCAM"
"PPM","Reference",2073,577.313,"CO2_concentration","old","GCAM"
"PPM","Reference",2074,580.878,"CO2_concentration","old","GCAM"
"PPM","Reference",2075,584.472,"CO2_concentration","old","GCAM"
"PPM","Reference",2076,588.097,"CO2_concentration","old","GCAM"
"PPM","Reference",2077,591.721,"CO2_concentration","old","GCAM"
"PPM","Reference",2078,595.364,"CO2_concentration","old","GCAM"
"PPM","Reference",2079,599.027,"CO2_concentration","old","GCAM"
"PPM","Reference",2080,602.71,"CO2_concentration","old","GCAM"
"PPM","Reference",2081,606.413,"CO2_concentration","old","GCAM"
"PPM","Reference",2082,610.087,"CO2_concentration","old","GCAM"
"PPM","Reference",2083,613.767,"CO2_concentration","old","GCAM"
"PPM","Reference",2084,617.454,"CO2_concentration","old","GCAM"
"PPM","Reference",2085,621.15,"CO2_concentration","old","GCAM"
"PPM","Reference",2086,624.855,"CO2_concentration","old","GCAM"
"PPM","Reference",2087,628.515,"CO2_concentration","old","GCAM"
"PPM","Reference",2088,632.19,"CO2_concentration","old","GCAM"
"PPM","Reference",2089,635.881,"CO2_concentration","old","GCAM"
"PPM","Reference",2090,639.587,"CO2_concentration","old","GCAM"
"PPM","Reference",2091,643.309,"CO2_concentration","old","GCAM"
"PPM","Reference",2092,646.995,"CO2_concentration","old","GCAM"
"PPM","Reference",2093,650.691,"CO2_concentration","old","GCAM"
"PPM","Reference",2094,654.398,"CO2_concentration","old","GCAM"
"PPM","Reference",2095,658.117,"CO2_concentration","old","GCAM"
"PPM","Reference",2096,661.849,"CO2_concentration","old","GCAM"
"PPM","Reference",2097,665.554,"CO2_concentration","old","GCAM"
"PPM","Reference",2098,669.266,"CO2_concentration","old","GCAM"
"PPM","Reference",2099,672.986,"CO2_concentration","old","GCAM"
"PPM","Reference",2100,676.715,"CO2_concentration","old","GCAM"
"W/m^2","Reference",1976,-0.976163,"RF_aci","old","GCAM"
"W/m^2","Reference",1977,-0.983358,"RF_aci","old","GCAM"
"W/m^2","Reference",1978,-0.995526,"RF_aci","old","GCAM"
"W/m^2","Reference",1979,-1.00941,"RF_aci","old","GCAM"
"W/m^2","Reference",1980,-1.00574,"RF_aci","old","GCAM"
"W/m^2","Reference",1981,-0.980879,"RF_aci","old","GCAM"
"W/m^2","Reference",1982,-1.01212,"RF_aci","old","GCAM"
"W/m^2","Reference",1983,-0.95573,"RF_aci","old","GCAM"
"W/m^2","Reference",1984,-0.975326,"RF_aci","old","GCAM"
"W/m^2","Reference",1985,-0.983952,"RF_aci","old","GCAM"
"W/m^2","Reference",1986,-0.98595,"RF_aci","old","GCAM"
"W/m^2","Reference",1987,-1.01525,"RF_aci","old","GCAM"
"W/m^2","Reference",1988,-1.02214,"RF_aci","old","GCAM"
"W/m^2","Reference",1989,-1.01192,"RF_aci","old","GCAM"
"W/m^2","Reference",1990,-1.02357,"RF_aci","old","GCAM"
"W/m^2","Reference",1991,-1.10085,"RF_aci","old","GCAM"
"W/m^2","Reference",1992,-0.986158,"RF_aci","old","GCAM"
"W/m^2","Reference",1993,-0.994766,"RF_aci","old","GCAM"
"W/m^2","Reference",1994,-1.04225,"RF_aci","old","GCAM"
"W/m^2","Reference",1995,-0.991361,"RF_aci","old","GCAM"
"W/m^2","Reference",1996,-0.968846,"RF_aci","old","GCAM"
"W/m^2","Reference",1997,-1.08535,"RF_aci","old","GCAM"
"W/m^2","Reference",1998,-1.0693,"RF_aci","old","GCAM"
"W/m^2","Reference",1999,-0.948405,"RF_aci","old","GCAM"
"W/m^2","Reference",2000,-0.918149,"RF_aci","old","GCAM"
"W/m^2","Reference",2001,-0.922392,"RF_aci","old","GCAM"
"W/m^2","Reference",2002,-0.992604,"RF_aci","old","GCAM"
"W/m^2","Reference",2003,-1.01991,"RF_aci","old","GCAM"
"W/m^2","Reference",2004,-1.0263,"RF_aci","old","GCAM"
"W/m^2","Reference",2005,-1.0263,"RF_aci","old","GCAM"
"W/m^2","Reference",2006,-0.993028,"RF_aci","old","GCAM"
"W/m^2","Reference",2007,-0.95926,"RF_aci","old","GCAM"
"W/m^2","Reference",2008,-0.924983,"RF_aci","old","GCAM"
"W/m^2","Reference",2009,-0.890184,"RF_aci","old","GCAM"
"W/m^2","Reference",2010,-0.854845,"RF_aci","old","GCAM"
"W/m^2","Reference",2011,-0.837857,"RF_aci","old","GCAM"
"W/m^2","Reference",2012,-0.820742,"RF_aci","old","GCAM"
"W/m^2","Reference",2013,-0.803497,"RF_aci","old","GCAM"
"W/m^2","Reference",2014,-0.786121,"RF_aci","old","GCAM"
"W/m^2","Reference",2015,-0.768611,"RF_aci","old","GCAM"
"W/m^2","Reference",2016,-0.749967,"RF_aci","old","GCAM"
"W/m^2","Reference",2017,-0.731169,"RF_aci","old","GCAM"
"W/m^2","Reference",2018,-0.712215,"RF_aci","old","GCAM"
"W/m^2","Reference",2019,-0.693102,"RF_aci","old","GCAM"
"W/m^2","Reference",2020,-0.673827,"RF_aci","old","GCAM"
"W/m^2","Reference",2021,-0.654388,"RF_aci","old","GCAM"
"W/m^2","Reference",2022,-0.650606,"RF_aci","old","GCAM"
"W/m^2","Reference",2023,-0.646817,"RF_aci","old","GCAM"
"W/m^2","Reference",2024,-0.643022,"RF_aci","old","GCAM"
"W/m^2","Reference",2025,-0.639221,"RF_aci","old","GCAM"
"W/m^2","Reference",2026,-0.627204,"RF_aci","old","GCAM"
"W/m^2","Reference",2027,-0.615124,"RF_aci","old","GCAM"
"W/m^2","Reference",2028,-0.602979,"RF_aci","old","GCAM"
"W/m^2","Reference",2029,-0.590769,"RF_aci","old","GCAM"
"W/m^2","Reference",2030,-0.578493,"RF_aci","old","GCAM"
"W/m^2","Reference",2031,-0.569937,"RF_aci","old","GCAM"
"W/m^2","Reference",2032,-0.561349,"RF_aci","old","GCAM"
"W/m^2","Reference",2033,-0.552728,"RF_aci","old","GCAM"
"W/m^2","Reference",2034,-0.544074,"RF_aci","old","GCAM"
"W/m^2","Reference",2035,-0.535388,"RF_aci","old","GCAM"
"W/m^2","Reference",2036,-0.530229,"RF_aci","old","GCAM"
"W/m^2","Reference",2037,-0.525059,"RF_aci","old","GCAM"
"W/m^2","Reference",2038,-0.519878,"RF_aci","old","GCAM"
"W/m^2","Reference",2039,-0.514684,"RF_aci","old","GCAM"
"W/m^2","Reference",2040,-0.509479,"RF_aci","old","GCAM"
"W/m^2","Reference",2041,-0.505225,"RF_aci","old","GCAM"
"W/m^2","Reference",2042,-0.500962,"RF_aci","old","GCAM"
"W/m^2","Reference",2043,-0.496692,"RF_aci","old","GCAM"
"W/m^2","Reference",2044,-0.492413,"RF_aci","old","GCAM"
"W/m^2","Reference",2045,-0.488127,"RF_aci","old","GCAM"
"W/m^2","Reference",2046,-0.484167,"RF_aci","old","GCAM"
"W/m^2","Reference",2047,-0.4802,"RF_aci","old","GCAM"
"W/m^2","Reference",2048,-0.476226,"RF_aci","old","GCAM"
"W/m^2","Reference",2049,-0.472245,"RF_aci","old","GCAM"
"W/m^2","Reference",2050,-0.468257,"RF_aci","old","GCAM"
"W/m^2","Reference",2051,-0.465692,"RF_aci","old","GCAM"
"W/m^2","Reference",2052,-0.463123,"RF_aci","old","GCAM"
"W/m^2","Reference",2053,-0.460552,"RF_aci","old","GCAM"
"W/m^2","Reference",2054,-0.457978,"RF_aci","old","GCAM"
"W/m^2","Reference",2055,-0.455401,"RF_aci","old","GCAM"
"W/m^2","Reference",2056,-0.453698,"RF_aci","old","GCAM"
"W/m^2","Reference",2057,-0.451993,"RF_aci","old","GCAM"
"W/m^2","Reference",2058,-0.450288,"RF_aci","old","GCAM"
"W/m^2","Reference",2059,-0.448581,"RF_aci","old","GCAM"
"W/m^2","Reference",2060,-0.446873,"RF_aci","old","GCAM"
"W/m^2","Reference",2061,-0.445441,"RF_aci","old","GCAM"
"W/m^2","Reference",2062,-0.444008,"RF_aci","old","GCAM"
"W/m^2","Reference",2063,-0.442574,"RF_aci","old","GCAM"
"W/m^2","Reference",2064,-0.441139,"RF_aci","old","GCAM"
"W/m^2","Reference",2065,-0.439703,"RF_aci","old","GCAM"
"W/m^2","Reference",2066,-0.438292,"RF_aci","old","GCAM"
"W/m^2","Reference",2067,-0.436881,"RF_aci","old","GCAM"
"W/m^2","Reference",2068,-0.435468,"RF_aci","old","GCAM"
"W/m^2","Reference",2069,-0.434054,"RF_aci","old","GCAM"
"W/m^2","Reference",2070,-0.43264,"RF_aci","old","GCAM"
"W/m^2","Reference",2071,-0.431196,"RF_aci","old","GCAM"
"W/m^2","Reference",2072,-0.429751,"RF_aci","old","GCAM"
"W/m^2","Reference",2073,-0.428306,"RF_aci","old","GCAM"
"W/m^2","Reference",2074,-0.426859,"RF_aci","old","GCAM"
"W/m^2","Reference",2075,-0.425411,"RF_aci","old","GCAM"
"W/m^2","Reference",2076,-0.423761,"RF_aci","old","GCAM"
"W/m^2","Reference",2077,-0.422109,"RF_aci","old","GCAM"
"W/m^2","Reference",2078,-0.420456,"RF_aci","old","GCAM"
"W/m^2","Reference",2079,-0.418802,"RF_aci","old","GCAM"
"W/m^2","Reference",2080,-0.417147,"RF_aci","old","GCAM"
"W/m^2","Reference",2081,-0.41447,"RF_aci","old","GCAM"
"W/m^2","Reference",2082,-0.411789,"RF_aci","old","GCAM"
"W/m^2","Reference",2083,-0.409106,"RF_aci","old","GCAM"
"W/m^2","Reference",2084,-0.406419,"RF_aci","old","GCAM"
"W/m^2","Reference",2085,-0.403729,"RF_aci","old","GCAM"
"W/m^2","Reference",2086,-0.401259,"RF_aci","old","GCAM"
"W/m^2","Reference",2087,-0.398787,"RF_aci","old","GCAM"
"W/m^2","Reference",2088,-0.396311,"RF_aci","old","GCAM"
"W/m^2","Reference",2089,-0.393833,"RF_aci","old","GCAM"
"W/m^2","Reference",2090,-0.391352,"RF_aci","old","GCAM"
"W/m^2","Reference",2091,-0.388754,"RF_aci","old","GCAM"
"W/m^2","Reference",2092,-0.386154,"RF_aci","old","GCAM"
"W/m^2","Reference",2093,-0.38355,"RF_aci","old","GCAM"
"W/m^2","Reference",2094,-0.380943,"RF_aci","old","GCAM"
"W/m^2","Reference",2095,-0.378333,"RF_aci","old","GCAM"
"W/m^2","Reference",2096,-0.375473,"RF_aci","old","GCAM"
"W/m^2","Reference",2097,-0.37261,"RF_aci","old","GCAM"
"W/m^2","Reference",2098,-0.369743,"RF_aci","old","GCAM"
"W/m^2","Reference",2099,-0.366872,"RF_aci","old","GCAM"
"W/m^2","Reference",2100,-0.363998,"RF_aci","old","GCAM"
"W/m^2","Reference",1976,-0.0573955,"RF_OC","old","GCAM"
"W/m^2","Reference",1977,-0.0572771,"RF_OC","old","GCAM"
"W/m^2","Reference",1978,-0.0613297,"RF_OC","old","GCAM"
"W/m^2","Reference",1979,-0.0625645,"RF_OC","old","GCAM"
"W/m^2","Reference",1980,-0.0626931,"RF_OC","old","GCAM"
"W/m^2","Reference",1981,-0.0603913,"RF_OC","old","GCAM"
"W/m^2","Reference",1982,-0.0821686,"RF_OC","old","GCAM"
"W/m^2","Reference",1983,-0.0577402,"RF_OC","old","GCAM"
"W/m^2","Reference",1984,-0.0632937,"RF_OC","old","GCAM"
"W/m^2","Reference",1985,-0.0665367,"RF_OC","old","GCAM"
"W/m^2","Reference",1986,-0.0670472,"RF_OC","old","GCAM"
"W/m^2","Reference",1987,-0.0756312,"RF_OC","old","GCAM"
"W/m^2","Reference",1988,-0.0752032,"RF_OC","old","GCAM"
"W/m^2","Reference",1989,-0.0697337,"RF_OC","old","GCAM"
"W/m^2","Reference",1990,-0.0763584,"RF_OC","old","GCAM"
"W/m^2","Reference",1991,-0.121398,"RF_OC","old","GCAM"
"W/m^2","Reference",1992,-0.0717684,"RF_OC","old","GCAM"
"W/m^2","Reference",1993,-0.0811614,"RF_OC","old","GCAM"
"W/m^2","Reference",1994,-0.113379,"RF_OC","old","GCAM"
"W/m^2","Reference",1995,-0.0914154,"RF_OC","old","GCAM"
"W/m^2","Reference",1996,-0.0850005,"RF_OC","old","GCAM"
"W/m^2","Reference",1997,-0.146683,"RF_OC","old","GCAM"
"W/m^2","Reference",1998,-0.143293,"RF_OC","old","GCAM"
"W/m^2","Reference",1999,-0.0961168,"RF_OC","old","GCAM"
"W/m^2","Reference",2000,-0.0803091,"RF_OC","old","GCAM"
"W/m^2","Reference",2001,-0.0796429,"RF_OC","old","GCAM"
"W/m^2","Reference",2002,-0.117639,"RF_OC","old","GCAM"
"W/m^2","Reference",2003,-0.121188,"RF_OC","old","GCAM"
"W/m^2","Reference",2004,-0.10817,"RF_OC","old","GCAM"
"W/m^2","Reference",2005,-0.10817,"RF_OC","old","GCAM"
"W/m^2","Reference",2006,-0.0985456,"RF_OC","old","GCAM"
"W/m^2","Reference",2007,-0.0889216,"RF_OC","old","GCAM"
"W/m^2","Reference",2008,-0.0792976,"RF_OC","old","GCAM"
"W/m^2","Reference",2009,-0.0696736,"RF_OC","old","GCAM"
"W/m^2","Reference",2010,-0.0600496,"RF_OC","old","GCAM"
"W/m^2","Reference",2011,-0.0598656,"RF_OC","old","GCAM"
"W/m^2","Reference",2012,-0.0596816,"RF_OC","old","GCAM"
"W/m^2","Reference",2013,-0.0594975,"RF_OC","old","GCAM"
"W/m^2","Reference",2014,-0.0593135,"RF_OC","old","GCAM"
"W/m^2","Reference",2015,-0.0591295,"RF_OC","old","GCAM"
"W/m^2","Reference",2016,-0.0586047,"RF_OC","old","GCAM"
"W/m^2","Reference",2017,-0.0580798,"RF_OC","old","GCAM"
"W/m^2","Reference",2018,-0.057555,"RF_OC","old","GCAM"
"W/m^2","Reference",2019,-0.0570301,"RF_OC","old","GCAM"
"W/m^2","Reference",2020,-0.0565053,"RF_OC","old","GCAM"
"W/m^2","Reference",2021,-0.0559805,"RF_OC","old","GCAM"
"W/m^2","Reference",2022,-0.0579853,"RF_OC","old","GCAM"
"W/m^2","Reference",2023,-0.0599902,"RF_OC","old","GCAM"
"W/m^2","Reference",2024,-0.061995,"RF_OC","old","GCAM"
"W/m^2","Reference",2025,-0.0639999,"RF_OC","old","GCAM"
"W/m^2","Reference",2026,-0.0617241,"RF_OC","old","GCAM"
"W/m^2","Reference",2027,-0.0594484,"RF_OC","old","GCAM"
"W/m^2","Reference",2028,-0.0571727,"RF_OC","old","GCAM"
"W/m^2","Reference",2029,-0.0548969,"RF_OC","old","GCAM"
"W/m^2","Reference",2030,-0.0526212,"RF_OC","old","GCAM"
"W/m^2","Reference",2031,-0.0515359,"RF_OC","old","GCAM"
"W/m^2","Reference",2032,-0.0504506,"RF_OC","old","GCAM"
"W/m^2","Reference",2033,-0.0493654,"RF_OC","old","GCAM"
"W/m^2","Reference",2034,-0.0482801,"RF_OC","old","GCAM"
"W/m^2","Reference",2035,-0.0471948,"RF_OC","old","GCAM"
"W/m^2","Reference",2036,-0.0466851,"RF_OC","old","GCAM"
"W/m^2","Reference",2037,-0.0461754,"RF_OC","old","GCAM"
"W/m^2","Reference",2038,-0.0456657,"RF_OC","old","GCAM"
"W/m^2","Reference",2039,-0.045156,"RF_OC","old","GCAM"
"W/m^2","Reference",2040,-0.0446463,"RF_OC","old","GCAM"
"W/m^2","Reference",2041,-0.0440584,"RF_OC","old","GCAM"
"W/m^2","Reference",2042,-0.0434705,"RF_OC","old","GCAM"
"W/m^2","Reference",2043,-0.0428826,"RF_OC","old","GCAM"
"W/m^2","Reference",2044,-0.0422947,"RF_OC","old","GCAM"
"W/m^2","Reference",2045,-0.0417068,"RF_OC","old","GCAM"
"W/m^2","Reference",2046,-0.0411196,"RF_OC","old","GCAM"
"W/m^2","Reference",2047,-0.0405324,"RF_OC","old","GCAM"
"W/m^2","Reference",2048,-0.0399451,"RF_OC","old","GCAM"
"W/m^2","Reference",2049,-0.0393579,"RF_OC","old","GCAM"
"W/m^2","Reference",2050,-0.0387707,"RF_OC","old","GCAM"
"W/m^2","Reference",2051,-0.0385625,"RF_OC","old","GCAM"
"W/m^2","Reference",2052,-0.0383543,"RF_OC","old","GCAM"
"W/m^2","Reference",2053,-0.0381462,"RF_OC","old","GCAM"
"W/m^2","Reference",2054,-0.037938,"RF_OC","old","GCAM"
"W/m^2","Reference",2055,-0.0377298,"RF_OC","old","GCAM"
"W/m^2","Reference",2056,-0.0373923,"RF_OC","old","GCAM"
"W/m^2","Reference",2057,-0.0370548,"RF_OC","old","GCAM"
"W/m^2","Reference",2058,-0.0367173,"RF_OC","old","GCAM"
"W/m^2","Reference",2059,-0.0363798,"RF_OC","old","GCAM"
"W/m^2","Reference",2060,-0.0360423,"RF_OC","old","GCAM"
"W/m^2","Reference",2061,-0.0355901,"RF_OC","old","GCAM"
"W/m^2","Reference",2062,-0.0351379,"RF_OC","old","GCAM"
"W/m^2","Reference",2063,-0.0346857,"RF_OC","old","GCAM"
"W/m^2","Reference",2064,-0.0342334,"RF_OC","old","GCAM"
"W/m^2","Reference",2065,-0.0337812,"RF_OC","old","GCAM"
"W/m^2","Reference",2066,-0.033318,"RF_OC","old","GCAM"
"W/m^2","Reference",2067,-0.0328548,"RF_OC","old","GCAM"
"W/m^2","Reference",2068,-0.0323916,"RF_OC","old","GCAM"
"W/m^2","Reference",2069,-0.0319284,"RF_OC","old","GCAM"
"W/m^2","Reference",2070,-0.0314652,"RF_OC","old","GCAM"
"W/m^2","Reference",2071,-0.0309674,"RF_OC","old","GCAM"
"W/m^2","Reference",2072,-0.0304695,"RF_OC","old","GCAM"
"W/m^2","Reference",2073,-0.0299717,"RF_OC","old","GCAM"
"W/m^2","Reference",2074,-0.0294738,"RF_OC","old","GCAM"
"W/m^2","Reference",2075,-0.028976,"RF_OC","old","GCAM"
"W/m^2","Reference",2076,-0.0284599,"RF_OC","old","GCAM"
"W/m^2","Reference",2077,-0.0279439,"RF_OC","old","GCAM"
"W/m^2","Reference",2078,-0.0274278,"RF_OC","old","GCAM"
"W/m^2","Reference",2079,-0.0269118,"RF_OC","old","GCAM"
"W/m^2","Reference",2080,-0.0263957,"RF_OC","old","GCAM"
"W/m^2","Reference",2081,-0.0258492,"RF_OC","old","GCAM"
"W/m^2","Reference",2082,-0.0253027,"RF_OC","old","GCAM"
"W/m^2","Reference",2083,-0.0247562,"RF_OC","old","GCAM"
"W/m^2","Reference",2084,-0.0242096,"RF_OC","old","GCAM"
"W/m^2","Reference",2085,-0.0236631,"RF_OC","old","GCAM"
"W/m^2","Reference",2086,-0.0231117,"RF_OC","old","GCAM"
"W/m^2","Reference",2087,-0.0225602,"RF_OC","old","GCAM"
"W/m^2","Reference",2088,-0.0220088,"RF_OC","old","GCAM"
"W/m^2","Reference",2089,-0.0214573,"RF_OC","old","GCAM"
"W/m^2","Reference",2090,-0.0209059,"RF_OC","old","GCAM"
"W/m^2","Reference",2091,-0.0203359,"RF_OC","old","GCAM"
"W/m^2","Reference",2092,-0.0197659,"RF_OC","old","GCAM"
"W/m^2","Reference",2093,-0.0191958,"RF_OC","old","GCAM"
"W/m^2","Reference",2094,-0.0186258,"RF_OC","old","GCAM"
"W/m^2","Reference",2095,-0.0180558,"RF_OC","old","GCAM"
"W/m^2","Reference",2096,-0.0175148,"RF_OC","old","GCAM"
"W/m^2","Reference",2097,-0.0169738,"RF_OC","old","GCAM"
"W/m^2","Reference",2098,-0.0164329,"RF_OC","old","GCAM"
"W/m^2","Reference",2099,-0.0158919,"RF_OC","old","GCAM"
"W/m^2","Reference",2100,-0.0153509,"RF_OC","old","GCAM"
"W/m^2","Reference",1976,0.032349,"RF_H2O_strat","old","GCAM"
"W/m^2","Reference",1977,0.0329131,"RF_H2O_strat","old","GCAM"
"W/m^2","Reference",1978,0.0334511,"RF_H2O_strat","old","GCAM"
"W/m^2","Reference",1979,0.0340049,"RF_H2O_strat","old","GCAM"
"W/m^2","Reference",1980,0.0345282,"RF_H2O_strat","old","GCAM"
"W/m^2","Reference",1981,0.0349403,"RF_H2O_strat","old","GCAM"
"W/m^2","Reference",1982,0.0355625,"RF_H2O_strat","old","GCAM"
"W/m^2","Reference",1983,0.0359063,"RF_H2O_strat","old","GCAM"
"W/m^2","Reference",1984,0.0362715,"RF_H2O_strat","old","GCAM"
"W/m^2","Reference",1985,0.0366091,"RF_H2O_strat","old","GCAM"
"W/m^2","Reference",1986,0.0370032,"RF_H2O_strat","old","GCAM"
"W/m^2","Reference",1987,0.0374405,"RF_H2O_strat","old","GCAM"
"W/m^2","Reference",1988,0.0378441,"RF_H2O_strat","old","GCAM"
"W/m^2","Reference",1989,0.0382267,"RF_H2O_strat","old","GCAM"
"W/m^2","Reference",1990,0.0386362,"RF_H2O_strat","old","GCAM"
"W/m^2","Reference",1991,0.0394549,"RF_H2O_strat","old","GCAM"
"W/m^2","Reference",1992,0.0396023,"RF_H2O_strat","old","GCAM"
"W/m^2","Reference",1993,0.0397321,"RF_H2O_strat","old","GCAM"
"W/m^2","Reference",1994,0.0401774,"RF_H2O_strat","old","GCAM"
"W/m^2","Reference",1995,0.0403317,"RF_H2O_strat","old","GCAM"
"W/m^2","Reference",1996,0.0404678,"RF_H2O_strat","old","GCAM"
"W/m^2","Reference",1997,0.0413577,"RF_H2O_strat","old","GCAM"
"W/m^2","Reference",1998,0.0417024,"RF_H2O_strat","old","GCAM"
"W/m^2","Reference",1999,0.0417624,"RF_H2O_strat","old","GCAM"
"W/m^2","Reference",2000,0.0417421,"RF_H2O_strat","old","GCAM"
"W/m^2","Reference",2001,0.0417688,"RF_H2O_strat","old","GCAM"
"W/m^2","Reference",2002,0.0420783,"RF_H2O_strat","old","GCAM"
"W/m^2","Reference",2003,0.0423898,"RF_H2O_strat","old","GCAM"
"W/m^2","Reference",2004,0.0427806,"RF_H2O_strat","old","GCAM"
"W/m^2","Reference",2005,0.0431361,"RF_H2O_strat","old","GCAM"
"W/m^2","Reference",2006,0.0434193,"RF_H2O_strat","old","GCAM"
"W/m^2","Reference",2007,0.043636,"RF_H2O_strat","old","GCAM"
"W/m^2","Reference",2008,0.0437931,"RF_H2O_strat","old","GCAM"
"W/m^2","Reference",2009,0.0438972,"RF_H2O_strat","old","GCAM"
"W/m^2","Reference",2010,0.0439543,"RF_H2O_strat","old","GCAM"
"W/m^2","Reference",2011,0.0440635,"RF_H2O_strat","old","GCAM"
"W/m^2","Reference",2012,0.0442218,"RF_H2O_strat","old","GCAM"
"W/m^2","Reference",2013,0.0444224,"RF_H2O_strat","old","GCAM"
"W/m^2","Reference",2014,0.0446631,"RF_H2O_strat","old","GCAM"
"W/m^2","Reference",2015,0.0449404,"RF_H2O_strat","old","GCAM"
"W/m^2","Reference",2016,0.0452419,"RF_H2O_strat","old","GCAM"
"W/m^2","Reference",2017,0.0455652,"RF_H2O_strat","old","GCAM"
"W/m^2","Reference",2018,0.0459081,"RF_H2O_strat","old","GCAM"
"W/m^2","Reference",2019,0.0462686,"RF_H2O_strat","old","GCAM"
"W/m^2","Reference",2020,0.046645,"RF_H2O_strat","old","GCAM"
"W/m^2","Reference",2021,0.0470357,"RF_H2O_strat","old","GCAM"
"W/m^2","Reference",2022,0.0475172,"RF_H2O_strat","old","GCAM"
"W/m^2","Reference",2023,0.0480807,"RF_H2O_strat","old","GCAM"
"W/m^2","Reference",2024,0.0487173,"RF_H2O_strat","old","GCAM"
"W/m^2","Reference",2025,0.0494202,"RF_H2O_strat","old","GCAM"
"W/m^2","Reference",2026,0.0501244,"RF_H2O_strat","old","GCAM"
"W/m^2","Reference",2027,0.0508308,"RF_H2O_strat","old","GCAM"
"W/m^2","Reference",2028,0.05154,"RF_H2O_strat","old","GCAM"
"W/m^2","Reference",2029,0.0522522,"RF_H2O_strat","old","GCAM"
"W/m^2","Reference",2030,0.0529676,"RF_H2O_strat","old","GCAM"
"W/m^2","Reference",2031,0.0536878,"RF_H2O_strat","old","GCAM"
"W/m^2","Reference",2032,0.0544127,"RF_H2O_strat","old","GCAM"
"W/m^2","Reference",2033,0.0551422,"RF_H2O_strat","old","GCAM"
"W/m^2","Reference",2034,0.0558762,"RF_H2O_strat","old","GCAM"
"W/m^2","Reference",2035,0.0566146,"RF_H2O_strat","old","GCAM"
"W/m^2","Reference",2036,0.0573498,"RF_H2O_strat","old","GCAM"
"W/m^2","Reference",2037,0.0580824,"RF_H2O_strat","old","GCAM"
"W/m^2","Reference",2038,0.0588127,"RF_H2O_strat","old","GCAM"
"W/m^2","Reference",2039,0.0595412,"RF_H2O_strat","old","GCAM"
"W/m^2","Reference",2040,0.0602683,"RF_H2O_strat","old","GCAM"
"W/m^2","Reference",2041,0.06098,"RF_H2O_strat","old","GCAM"
"W/m^2","Reference",2042,0.0616778,"RF_H2O_strat","old","GCAM"
"W/m^2","Reference",2043,0.0623632,"RF_H2O_strat","old","GCAM"
"W/m^2","Reference",2044,0.0630374,"RF_H2O_strat","old","GCAM"
"W/m^2","Reference",2045,0.0637014,"RF_H2O_strat","old","GCAM"
"W/m^2","Reference",2046,0.0643638,"RF_H2O_strat","old","GCAM"
"W/m^2","Reference",2047,0.0650248,"RF_H2O_strat","old","GCAM"
"W/m^2","Reference",2048,0.0656846,"RF_H2O_strat","old","GCAM"
"W/m^2","Reference",2049,0.0663435,"RF_H2O_strat","old","GCAM"
"W/m^2","Reference",2050,0.0670014,"RF_H2O_strat","old","GCAM"
"W/m^2","Reference",2051,0.0676605,"RF_H2O_strat","old","GCAM"
"W/m^2","Reference",2052,0.0683207,"RF_H2O_strat","old","GCAM"
"W/m^2","Reference",2053,0.0689819,"RF_H2O_strat","old","GCAM"
"W/m^2","Reference",2054,0.0696442,"RF_H2O_strat","old","GCAM"
"W/m^2","Reference",2055,0.0703075,"RF_H2O_strat","old","GCAM"
"W/m^2","Reference",2056,0.0709722,"RF_H2O_strat","old","GCAM"
"W/m^2","Reference",2057,0.0716381,"RF_H2O_strat","old","GCAM"
"W/m^2","Reference",2058,0.0723053,"RF_H2O_strat","old","GCAM"
"W/m^2","Reference",2059,0.0729736,"RF_H2O_strat","old","GCAM"
"W/m^2","Reference",2060,0.073643,"RF_H2O_strat","old","GCAM"
"W/m^2","Reference",2061,0.0743108,"RF_H2O_strat","old","GCAM"
"W/m^2","Reference",2062,0.0749772,"RF_H2O_strat","old","GCAM"
"W/m^2","Reference",2063,0.0756424,"RF_H2O_strat","old","GCAM"
"W/m^2","Reference",2064,0.0763065,"RF_H2O_strat","old","GCAM"
"W/m^2","Reference",2065,0.0769696,"RF_H2O_strat","old","GCAM"
"W/m^2","Reference",2066,0.0776249,"RF_H2O_strat","old","GCAM"
"W/m^2","Reference",2067,0.078273,"RF_H2O_strat","old","GCAM"
"W/m^2","Reference",2068,0.0789148,"RF_H2O_strat","old","GCAM"
"W/m^2","Reference",2069,0.0795506,"RF_H2O_strat","old","GCAM"
"W/m^2","Reference",2070,0.080181,"RF_H2O_strat","old","GCAM"
"W/m^2","Reference",2071,0.0808034,"RF_H2O_strat","old","GCAM"
"W/m^2","Reference",2072,0.0814184,"RF_H2O_strat","old","GCAM"
"W/m^2","Reference",2073,0.0820267,"RF_H2O_strat","old","GCAM"
"W/m^2","Reference",2074,0.0826288,"RF_H2O_strat","old","GCAM"
"W/m^2","Reference",2075,0.0832253,"RF_H2O_strat","old","GCAM"
"W/m^2","Reference",2076,0.08381,"RF_H2O_strat","old","GCAM"
"W/m^2","Reference",2077,0.084384,"RF_H2O_strat","old","GCAM"
"W/m^2","Reference",2078,0.0849481,"RF_H2O_strat","old","GCAM"
"W/m^2","Reference",2079,0.0855031,"RF_H2O_strat","old","GCAM"
"W/m^2","Reference",2080,0.0860499,"RF_H2O_strat","old","GCAM"
"W/m^2","Reference",2081,0.0865821,"RF_H2O_strat","old","GCAM"
"W/m^2","Reference",2082,0.087101,"RF_H2O_strat","old","GCAM"
"W/m^2","Reference",2083,0.0876077,"RF_H2O_strat","old","GCAM"
"W/m^2","Reference",2084,0.0881031,"RF_H2O_strat","old","GCAM"
"W/m^2","Reference",2085,0.0885883,"RF_H2O_strat","old","GCAM"
"W/m^2","Reference",2086,0.0890547,"RF_H2O_strat","old","GCAM"
"W/m^2","Reference",2087,0.0895038,"RF_H2O_strat","old","GCAM"
"W/m^2","Reference",2088,0.0899371,"RF_H2O_strat","old","GCAM"
"W/m^2","Reference",2089,0.0903558,"RF_H2O_strat","old","GCAM"
"W/m^2","Reference",2090,0.0907611,"RF_H2O_strat","old","GCAM"
"W/m^2","Reference",2091,0.0911509,"RF_H2O_strat","old","GCAM"
"W/m^2","Reference",2092,0.0915267,"RF_H2O_strat","old","GCAM"
"W/m^2","Reference",2093,0.0918894,"RF_H2O_strat","old","GCAM"
"W/m^2","Reference",2094,0.0922401,"RF_H2O_strat","old","GCAM"
"W/m^2","Reference",2095,0.0925797,"RF_H2O_strat","old","GCAM"
"W/m^2","Reference",2096,0.092907,"RF_H2O_strat","old","GCAM"
"W/m^2","Reference",2097,0.0932227,"RF_H2O_strat","old","GCAM"
"W/m^2","Reference",2098,0.0935279,"RF_H2O_strat","old","GCAM"
"W/m^2","Reference",2099,0.0938233,"RF_H2O_strat","old","GCAM"
"W/m^2","Reference",2100,0.0941097,"RF_H2O_strat","old","GCAM"
"W/m^2","Reference",1976,0.332685,"RF_O3_trop","old","GCAM"
"W/m^2","Reference",1977,0.339523,"RF_O3_trop","old","GCAM"
"W/m^2","Reference",1978,0.349427,"RF_O3_trop","old","GCAM"
"W/m^2","Reference",1979,0.355642,"RF_O3_trop","old","GCAM"
"W/m^2","Reference",1980,0.355273,"RF_O3_trop","old","GCAM"
"W/m^2","Reference",1981,0.351734,"RF_O3_trop","old","GCAM"
"W/m^2","Reference",1982,0.360543,"RF_O3_trop","old","GCAM"
"W/m^2","Reference",1983,0.348953,"RF_O3_trop","old","GCAM"
"W/m^2","Reference",1984,0.357558,"RF_O3_trop","old","GCAM"
"W/m^2","Reference",1985,0.362344,"RF_O3_trop","old","GCAM"
"W/m^2","Reference",1986,0.366618,"RF_O3_trop","old","GCAM"
"W/m^2","Reference",1987,0.377009,"RF_O3_trop","old","GCAM"
"W/m^2","Reference",1988,0.385258,"RF_O3_trop","old","GCAM"
"W/m^2","Reference",1989,0.386823,"RF_O3_trop","old","GCAM"
"W/m^2","Reference",1990,0.38947,"RF_O3_trop","old","GCAM"
"W/m^2","Reference",1991,0.413873,"RF_O3_trop","old","GCAM"
"W/m^2","Reference",1992,0.392768,"RF_O3_trop","old","GCAM"
"W/m^2","Reference",1993,0.400616,"RF_O3_trop","old","GCAM"
"W/m^2","Reference",1994,0.413913,"RF_O3_trop","old","GCAM"
"W/m^2","Reference",1995,0.407025,"RF_O3_trop","old","GCAM"
"W/m^2","Reference",1996,0.405479,"RF_O3_trop","old","GCAM"
"W/m^2","Reference",1997,0.437121,"RF_O3_trop","old","GCAM"
"W/m^2","Reference",1998,0.430398,"RF_O3_trop","old","GCAM"
"W/m^2","Reference",1999,0.412824,"RF_O3_trop","old","GCAM"
"W/m^2","Reference",2000,0.410571,"RF_O3_trop","old","GCAM"
"W/m^2","Reference",2001,0.411135,"RF_O3_trop","old","GCAM"
"W/m^2","Reference",2002,0.421939,"RF_O3_trop","old","GCAM"
"W/m^2","Reference",2003,0.425156,"RF_O3_trop","old","GCAM"
"W/m^2","Reference",2004,0.436433,"RF_O3_trop","old","GCAM"
"W/m^2","Reference",2005,0.437412,"RF_O3_trop","old","GCAM"
"W/m^2","Reference",2006,0.433189,"RF_O3_trop","old","GCAM"
"W/m^2","Reference",2007,0.428781,"RF_O3_trop","old","GCAM"
"W/m^2","Reference",2008,0.424209,"RF_O3_trop","old","GCAM"
"W/m^2","Reference",2009,0.419492,"RF_O3_trop","old","GCAM"
"W/m^2","Reference",2010,0.414647,"RF_O3_trop","old","GCAM"
"W/m^2","Reference",2011,0.414115,"RF_O3_trop","old","GCAM"
"W/m^2","Reference",2012,0.413716,"RF_O3_trop","old","GCAM"
"W/m^2","Reference",2013,0.41343,"RF_O3_trop","old","GCAM"
"W/m^2","Reference",2014,0.413251,"RF_O3_trop","old","GCAM"
"W/m^2","Reference",2015,0.413169,"RF_O3_trop","old","GCAM"
"W/m^2","Reference",2016,0.410329,"RF_O3_trop","old","GCAM"
"W/m^2","Reference",2017,0.407545,"RF_O3_trop","old","GCAM"
"W/m^2","Reference",2018,0.404809,"RF_O3_trop","old","GCAM"
"W/m^2","Reference",2019,0.402115,"RF_O3_trop","old","GCAM"
"W/m^2","Reference",2020,0.399459,"RF_O3_trop","old","GCAM"
"W/m^2","Reference",2021,0.396837,"RF_O3_trop","old","GCAM"
"W/m^2","Reference",2022,0.392449,"RF_O3_trop","old","GCAM"
"W/m^2","Reference",2023,0.388266,"RF_O3_trop","old","GCAM"
"W/m^2","Reference",2024,0.38426,"RF_O3_trop","old","GCAM"
"W/m^2","Reference",2025,0.38041,"RF_O3_trop","old","GCAM"
"W/m^2","Reference",2026,0.376756,"RF_O3_trop","old","GCAM"
"W/m^2","Reference",2027,0.373093,"RF_O3_trop","old","GCAM"
"W/m^2","Reference",2028,0.369423,"RF_O3_trop","old","GCAM"
"W/m^2","Reference",2029,0.365745,"RF_O3_trop","old","GCAM"
"W/m^2","Reference",2030,0.36206,"RF_O3_trop","old","GCAM"
"W/m^2","Reference",2031,0.359561,"RF_O3_trop","old","GCAM"
"W/m^2","Reference",2032,0.357059,"RF_O3_trop","old","GCAM"
"W/m^2","Reference",2033,0.354554,"RF_O3_trop","old","GCAM"
"W/m^2","Reference",2034,0.352045,"RF_O3_trop","old","GCAM"
"W/m^2","Reference",2035,0.349532,"RF_O3_trop","old","GCAM"
"W/m^2","Reference",2036,0.348441,"RF_O3_trop","old","GCAM"
"W/m^2","Reference",2037,0.347329,"RF_O3_trop","old","GCAM"
"W/m^2","Reference",2038,0.346199,"RF_O3_trop","old","GCAM"
"W/m^2","Reference",2039,0.345052,"RF_O3_trop","old","GCAM"
"W/m^2","Reference",2040,0.343888,"RF_O3_trop","old","GCAM"
"W/m^2","Reference",2041,0.344292,"RF_O3_trop","old","GCAM"
"W/m^2","Reference",2042,0.344652,"RF_O3_trop","old","GCAM"
"W/m^2","Reference",2043,0.344974,"RF_O3_trop","old","GCAM"
"W/m^2","Reference",2044,0.345261,"RF_O3_trop","old","GCAM"
"W/m^2","Reference",2045,0.345515,"RF_O3_trop","old","GCAM"
"W/m^2","Reference",2046,0.346013,"RF_O3_trop","old","GCAM"
"W/m^2","Reference",2047,0.346498,"RF_O3_trop","old","GCAM"
"W/m^2","Reference",2048,0.346972,"RF_O3_trop","old","GCAM"
"W/m^2","Reference",2049,0.347433,"RF_O3_trop","old","GCAM"
"W/m^2","Reference",2050,0.347884,"RF_O3_trop","old","GCAM"
"W/m^2","Reference",2051,0.348732,"RF_O3_trop","old","GCAM"
"W/m^2","Reference",2052,0.349573,"RF_O3_trop","old","GCAM"
"W/m^2","Reference",2053,0.350407,"RF_O3_trop","old","GCAM"
"W/m^2","Reference",2054,0.351235,"RF_O3_trop","old","GCAM"
"W/m^2","Reference",2055,0.352056,"RF_O3_trop","old","GCAM"
"W/m^2","Reference",2056,0.353133,"RF_O3_trop","old","GCAM"
"W/m^2","Reference",2057,0.354204,"RF_O3_trop","old","GCAM"
"W/m^2","Reference",2058,0.355269,"RF_O3_trop","old","GCAM"
"W/m^2","Reference",2059,0.356327,"RF_O3_trop","old","GCAM"
"W/m^2","Reference",2060,0.35738,"RF_O3_trop","old","GCAM"
"W/m^2","Reference",2061,0.358457,"RF_O3_trop","old","GCAM"
"W/m^2","Reference",2062,0.359524,"RF_O3_trop","old","GCAM"
"W/m^2","Reference",2063,0.36058,"RF_O3_trop","old","GCAM"
"W/m^2","Reference",2064,0.361626,"RF_O3_trop","old","GCAM"
"W/m^2","Reference",2065,0.362662,"RF_O3_trop","old","GCAM"
"W/m^2","Reference",2066,0.36364,"RF_O3_trop","old","GCAM"
"W/m^2","Reference",2067,0.364597,"RF_O3_trop","old","GCAM"
"W/m^2","Reference",2068,0.365534,"RF_O3_trop","old","GCAM"
"W/m^2","Reference",2069,0.366454,"RF_O3_trop","old","GCAM"
"W/m^2","Reference",2070,0.367357,"RF_O3_trop","old","GCAM"
"W/m^2","Reference",2071,0.36826,"RF_O3_trop","old","GCAM"
"W/m^2","Reference",2072,0.369143,"RF_O3_trop","old","GCAM"
"W/m^2","Reference",2073,0.370008,"RF_O3_trop","old","GCAM"
"W/m^2","Reference",2074,0.370856,"RF_O3_trop","old","GCAM"
"W/m^2","Reference",2075,0.371688,"RF_O3_trop","old","GCAM"
"W/m^2","Reference",2076,0.372451,"RF_O3_trop","old","GCAM"
"W/m^2","Reference",2077,0.37319,"RF_O3_trop","old","GCAM"
"W/m^2","Reference",2078,0.373906,"RF_O3_trop","old","GCAM"
"W/m^2","Reference",2079,0.374602,"RF_O3_trop","old","GCAM"
"W/m^2","Reference",2080,0.375279,"RF_O3_trop","old","GCAM"
"W/m^2","Reference",2081,0.375762,"RF_O3_trop","old","GCAM"
"W/m^2","Reference",2082,0.376218,"RF_O3_trop","old","GCAM"
"W/m^2","Reference",2083,0.376649,"RF_O3_trop","old","GCAM"
"W/m^2","Reference",2084,0.377058,"RF_O3_trop","old","GCAM"
"W/m^2","Reference",2085,0.377444,"RF_O3_trop","old","GCAM"
"W/m^2","Reference",2086,0.377852,"RF_O3_trop","old","GCAM"
"W/m^2","Reference",2087,0.378227,"RF_O3_trop","old","GCAM"
"W/m^2","Reference",2088,0.378572,"RF_O3_trop","old","GCAM"
"W/m^2","Reference",2089,0.378889,"RF_O3_trop","old","GCAM"
"W/m^2","Reference",2090,0.379182,"RF_O3_trop","old","GCAM"
"W/m^2","Reference",2091,0.379464,"RF_O3_trop","old","GCAM"
"W/m^2","Reference",2092,0.379721,"RF_O3_trop","old","GCAM"
"W/m^2","Reference",2093,0.379953,"RF_O3_trop","old","GCAM"
"W/m^2","Reference",2094,0.380164,"RF_O3_trop","old","GCAM"
"W/m^2","Reference",2095,0.380355,"RF_O3_trop","old","GCAM"
"W/m^2","Reference",2096,0.380509,"RF_O3_trop","old","GCAM"
"W/m^2","Reference",2097,0.380642,"RF_O3_trop","old","GCAM"
"W/m^2","Reference",2098,0.380757,"RF_O3_trop","old","GCAM"
"W/m^2","Reference",2099,0.380854,"RF_O3_trop","old","GCAM"
"W/m^2","Reference",2100,0.380935,"RF_O3_trop","old","GCAM"
"W/m^2","Reference",1976,0.264375,"RF_BC","old","GCAM"
"W/m^2","Reference",1977,0.271763,"RF_BC","old","GCAM"
"W/m^2","Reference",1978,0.286187,"RF_BC","old","GCAM"
"W/m^2","Reference",1979,0.292457,"RF_BC","old","GCAM"
"W/m^2","Reference",1980,0.288699,"RF_BC","old","GCAM"
"W/m^2","Reference",1981,0.286106,"RF_BC","old","GCAM"
"W/m^2","Reference",1982,0.307659,"RF_BC","old","GCAM"
"W/m^2","Reference",1983,0.289147,"RF_BC","old","GCAM"
"W/m^2","Reference",1984,0.301257,"RF_BC","old","GCAM"
"W/m^2","Reference",1985,0.308138,"RF_BC","old","GCAM"
"W/m^2","Reference",1986,0.313946,"RF_BC","old","GCAM"
"W/m^2","Reference",1987,0.325852,"RF_BC","old","GCAM"
"W/m^2","Reference",1988,0.338401,"RF_BC","old","GCAM"
"W/m^2","Reference",1989,0.333521,"RF_BC","old","GCAM"
"W/m^2","Reference",1990,0.34553,"RF_BC","old","GCAM"
"W/m^2","Reference",1991,0.37767,"RF_BC","old","GCAM"
"W/m^2","Reference",1992,0.336373,"RF_BC","old","GCAM"
"W/m^2","Reference",1993,0.346989,"RF_BC","old","GCAM"
"W/m^2","Reference",1994,0.370274,"RF_BC","old","GCAM"
"W/m^2","Reference",1995,0.365003,"RF_BC","old","GCAM"
"W/m^2","Reference",1996,0.356902,"RF_BC","old","GCAM"
"W/m^2","Reference",1997,0.394163,"RF_BC","old","GCAM"
"W/m^2","Reference",1998,0.403259,"RF_BC","old","GCAM"
"W/m^2","Reference",1999,0.357657,"RF_BC","old","GCAM"
"W/m^2","Reference",2000,0.342278,"RF_BC","old","GCAM"
"W/m^2","Reference",2001,0.350862,"RF_BC","old","GCAM"
"W/m^2","Reference",2002,0.379901,"RF_BC","old","GCAM"
"W/m^2","Reference",2003,0.392369,"RF_BC","old","GCAM"
"W/m^2","Reference",2004,0.411577,"RF_BC","old","GCAM"
"W/m^2","Reference",2005,0.411577,"RF_BC","old","GCAM"
"W/m^2","Reference",2006,0.398886,"RF_BC","old","GCAM"
"W/m^2","Reference",2007,0.386196,"RF_BC","old","GCAM"
"W/m^2","Reference",2008,0.373505,"RF_BC","old","GCAM"
"W/m^2","Reference",2009,0.360815,"RF_BC","old","GCAM"
"W/m^2","Reference",2010,0.348125,"RF_BC","old","GCAM"
"W/m^2","Reference",2011,0.343835,"RF_BC","old","GCAM"
"W/m^2","Reference",2012,0.339546,"RF_BC","old","GCAM"
"W/m^2","Reference",2013,0.335257,"RF_BC","old","GCAM"
"W/m^2","Reference",2014,0.330968,"RF_BC","old","GCAM"
"W/m^2","Reference",2015,0.326678,"RF_BC","old","GCAM"
"W/m^2","Reference",2016,0.322115,"RF_BC","old","GCAM"
"W/m^2","Reference",2017,0.317551,"RF_BC","old","GCAM"
"W/m^2","Reference",2018,0.312988,"RF_BC","old","GCAM"
"W/m^2","Reference",2019,0.308425,"RF_BC","old","GCAM"
"W/m^2","Reference",2020,0.303861,"RF_BC","old","GCAM"
"W/m^2","Reference",2021,0.299298,"RF_BC","old","GCAM"
"W/m^2","Reference",2022,0.295954,"RF_BC","old","GCAM"
"W/m^2","Reference",2023,0.29261,"RF_BC","old","GCAM"
"W/m^2","Reference",2024,0.289267,"RF_BC","old","GCAM"
"W/m^2","Reference",2025,0.285923,"RF_BC","old","GCAM"
"W/m^2","Reference",2026,0.27791,"RF_BC","old","GCAM"
"W/m^2","Reference",2027,0.269898,"RF_BC","old","GCAM"
"W/m^2","Reference",2028,0.261885,"RF_BC","old","GCAM"
"W/m^2","Reference",2029,0.253872,"RF_BC","old","GCAM"
"W/m^2","Reference",2030,0.245859,"RF_BC","old","GCAM"
"W/m^2","Reference",2031,0.240343,"RF_BC","old","GCAM"
"W/m^2","Reference",2032,0.234827,"RF_BC","old","GCAM"
"W/m^2","Reference",2033,0.229312,"RF_BC","old","GCAM"
"W/m^2","Reference",2034,0.223796,"RF_BC","old","GCAM"
"W/m^2","Reference",2035,0.21828,"RF_BC","old","GCAM"
"W/m^2","Reference",2036,0.214207,"RF_BC","old","GCAM"
"W/m^2","Reference",2037,0.210135,"RF_BC","old","GCAM"
"W/m^2","Reference",2038,0.206062,"RF_BC","old","GCAM"
"W/m^2","Reference",2039,0.201989,"RF_BC","old","GCAM"
"W/m^2","Reference",2040,0.197917,"RF_BC","old","GCAM"
"W/m^2","Reference",2041,0.195436,"RF_BC","old","GCAM"
"W/m^2","Reference",2042,0.192955,"RF_BC","old","GCAM"
"W/m^2","Reference",2043,0.190474,"RF_BC","old","GCAM"
"W/m^2","Reference",2044,0.187994,"RF_BC","old","GCAM"
"W/m^2","Reference",2045,0.185513,"RF_BC","old","GCAM"
"W/m^2","Reference",2046,0.183242,"RF_BC","old","GCAM"
"W/m^2","Reference",2047,0.180972,"RF_BC","old","GCAM"
"W/m^2","Reference",2048,0.178702,"RF_BC","old","GCAM"
"W/m^2","Reference",2049,0.176431,"RF_BC","old","GCAM"
"W/m^2","Reference",2050,0.174161,"RF_BC","old","GCAM"
"W/m^2","Reference",2051,0.172779,"RF_BC","old","GCAM"
"W/m^2","Reference",2052,0.171398,"RF_BC","old","GCAM"
"W/m^2","Reference",2053,0.170017,"RF_BC","old","GCAM"
"W/m^2","Reference",2054,0.168636,"RF_BC","old","GCAM"
"W/m^2","Reference",2055,0.167254,"RF_BC","old","GCAM"
"W/m^2","Reference",2056,0.166067,"RF_BC","old","GCAM"
"W/m^2","Reference",2057,0.164879,"RF_BC","old","GCAM"
"W/m^2","Reference",2058,0.163691,"RF_BC","old","GCAM"
"W/m^2","Reference",2059,0.162503,"RF_BC","old","GCAM"
"W/m^2","Reference",2060,0.161316,"RF_BC","old","GCAM"
"W/m^2","Reference",2061,0.160115,"RF_BC","old","GCAM"
"W/m^2","Reference",2062,0.158914,"RF_BC","old","GCAM"
"W/m^2","Reference",2063,0.157714,"RF_BC","old","GCAM"
"W/m^2","Reference",2064,0.156513,"RF_BC","old","GCAM"
"W/m^2","Reference",2065,0.155313,"RF_BC","old","GCAM"
"W/m^2","Reference",2066,0.154001,"RF_BC","old","GCAM"
"W/m^2","Reference",2067,0.152689,"RF_BC","old","GCAM"
"W/m^2","Reference",2068,0.151378,"RF_BC","old","GCAM"
"W/m^2","Reference",2069,0.150066,"RF_BC","old","GCAM"
"W/m^2","Reference",2070,0.148755,"RF_BC","old","GCAM"
"W/m^2","Reference",2071,0.14737,"RF_BC","old","GCAM"
"W/m^2","Reference",2072,0.145986,"RF_BC","old","GCAM"
"W/m^2","Reference",2073,0.144602,"RF_BC","old","GCAM"
"W/m^2","Reference",2074,0.143218,"RF_BC","old","GCAM"
"W/m^2","Reference",2075,0.141833,"RF_BC","old","GCAM"
"W/m^2","Reference",2076,0.140353,"RF_BC","old","GCAM"
"W/m^2","Reference",2077,0.138872,"RF_BC","old","GCAM"
"W/m^2","Reference",2078,0.137392,"RF_BC","old","GCAM"
"W/m^2","Reference",2079,0.135911,"RF_BC","old","GCAM"
"W/m^2","Reference",2080,0.13443,"RF_BC","old","GCAM"
"W/m^2","Reference",2081,0.132877,"RF_BC","old","GCAM"
"W/m^2","Reference",2082,0.131324,"RF_BC","old","GCAM"
"W/m^2","Reference",2083,0.129771,"RF_BC","old","GCAM"
"W/m^2","Reference",2084,0.128218,"RF_BC","old","GCAM"
"W/m^2","Reference",2085,0.126665,"RF_BC","old","GCAM"
"W/m^2","Reference",2086,0.125104,"RF_BC","old","GCAM"
"W/m^2","Reference",2087,0.123543,"RF_BC","old","GCAM"
"W/m^2","Reference",2088,0.121981,"RF_BC","old","GCAM"
"W/m^2","Reference",2089,0.12042,"RF_BC","old","GCAM"
"W/m^2","Reference",2090,0.118859,"RF_BC","old","GCAM"
"W/m^2","Reference",2091,0.117226,"RF_BC","old","GCAM"
"W/m^2","Reference",2092,0.115593,"RF_BC","old","GCAM"
"W/m^2","Reference",2093,0.11396,"RF_BC","old","GCAM"
"W/m^2","Reference",2094,0.112327,"RF_BC","old","GCAM"
"W/m^2","Reference",2095,0.110694,"RF_BC","old","GCAM"
"W/m^2","Reference",2096,0.1091,"RF_BC","old","GCAM"
"W/m^2","Reference",2097,0.107507,"RF_BC","old","GCAM"
"W/m^2","Reference",2098,0.105913,"RF_BC","old","GCAM"
"W/m^2","Reference",2099,0.10432,"RF_BC","old","GCAM"
"W/m^2","Reference",2100,0.102726,"RF_BC","old","GCAM"
"W/m^2","Reference",1976,-0.492498,"RF_SO2","old","GCAM"
"W/m^2","Reference",1977,-0.497157,"RF_SO2","old","GCAM"
"W/m^2","Reference",1978,-0.498994,"RF_SO2","old","GCAM"
"W/m^2","Reference",1979,-0.507187,"RF_SO2","old","GCAM"
"W/m^2","Reference",1980,-0.504677,"RF_SO2","old","GCAM"
"W/m^2","Reference",1981,-0.489027,"RF_SO2","old","GCAM"
"W/m^2","Reference",1982,-0.480388,"RF_SO2","old","GCAM"
"W/m^2","Reference",1983,-0.473069,"RF_SO2","old","GCAM"
"W/m^2","Reference",1984,-0.478727,"RF_SO2","old","GCAM"
"W/m^2","Reference",1985,-0.479953,"RF_SO2","old","GCAM"
"W/m^2","Reference",1986,-0.479992,"RF_SO2","old","GCAM"
"W/m^2","Reference",1987,-0.489268,"RF_SO2","old","GCAM"
"W/m^2","Reference",1988,-0.493499,"RF_SO2","old","GCAM"
"W/m^2","Reference",1989,-0.493689,"RF_SO2","old","GCAM"
"W/m^2","Reference",1990,-0.492054,"RF_SO2","old","GCAM"
"W/m^2","Reference",1991,-0.48741,"RF_SO2","old","GCAM"
"W/m^2","Reference",1992,-0.470615,"RF_SO2","old","GCAM"
"W/m^2","Reference",1993,-0.462933,"RF_SO2","old","GCAM"
"W/m^2","Reference",1994,-0.452662,"RF_SO2","old","GCAM"
"W/m^2","Reference",1995,-0.44381,"RF_SO2","old","GCAM"
"W/m^2","Reference",1996,-0.436449,"RF_SO2","old","GCAM"
"W/m^2","Reference",1997,-0.438079,"RF_SO2","old","GCAM"
"W/m^2","Reference",1998,-0.428638,"RF_SO2","old","GCAM"
"W/m^2","Reference",1999,-0.405624,"RF_SO2","old","GCAM"
"W/m^2","Reference",2000,-0.406651,"RF_SO2","old","GCAM"
"W/m^2","Reference",2001,-0.409551,"RF_SO2","old","GCAM"
"W/m^2","Reference",2002,-0.406849,"RF_SO2","old","GCAM"
"W/m^2","Reference",2003,-0.421447,"RF_SO2","old","GCAM"
"W/m^2","Reference",2004,-0.441609,"RF_SO2","old","GCAM"
"W/m^2","Reference",2005,-0.441609,"RF_SO2","old","GCAM"
"W/m^2","Reference",2006,-0.43069,"RF_SO2","old","GCAM"
"W/m^2","Reference",2007,-0.419771,"RF_SO2","old","GCAM"
"W/m^2","Reference",2008,-0.408852,"RF_SO2","old","GCAM"
"W/m^2","Reference",2009,-0.397933,"RF_SO2","old","GCAM"
"W/m^2","Reference",2010,-0.387014,"RF_SO2","old","GCAM"
"W/m^2","Reference",2011,-0.375582,"RF_SO2","old","GCAM"
"W/m^2","Reference",2012,-0.364149,"RF_SO2","old","GCAM"
"W/m^2","Reference",2013,-0.352716,"RF_SO2","old","GCAM"
"W/m^2","Reference",2014,-0.341284,"RF_SO2","old","GCAM"
"W/m^2","Reference",2015,-0.329851,"RF_SO2","old","GCAM"
"W/m^2","Reference",2016,-0.31823,"RF_SO2","old","GCAM"
"W/m^2","Reference",2017,-0.306609,"RF_SO2","old","GCAM"
"W/m^2","Reference",2018,-0.294989,"RF_SO2","old","GCAM"
"W/m^2","Reference",2019,-0.283368,"RF_SO2","old","GCAM"
"W/m^2","Reference",2020,-0.271747,"RF_SO2","old","GCAM"
"W/m^2","Reference",2021,-0.260126,"RF_SO2","old","GCAM"
"W/m^2","Reference",2022,-0.255333,"RF_SO2","old","GCAM"
"W/m^2","Reference",2023,-0.250539,"RF_SO2","old","GCAM"
"W/m^2","Reference",2024,-0.245745,"RF_SO2","old","GCAM"
"W/m^2","Reference",2025,-0.240952,"RF_SO2","old","GCAM"
"W/m^2","Reference",2026,-0.237258,"RF_SO2","old","GCAM"
"W/m^2","Reference",2027,-0.233564,"RF_SO2","old","GCAM"
"W/m^2","Reference",2028,-0.22987,"RF_SO2","old","GCAM"
"W/m^2","Reference",2029,-0.226176,"RF_SO2","old","GCAM"
"W/m^2","Reference",2030,-0.222482,"RF_SO2","old","GCAM"
"W/m^2","Reference",2031,-0.219237,"RF_SO2","old","GCAM"
"W/m^2","Reference",2032,-0.215993,"RF_SO2","old","GCAM"
"W/m^2","Reference",2033,-0.212749,"RF_SO2","old","GCAM"
"W/m^2","Reference",2034,-0.209505,"RF_SO2","old","GCAM"
"W/m^2","Reference",2035,-0.20626,"RF_SO2","old","GCAM"
"W/m^2","Reference",2036,-0.204269,"RF_SO2","old","GCAM"
"W/m^2","Reference",2037,-0.202277,"RF_SO2","old","GCAM"
"W/m^2","Reference",2038,-0.200286,"RF_SO2","old","GCAM"
"W/m^2","Reference",2039,-0.198294,"RF_SO2","old","GCAM"
"W/m^2","Reference",2040,-0.196302,"RF_SO2","old","GCAM"
"W/m^2","Reference",2041,-0.194798,"RF_SO2","old","GCAM"
"W/m^2","Reference",2042,-0.193294,"RF_SO2","old","GCAM"
"W/m^2","Reference",2043,-0.191789,"RF_SO2","old","GCAM"
"W/m^2","Reference",2044,-0.190285,"RF_SO2","old","GCAM"
"W/m^2","Reference",2045,-0.188781,"RF_SO2","old","GCAM"
"W/m^2","Reference",2046,-0.187453,"RF_SO2","old","GCAM"
"W/m^2","Reference",2047,-0.186125,"RF_SO2","old","GCAM"
"W/m^2","Reference",2048,-0.184797,"RF_SO2","old","GCAM"
"W/m^2","Reference",2049,-0.183469,"RF_SO2","old","GCAM"
"W/m^2","Reference",2050,-0.182141,"RF_SO2","old","GCAM"
"W/m^2","Reference",2051,-0.181046,"RF_SO2","old","GCAM"
"W/m^2","Reference",2052,-0.179951,"RF_SO2","old","GCAM"
"W/m^2","Reference",2053,-0.178856,"RF_SO2","old","GCAM"
"W/m^2","Reference",2054,-0.177761,"RF_SO2","old","GCAM"
"W/m^2","Reference",2055,-0.176666,"RF_SO2","old","GCAM"
"W/m^2","Reference",2056,-0.176255,"RF_SO2","old","GCAM"
"W/m^2","Reference",2057,-0.175843,"RF_SO2","old","GCAM"
"W/m^2","Reference",2058,-0.175432,"RF_SO2","old","GCAM"
"W/m^2","Reference",2059,-0.17502,"RF_SO2","old","GCAM"
"W/m^2","Reference",2060,-0.174609,"RF_SO2","old","GCAM"
"W/m^2","Reference",2061,-0.174524,"RF_SO2","old","GCAM"
"W/m^2","Reference",2062,-0.17444,"RF_SO2","old","GCAM"
"W/m^2","Reference",2063,-0.174355,"RF_SO2","old","GCAM"
"W/m^2","Reference",2064,-0.17427,"RF_SO2","old","GCAM"
"W/m^2","Reference",2065,-0.174186,"RF_SO2","old","GCAM"
"W/m^2","Reference",2066,-0.174147,"RF_SO2","old","GCAM"
"W/m^2","Reference",2067,-0.174108,"RF_SO2","old","GCAM"
"W/m^2","Reference",2068,-0.174069,"RF_SO2","old","GCAM"
"W/m^2","Reference",2069,-0.17403,"RF_SO2","old","GCAM"
"W/m^2","Reference",2070,-0.173991,"RF_SO2","old","GCAM"
"W/m^2","Reference",2071,-0.173993,"RF_SO2","old","GCAM"
"W/m^2","Reference",2072,-0.173994,"RF_SO2","old","GCAM"
"W/m^2","Reference",2073,-0.173995,"RF_SO2","old","GCAM"
"W/m^2","Reference",2074,-0.173996,"RF_SO2","old","GCAM"
"W/m^2","Reference",2075,-0.173998,"RF_SO2","old","GCAM"
"W/m^2","Reference",2076,-0.173916,"RF_SO2","old","GCAM"
"W/m^2","Reference",2077,-0.173834,"RF_SO2","old","GCAM"
"W/m^2","Reference",2078,-0.173752,"RF_SO2","old","GCAM"
"W/m^2","Reference",2079,-0.17367,"RF_SO2","old","GCAM"
"W/m^2","Reference",2080,-0.173588,"RF_SO2","old","GCAM"
"W/m^2","Reference",2081,-0.172948,"RF_SO2","old","GCAM"
"W/m^2","Reference",2082,-0.172307,"RF_SO2","old","GCAM"
"W/m^2","Reference",2083,-0.171667,"RF_SO2","old","GCAM"
"W/m^2","Reference",2084,-0.171026,"RF_SO2","old","GCAM"
"W/m^2","Reference",2085,-0.170386,"RF_SO2","old","GCAM"
"W/m^2","Reference",2086,-0.169886,"RF_SO2","old","GCAM"
"W/m^2","Reference",2087,-0.169385,"RF_SO2","old","GCAM"
"W/m^2","Reference",2088,-0.168885,"RF_SO2","old","GCAM"
"W/m^2","Reference",2089,-0.168385,"RF_SO2","old","GCAM"
"W/m^2","Reference",2090,-0.167885,"RF_SO2","old","GCAM"
"W/m^2","Reference",2091,-0.167352,"RF_SO2","old","GCAM"
"W/m^2","Reference",2092,-0.16682,"RF_SO2","old","GCAM"
"W/m^2","Reference",2093,-0.166287,"RF_SO2","old","GCAM"
"W/m^2","Reference",2094,-0.165755,"RF_SO2","old","GCAM"
"W/m^2","Reference",2095,-0.165222,"RF_SO2","old","GCAM"
"W/m^2","Reference",2096,-0.164499,"RF_SO2","old","GCAM"
"W/m^2","Reference",2097,-0.163776,"RF_SO2","old","GCAM"
"W/m^2","Reference",2098,-0.163053,"RF_SO2","old","GCAM"
"W/m^2","Reference",2099,-0.162331,"RF_SO2","old","GCAM"
"W/m^2","Reference",2100,-0.161608,"RF_SO2","old","GCAM"
"W/m^2","Reference",1976,-0.0763851,"RF_NH3","old","GCAM"
"W/m^2","Reference",1977,-0.0780022,"RF_NH3","old","GCAM"
"W/m^2","Reference",1978,-0.0800753,"RF_NH3","old","GCAM"
"W/m^2","Reference",1979,-0.0819936,"RF_NH3","old","GCAM"
"W/m^2","Reference",1980,-0.0838043,"RF_NH3","old","GCAM"
"W/m^2","Reference",1981,-0.0846538,"RF_NH3","old","GCAM"
"W/m^2","Reference",1982,-0.0874276,"RF_NH3","old","GCAM"
"W/m^2","Reference",1983,-0.0873815,"RF_NH3","old","GCAM"
"W/m^2","Reference",1984,-0.0896308,"RF_NH3","old","GCAM"
"W/m^2","Reference",1985,-0.0911805,"RF_NH3","old","GCAM"
"W/m^2","Reference",1986,-0.0928888,"RF_NH3","old","GCAM"
"W/m^2","Reference",1987,-0.095291,"RF_NH3","old","GCAM"
"W/m^2","Reference",1988,-0.0961403,"RF_NH3","old","GCAM"
"W/m^2","Reference",1989,-0.096864,"RF_NH3","old","GCAM"
"W/m^2","Reference",1990,-0.0978462,"RF_NH3","old","GCAM"
"W/m^2","Reference",1991,-0.101579,"RF_NH3","old","GCAM"
"W/m^2","Reference",1992,-0.0975369,"RF_NH3","old","GCAM"
"W/m^2","Reference",1993,-0.0984064,"RF_NH3","old","GCAM"
"W/m^2","Reference",1994,-0.10147,"RF_NH3","old","GCAM"
"W/m^2","Reference",1995,-0.0997669,"RF_NH3","old","GCAM"
"W/m^2","Reference",1996,-0.0997767,"RF_NH3","old","GCAM"
"W/m^2","Reference",1997,-0.105564,"RF_NH3","old","GCAM"
"W/m^2","Reference",1998,-0.106575,"RF_NH3","old","GCAM"
"W/m^2","Reference",1999,-0.10267,"RF_NH3","old","GCAM"
"W/m^2","Reference",2000,-0.102112,"RF_NH3","old","GCAM"
"W/m^2","Reference",2001,-0.102542,"RF_NH3","old","GCAM"
"W/m^2","Reference",2002,-0.107621,"RF_NH3","old","GCAM"
"W/m^2","Reference",2003,-0.108938,"RF_NH3","old","GCAM"
"W/m^2","Reference",2004,-0.109847,"RF_NH3","old","GCAM"
"W/m^2","Reference",2005,-0.109847,"RF_NH3","old","GCAM"
"W/m^2","Reference",2006,-0.110422,"RF_NH3","old","GCAM"
"W/m^2","Reference",2007,-0.110996,"RF_NH3","old","GCAM"
"W/m^2","Reference",2008,-0.111571,"RF_NH3","old","GCAM"
"W/m^2","Reference",2009,-0.112146,"RF_NH3","old","GCAM"
"W/m^2","Reference",2010,-0.112721,"RF_NH3","old","GCAM"
"W/m^2","Reference",2011,-0.114056,"RF_NH3","old","GCAM"
"W/m^2","Reference",2012,-0.115391,"RF_NH3","old","GCAM"
"W/m^2","Reference",2013,-0.116726,"RF_NH3","old","GCAM"
"W/m^2","Reference",2014,-0.11806,"RF_NH3","old","GCAM"
"W/m^2","Reference",2015,-0.119395,"RF_NH3","old","GCAM"
"W/m^2","Reference",2016,-0.120607,"RF_NH3","old","GCAM"
"W/m^2","Reference",2017,-0.121819,"RF_NH3","old","GCAM"
"W/m^2","Reference",2018,-0.12303,"RF_NH3","old","GCAM"
"W/m^2","Reference",2019,-0.124242,"RF_NH3","old","GCAM"
"W/m^2","Reference",2020,-0.125454,"RF_NH3","old","GCAM"
"W/m^2","Reference",2021,-0.126666,"RF_NH3","old","GCAM"
"W/m^2","Reference",2022,-0.129291,"RF_NH3","old","GCAM"
"W/m^2","Reference",2023,-0.131916,"RF_NH3","old","GCAM"
"W/m^2","Reference",2024,-0.134541,"RF_NH3","old","GCAM"
"W/m^2","Reference",2025,-0.137166,"RF_NH3","old","GCAM"
"W/m^2","Reference",2026,-0.138802,"RF_NH3","old","GCAM"
"W/m^2","Reference",2027,-0.140438,"RF_NH3","old","GCAM"
"W/m^2","Reference",2028,-0.142074,"RF_NH3","old","GCAM"
"W/m^2","Reference",2029,-0.14371,"RF_NH3","old","GCAM"
"W/m^2","Reference",2030,-0.145346,"RF_NH3","old","GCAM"
"W/m^2","Reference",2031,-0.147256,"RF_NH3","old","GCAM"
"W/m^2","Reference",2032,-0.149165,"RF_NH3","old","GCAM"
"W/m^2","Reference",2033,-0.151075,"RF_NH3","old","GCAM"
"W/m^2","Reference",2034,-0.152985,"RF_NH3","old","GCAM"
"W/m^2","Reference",2035,-0.154894,"RF_NH3","old","GCAM"
"W/m^2","Reference",2036,-0.156721,"RF_NH3","old","GCAM"
"W/m^2","Reference",2037,-0.158549,"RF_NH3","old","GCAM"
"W/m^2","Reference",2038,-0.160376,"RF_NH3","old","GCAM"
"W/m^2","Reference",2039,-0.162203,"RF_NH3","old","GCAM"
"W/m^2","Reference",2040,-0.164031,"RF_NH3","old","GCAM"
"W/m^2","Reference",2041,-0.165766,"RF_NH3","old","GCAM"
"W/m^2","Reference",2042,-0.167502,"RF_NH3","old","GCAM"
"W/m^2","Reference",2043,-0.169238,"RF_NH3","old","GCAM"
"W/m^2","Reference",2044,-0.170973,"RF_NH3","old","GCAM"
"W/m^2","Reference",2045,-0.172709,"RF_NH3","old","GCAM"
"W/m^2","Reference",2046,-0.174278,"RF_NH3","old","GCAM"
"W/m^2","Reference",2047,-0.175847,"RF_NH3","old","GCAM"
"W/m^2","Reference",2048,-0.177415,"RF_NH3","old","GCAM"
"W/m^2","Reference",2049,-0.178984,"RF_NH3","old","GCAM"
"W/m^2","Reference",2050,-0.180553,"RF_NH3","old","GCAM"
"W/m^2","Reference",2051,-0.181956,"RF_NH3","old","GCAM"
"W/m^2","Reference",2052,-0.18336,"RF_NH3","old","GCAM"
"W/m^2","Reference",2053,-0.184763,"RF_NH3","old","GCAM"
"W/m^2","Reference",2054,-0.186166,"RF_NH3","old","GCAM"
"W/m^2","Reference",2055,-0.187569,"RF_NH3","old","GCAM"
"W/m^2","Reference",2056,-0.18901,"RF_NH3","old","GCAM"
"W/m^2","Reference",2057,-0.190452,"RF_NH3","old","GCAM"
"W/m^2","Reference",2058,-0.191893,"RF_NH3","old","GCAM"
"W/m^2","Reference",2059,-0.193334,"RF_NH3","old","GCAM"
"W/m^2","Reference",2060,-0.194775,"RF_NH3","old","GCAM"
"W/m^2","Reference",2061,-0.196075,"RF_NH3","old","GCAM"
"W/m^2","Reference",2062,-0.197375,"RF_NH3","old","GCAM"
"W/m^2","Reference",2063,-0.198674,"RF_NH3","old","GCAM"
"W/m^2","Reference",2064,-0.199974,"RF_NH3","old","GCAM"
"W/m^2","Reference",2065,-0.201274,"RF_NH3","old","GCAM"
"W/m^2","Reference",2066,-0.202395,"RF_NH3","old","GCAM"
"W/m^2","Reference",2067,-0.203516,"RF_NH3","old","GCAM"
"W/m^2","Reference",2068,-0.204637,"RF_NH3","old","GCAM"
"W/m^2","Reference",2069,-0.205759,"RF_NH3","old","GCAM"
"W/m^2","Reference",2070,-0.20688,"RF_NH3","old","GCAM"
"W/m^2","Reference",2071,-0.207809,"RF_NH3","old","GCAM"
"W/m^2","Reference",2072,-0.208738,"RF_NH3","old","GCAM"
"W/m^2","Reference",2073,-0.209667,"RF_NH3","old","GCAM"
"W/m^2","Reference",2074,-0.210596,"RF_NH3","old","GCAM"
"W/m^2","Reference",2075,-0.211525,"RF_NH3","old","GCAM"
"W/m^2","Reference",2076,-0.212298,"RF_NH3","old","GCAM"
"W/m^2","Reference",2077,-0.213072,"RF_NH3","old","GCAM"
"W/m^2","Reference",2078,-0.213845,"RF_NH3","old","GCAM"
"W/m^2","Reference",2079,-0.214619,"RF_NH3","old","GCAM"
"W/m^2","Reference",2080,-0.215392,"RF_NH3","old","GCAM"
"W/m^2","Reference",2081,-0.216061,"RF_NH3","old","GCAM"
"W/m^2","Reference",2082,-0.21673,"RF_NH3","old","GCAM"
"W/m^2","Reference",2083,-0.217398,"RF_NH3","old","GCAM"
"W/m^2","Reference",2084,-0.218067,"RF_NH3","old","GCAM"
"W/m^2","Reference",2085,-0.218736,"RF_NH3","old","GCAM"
"W/m^2","Reference",2086,-0.219381,"RF_NH3","old","GCAM"
"W/m^2","Reference",2087,-0.220026,"RF_NH3","old","GCAM"
"W/m^2","Reference",2088,-0.220672,"RF_NH3","old","GCAM"
"W/m^2","Reference",2089,-0.221317,"RF_NH3","old","GCAM"
"W/m^2","Reference",2090,-0.221962,"RF_NH3","old","GCAM"
"W/m^2","Reference",2091,-0.222438,"RF_NH3","old","GCAM"
"W/m^2","Reference",2092,-0.222914,"RF_NH3","old","GCAM"
"W/m^2","Reference",2093,-0.22339,"RF_NH3","old","GCAM"
"W/m^2","Reference",2094,-0.223866,"RF_NH3","old","GCAM"
"W/m^2","Reference",2095,-0.224342,"RF_NH3","old","GCAM"
"W/m^2","Reference",2096,-0.224718,"RF_NH3","old","GCAM"
"W/m^2","Reference",2097,-0.225095,"RF_NH3","old","GCAM"
"W/m^2","Reference",2098,-0.225472,"RF_NH3","old","GCAM"
"W/m^2","Reference",2099,-0.225848,"RF_NH3","old","GCAM"
"W/m^2","Reference",2100,-0.226225,"RF_NH3","old","GCAM"
"W/m^2","Reference",1976,0.0964543,"RF_N2O","old","GCAM"
"W/m^2","Reference",1977,0.0993834,"RF_N2O","old","GCAM"
"W/m^2","Reference",1978,0.102372,"RF_N2O","old","GCAM"
"W/m^2","Reference",1979,0.105457,"RF_N2O","old","GCAM"
"W/m^2","Reference",1980,0.108559,"RF_N2O","old","GCAM"
"W/m^2","Reference",1981,0.111589,"RF_N2O","old","GCAM"
"W/m^2","Reference",1982,0.114741,"RF_N2O","old","GCAM"
"W/m^2","Reference",1983,0.117897,"RF_N2O","old","GCAM"
"W/m^2","Reference",1984,0.120971,"RF_N2O","old","GCAM"
"W/m^2","Reference",1985,0.124015,"RF_N2O","old","GCAM"
"W/m^2","Reference",1986,0.127112,"RF_N2O","old","GCAM"
"W/m^2","Reference",1987,0.130331,"RF_N2O","old","GCAM"
"W/m^2","Reference",1988,0.133407,"RF_N2O","old","GCAM"
"W/m^2","Reference",1989,0.136506,"RF_N2O","old","GCAM"
"W/m^2","Reference",1990,0.139579,"RF_N2O","old","GCAM"
"W/m^2","Reference",1991,0.142632,"RF_N2O","old","GCAM"
"W/m^2","Reference",1992,0.145722,"RF_N2O","old","GCAM"
"W/m^2","Reference",1993,0.148753,"RF_N2O","old","GCAM"
"W/m^2","Reference",1994,0.151815,"RF_N2O","old","GCAM"
"W/m^2","Reference",1995,0.154916,"RF_N2O","old","GCAM"
"W/m^2","Reference",1996,0.158012,"RF_N2O","old","GCAM"
"W/m^2","Reference",1997,0.161138,"RF_N2O","old","GCAM"
"W/m^2","Reference",1998,0.164079,"RF_N2O","old","GCAM"
"W/m^2","Reference",1999,0.166909,"RF_N2O","old","GCAM"
"W/m^2","Reference",2000,0.169606,"RF_N2O","old","GCAM"
"W/m^2","Reference",2001,0.172322,"RF_N2O","old","GCAM"
"W/m^2","Reference",2002,0.1751,"RF_N2O","old","GCAM"
"W/m^2","Reference",2003,0.177896,"RF_N2O","old","GCAM"
"W/m^2","Reference",2004,0.180763,"RF_N2O","old","GCAM"
"W/m^2","Reference",2005,0.183602,"RF_N2O","old","GCAM"
"W/m^2","Reference",2006,0.186396,"RF_N2O","old","GCAM"
"W/m^2","Reference",2007,0.189148,"RF_N2O","old","GCAM"
"W/m^2","Reference",2008,0.191853,"RF_N2O","old","GCAM"
"W/m^2","Reference",2009,0.194511,"RF_N2O","old","GCAM"
"W/m^2","Reference",2010,0.197122,"RF_N2O","old","GCAM"
"W/m^2","Reference",2011,0.199782,"RF_N2O","old","GCAM"
"W/m^2","Reference",2012,0.202492,"RF_N2O","old","GCAM"
"W/m^2","Reference",2013,0.20525,"RF_N2O","old","GCAM"
"W/m^2","Reference",2014,0.208057,"RF_N2O","old","GCAM"
"W/m^2","Reference",2015,0.210912,"RF_N2O","old","GCAM"
"W/m^2","Reference",2016,0.213745,"RF_N2O","old","GCAM"
"W/m^2","Reference",2017,0.216561,"RF_N2O","old","GCAM"
"W/m^2","Reference",2018,0.219356,"RF_N2O","old","GCAM"
"W/m^2","Reference",2019,0.222131,"RF_N2O","old","GCAM"
"W/m^2","Reference",2020,0.224886,"RF_N2O","old","GCAM"
"W/m^2","Reference",2021,0.227621,"RF_N2O","old","GCAM"
"W/m^2","Reference",2022,0.230399,"RF_N2O","old","GCAM"
"W/m^2","Reference",2023,0.233214,"RF_N2O","old","GCAM"
"W/m^2","Reference",2024,0.236071,"RF_N2O","old","GCAM"
"W/m^2","Reference",2025,0.23897,"RF_N2O","old","GCAM"
"W/m^2","Reference",2026,0.241887,"RF_N2O","old","GCAM"
"W/m^2","Reference",2027,0.244825,"RF_N2O","old","GCAM"
"W/m^2","Reference",2028,0.247781,"RF_N2O","old","GCAM"
"W/m^2","Reference",2029,0.250755,"RF_N2O","old","GCAM"
"W/m^2","Reference",2030,0.253747,"RF_N2O","old","GCAM"
"W/m^2","Reference",2031,0.256758,"RF_N2O","old","GCAM"
"W/m^2","Reference",2032,0.25979,"RF_N2O","old","GCAM"
"W/m^2","Reference",2033,0.262841,"RF_N2O","old","GCAM"
"W/m^2","Reference",2034,0.265911,"RF_N2O","old","GCAM"
"W/m^2","Reference",2035,0.269,"RF_N2O","old","GCAM"
"W/m^2","Reference",2036,0.272105,"RF_N2O","old","GCAM"
"W/m^2","Reference",2037,0.275224,"RF_N2O","old","GCAM"
"W/m^2","Reference",2038,0.278359,"RF_N2O","old","GCAM"
"W/m^2","Reference",2039,0.281508,"RF_N2O","old","GCAM"
"W/m^2","Reference",2040,0.284671,"RF_N2O","old","GCAM"
"W/m^2","Reference",2041,0.287851,"RF_N2O","old","GCAM"
"W/m^2","Reference",2042,0.291046,"RF_N2O","old","GCAM"
"W/m^2","Reference",2043,0.294256,"RF_N2O","old","GCAM"
"W/m^2","Reference",2044,0.29748,"RF_N2O","old","GCAM"
"W/m^2","Reference",2045,0.300718,"RF_N2O","old","GCAM"
"W/m^2","Reference",2046,0.303981,"RF_N2O","old","GCAM"
"W/m^2","Reference",2047,0.307267,"RF_N2O","old","GCAM"
"W/m^2","Reference",2048,0.310577,"RF_N2O","old","GCAM"
"W/m^2","Reference",2049,0.31391,"RF_N2O","old","GCAM"
"W/m^2","Reference",2050,0.317266,"RF_N2O","old","GCAM"
"W/m^2","Reference",2051,0.320646,"RF_N2O","old","GCAM"
"W/m^2","Reference",2052,0.324047,"RF_N2O","old","GCAM"
"W/m^2","Reference",2053,0.327471,"RF_N2O","old","GCAM"
"W/m^2","Reference",2054,0.330918,"RF_N2O","old","GCAM"
"W/m^2","Reference",2055,0.334387,"RF_N2O","old","GCAM"
"W/m^2","Reference",2056,0.337879,"RF_N2O","old","GCAM"
"W/m^2","Reference",2057,0.341395,"RF_N2O","old","GCAM"
"W/m^2","Reference",2058,0.344933,"RF_N2O","old","GCAM"
"W/m^2","Reference",2059,0.348493,"RF_N2O","old","GCAM"
"W/m^2","Reference",2060,0.352074,"RF_N2O","old","GCAM"
"W/m^2","Reference",2061,0.355672,"RF_N2O","old","GCAM"
"W/m^2","Reference",2062,0.359289,"RF_N2O","old","GCAM"
"W/m^2","Reference",2063,0.362921,"RF_N2O","old","GCAM"
"W/m^2","Reference",2064,0.36657,"RF_N2O","old","GCAM"
"W/m^2","Reference",2065,0.370233,"RF_N2O","old","GCAM"
"W/m^2","Reference",2066,0.373907,"RF_N2O","old","GCAM"
"W/m^2","Reference",2067,0.377592,"RF_N2O","old","GCAM"
"W/m^2","Reference",2068,0.381287,"RF_N2O","old","GCAM"
"W/m^2","Reference",2069,0.384991,"RF_N2O","old","GCAM"
"W/m^2","Reference",2070,0.388704,"RF_N2O","old","GCAM"
"W/m^2","Reference",2071,0.392421,"RF_N2O","old","GCAM"
"W/m^2","Reference",2072,0.396142,"RF_N2O","old","GCAM"
"W/m^2","Reference",2073,0.399865,"RF_N2O","old","GCAM"
"W/m^2","Reference",2074,0.403592,"RF_N2O","old","GCAM"
"W/m^2","Reference",2075,0.407321,"RF_N2O","old","GCAM"
"W/m^2","Reference",2076,0.411049,"RF_N2O","old","GCAM"
"W/m^2","Reference",2077,0.414778,"RF_N2O","old","GCAM"
"W/m^2","Reference",2078,0.418507,"RF_N2O","old","GCAM"
"W/m^2","Reference",2079,0.422234,"RF_N2O","old","GCAM"
"W/m^2","Reference",2080,0.425961,"RF_N2O","old","GCAM"
"W/m^2","Reference",2081,0.429683,"RF_N2O","old","GCAM"
"W/m^2","Reference",2082,0.433401,"RF_N2O","old","GCAM"
"W/m^2","Reference",2083,0.437115,"RF_N2O","old","GCAM"
"W/m^2","Reference",2084,0.440823,"RF_N2O","old","GCAM"
"W/m^2","Reference",2085,0.444526,"RF_N2O","old","GCAM"
"W/m^2","Reference",2086,0.448223,"RF_N2O","old","GCAM"
"W/m^2","Reference",2087,0.451914,"RF_N2O","old","GCAM"
"W/m^2","Reference",2088,0.455599,"RF_N2O","old","GCAM"
"W/m^2","Reference",2089,0.459278,"RF_N2O","old","GCAM"
"W/m^2","Reference",2090,0.462948,"RF_N2O","old","GCAM"
"W/m^2","Reference",2091,0.466606,"RF_N2O","old","GCAM"
"W/m^2","Reference",2092,0.470251,"RF_N2O","old","GCAM"
"W/m^2","Reference",2093,0.473883,"RF_N2O","old","GCAM"
"W/m^2","Reference",2094,0.477501,"RF_N2O","old","GCAM"
"W/m^2","Reference",2095,0.481105,"RF_N2O","old","GCAM"
"W/m^2","Reference",2096,0.484692,"RF_N2O","old","GCAM"
"W/m^2","Reference",2097,0.488262,"RF_N2O","old","GCAM"
"W/m^2","Reference",2098,0.491814,"RF_N2O","old","GCAM"
"W/m^2","Reference",2099,0.495349,"RF_N2O","old","GCAM"
"W/m^2","Reference",2100,0.498866,"RF_N2O","old","GCAM"
"W/m^2","Reference",1976,0.377541,"RF_CH4","old","GCAM"
"W/m^2","Reference",1977,0.38299,"RF_CH4","old","GCAM"
"W/m^2","Reference",1978,0.388159,"RF_CH4","old","GCAM"
"W/m^2","Reference",1979,0.393452,"RF_CH4","old","GCAM"
"W/m^2","Reference",1980,0.398428,"RF_CH4","old","GCAM"
"W/m^2","Reference",1981,0.402322,"RF_CH4","old","GCAM"
"W/m^2","Reference",1982,0.408191,"RF_CH4","old","GCAM"
"W/m^2","Reference",1983,0.411404,"RF_CH4","old","GCAM"
"W/m^2","Reference",1984,0.414809,"RF_CH4","old","GCAM"
"W/m^2","Reference",1985,0.417944,"RF_CH4","old","GCAM"
"W/m^2","Reference",1986,0.421597,"RF_CH4","old","GCAM"
"W/m^2","Reference",1987,0.425637,"RF_CH4","old","GCAM"
"W/m^2","Reference",1988,0.429351,"RF_CH4","old","GCAM"
"W/m^2","Reference",1989,0.432858,"RF_CH4","old","GCAM"
"W/m^2","Reference",1990,0.4366,"RF_CH4","old","GCAM"
"W/m^2","Reference",1991,0.444081,"RF_CH4","old","GCAM"
"W/m^2","Reference",1992,0.445391,"RF_CH4","old","GCAM"
"W/m^2","Reference",1993,0.446539,"RF_CH4","old","GCAM"
"W/m^2","Reference",1994,0.450559,"RF_CH4","old","GCAM"
"W/m^2","Reference",1995,0.451922,"RF_CH4","old","GCAM"
"W/m^2","Reference",1996,0.453118,"RF_CH4","old","GCAM"
"W/m^2","Reference",1997,0.461123,"RF_CH4","old","GCAM"
"W/m^2","Reference",1998,0.464185,"RF_CH4","old","GCAM"
"W/m^2","Reference",1999,0.464687,"RF_CH4","old","GCAM"
"W/m^2","Reference",2000,0.46447,"RF_CH4","old","GCAM"
"W/m^2","Reference",2001,0.464674,"RF_CH4","old","GCAM"
"W/m^2","Reference",2002,0.467412,"RF_CH4","old","GCAM"
"W/m^2","Reference",2003,0.47016,"RF_CH4","old","GCAM"
"W/m^2","Reference",2004,0.473606,"RF_CH4","old","GCAM"
"W/m^2","Reference",2005,0.476728,"RF_CH4","old","GCAM"
"W/m^2","Reference",2006,0.479202,"RF_CH4","old","GCAM"
"W/m^2","Reference",2007,0.481081,"RF_CH4","old","GCAM"
"W/m^2","Reference",2008,0.482432,"RF_CH4","old","GCAM"
"W/m^2","Reference",2009,0.483315,"RF_CH4","old","GCAM"
"W/m^2","Reference",2010,0.483783,"RF_CH4","old","GCAM"
"W/m^2","Reference",2011,0.484708,"RF_CH4","old","GCAM"
"W/m^2","Reference",2012,0.486064,"RF_CH4","old","GCAM"
"W/m^2","Reference",2013,0.487789,"RF_CH4","old","GCAM"
"W/m^2","Reference",2014,0.489863,"RF_CH4","old","GCAM"
"W/m^2","Reference",2015,0.49225,"RF_CH4","old","GCAM"
"W/m^2","Reference",2016,0.494844,"RF_CH4","old","GCAM"
"W/m^2","Reference",2017,0.497621,"RF_CH4","old","GCAM"
"W/m^2","Reference",2018,0.500562,"RF_CH4","old","GCAM"
"W/m^2","Reference",2019,0.503646,"RF_CH4","old","GCAM"
"W/m^2","Reference",2020,0.506859,"RF_CH4","old","GCAM"
"W/m^2","Reference",2021,0.510187,"RF_CH4","old","GCAM"
"W/m^2","Reference",2022,0.514281,"RF_CH4","old","GCAM"
"W/m^2","Reference",2023,0.519059,"RF_CH4","old","GCAM"
"W/m^2","Reference",2024,0.524437,"RF_CH4","old","GCAM"
"W/m^2","Reference",2025,0.530348,"RF_CH4","old","GCAM"
"W/m^2","Reference",2026,0.536238,"RF_CH4","old","GCAM"
"W/m^2","Reference",2027,0.542115,"RF_CH4","old","GCAM"
"W/m^2","Reference",2028,0.547984,"RF_CH4","old","GCAM"
"W/m^2","Reference",2029,0.553847,"RF_CH4","old","GCAM"
"W/m^2","Reference",2030,0.559705,"RF_CH4","old","GCAM"
"W/m^2","Reference",2031,0.565571,"RF_CH4","old","GCAM"
"W/m^2","Reference",2032,0.571444,"RF_CH4","old","GCAM"
"W/m^2","Reference",2033,0.577324,"RF_CH4","old","GCAM"
"W/m^2","Reference",2034,0.583208,"RF_CH4","old","GCAM"
"W/m^2","Reference",2035,0.589097,"RF_CH4","old","GCAM"
"W/m^2","Reference",2036,0.59493,"RF_CH4","old","GCAM"
"W/m^2","Reference",2037,0.600711,"RF_CH4","old","GCAM"
"W/m^2","Reference",2038,0.606444,"RF_CH4","old","GCAM"
"W/m^2","Reference",2039,0.612134,"RF_CH4","old","GCAM"
"W/m^2","Reference",2040,0.617783,"RF_CH4","old","GCAM"
"W/m^2","Reference",2041,0.623285,"RF_CH4","old","GCAM"
"W/m^2","Reference",2042,0.628651,"RF_CH4","old","GCAM"
"W/m^2","Reference",2043,0.633896,"RF_CH4","old","GCAM"
"W/m^2","Reference",2044,0.63903,"RF_CH4","old","GCAM"
"W/m^2","Reference",2045,0.644062,"RF_CH4","old","GCAM"
"W/m^2","Reference",2046,0.64906,"RF_CH4","old","GCAM"
"W/m^2","Reference",2047,0.654024,"RF_CH4","old","GCAM"
"W/m^2","Reference",2048,0.658957,"RF_CH4","old","GCAM"
"W/m^2","Reference",2049,0.663861,"RF_CH4","old","GCAM"
"W/m^2","Reference",2050,0.668736,"RF_CH4","old","GCAM"
"W/m^2","Reference",2051,0.673599,"RF_CH4","old","GCAM"
"W/m^2","Reference",2052,0.678448,"RF_CH4","old","GCAM"
"W/m^2","Reference",2053,0.683283,"RF_CH4","old","GCAM"
"W/m^2","Reference",2054,0.688105,"RF_CH4","old","GCAM"
"W/m^2","Reference",2055,0.692914,"RF_CH4","old","GCAM"
"W/m^2","Reference",2056,0.697712,"RF_CH4","old","GCAM"
"W/m^2","Reference",2057,0.702498,"RF_CH4","old","GCAM"
"W/m^2","Reference",2058,0.707273,"RF_CH4","old","GCAM"
"W/m^2","Reference",2059,0.712035,"RF_CH4","old","GCAM"
"W/m^2","Reference",2060,0.716784,"RF_CH4","old","GCAM"
"W/m^2","Reference",2061,0.721502,"RF_CH4","old","GCAM"
"W/m^2","Reference",2062,0.72619,"RF_CH4","old","GCAM"
"W/m^2","Reference",2063,0.73085,"RF_CH4","old","GCAM"
"W/m^2","Reference",2064,0.735482,"RF_CH4","old","GCAM"
"W/m^2","Reference",2065,0.740088,"RF_CH4","old","GCAM"
"W/m^2","Reference",2066,0.74462,"RF_CH4","old","GCAM"
"W/m^2","Reference",2067,0.749084,"RF_CH4","old","GCAM"
"W/m^2","Reference",2068,0.753485,"RF_CH4","old","GCAM"
"W/m^2","Reference",2069,0.757828,"RF_CH4","old","GCAM"
"W/m^2","Reference",2070,0.762117,"RF_CH4","old","GCAM"
"W/m^2","Reference",2071,0.766333,"RF_CH4","old","GCAM"
"W/m^2","Reference",2072,0.770483,"RF_CH4","old","GCAM"
"W/m^2","Reference",2073,0.774572,"RF_CH4","old","GCAM"
"W/m^2","Reference",2074,0.778603,"RF_CH4","old","GCAM"
"W/m^2","Reference",2075,0.782582,"RF_CH4","old","GCAM"
"W/m^2","Reference",2076,0.786467,"RF_CH4","old","GCAM"
"W/m^2","Reference",2077,0.790265,"RF_CH4","old","GCAM"
"W/m^2","Reference",2078,0.793985,"RF_CH4","old","GCAM"
"W/m^2","Reference",2079,0.797631,"RF_CH4","old","GCAM"
"W/m^2","Reference",2080,0.801209,"RF_CH4","old","GCAM"
"W/m^2","Reference",2081,0.804679,"RF_CH4","old","GCAM"
"W/m^2","Reference",2082,0.80805,"RF_CH4","old","GCAM"
"W/m^2","Reference",2083,0.811329,"RF_CH4","old","GCAM"
"W/m^2","Reference",2084,0.814524,"RF_CH4","old","GCAM"
"W/m^2","Reference",2085,0.817642,"RF_CH4","old","GCAM"
"W/m^2","Reference",2086,0.820628,"RF_CH4","old","GCAM"
"W/m^2","Reference",2087,0.823492,"RF_CH4","old","GCAM"
"W/m^2","Reference",2088,0.826244,"RF_CH4","old","GCAM"
"W/m^2","Reference",2089,0.828895,"RF_CH4","old","GCAM"
"W/m^2","Reference",2090,0.831451,"RF_CH4","old","GCAM"
"W/m^2","Reference",2091,0.833901,"RF_CH4","old","GCAM"
"W/m^2","Reference",2092,0.836254,"RF_CH4","old","GCAM"
"W/m^2","Reference",2093,0.838517,"RF_CH4","old","GCAM"
"W/m^2","Reference",2094,0.840698,"RF_CH4","old","GCAM"
"W/m^2","Reference",2095,0.842803,"RF_CH4","old","GCAM"
"W/m^2","Reference",2096,0.844825,"RF_CH4","old","GCAM"
"W/m^2","Reference",2097,0.846768,"RF_CH4","old","GCAM"
"W/m^2","Reference",2098,0.84864,"RF_CH4","old","GCAM"
"W/m^2","Reference",2099,0.850447,"RF_CH4","old","GCAM"
"W/m^2","Reference",2100,0.852194,"RF_CH4","old","GCAM"
"W/m^2","Reference",1976,1.04228,"RF_CO2","old","GCAM"
"W/m^2","Reference",1977,1.06491,"RF_CO2","old","GCAM"
"W/m^2","Reference",1978,1.0886,"RF_CO2","old","GCAM"
"W/m^2","Reference",1979,1.11294,"RF_CO2","old","GCAM"
"W/m^2","Reference",1980,1.13735,"RF_CO2","old","GCAM"
"W/m^2","Reference",1981,1.16036,"RF_CO2","old","GCAM"
"W/m^2","Reference",1982,1.18206,"RF_CO2","old","GCAM"
"W/m^2","Reference",1983,1.20245,"RF_CO2","old","GCAM"
"W/m^2","Reference",1984,1.22273,"RF_CO2","old","GCAM"
"W/m^2","Reference",1985,1.24404,"RF_CO2","old","GCAM"
"W/m^2","Reference",1986,1.26613,"RF_CO2","old","GCAM"
"W/m^2","Reference",1987,1.28896,"RF_CO2","old","GCAM"
"W/m^2","Reference",1988,1.31243,"RF_CO2","old","GCAM"
"W/m^2","Reference",1989,1.33688,"RF_CO2","old","GCAM"
"W/m^2","Reference",1990,1.36154,"RF_CO2","old","GCAM"
"W/m^2","Reference",1991,1.38488,"RF_CO2","old","GCAM"
"W/m^2","Reference",1992,1.40811,"RF_CO2","old","GCAM"
"W/m^2","Reference",1993,1.42791,"RF_CO2","old","GCAM"
"W/m^2","Reference",1994,1.44665,"RF_CO2","old","GCAM"
"W/m^2","Reference",1995,1.46709,"RF_CO2","old","GCAM"
"W/m^2","Reference",1996,1.48932,"RF_CO2","old","GCAM"
"W/m^2","Reference",1997,1.51274,"RF_CO2","old","GCAM"
"W/m^2","Reference",1998,1.54176,"RF_CO2","old","GCAM"
"W/m^2","Reference",1999,1.56659,"RF_CO2","old","GCAM"
"W/m^2","Reference",2000,1.59072,"RF_CO2","old","GCAM"
"W/m^2","Reference",2001,1.61605,"RF_CO2","old","GCAM"
"W/m^2","Reference",2002,1.64021,"RF_CO2","old","GCAM"
"W/m^2","Reference",2003,1.66594,"RF_CO2","old","GCAM"
"W/m^2","Reference",2004,1.69248,"RF_CO2","old","GCAM"
"W/m^2","Reference",2005,1.72229,"RF_CO2","old","GCAM"
"W/m^2","Reference",2006,1.75167,"RF_CO2","old","GCAM"
"W/m^2","Reference",2007,1.77754,"RF_CO2","old","GCAM"
"W/m^2","Reference",2008,1.80543,"RF_CO2","old","GCAM"
"W/m^2","Reference",2009,1.83522,"RF_CO2","old","GCAM"
"W/m^2","Reference",2010,1.86673,"RF_CO2","old","GCAM"
"W/m^2","Reference",2011,1.89992,"RF_CO2","old","GCAM"
"W/m^2","Reference",2012,1.93359,"RF_CO2","old","GCAM"
"W/m^2","Reference",2013,1.96774,"RF_CO2","old","GCAM"
"W/m^2","Reference",2014,2.00242,"RF_CO2","old","GCAM"
"W/m^2","Reference",2015,2.03754,"RF_CO2","old","GCAM"
"W/m^2","Reference",2016,2.07306,"RF_CO2","old","GCAM"
"W/m^2","Reference",2017,2.10555,"RF_CO2","old","GCAM"
"W/m^2","Reference",2018,2.13837,"RF_CO2","old","GCAM"
"W/m^2","Reference",2019,2.17121,"RF_CO2","old","GCAM"
"W/m^2","Reference",2020,2.20409,"RF_CO2","old","GCAM"
"W/m^2","Reference",2021,2.23704,"RF_CO2","old","GCAM"
"W/m^2","Reference",2022,2.27006,"RF_CO2","old","GCAM"
"W/m^2","Reference",2023,2.30719,"RF_CO2","old","GCAM"
"W/m^2","Reference",2024,2.34524,"RF_CO2","old","GCAM"
"W/m^2","Reference",2025,2.38419,"RF_CO2","old","GCAM"
"W/m^2","Reference",2026,2.424,"RF_CO2","old","GCAM"
"W/m^2","Reference",2027,2.46249,"RF_CO2","old","GCAM"
"W/m^2","Reference",2028,2.50126,"RF_CO2","old","GCAM"
"W/m^2","Reference",2029,2.54026,"RF_CO2","old","GCAM"
"W/m^2","Reference",2030,2.57947,"RF_CO2","old","GCAM"
"W/m^2","Reference",2031,2.61886,"RF_CO2","old","GCAM"
"W/m^2","Reference",2032,2.65772,"RF_CO2","old","GCAM"
"W/m^2","Reference",2033,2.69649,"RF_CO2","old","GCAM"
"W/m^2","Reference",2034,2.73521,"RF_CO2","old","GCAM"
"W/m^2","Reference",2035,2.77385,"RF_CO2","old","GCAM"
"W/m^2","Reference",2036,2.81242,"RF_CO2","old","GCAM"
"W/m^2","Reference",2037,2.8511,"RF_CO2","old","GCAM"
"W/m^2","Reference",2038,2.88959,"RF_CO2","old","GCAM"
"W/m^2","Reference",2039,2.92791,"RF_CO2","old","GCAM"
"W/m^2","Reference",2040,2.96606,"RF_CO2","old","GCAM"
"W/m^2","Reference",2041,3.00403,"RF_CO2","old","GCAM"
"W/m^2","Reference",2042,3.04141,"RF_CO2","old","GCAM"
"W/m^2","Reference",2043,3.07857,"RF_CO2","old","GCAM"
"W/m^2","Reference",2044,3.11553,"RF_CO2","old","GCAM"
"W/m^2","Reference",2045,3.15228,"RF_CO2","old","GCAM"
"W/m^2","Reference",2046,3.18885,"RF_CO2","old","GCAM"
"W/m^2","Reference",2047,3.22516,"RF_CO2","old","GCAM"
"W/m^2","Reference",2048,3.26128,"RF_CO2","old","GCAM"
"W/m^2","Reference",2049,3.29721,"RF_CO2","old","GCAM"
"W/m^2","Reference",2050,3.33297,"RF_CO2","old","GCAM"
"W/m^2","Reference",2051,3.36857,"RF_CO2","old","GCAM"
"W/m^2","Reference",2052,3.4049,"RF_CO2","old","GCAM"
"W/m^2","Reference",2053,3.44115,"RF_CO2","old","GCAM"
"W/m^2","Reference",2054,3.47733,"RF_CO2","old","GCAM"
"W/m^2","Reference",2055,3.51345,"RF_CO2","old","GCAM"
"W/m^2","Reference",2056,3.54952,"RF_CO2","old","GCAM"
"W/m^2","Reference",2057,3.58553,"RF_CO2","old","GCAM"
"W/m^2","Reference",2058,3.62166,"RF_CO2","old","GCAM"
"W/m^2","Reference",2059,3.65789,"RF_CO2","old","GCAM"
"W/m^2","Reference",2060,3.69422,"RF_CO2","old","GCAM"
"W/m^2","Reference",2061,3.73067,"RF_CO2","old","GCAM"
"W/m^2","Reference",2062,3.76658,"RF_CO2","old","GCAM"
"W/m^2","Reference",2063,3.80262,"RF_CO2","old","GCAM"
"W/m^2","Reference",2064,3.8388,"RF_CO2","old","GCAM"
"W/m^2","Reference",2065,3.87512,"RF_CO2","old","GCAM"
"W/m^2","Reference",2066,3.91157,"RF_CO2","old","GCAM"
"W/m^2","Reference",2067,3.94772,"RF_CO2","old","GCAM"
"W/m^2","Reference",2068,3.98398,"RF_CO2","old","GCAM"
"W/m^2","Reference",2069,4.02035,"RF_CO2","old","GCAM"
"W/m^2","Reference",2070,4.05684,"RF_CO2","old","GCAM"
"W/m^2","Reference",2071,4.09344,"RF_CO2","old","GCAM"
"W/m^2","Reference",2072,4.1298,"RF_CO2","old","GCAM"
"W/m^2","Reference",2073,4.16628,"RF_CO2","old","GCAM"
"W/m^2","Reference",2074,4.20288,"RF_CO2","old","GCAM"
"W/m^2","Reference",2075,4.2396,"RF_CO2","old","GCAM"
"W/m^2","Reference",2076,4.27643,"RF_CO2","old","GCAM"
"W/m^2","Reference",2077,4.31306,"RF_CO2","old","GCAM"
"W/m^2","Reference",2078,4.34969,"RF_CO2","old","GCAM"
"W/m^2","Reference",2079,4.38632,"RF_CO2","old","GCAM"
"W/m^2","Reference",2080,4.42297,"RF_CO2","old","GCAM"
"W/m^2","Reference",2081,4.45963,"RF_CO2","old","GCAM"
"W/m^2","Reference",2082,4.4958,"RF_CO2","old","GCAM"
"W/m^2","Reference",2083,4.53185,"RF_CO2","old","GCAM"
"W/m^2","Reference",2084,4.56779,"RF_CO2","old","GCAM"
"W/m^2","Reference",2085,4.60362,"RF_CO2","old","GCAM"
"W/m^2","Reference",2086,4.63936,"RF_CO2","old","GCAM"
"W/m^2","Reference",2087,4.6745,"RF_CO2","old","GCAM"
"W/m^2","Reference",2088,4.7096,"RF_CO2","old","GCAM"
"W/m^2","Reference",2089,4.74468,"RF_CO2","old","GCAM"
"W/m^2","Reference",2090,4.77973,"RF_CO2","old","GCAM"
"W/m^2","Reference",2091,4.81476,"RF_CO2","old","GCAM"
"W/m^2","Reference",2092,4.84927,"RF_CO2","old","GCAM"
"W/m^2","Reference",2093,4.88371,"RF_CO2","old","GCAM"
"W/m^2","Reference",2094,4.91809,"RF_CO2","old","GCAM"
"W/m^2","Reference",2095,4.95242,"RF_CO2","old","GCAM"
"W/m^2","Reference",2096,4.98669,"RF_CO2","old","GCAM"
"W/m^2","Reference",2097,5.02056,"RF_CO2","old","GCAM"
"W/m^2","Reference",2098,5.05434,"RF_CO2","old","GCAM"
"W/m^2","Reference",2099,5.08802,"RF_CO2","old","GCAM"
"W/m^2","Reference",2100,5.12163,"RF_CO2","old","GCAM"
"W/m^2","Reference",1976,0.383154,"RF_tot","old","GCAM"
"W/m^2","Reference",1977,0.512006,"RF_tot","old","GCAM"
"W/m^2","Reference",1978,0.580813,"RF_tot","old","GCAM"
"W/m^2","Reference",1979,0.607994,"RF_tot","old","GCAM"
"W/m^2","Reference",1980,0.613136,"RF_tot","old","GCAM"
"W/m^2","Reference",1981,0.655905,"RF_tot","old","GCAM"
"W/m^2","Reference",1982,0.448068,"RF_tot","old","GCAM"
"W/m^2","Reference",1983,0.0226605,"RF_tot","old","GCAM"
"W/m^2","Reference",1984,0.497674,"RF_tot","old","GCAM"
"W/m^2","Reference",1985,0.751914,"RF_tot","old","GCAM"
"W/m^2","Reference",1986,0.81282,"RF_tot","old","GCAM"
"W/m^2","Reference",1987,0.892627,"RF_tot","old","GCAM"
"W/m^2","Reference",1988,0.992152,"RF_tot","old","GCAM"
"W/m^2","Reference",1989,1.07647,"RF_tot","old","GCAM"
"W/m^2","Reference",1990,1.11103,"RF_tot","old","GCAM"
"W/m^2","Reference",1991,0.530465,"RF_tot","old","GCAM"
"W/m^2","Reference",1992,-0.584517,"RF_tot","old","GCAM"
"W/m^2","Reference",1993,0.316224,"RF_tot","old","GCAM"
"W/m^2","Reference",1994,1.04551,"RF_tot","old","GCAM"
"W/m^2","Reference",1995,1.31107,"RF_tot","old","GCAM"
"W/m^2","Reference",1996,1.42654,"RF_tot","old","GCAM"
"W/m^2","Reference",1997,1.36829,"RF_tot","old","GCAM"
"W/m^2","Reference",1998,1.43978,"RF_tot","old","GCAM"
"W/m^2","Reference",1999,1.60375,"RF_tot","old","GCAM"
"W/m^2","Reference",2000,1.66116,"RF_tot","old","GCAM"
"W/m^2","Reference",2001,1.68901,"RF_tot","old","GCAM"
"W/m^2","Reference",2002,1.65489,"RF_tot","old","GCAM"
"W/m^2","Reference",2003,1.64521,"RF_tot","old","GCAM"
"W/m^2","Reference",2004,1.70263,"RF_tot","old","GCAM"
"W/m^2","Reference",2005,1.71893,"RF_tot","old","GCAM"
"W/m^2","Reference",2006,1.76629,"RF_tot","old","GCAM"
"W/m^2","Reference",2007,1.83189,"RF_tot","old","GCAM"
"W/m^2","Reference",2008,1.91412,"RF_tot","old","GCAM"
"W/m^2","Reference",2009,1.95952,"RF_tot","old","GCAM"
"W/m^2","Reference",2010,2.06427,"RF_tot","old","GCAM"
"W/m^2","Reference",2011,2.09589,"RF_tot","old","GCAM"
"W/m^2","Reference",2012,2.18723,"RF_tot","old","GCAM"
"W/m^2","Reference",2013,2.26901,"RF_tot","old","GCAM"
"W/m^2","Reference",2014,2.31469,"RF_tot","old","GCAM"
"W/m^2","Reference",2015,2.36497,"RF_tot","old","GCAM"
"W/m^2","Reference",2016,2.41455,"RF_tot","old","GCAM"
"W/m^2","Reference",2017,2.46145,"RF_tot","old","GCAM"
"W/m^2","Reference",2018,2.50902,"RF_tot","old","GCAM"
"W/m^2","Reference",2019,2.55629,"RF_tot","old","GCAM"
"W/m^2","Reference",2020,2.60393,"RF_tot","old","GCAM"
"W/m^2","Reference",2021,2.65182,"RF_tot","old","GCAM"
"W/m^2","Reference",2022,2.67354,"RF_tot","old","GCAM"
"W/m^2","Reference",2023,2.70024,"RF_tot","old","GCAM"
"W/m^2","Reference",2024,2.72865,"RF_tot","old","GCAM"
"W/m^2","Reference",2025,2.77261,"RF_tot","old","GCAM"
"W/m^2","Reference",2026,2.8253,"RF_tot","old","GCAM"
"W/m^2","Reference",2027,2.87668,"RF_tot","old","GCAM"
"W/m^2","Reference",2028,2.92838,"RF_tot","old","GCAM"
"W/m^2","Reference",2029,2.98036,"RF_tot","old","GCAM"
"W/m^2","Reference",2030,3.03261,"RF_tot","old","GCAM"
"W/m^2","Reference",2031,3.08313,"RF_tot","old","GCAM"
"W/m^2","Reference",2032,3.13319,"RF_tot","old","GCAM"
"W/m^2","Reference",2033,3.18324,"RF_tot","old","GCAM"
"W/m^2","Reference",2034,3.23331,"RF_tot","old","GCAM"
"W/m^2","Reference",2035,3.2834,"RF_tot","old","GCAM"
"W/m^2","Reference",2036,3.33097,"RF_tot","old","GCAM"
"W/m^2","Reference",2037,3.37862,"RF_tot","old","GCAM"
"W/m^2","Reference",2038,3.42607,"RF_tot","old","GCAM"
"W/m^2","Reference",2039,3.47333,"RF_tot","old","GCAM"
"W/m^2","Reference",2040,3.52041,"RF_tot","old","GCAM"
"W/m^2","Reference",2041,3.56929,"RF_tot","old","GCAM"
"W/m^2","Reference",2042,3.61762,"RF_tot","old","GCAM"
"W/m^2","Reference",2043,3.66579,"RF_tot","old","GCAM"
"W/m^2","Reference",2044,3.71381,"RF_tot","old","GCAM"
"W/m^2","Reference",2045,3.76169,"RF_tot","old","GCAM"
"W/m^2","Reference",2046,3.80969,"RF_tot","old","GCAM"
"W/m^2","Reference",2047,3.85761,"RF_tot","old","GCAM"
"W/m^2","Reference",2048,3.9055,"RF_tot","old","GCAM"
"W/m^2","Reference",2049,3.95337,"RF_tot","old","GCAM"
"W/m^2","Reference",2050,4.00122,"RF_tot","old","GCAM"
"W/m^2","Reference",2051,4.04854,"RF_tot","old","GCAM"
"W/m^2","Reference",2052,4.09679,"RF_tot","old","GCAM"
"W/m^2","Reference",2053,4.14515,"RF_tot","old","GCAM"
"W/m^2","Reference",2054,4.19364,"RF_tot","old","GCAM"
"W/m^2","Reference",2055,4.24225,"RF_tot","old","GCAM"
"W/m^2","Reference",2056,4.29,"RF_tot","old","GCAM"
"W/m^2","Reference",2057,4.33788,"RF_tot","old","GCAM"
"W/m^2","Reference",2058,4.38605,"RF_tot","old","GCAM"
"W/m^2","Reference",2059,4.43449,"RF_tot","old","GCAM"
"W/m^2","Reference",2060,4.48322,"RF_tot","old","GCAM"
"W/m^2","Reference",2061,4.53184,"RF_tot","old","GCAM"
"W/m^2","Reference",2062,4.58004,"RF_tot","old","GCAM"
"W/m^2","Reference",2063,4.62848,"RF_tot","old","GCAM"
"W/m^2","Reference",2064,4.67716,"RF_tot","old","GCAM"
"W/m^2","Reference",2065,4.72607,"RF_tot","old","GCAM"
"W/m^2","Reference",2066,4.77511,"RF_tot","old","GCAM"
"W/m^2","Reference",2067,4.82388,"RF_tot","old","GCAM"
"W/m^2","Reference",2068,4.8728,"RF_tot","old","GCAM"
"W/m^2","Reference",2069,4.92186,"RF_tot","old","GCAM"
"W/m^2","Reference",2070,4.97107,"RF_tot","old","GCAM"
"W/m^2","Reference",2071,5.02058,"RF_tot","old","GCAM"
"W/m^2","Reference",2072,5.06988,"RF_tot","old","GCAM"
"W/m^2","Reference",2073,5.11933,"RF_tot","old","GCAM"
"W/m^2","Reference",2074,5.16894,"RF_tot","old","GCAM"
"W/m^2","Reference",2075,5.2187,"RF_tot","old","GCAM"
"W/m^2","Reference",2076,5.26886,"RF_tot","old","GCAM"
"W/m^2","Reference",2077,5.3188,"RF_tot","old","GCAM"
"W/m^2","Reference",2078,5.36873,"RF_tot","old","GCAM"
"W/m^2","Reference",2079,5.41866,"RF_tot","old","GCAM"
"W/m^2","Reference",2080,5.4686,"RF_tot","old","GCAM"
"W/m^2","Reference",2081,5.51995,"RF_tot","old","GCAM"
"W/m^2","Reference",2082,5.57076,"RF_tot","old","GCAM"
"W/m^2","Reference",2083,5.62139,"RF_tot","old","GCAM"
"W/m^2","Reference",2084,5.67186,"RF_tot","old","GCAM"
"W/m^2","Reference",2085,5.72218,"RF_tot","old","GCAM"
"W/m^2","Reference",2086,5.77199,"RF_tot","old","GCAM"
"W/m^2","Reference",2087,5.82109,"RF_tot","old","GCAM"
"W/m^2","Reference",2088,5.87006,"RF_tot","old","GCAM"
"W/m^2","Reference",2089,5.91891,"RF_tot","old","GCAM"
"W/m^2","Reference",2090,5.96766,"RF_tot","old","GCAM"
"W/m^2","Reference",2091,6.01654,"RF_tot","old","GCAM"
"W/m^2","Reference",2092,6.0648,"RF_tot","old","GCAM"
"W/m^2","Reference",2093,6.11289,"RF_tot","old","GCAM"
"W/m^2","Reference",2094,6.16082,"RF_tot","old","GCAM"
"W/m^2","Reference",2095,6.20862,"RF_tot","old","GCAM"
"W/m^2","Reference",2096,6.25677,"RF_tot","old","GCAM"
"W/m^2","Reference",2097,6.30441,"RF_tot","old","GCAM"
"W/m^2","Reference",2098,6.35185,"RF_tot","old","GCAM"
"W/m^2","Reference",2099,6.39912,"RF_tot","old","GCAM"
"W/m^2","Reference",2100,6.44621,"RF_tot","old","GCAM"
"degreesC","Reference",1976,0.100269,"gmst","old","GCAM"
"degreesC","Reference",1977,0.120862,"gmst","old","GCAM"
"degreesC","Reference",1978,0.141714,"gmst","old","GCAM"
"degreesC","Reference",1979,0.159493,"gmst","old","GCAM"
"degreesC","Reference",1980,0.173513,"gmst","old","GCAM"
"degreesC","Reference",1981,0.187989,"gmst","old","GCAM"
"degreesC","Reference",1982,0.183148,"gmst","old","GCAM"
"degreesC","Reference",1983,0.146355,"gmst","old","GCAM"
"degreesC","Reference",1984,0.157532,"gmst","old","GCAM"
"degreesC","Reference",1985,0.188321,"gmst","old","GCAM"
"degreesC","Reference",1986,0.215748,"gmst","old","GCAM"
"degreesC","Reference",1987,0.242095,"gmst","old","GCAM"
"degreesC","Reference",1988,0.27001,"gmst","old","GCAM"
"degreesC","Reference",1989,0.298248,"gmst","old","GCAM"
"degreesC","Reference",1990,0.322944,"gmst","old","GCAM"
"degreesC","Reference",1991,0.296353,"gmst","old","GCAM"
"degreesC","Reference",1992,0.188759,"gmst","old","GCAM"
"degreesC","Reference",1993,0.181627,"gmst","old","GCAM"
"degreesC","Reference",1994,0.238899,"gmst","old","GCAM"
"degreesC","Reference",1995,0.301649,"gmst","old","GCAM"
"degreesC","Reference",1996,0.3554,"gmst","old","GCAM"
"degreesC","Reference",1997,0.390187,"gmst","old","GCAM"
"degreesC","Reference",1998,0.4223,"gmst","old","GCAM"
"degreesC","Reference",1999,0.460964,"gmst","old","GCAM"
"degreesC","Reference",2000,0.496196,"gmst","old","GCAM"
"degreesC","Reference",2001,0.526278,"gmst","old","GCAM"
"degreesC","Reference",2002,0.547918,"gmst","old","GCAM"
"degreesC","Reference",2003,0.56536,"gmst","old","GCAM"
"degreesC","Reference",2004,0.585223,"gmst","old","GCAM"
"degreesC","Reference",2005,0.603615,"gmst","old","GCAM"
"degreesC","Reference",2006,0.623073,"gmst","old","GCAM"
"degreesC","Reference",2007,0.644805,"gmst","old","GCAM"
"degreesC","Reference",2008,0.669463,"gmst","old","GCAM"
"degreesC","Reference",2009,0.693315,"gmst","old","GCAM"
"degreesC","Reference",2010,0.721198,"gmst","old","GCAM"
"degreesC","Reference",2011,0.746463,"gmst","old","GCAM"
"degreesC","Reference",2012,0.774359,"gmst","old","GCAM"
"degreesC","Reference",2013,0.803734,"gmst","old","GCAM"
"degreesC","Reference",2014,0.831275,"gmst","old","GCAM"
"degreesC","Reference",2015,0.857835,"gmst","old","GCAM"
"degreesC","Reference",2016,0.883766,"gmst","old","GCAM"
"degreesC","Reference",2017,0.909066,"gmst","old","GCAM"
"degreesC","Reference",2018,0.933973,"gmst","old","GCAM"
"degreesC","Reference",2019,0.958585,"gmst","old","GCAM"
"degreesC","Reference",2020,0.983012,"gmst","old","GCAM"
"degreesC","Reference",2021,1.00733,"gmst","old","GCAM"
"degreesC","Reference",2022,1.02948,"gmst","old","GCAM"
"degreesC","Reference",2023,1.05039,"gmst","old","GCAM"
"degreesC","Reference",2024,1.07057,"gmst","old","GCAM"
"degreesC","Reference",2025,1.09144,"gmst","old","GCAM"
"degreesC","Reference",2026,1.11347,"gmst","old","GCAM"
"degreesC","Reference",2027,1.13623,"gmst","old","GCAM"
"degreesC","Reference",2028,1.15949,"gmst","old","GCAM"
"degreesC","Reference",2029,1.18314,"gmst","old","GCAM"
"degreesC","Reference",2030,1.20712,"gmst","old","GCAM"
"degreesC","Reference",2031,1.23123,"gmst","old","GCAM"
"degreesC","Reference",2032,1.25541,"gmst","old","GCAM"
"degreesC","Reference",2033,1.27966,"gmst","old","GCAM"
"degreesC","Reference",2034,1.304,"gmst","old","GCAM"
"degreesC","Reference",2035,1.32841,"gmst","old","GCAM"
"degreesC","Reference",2036,1.3527,"gmst","old","GCAM"
"degreesC","Reference",2037,1.37692,"gmst","old","GCAM"
"degreesC","Reference",2038,1.40109,"gmst","old","GCAM"
"degreesC","Reference",2039,1.42522,"gmst","old","GCAM"
"degreesC","Reference",2040,1.44932,"gmst","old","GCAM"
"degreesC","Reference",2041,1.47355,"gmst","old","GCAM"
"degreesC","Reference",2042,1.49784,"gmst","old","GCAM"
"degreesC","Reference",2043,1.52217,"gmst","old","GCAM"
"degreesC","Reference",2044,1.54652,"gmst","old","GCAM"
"degreesC","Reference",2045,1.57089,"gmst","old","GCAM"
"degreesC","Reference",2046,1.59529,"gmst","old","GCAM"
"degreesC","Reference",2047,1.61971,"gmst","old","GCAM"
"degreesC","Reference",2048,1.64416,"gmst","old","GCAM"
"degreesC","Reference",2049,1.66864,"gmst","old","GCAM"
"degreesC","Reference",2050,1.69315,"gmst","old","GCAM"
"degreesC","Reference",2051,1.71764,"gmst","old","GCAM"
"degreesC","Reference",2052,1.7422,"gmst","old","GCAM"
"degreesC","Reference",2053,1.76684,"gmst","old","GCAM"
"degreesC","Reference",2054,1.79155,"gmst","old","GCAM"
"degreesC","Reference",2055,1.81632,"gmst","old","GCAM"
"degreesC","Reference",2056,1.84108,"gmst","old","GCAM"
"degreesC","Reference",2057,1.86586,"gmst","old","GCAM"
"degreesC","Reference",2058,1.89068,"gmst","old","GCAM"
"degreesC","Reference",2059,1.91556,"gmst","old","GCAM"
"degreesC","Reference",2060,1.94052,"gmst","old","GCAM"
"degreesC","Reference",2061,1.96553,"gmst","old","GCAM"
"degreesC","Reference",2062,1.99056,"gmst","old","GCAM"
"degreesC","Reference",2063,2.01562,"gmst","old","GCAM"
"degreesC","Reference",2064,2.04075,"gmst","old","GCAM"
"degreesC","Reference",2065,2.06594,"gmst","old","GCAM"
"degreesC","Reference",2066,2.0912,"gmst","old","GCAM"
"degreesC","Reference",2067,2.1165,"gmst","old","GCAM"
"degreesC","Reference",2068,2.14185,"gmst","old","GCAM"
"degreesC","Reference",2069,2.16725,"gmst","old","GCAM"
"degreesC","Reference",2070,2.19272,"gmst","old","GCAM"
"degreesC","Reference",2071,2.21827,"gmst","old","GCAM"
"degreesC","Reference",2072,2.24386,"gmst","old","GCAM"
"degreesC","Reference",2073,2.26951,"gmst","old","GCAM"
"degreesC","Reference",2074,2.29523,"gmst","old","GCAM"
"degreesC","Reference",2075,2.32101,"gmst","old","GCAM"
"degreesC","Reference",2076,2.34689,"gmst","old","GCAM"
"degreesC","Reference",2077,2.37282,"gmst","old","GCAM"
"degreesC","Reference",2078,2.39881,"gmst","old","GCAM"
"degreesC","Reference",2079,2.42484,"gmst","old","GCAM"
"degreesC","Reference",2080,2.45092,"gmst","old","GCAM"
"degreesC","Reference",2081,2.47716,"gmst","old","GCAM"
"degreesC","Reference",2082,2.50347,"gmst","old","GCAM"
"degreesC","Reference",2083,2.52984,"gmst","old","GCAM"
"degreesC","Reference",2084,2.55625,"gmst","old","GCAM"
"degreesC","Reference",2085,2.58268,"gmst","old","GCAM"
"degreesC","Reference",2086,2.6091,"gmst","old","GCAM"
"degreesC","Reference",2087,2.63546,"gmst","old","GCAM"
"degreesC","Reference",2088,2.66178,"gmst","old","GCAM"
"degreesC","Reference",2089,2.68807,"gmst","old","GCAM"
"degreesC","Reference",2090,2.71434,"gmst","old","GCAM"
"degreesC","Reference",2091,2.7406,"gmst","old","GCAM"
"degreesC","Reference",2092,2.76682,"gmst","old","GCAM"
"degreesC","Reference",2093,2.79299,"gmst","old","GCAM"
"degreesC","Reference",2094,2.81913,"gmst","old","GCAM"
"degreesC","Reference",2095,2.84523,"gmst","old","GCAM"
"degreesC","Reference",2096,2.87133,"gmst","old","GCAM"
"degreesC","Reference",2097,2.89741,"gmst","old","GCAM"
"degreesC","Reference",2098,2.92344,"gmst","old","GCAM"
"degreesC","Reference",2099,2.94944,"gmst","old","GCAM"
"degreesC","Reference",2100,2.97539,"gmst","old","GCAM"
"Gg","Reference",2005,1.3326894438,"C2F6_emissions","old","GCAM"
"Gg","Reference",2010,1.1421159114,"C2F6_emissions","old","GCAM"
"Gg","Reference",2015,1.4890217964,"C2F6_emissions","old","GCAM"
"Gg","Reference",2021,1.5013436056,"C2F6_emissions","old","GCAM"
"Gg","Reference",2025,1.5976911504,"C2F6_emissions","old","GCAM"
"Gg","Reference",2030,1.7110847131,"C2F6_emissions","old","GCAM"
"Gg","Reference",2035,1.8055048803,"C2F6_emissions","old","GCAM"
"Gg","Reference",2040,1.8649060139,"C2F6_emissions","old","GCAM"
"Gg","Reference",2045,1.9126587394,"C2F6_emissions","old","GCAM"
"Gg","Reference",2050,1.9545429323,"C2F6_emissions","old","GCAM"
"Gg","Reference",2055,1.9778886767,"C2F6_emissions","old","GCAM"
"Gg","Reference",2060,1.9951271217,"C2F6_emissions","old","GCAM"
"Gg","Reference",2065,2.0058768661,"C2F6_emissions","old","GCAM"
"Gg","Reference",2070,2.009164222,"C2F6_emissions","old","GCAM"
"Gg","Reference",2075,2.0065138161,"C2F6_emissions","old","GCAM"
"Gg","Reference",2080,1.997070065,"C2F6_emissions","old","GCAM"
"Gg","Reference",2085,1.9801366093,"C2F6_emissions","old","GCAM"
"Gg","Reference",2090,1.961983745,"C2F6_emissions","old","GCAM"
"Gg","Reference",2095,1.9417995299,"C2F6_emissions","old","GCAM"
"Gg","Reference",2100,1.9171898312,"C2F6_emissions","old","GCAM"
"Gg","Reference",2005,4.5595095224,"CF4_emissions","old","GCAM"
"Gg","Reference",2010,3.4908554511,"CF4_emissions","old","GCAM"
"Gg","Reference",2015,4.5419844727,"CF4_emissions","old","GCAM"
"Gg","Reference",2021,4.66616681119,"CF4_emissions","old","GCAM"
"Gg","Reference",2025,4.9696228803,"CF4_emissions","old","GCAM"
"Gg","Reference",2030,5.2936469697,"CF4_emissions","old","GCAM"
"Gg","Reference",2035,5.5472483856,"CF4_emissions","old","GCAM"
"Gg","Reference",2040,5.699475343,"CF4_emissions","old","GCAM"
"Gg","Reference",2045,5.82389256814,"CF4_emissions","old","GCAM"
"Gg","Reference",2050,5.97007815073,"CF4_emissions","old","GCAM"
"Gg","Reference",2055,6.07592606876,"CF4_emissions","old","GCAM"
"Gg","Reference",2060,6.16225155613,"CF4_emissions","old","GCAM"
"Gg","Reference",2065,6.22743139912,"CF4_emissions","old","GCAM"
"Gg","Reference",2070,6.26517669656,"CF4_emissions","old","GCAM"
"Gg","Reference",2075,6.28311738994,"CF4_emissions","old","GCAM"
"Gg","Reference",2080,6.2760060156,"CF4_emissions","old","GCAM"
"Gg","Reference",2085,6.2410649068,"CF4_emissions","old","GCAM"
"Gg","Reference",2090,6.2031069241,"CF4_emissions","old","GCAM"
"Gg","Reference",2095,6.15986434247,"CF4_emissions","old","GCAM"
"Gg","Reference",2100,6.10012067409,"CF4_emissions","old","GCAM"
"Gg","Reference",2005,13.4736975439,"HFC125_emissions","old","GCAM"
"Gg","Reference",2010,25.754668812,"HFC125_emissions","old","GCAM"
"Gg","Reference",2015,39.522956612,"HFC125_emissions","old","GCAM"
"Gg","Reference",2021,76.34528554,"HFC125_emissions","old","GCAM"
"Gg","Reference",2025,99.005386238,"HFC125_emissions","old","GCAM"
"Gg","Reference",2030,130.343745919,"HFC125_emissions","old","GCAM"
"Gg","Reference",2035,147.825115694,"HFC125_emissions","old","GCAM"
"Gg","Reference",2040,163.684781782,"HFC125_emissions","old","GCAM"
"Gg","Reference",2045,180.789212799,"HFC125_emissions","old","GCAM"
"Gg","Reference",2050,199.14046039,"HFC125_emissions","old","GCAM"
"Gg","Reference",2055,217.37052084,"HFC125_emissions","old","GCAM"
"Gg","Reference",2060,236.88476601,"HFC125_emissions","old","GCAM"
"Gg","Reference",2065,257.0978,"HFC125_emissions","old","GCAM"
"Gg","Reference",2070,277.16178214,"HFC125_emissions","old","GCAM"
"Gg","Reference",2075,296.933286,"HFC125_emissions","old","GCAM"
"Gg","Reference",2080,315.88150096,"HFC125_emissions","old","GCAM"
"Gg","Reference",2085,333.56814902,"HFC125_emissions","old","GCAM"
"Gg","Reference",2090,350.34035914,"HFC125_emissions","old","GCAM"
"Gg","Reference",2095,365.88038514,"HFC125_emissions","old","GCAM"
"Gg","Reference",2100,379.31114383,"HFC125_emissions","old","GCAM"
"Gg","Reference",2005,130.6109941672,"HFC134a_emissions","old","GCAM"
"Gg","Reference",2010,181.60389160285,"HFC134a_emissions","old","GCAM"
"Gg","Reference",2015,244.0811181717,"HFC134a_emissions","old","GCAM"
"Gg","Reference",2021,312.4545100584,"HFC134a_emissions","old","GCAM"
"Gg","Reference",2025,341.41854948845,"HFC134a_emissions","old","GCAM"
"Gg","Reference",2030,387.729811668,"HFC134a_emissions","old","GCAM"
"Gg","Reference",2035,430.9312530685,"HFC134a_emissions","old","GCAM"
"Gg","Reference",2040,472.5468962705,"HFC134a_emissions","old","GCAM"
"Gg","Reference",2045,520.1100426145,"HFC134a_emissions","old","GCAM"
"Gg","Reference",2050,575.402246807,"HFC134a_emissions","old","GCAM"
"Gg","Reference",2055,633.8074909515,"HFC134a_emissions","old","GCAM"
"Gg","Reference",2060,700.3184760575,"HFC134a_emissions","old","GCAM"
"Gg","Reference",2065,774.0277203945,"HFC134a_emissions","old","GCAM"
"Gg","Reference",2070,853.0330158335,"HFC134a_emissions","old","GCAM"
"Gg","Reference",2075,936.811065646,"HFC134a_emissions","old","GCAM"
"Gg","Reference",2080,1023.2844445955,"HFC134a_emissions","old","GCAM"
"Gg","Reference",2085,1110.2621003505,"HFC134a_emissions","old","GCAM"
"Gg","Reference",2090,1198.046631003,"HFC134a_emissions","old","GCAM"
"Gg","Reference",2095,1284.5323027215,"HFC134a_emissions","old","GCAM"
"Gg","Reference",2100,1365.217345986,"HFC134a_emissions","old","GCAM"
"Gg","Reference",2005,16.657881676495,"HFC143a_emissions","old","GCAM"
"Gg","Reference",2010,28.150171402278,"HFC143a_emissions","old","GCAM"
"Gg","Reference",2015,43.238084254551,"HFC143a_emissions","old","GCAM"
"Gg","Reference",2021,83.173213309551,"HFC143a_emissions","old","GCAM"
"Gg","Reference",2025,107.624731816995,"HFC143a_emissions","old","GCAM"
"Gg","Reference",2030,141.554243251709,"HFC143a_emissions","old","GCAM"
"Gg","Reference",2035,160.585783702102,"HFC143a_emissions","old","GCAM"
"Gg","Reference",2040,177.878443925758,"HFC143a_emissions","old","GCAM"
"Gg","Reference",2045,196.557057004309,"HFC143a_emissions","old","GCAM"
"Gg","Reference",2050,216.638705333268,"HFC143a_emissions","old","GCAM"
"Gg","Reference",2055,236.637053328145,"HFC143a_emissions","old","GCAM"
"Gg","Reference",2060,258.094681510812,"HFC143a_emissions","old","GCAM"
"Gg","Reference",2065,280.383037058908,"HFC143a_emissions","old","GCAM"
"Gg","Reference",2070,302.58549775597,"HFC143a_emissions","old","GCAM"
"Gg","Reference",2075,324.545618749807,"HFC143a_emissions","old","GCAM"
"Gg","Reference",2080,345.679128136602,"HFC143a_emissions","old","GCAM"
"Gg","Reference",2085,365.500574120331,"HFC143a_emissions","old","GCAM"
"Gg","Reference",2090,384.374944205539,"HFC143a_emissions","old","GCAM"
"Gg","Reference",2095,401.939688780859,"HFC143a_emissions","old","GCAM"
"Gg","Reference",2100,417.212842861995,"HFC143a_emissions","old","GCAM"
"Gg","Reference",2005,3.426583998229,"HFC245fa_emissions","old","GCAM"
"Gg","Reference",2010,6.643179485242,"HFC245fa_emissions","old","GCAM"
"Gg","Reference",2015,8.489817647341,"HFC245fa_emissions","old","GCAM"
"Gg","Reference",2021,8.496387675183,"HFC245fa_emissions","old","GCAM"
"Gg","Reference",2025,8.955254912414,"HFC245fa_emissions","old","GCAM"
"Gg","Reference",2030,10.420330112591,"HFC245fa_emissions","old","GCAM"
"Gg","Reference",2035,10.433846057429,"HFC245fa_emissions","old","GCAM"
"Gg","Reference",2040,10.68014602948,"HFC245fa_emissions","old","GCAM"
"Gg","Reference",2045,10.932745414255,"HFC245fa_emissions","old","GCAM"
"Gg","Reference",2050,11.332274283725,"HFC245fa_emissions","old","GCAM"
"Gg","Reference",2055,11.738552395039,"HFC245fa_emissions","old","GCAM"
"Gg","Reference",2060,12.156106625502,"HFC245fa_emissions","old","GCAM"
"Gg","Reference",2065,12.570288182253,"HFC245fa_emissions","old","GCAM"
"Gg","Reference",2070,12.967091975825,"HFC245fa_emissions","old","GCAM"
"Gg","Reference",2075,13.346455608322,"HFC245fa_emissions","old","GCAM"
"Gg","Reference",2080,13.697630400533,"HFC245fa_emissions","old","GCAM"
"Gg","Reference",2085,14.006952209474,"HFC245fa_emissions","old","GCAM"
"Gg","Reference",2090,14.281021802009,"HFC245fa_emissions","old","GCAM"
"Gg","Reference",2095,14.515225972609,"HFC245fa_emissions","old","GCAM"
"Gg","Reference",2100,14.696214563563,"HFC245fa_emissions","old","GCAM"
"Gg","Reference",2005,2.128184574,"HFC227ea_emissions","old","GCAM"
"Gg","Reference",2010,3.69184179,"HFC227ea_emissions","old","GCAM"
"Gg","Reference",2015,6.00504143,"HFC227ea_emissions","old","GCAM"
"Gg","Reference",2021,6.00504143,"HFC227ea_emissions","old","GCAM"
"Gg","Reference",2025,3.74020471,"HFC227ea_emissions","old","GCAM"
"Gg","Reference",2030,4.06308093,"HFC227ea_emissions","old","GCAM"
"Gg","Reference",2035,4.10927786,"HFC227ea_emissions","old","GCAM"
"Gg","Reference",2040,4.15321846,"HFC227ea_emissions","old","GCAM"
"Gg","Reference",2045,4.03621554,"HFC227ea_emissions","old","GCAM"
"Gg","Reference",2050,4.07506139,"HFC227ea_emissions","old","GCAM"
"Gg","Reference",2055,4.11089644,"HFC227ea_emissions","old","GCAM"
"Gg","Reference",2060,4.13548234,"HFC227ea_emissions","old","GCAM"
"Gg","Reference",2065,4.14853662,"HFC227ea_emissions","old","GCAM"
"Gg","Reference",2070,4.15286709,"HFC227ea_emissions","old","GCAM"
"Gg","Reference",2075,4.15007499,"HFC227ea_emissions","old","GCAM"
"Gg","Reference",2080,4.14027498,"HFC227ea_emissions","old","GCAM"
"Gg","Reference",2085,4.12318158,"HFC227ea_emissions","old","GCAM"
"Gg","Reference",2090,4.099156,"HFC227ea_emissions","old","GCAM"
"Gg","Reference",2095,4.06889557,"HFC227ea_emissions","old","GCAM"
"Gg","Reference",2100,4.03225898,"HFC227ea_emissions","old","GCAM"
"Gg","Reference",2015,10.3569308623802,"HFC23_emissions","old","GCAM"
"Gg","Reference",2021,10.991813302661,"HFC23_emissions","old","GCAM"
"Gg","Reference",2025,11.964506702808,"HFC23_emissions","old","GCAM"
"Gg","Reference",2030,12.922076155545,"HFC23_emissions","old","GCAM"
"Gg","Reference",2035,13.623847747256,"HFC23_emissions","old","GCAM"
"Gg","Reference",2040,14.000591126033,"HFC23_emissions","old","GCAM"
"Gg","Reference",2045,14.279924655291,"HFC23_emissions","old","GCAM"
"Gg","Reference",2050,14.413585944495,"HFC23_emissions","old","GCAM"
"Gg","Reference",2055,14.370045940159,"HFC23_emissions","old","GCAM"
"Gg","Reference",2060,14.263157574103,"HFC23_emissions","old","GCAM"
"Gg","Reference",2065,14.101404140357,"HFC23_emissions","old","GCAM"
"Gg","Reference",2070,13.873691294665,"HFC23_emissions","old","GCAM"
"Gg","Reference",2075,13.608225902064,"HFC23_emissions","old","GCAM"
"Gg","Reference",2080,13.29016482383,"HFC23_emissions","old","GCAM"
"Gg","Reference",2085,12.914834379808,"HFC23_emissions","old","GCAM"
"Gg","Reference",2090,12.567543127467,"HFC23_emissions","old","GCAM"
"Gg","Reference",2095,12.239639803455,"HFC23_emissions","old","GCAM"
"Gg","Reference",2100,11.892528722583,"HFC23_emissions","old","GCAM"
"Gg","Reference",2005,1.2060792957,"HFC32_emissions","old","GCAM"
"Gg","Reference",2010,2.0280780141,"HFC32_emissions","old","GCAM"
"Gg","Reference",2015,3.1124134034,"HFC32_emissions","old","GCAM"
"Gg","Reference",2021,6.0196015741,"HFC32_emissions","old","GCAM"
"Gg","Reference",2025,7.810100147,"HFC32_emissions","old","GCAM"
"Gg","Reference",2030,10.2869565426,"HFC32_emissions","old","GCAM"
"Gg","Reference",2035,11.6663237334,"HFC32_emissions","old","GCAM"
"Gg","Reference",2040,12.9174457029,"HFC32_emissions","old","GCAM"
"Gg","Reference",2045,14.2663818669,"HFC32_emissions","old","GCAM"
"Gg","Reference",2050,15.7132235549,"HFC32_emissions","old","GCAM"
"Gg","Reference",2055,17.1499816219,"HFC32_emissions","old","GCAM"
"Gg","Reference",2060,18.6873671919,"HFC32_emissions","old","GCAM"
"Gg","Reference",2065,20.279141079,"HFC32_emissions","old","GCAM"
"Gg","Reference",2070,21.858318148,"HFC32_emissions","old","GCAM"
"Gg","Reference",2075,23.413623532,"HFC32_emissions","old","GCAM"
"Gg","Reference",2080,24.903237109,"HFC32_emissions","old","GCAM"
"Gg","Reference",2085,26.292722275,"HFC32_emissions","old","GCAM"
"Gg","Reference",2090,27.60955444,"HFC32_emissions","old","GCAM"
"Gg","Reference",2095,28.828850669,"HFC32_emissions","old","GCAM"
"Gg","Reference",2100,29.88173044,"HFC32_emissions","old","GCAM"
"Gg","Reference",1990,2.7646554195,"SF6_emissions","old","GCAM"
"Gg","Reference",2005,2.5740714763,"SF6_emissions","old","GCAM"
"Gg","Reference",2010,3.0635693566,"SF6_emissions","old","GCAM"
"Gg","Reference",2015,3.6045659027,"SF6_emissions","old","GCAM"
"Gg","Reference",2021,4.2902322408,"SF6_emissions","old","GCAM"
"Gg","Reference",2025,4.69503366186,"SF6_emissions","old","GCAM"
"Gg","Reference",2030,5.23025979626,"SF6_emissions","old","GCAM"
"Gg","Reference",2035,5.73127942653,"SF6_emissions","old","GCAM"
"Gg","Reference",2040,6.01669994756,"SF6_emissions","old","GCAM"
"Gg","Reference",2045,6.20817194984,"SF6_emissions","old","GCAM"
"Gg","Reference",2050,6.66153371863,"SF6_emissions","old","GCAM"
"Gg","Reference",2055,7.04631495852,"SF6_emissions","old","GCAM"
"Gg","Reference",2060,7.43351712883,"SF6_emissions","old","GCAM"
"Gg","Reference",2065,7.8166826928,"SF6_emissions","old","GCAM"
"Gg","Reference",2070,8.18014732688,"SF6_emissions","old","GCAM"
"Gg","Reference",2075,8.51084371752,"SF6_emissions","old","GCAM"
"Gg","Reference",2080,8.80432784479,"SF6_emissions","old","GCAM"
"Gg","Reference",2085,9.03835093986,"SF6_emissions","old","GCAM"
"Gg","Reference",2090,9.25985048816,"SF6_emissions","old","GCAM"
"Gg","Reference",2095,9.46687021343,"SF6_emissions","old","GCAM"
"Gg","Reference",2100,9.65722056219,"SF6_emissions","old","GCAM"
"Gg","Reference",1990,11.1037607851,"CF4_emissions","old","GCAM"
"Gg","Reference",2010,9.0445387905,"HFC23_emissions","old","GCAM"
"Gg","Reference",1990,1.6781865058,"C2F6_emissions","old","GCAM"
"Gg","Reference",2005,6.8150399058,"HFC23_emissions","old","GCAM"
"Gg","Reference",1990,9.1995099459024,"HFC23_emissions","old","GCAM"
"Gg","Reference",1990,0.00555238062543,"HFC134a_emissions","old","GCAM"
"Gg","Reference",1990,9.010356e-06,"HFC245fa_emissions","old","GCAM"
"Gg","Reference",1990,1.078794e-05,"HFC143a_emissions","old","GCAM"
"Pg C/yr","Reference",1990,6.17882420392556,"ffi_emissions","old","GCAM"
"Pg C/yr","Reference",2005,8.14001607236573,"ffi_emissions","old","GCAM"
"Pg C/yr","Reference",2010,9.23933775402649,"ffi_emissions","old","GCAM"
"Pg C/yr","Reference",2015,9.91486598086042,"ffi_emissions","old","GCAM"
"Pg C/yr","Reference",2021,10.3145490411078,"ffi_emissions","old","GCAM"
"Pg C/yr","Reference",2025,10.8954212190944,"ffi_emissions","old","GCAM"
"Pg C/yr","Reference",2030,11.2005099493307,"ffi_emissions","old","GCAM"
"Pg C/yr","Reference",2035,11.2699808470177,"ffi_emissions","old","GCAM"
"Pg C/yr","Reference",2040,11.2251852895216,"ffi_emissions","old","GCAM"
"Pg C/yr","Reference",2045,11.142049439018,"ffi_emissions","old","GCAM"
"Pg C/yr","Reference",2050,11.0747847191879,"ffi_emissions","old","GCAM"
"Pg C/yr","Reference",2055,11.0713241427883,"ffi_emissions","old","GCAM"
"Pg C/yr","Reference",2060,11.2177252816804,"ffi_emissions","old","GCAM"
"Pg C/yr","Reference",2065,11.4174776818239,"ffi_emissions","old","GCAM"
"Pg C/yr","Reference",2070,11.636268178945,"ffi_emissions","old","GCAM"
"Pg C/yr","Reference",2075,11.9201817077425,"ffi_emissions","old","GCAM"
"Pg C/yr","Reference",2080,12.119450627311,"ffi_emissions","old","GCAM"
"Pg C/yr","Reference",2085,12.1897729635084,"ffi_emissions","old","GCAM"
"Pg C/yr","Reference",2090,12.3258064240981,"ffi_emissions","old","GCAM"
"Pg C/yr","Reference",2095,12.4530930413015,"ffi_emissions","old","GCAM"
"Pg C/yr","Reference",2100,12.5690058911014,"ffi_emissions","old","GCAM"
"Tg","Reference",1990,6.97417840321109,"BC_emissions","old","GCAM"
"Tg","Reference",2005,7.35466316930533,"BC_emissions","old","GCAM"
"Tg","Reference",2010,7.54889720446919,"BC_emissions","old","GCAM"
"Tg","Reference",2015,7.21308206708771,"BC_emissions","old","GCAM"
"Tg","Reference",2021,6.7843388972519,"BC_emissions","old","GCAM"
"Tg","Reference",2025,6.57491208304995,"BC_emissions","old","GCAM"
"Tg","Reference",2030,5.94757029047544,"BC_emissions","old","GCAM"
"Tg","Reference",2035,5.51571760047012,"BC_emissions","old","GCAM"
"Tg","Reference",2040,5.19686197492822,"BC_emissions","old","GCAM"
"Tg","Reference",2045,5.00263183723597,"BC_emissions","old","GCAM"
"Tg","Reference",2050,4.82487578847911,"BC_emissions","old","GCAM"
"Tg","Reference",2055,4.71673466550397,"BC_emissions","old","GCAM"
"Tg","Reference",2060,4.62374220910903,"BC_emissions","old","GCAM"
"Tg","Reference",2065,4.5297406648906,"BC_emissions","old","GCAM"
"Tg","Reference",2070,4.4270517174677,"BC_emissions","old","GCAM"
"Tg","Reference",2075,4.31867660872414,"BC_emissions","old","GCAM"
"Tg","Reference",2080,4.20275567878101,"BC_emissions","old","GCAM"
"Tg","Reference",2085,4.08116899719767,"BC_emissions","old","GCAM"
"Tg","Reference",2090,3.95892566662385,"BC_emissions","old","GCAM"
"Tg","Reference",2095,3.83107417519112,"BC_emissions","old","GCAM"
"Tg","Reference",2100,3.70631114910883,"BC_emissions","old","GCAM"
"Tg CH4","Reference",1990,302.724110886482,"CH4_emissions","old","GCAM"
"Tg CH4","Reference",2005,325.591547873534,"CH4_emissions","old","GCAM"
"Tg CH4","Reference",2010,340.169582102578,"CH4_emissions","old","GCAM"
"Tg CH4","Reference",2015,355.548355755137,"CH4_emissions","old","GCAM"
"Tg CH4","Reference",2021,367.917187715913,"CH4_emissions","old","GCAM"
"Tg CH4","Reference",2025,387.339081213493,"CH4_emissions","old","GCAM"
"Tg CH4","Reference",2030,402.114865214238,"CH4_emissions","old","GCAM"
"Tg CH4","Reference",2035,415.813058226946,"CH4_emissions","old","GCAM"
"Tg CH4","Reference",2040,429.004695907096,"CH4_emissions","old","GCAM"
"Tg CH4","Reference",2045,441.333433527808,"CH4_emissions","old","GCAM"
"Tg CH4","Reference",2050,456.496233329786,"CH4_emissions","old","GCAM"
"Tg CH4","Reference",2055,472.386957022314,"CH4_emissions","old","GCAM"
"Tg CH4","Reference",2060,489.26597353404,"CH4_emissions","old","GCAM"
"Tg CH4","Reference",2065,505.623420561109,"CH4_emissions","old","GCAM"
"Tg CH4","Reference",2070,519.670389214915,"CH4_emissions","old","GCAM"
"Tg CH4","Reference",2075,532.921537342864,"CH4_emissions","old","GCAM"
"Tg CH4","Reference",2080,544.192293205648,"CH4_emissions","old","GCAM"
"Tg CH4","Reference",2085,553.034809516,"CH4_emissions","old","GCAM"
"Tg CH4","Reference",2090,559.238128007836,"CH4_emissions","old","GCAM"
"Tg CH4","Reference",2095,563.993308244379,"CH4_emissions","old","GCAM"
"Tg CH4","Reference",2100,567.551669231101,"CH4_emissions","old","GCAM"
"Tg CO","Reference",1990,830.570799948489,"CO_emissions","old","GCAM"
"Tg CO","Reference",2005,795.126853116825,"CO_emissions","old","GCAM"
"Tg CO","Reference",2010,764.565012919477,"CO_emissions","old","GCAM"
"Tg CO","Reference",2015,735.526296819411,"CO_emissions","old","GCAM"
"Tg CO","Reference",2021,671.530938488124,"CO_emissions","old","GCAM"
"Tg CO","Reference",2025,672.073715533331,"CO_emissions","old","GCAM"
"Tg CO","Reference",2030,608.785708354377,"CO_emissions","old","GCAM"
"Tg CO","Reference",2035,576.888023009706,"CO_emissions","old","GCAM"
"Tg CO","Reference",2040,556.11136875058,"CO_emissions","old","GCAM"
"Tg CO","Reference",2045,538.982465933007,"CO_emissions","old","GCAM"
"Tg CO","Reference",2050,524.137481088181,"CO_emissions","old","GCAM"
"Tg CO","Reference",2055,516.968792697223,"CO_emissions","old","GCAM"
"Tg CO","Reference",2060,508.4450361576,"CO_emissions","old","GCAM"
"Tg CO","Reference",2065,498.583125466183,"CO_emissions","old","GCAM"
"Tg CO","Reference",2070,489.973358565393,"CO_emissions","old","GCAM"
"Tg CO","Reference",2075,480.680772210525,"CO_emissions","old","GCAM"
"Tg CO","Reference",2080,470.764899393982,"CO_emissions","old","GCAM"
"Tg CO","Reference",2085,459.990298700407,"CO_emissions","old","GCAM"
"Tg CO","Reference",2090,448.685203308628,"CO_emissions","old","GCAM"
"Tg CO","Reference",2095,439.039591109309,"CO_emissions","old","GCAM"
"Tg CO","Reference",2100,431.316642657307,"CO_emissions","old","GCAM"
NA,"Reference",1990,NA,NA,"old","GCAM"
NA,"Reference",2005,NA,NA,"old","GCAM"
NA,"Reference",2010,NA,NA,"old","GCAM"
NA,"Reference",2015,NA,NA,"old","GCAM"
NA,"Reference",2021,NA,NA,"old","GCAM"
NA,"Reference",2025,NA,NA,"old","GCAM"
NA,"Reference",2030,NA,NA,"old","GCAM"
NA,"Reference",2035,NA,NA,"old","GCAM"
NA,"Reference",2040,NA,NA,"old","GCAM"
NA,"Reference",2045,NA,NA,"old","GCAM"
NA,"Reference",2050,NA,NA,"old","GCAM"
NA,"Reference",2055,NA,NA,"old","GCAM"
NA,"Reference",2060,NA,NA,"old","GCAM"
NA,"Reference",2065,NA,NA,"old","GCAM"
NA,"Reference",2070,NA,NA,"old","GCAM"
NA,"Reference",2075,NA,NA,"old","GCAM"
NA,"Reference",2080,NA,NA,"old","GCAM"
NA,"Reference",2085,NA,NA,"old","GCAM"
NA,"Reference",2090,NA,NA,"old","GCAM"
NA,"Reference",2095,NA,NA,"old","GCAM"
NA,"Reference",2100,NA,NA,"old","GCAM"
"Tg N","Reference",1990,5.37266701488926,"N2O_emissions","old","GCAM"
"Tg N","Reference",2005,6.10859637614178,"N2O_emissions","old","GCAM"
"Tg N","Reference",2010,6.403505567358,"N2O_emissions","old","GCAM"
"Tg N","Reference",2015,7.0155438857813,"N2O_emissions","old","GCAM"
"Tg N","Reference",2021,7.11475945396327,"N2O_emissions","old","GCAM"
"Tg N","Reference",2025,7.62124406026335,"N2O_emissions","old","GCAM"
"Tg N","Reference",2030,8.01510167618229,"N2O_emissions","old","GCAM"
"Tg N","Reference",2035,8.43082559613063,"N2O_emissions","old","GCAM"
"Tg N","Reference",2040,8.81562730223391,"N2O_emissions","old","GCAM"
"Tg N","Reference",2045,9.19487568058797,"N2O_emissions","old","GCAM"
"Tg N","Reference",2050,9.6687000775543,"N2O_emissions","old","GCAM"
"Tg N","Reference",2055,10.1598218378896,"N2O_emissions","old","GCAM"
"Tg N","Reference",2060,10.6671955246317,"N2O_emissions","old","GCAM"
"Tg N","Reference",2065,11.1363392098535,"N2O_emissions","old","GCAM"
"Tg N","Reference",2070,11.5551248306643,"N2O_emissions","old","GCAM"
"Tg N","Reference",2075,11.9247391521232,"N2O_emissions","old","GCAM"
"Tg N","Reference",2080,12.2602530282517,"N2O_emissions","old","GCAM"
"Tg N","Reference",2085,12.5502859906136,"N2O_emissions","old","GCAM"
"Tg N","Reference",2090,12.8147969632279,"N2O_emissions","old","GCAM"
"Tg N","Reference",2095,13.0183711406222,"N2O_emissions","old","GCAM"
"Tg N","Reference",2100,13.18040436061,"N2O_emissions","old","GCAM"
"Tg","Reference",1990,49.8073440001397,"NH3_emissions","old","GCAM"
"Tg","Reference",2005,55.9463079027,"NH3_emissions","old","GCAM"
"Tg","Reference",2010,59.4531451842795,"NH3_emissions","old","GCAM"
"Tg","Reference",2015,62.5629743574438,"NH3_emissions","old","GCAM"
"Tg","Reference",2021,65.9510035069377,"NH3_emissions","old","GCAM"
"Tg","Reference",2025,70.843662693596,"NH3_emissions","old","GCAM"
"Tg","Reference",2030,74.6556142618984,"NH3_emissions","old","GCAM"
"Tg","Reference",2035,79.1046722203315,"NH3_emissions","old","GCAM"
"Tg","Reference",2040,83.362046045847,"NH3_emissions","old","GCAM"
"Tg","Reference",2045,87.4059461422993,"NH3_emissions","old","GCAM"
"Tg","Reference",2050,91.0611261886746,"NH3_emissions","old","GCAM"
"Tg","Reference",2055,94.3305423090927,"NH3_emissions","old","GCAM"
"Tg","Reference",2060,97.688162105235,"NH3_emissions","old","GCAM"
"Tg","Reference",2065,100.716688803006,"NH3_emissions","old","GCAM"
"Tg","Reference",2070,103.328679416211,"NH3_emissions","old","GCAM"
"Tg","Reference",2075,105.493127011256,"NH3_emissions","old","GCAM"
"Tg","Reference",2080,107.295409873348,"NH3_emissions","old","GCAM"
"Tg","Reference",2085,108.853345406813,"NH3_emissions","old","GCAM"
"Tg","Reference",2090,110.356766719486,"NH3_emissions","old","GCAM"
"Tg","Reference",2095,111.465587906968,"NH3_emissions","old","GCAM"
"Tg","Reference",2100,112.34311718608,"NH3_emissions","old","GCAM"
"Tg NMVOC","Reference",1990,163.169771397404,"NMVOC_emissions","old","GCAM"
"Tg NMVOC","Reference",2005,171.647289349823,"NMVOC_emissions","old","GCAM"
"Tg NMVOC","Reference",2010,172.076619013464,"NMVOC_emissions","old","GCAM"
"Tg NMVOC","Reference",2015,177.502358016173,"NMVOC_emissions","old","GCAM"
"Tg NMVOC","Reference",2021,174.48109569912,"NMVOC_emissions","old","GCAM"
"Tg NMVOC","Reference",2025,175.060418023644,"NMVOC_emissions","old","GCAM"
"Tg NMVOC","Reference",2030,164.690965186176,"NMVOC_emissions","old","GCAM"
"Tg NMVOC","Reference",2035,160.775224669519,"NMVOC_emissions","old","GCAM"
"Tg NMVOC","Reference",2040,159.820656075023,"NMVOC_emissions","old","GCAM"
"Tg NMVOC","Reference",2045,159.724614113474,"NMVOC_emissions","old","GCAM"
"Tg NMVOC","Reference",2050,159.620906502532,"NMVOC_emissions","old","GCAM"
"Tg NMVOC","Reference",2055,160.216333783189,"NMVOC_emissions","old","GCAM"
"Tg NMVOC","Reference",2060,160.763379607799,"NMVOC_emissions","old","GCAM"
"Tg NMVOC","Reference",2065,161.115094437476,"NMVOC_emissions","old","GCAM"
"Tg NMVOC","Reference",2070,161.099186445261,"NMVOC_emissions","old","GCAM"
"Tg NMVOC","Reference",2075,160.851485303132,"NMVOC_emissions","old","GCAM"
"Tg NMVOC","Reference",2080,160.068739159677,"NMVOC_emissions","old","GCAM"
"Tg NMVOC","Reference",2085,158.743302391507,"NMVOC_emissions","old","GCAM"
"Tg NMVOC","Reference",2090,157.155283799154,"NMVOC_emissions","old","GCAM"
"Tg NMVOC","Reference",2095,156.663279761698,"NMVOC_emissions","old","GCAM"
"Tg NMVOC","Reference",2100,156.786256356966,"NMVOC_emissions","old","GCAM"
"Tg N","Reference",1990,37.8914708253123,"NOX_emissions","old","GCAM"
"Tg N","Reference",2005,43.1276251613084,"NOX_emissions","old","GCAM"
"Tg N","Reference",2010,42.516098552286,"NOX_emissions","old","GCAM"
"Tg N","Reference",2015,41.8401661321839,"NOX_emissions","old","GCAM"
"Tg N","Reference",2021,38.3188932513674,"NOX_emissions","old","GCAM"
"Tg N","Reference",2025,34.0046503337853,"NOX_emissions","old","GCAM"
"Tg N","Reference",2030,29.6651657131254,"NOX_emissions","old","GCAM"
"Tg N","Reference",2035,26.0106701201152,"NOX_emissions","old","GCAM"
"Tg N","Reference",2040,23.5529568230416,"NOX_emissions","old","GCAM"
"Tg N","Reference",2045,22.5756268755459,"NOX_emissions","old","GCAM"
"Tg N","Reference",2050,21.8227062156782,"NOX_emissions","old","GCAM"
"Tg N","Reference",2055,21.3677803623439,"NOX_emissions","old","GCAM"
"Tg N","Reference",2060,21.1750013682421,"NOX_emissions","old","GCAM"
"Tg N","Reference",2065,21.0333837136447,"NOX_emissions","old","GCAM"
"Tg N","Reference",2070,20.8555737991465,"NOX_emissions","old","GCAM"
"Tg N","Reference",2075,20.7098563720785,"NOX_emissions","old","GCAM"
"Tg N","Reference",2080,20.5437090267245,"NOX_emissions","old","GCAM"
"Tg N","Reference",2085,20.2444717005848,"NOX_emissions","old","GCAM"
"Tg N","Reference",2090,20.0102134519718,"NOX_emissions","old","GCAM"
"Tg N","Reference",2095,19.7496864147281,"NOX_emissions","old","GCAM"
"Tg N","Reference",2100,19.4419708753848,"NOX_emissions","old","GCAM"
"Tg","Reference",1990,22.1116867316164,"OC_emissions","old","GCAM"
"Tg","Reference",2005,24.5316446462833,"OC_emissions","old","GCAM"
"Tg","Reference",2010,24.8199600880708,"OC_emissions","old","GCAM"
"Tg","Reference",2015,24.6763563660337,"OC_emissions","old","GCAM"
"Tg","Reference",2021,24.1848679655948,"OC_emissions","old","GCAM"
"Tg","Reference",2025,25.4364967980276,"OC_emissions","old","GCAM"
"Tg","Reference",2030,23.6605619900628,"OC_emissions","old","GCAM"
"Tg","Reference",2035,22.813639554336,"OC_emissions","old","GCAM"
"Tg","Reference",2040,22.4158762670267,"OC_emissions","old","GCAM"
"Tg","Reference",2045,21.9570988364139,"OC_emissions","old","GCAM"
"Tg","Reference",2050,21.4988328836505,"OC_emissions","old","GCAM"
"Tg","Reference",2055,21.3363776551517,"OC_emissions","old","GCAM"
"Tg","Reference",2060,21.0729991474152,"OC_emissions","old","GCAM"
"Tg","Reference",2065,20.7201024129276,"OC_emissions","old","GCAM"
"Tg","Reference",2070,20.3586328945607,"OC_emissions","old","GCAM"
"Tg","Reference",2075,19.9701188511981,"OC_emissions","old","GCAM"
"Tg","Reference",2080,19.567409228219,"OC_emissions","old","GCAM"
"Tg","Reference",2085,19.1409066546098,"OC_emissions","old","GCAM"
"Tg","Reference",2090,18.7105726464486,"OC_emissions","old","GCAM"
"Tg","Reference",2095,18.2657415705365,"OC_emissions","old","GCAM"
"Tg","Reference",2100,17.8435768395661,"OC_emissions","old","GCAM"
"Gg S","Reference",1990,68281.7679023173,"SO2_emissions","old","GCAM"
"Gg S","Reference",2005,62015.4413592208,"SO2_emissions","old","GCAM"
"Gg S","Reference",2010,53032.2017562922,"SO2_emissions","old","GCAM"
"Gg S","Reference",2015,45379.6287294682,"SO2_emissions","old","GCAM"
"Gg S","Reference",2021,36045.4489974045,"SO2_emissions","old","GCAM"
"Gg S","Reference",2025,33478.5359710669,"SO2_emissions","old","GCAM"
"Gg S","Reference",2030,31005.9264451096,"SO2_emissions","old","GCAM"
"Gg S","Reference",2035,28834.33372409,"SO2_emissions","old","GCAM"
"Gg S","Reference",2040,27501.2551889278,"SO2_emissions","old","GCAM"
"Gg S","Reference",2045,26494.3319807958,"SO2_emissions","old","GCAM"
"Gg S","Reference",2050,25605.4639414713,"SO2_emissions","old","GCAM"
"Gg S","Reference",2055,24872.5051913814,"SO2_emissions","old","GCAM"
"Gg S","Reference",2060,24597.1364439459,"SO2_emissions","old","GCAM"
"Gg S","Reference",2065,24540.4581687821,"SO2_emissions","old","GCAM"
"Gg S","Reference",2070,24514.4522049515,"SO2_emissions","old","GCAM"
"Gg S","Reference",2075,24515.2741444051,"SO2_emissions","old","GCAM"
"Gg S","Reference",2080,24460.4863685802,"SO2_emissions","old","GCAM"
"Gg S","Reference",2085,24031.7479603213,"SO2_emissions","old","GCAM"
"Gg S","Reference",2090,23696.9475038251,"SO2_emissions","old","GCAM"
"Gg S","Reference",2095,23340.4713547104,"SO2_emissions","old","GCAM"
"Gg S","Reference",2100,22856.6149605826,"SO2_emissions","old","GCAM"
"Pg C/yr","Reference",1990,6.0233280063794,"ffi_emissions","old","GCAM"
"Pg C/yr","Reference",2005,7.9829449382286,"ffi_emissions","old","GCAM"
"Pg C/yr","Reference",2010,9.07491468390694,"ffi_emissions","old","GCAM"
"Pg C/yr","Reference",2015,9.69313672356527,"ffi_emissions","old","GCAM"
"Pg C/yr","Reference",2021,10.0506041691071,"ffi_emissions","old","GCAM"
"Pg C/yr","Reference",2025,10.5913084421623,"ffi_emissions","old","GCAM"
"Pg C/yr","Reference",2030,10.8884208931592,"ffi_emissions","old","GCAM"
"Pg C/yr","Reference",2035,10.9540808038485,"ffi_emissions","old","GCAM"
"Pg C/yr","Reference",2040,10.9068666188957,"ffi_emissions","old","GCAM"
"Pg C/yr","Reference",2045,10.8091204311056,"ffi_emissions","old","GCAM"
"Pg C/yr","Reference",2050,10.7137159811527,"ffi_emissions","old","GCAM"
"Pg C/yr","Reference",2055,10.6632486029476,"ffi_emissions","old","GCAM"
"Pg C/yr","Reference",2060,10.7672000104204,"ffi_emissions","old","GCAM"
"Pg C/yr","Reference",2065,10.9322456614341,"ffi_emissions","old","GCAM"
"Pg C/yr","Reference",2070,11.1002457982047,"ffi_emissions","old","GCAM"
"Pg C/yr","Reference",2075,11.3270326949708,"ffi_emissions","old","GCAM"
"Pg C/yr","Reference",2080,11.4803555286693,"ffi_emissions","old","GCAM"
"Pg C/yr","Reference",2085,11.5285765483942,"ffi_emissions","old","GCAM"
"Pg C/yr","Reference",2090,11.6493990224776,"ffi_emissions","old","GCAM"
"Pg C/yr","Reference",2095,11.7677323682324,"ffi_emissions","old","GCAM"
"Pg C/yr","Reference",2100,11.8739314038098,"ffi_emissions","old","GCAM"
"Pg C/yr","Reference",1990,0.554913563815861,"luc_emissions","old","GCAM"
"Pg C/yr","Reference",2005,0.207170029746669,"luc_emissions","old","GCAM"
"Pg C/yr","Reference",2010,0.488630451647675,"luc_emissions","old","GCAM"
"Pg C/yr","Reference",2015,0.545609326059265,"luc_emissions","old","GCAM"
"Pg C/yr","Reference",2021,0.208970821606655,"luc_emissions","old","GCAM"
"Pg C/yr","Reference",2025,1.0644723135594,"luc_emissions","old","GCAM"
"Pg C/yr","Reference",2030,0.994957829520803,"luc_emissions","old","GCAM"
"Pg C/yr","Reference",2035,1.01620176201007,"luc_emissions","old","GCAM"
"Pg C/yr","Reference",2040,1.11501739932374,"luc_emissions","old","GCAM"
"Pg C/yr","Reference",2045,1.05955351703136,"luc_emissions","old","GCAM"
"Pg C/yr","Reference",2050,1.03142351950525,"luc_emissions","old","GCAM"
"Pg C/yr","Reference",2055,1.17071927897157,"luc_emissions","old","GCAM"
"Pg C/yr","Reference",2060,1.14555246460548,"luc_emissions","old","GCAM"
"Pg C/yr","Reference",2065,1.02921143221932,"luc_emissions","old","GCAM"
"Pg C/yr","Reference",2070,0.954122865062056,"luc_emissions","old","GCAM"
"Pg C/yr","Reference",2075,0.866870734114258,"luc_emissions","old","GCAM"
"Pg C/yr","Reference",2080,0.795394274068493,"luc_emissions","old","GCAM"
"Pg C/yr","Reference",2085,0.693612205963229,"luc_emissions","old","GCAM"
"Pg C/yr","Reference",2090,0.575198357838045,"luc_emissions","old","GCAM"
"Pg C/yr","Reference",2095,0.473695265187769,"luc_emissions","old","GCAM"
"Pg C/yr","Reference",2100,0.390128873575994,"luc_emissions","old","GCAM"
