"units","scenario","year","value","variable","source","version"
"PPM","GCAM",1976,334.97,"CO2_concentration","gcam xmldb","G-Hv3.2"
"PPM","GCAM",1977,336.335,"CO2_concentration","gcam xmldb","G-Hv3.2"
"PPM","GCAM",1978,337.769,"CO2_concentration","gcam xmldb","G-Hv3.2"
"PPM","GCAM",1979,339.249,"CO2_concentration","gcam xmldb","G-Hv3.2"
"PPM","GCAM",1980,340.738,"CO2_concentration","gcam xmldb","G-Hv3.2"
"PPM","GCAM",1981,342.148,"CO2_concentration","gcam xmldb","G-Hv3.2"
"PPM","GCAM",1982,343.482,"CO2_concentration","gcam xmldb","G-Hv3.2"
"PPM","GCAM",1983,344.741,"CO2_concentration","gcam xmldb","G-Hv3.2"
"PPM","GCAM",1984,345.996,"CO2_concentration","gcam xmldb","G-Hv3.2"
"PPM","GCAM",1985,347.319,"CO2_concentration","gcam xmldb","G-Hv3.2"
"PPM","GCAM",1986,348.696,"CO2_concentration","gcam xmldb","G-Hv3.2"
"PPM","GCAM",1987,350.124,"CO2_concentration","gcam xmldb","G-Hv3.2"
"PPM","GCAM",1988,351.598,"CO2_concentration","gcam xmldb","G-Hv3.2"
"PPM","GCAM",1989,353.139,"CO2_concentration","gcam xmldb","G-Hv3.2"
"PPM","GCAM",1990,354.699,"CO2_concentration","gcam xmldb","G-Hv3.2"
"PPM","GCAM",1991,356.182,"CO2_concentration","gcam xmldb","G-Hv3.2"
"PPM","GCAM",1992,357.664,"CO2_concentration","gcam xmldb","G-Hv3.2"
"PPM","GCAM",1993,358.931,"CO2_concentration","gcam xmldb","G-Hv3.2"
"PPM","GCAM",1994,360.133,"CO2_concentration","gcam xmldb","G-Hv3.2"
"PPM","GCAM",1995,361.45,"CO2_concentration","gcam xmldb","G-Hv3.2"
"PPM","GCAM",1996,362.886,"CO2_concentration","gcam xmldb","G-Hv3.2"
"PPM","GCAM",1997,364.404,"CO2_concentration","gcam xmldb","G-Hv3.2"
"PPM","GCAM",1998,366.294,"CO2_concentration","gcam xmldb","G-Hv3.2"
"PPM","GCAM",1999,367.917,"CO2_concentration","gcam xmldb","G-Hv3.2"
"PPM","GCAM",2000,369.501,"CO2_concentration","gcam xmldb","G-Hv3.2"
"PPM","GCAM",2001,371.171,"CO2_concentration","gcam xmldb","G-Hv3.2"
"PPM","GCAM",2002,372.769,"CO2_concentration","gcam xmldb","G-Hv3.2"
"PPM","GCAM",2003,374.478,"CO2_concentration","gcam xmldb","G-Hv3.2"
"PPM","GCAM",2004,376.248,"CO2_concentration","gcam xmldb","G-Hv3.2"
"PPM","GCAM",2005,378.246,"CO2_concentration","gcam xmldb","G-Hv3.2"
"PPM","GCAM",2006,380.223,"CO2_concentration","gcam xmldb","G-Hv3.2"
"PPM","GCAM",2007,382.356,"CO2_concentration","gcam xmldb","G-Hv3.2"
"PPM","GCAM",2008,384.623,"CO2_concentration","gcam xmldb","G-Hv3.2"
"PPM","GCAM",2009,387.019,"CO2_concentration","gcam xmldb","G-Hv3.2"
"PPM","GCAM",2010,389.536,"CO2_concentration","gcam xmldb","G-Hv3.2"
"PPM","GCAM",2011,392.173,"CO2_concentration","gcam xmldb","G-Hv3.2"
"PPM","GCAM",2012,394.976,"CO2_concentration","gcam xmldb","G-Hv3.2"
"PPM","GCAM",2013,397.846,"CO2_concentration","gcam xmldb","G-Hv3.2"
"PPM","GCAM",2014,400.786,"CO2_concentration","gcam xmldb","G-Hv3.2"
"PPM","GCAM",2015,403.793,"CO2_concentration","gcam xmldb","G-Hv3.2"
"PPM","GCAM",2016,406.862,"CO2_concentration","gcam xmldb","G-Hv3.2"
"PPM","GCAM",2017,409.395,"CO2_concentration","gcam xmldb","G-Hv3.2"
"PPM","GCAM",2018,411.925,"CO2_concentration","gcam xmldb","G-Hv3.2"
"PPM","GCAM",2019,414.456,"CO2_concentration","gcam xmldb","G-Hv3.2"
"PPM","GCAM",2020,416.986,"CO2_concentration","gcam xmldb","G-Hv3.2"
"PPM","GCAM",2021,419.518,"CO2_concentration","gcam xmldb","G-Hv3.2"
"PPM","GCAM",2022,422.053,"CO2_concentration","gcam xmldb","G-Hv3.2"
"PPM","GCAM",2023,424.853,"CO2_concentration","gcam xmldb","G-Hv3.2"
"PPM","GCAM",2024,427.723,"CO2_concentration","gcam xmldb","G-Hv3.2"
"PPM","GCAM",2025,430.664,"CO2_concentration","gcam xmldb","G-Hv3.2"
"PPM","GCAM",2026,433.677,"CO2_concentration","gcam xmldb","G-Hv3.2"
"PPM","GCAM",2027,436.655,"CO2_concentration","gcam xmldb","G-Hv3.2"
"PPM","GCAM",2028,439.661,"CO2_concentration","gcam xmldb","G-Hv3.2"
"PPM","GCAM",2029,442.695,"CO2_concentration","gcam xmldb","G-Hv3.2"
"PPM","GCAM",2030,445.756,"CO2_concentration","gcam xmldb","G-Hv3.2"
"PPM","GCAM",2031,448.844,"CO2_concentration","gcam xmldb","G-Hv3.2"
"PPM","GCAM",2032,451.929,"CO2_concentration","gcam xmldb","G-Hv3.2"
"PPM","GCAM",2033,455.027,"CO2_concentration","gcam xmldb","G-Hv3.2"
"PPM","GCAM",2034,458.141,"CO2_concentration","gcam xmldb","G-Hv3.2"
"PPM","GCAM",2035,461.272,"CO2_concentration","gcam xmldb","G-Hv3.2"
"PPM","GCAM",2036,464.419,"CO2_concentration","gcam xmldb","G-Hv3.2"
"PPM","GCAM",2037,467.534,"CO2_concentration","gcam xmldb","G-Hv3.2"
"PPM","GCAM",2038,470.653,"CO2_concentration","gcam xmldb","G-Hv3.2"
"PPM","GCAM",2039,473.777,"CO2_concentration","gcam xmldb","G-Hv3.2"
"PPM","GCAM",2040,476.905,"CO2_concentration","gcam xmldb","G-Hv3.2"
"PPM","GCAM",2041,480.037,"CO2_concentration","gcam xmldb","G-Hv3.2"
"PPM","GCAM",2042,483.143,"CO2_concentration","gcam xmldb","G-Hv3.2"
"PPM","GCAM",2043,486.251,"CO2_concentration","gcam xmldb","G-Hv3.2"
"PPM","GCAM",2044,489.362,"CO2_concentration","gcam xmldb","G-Hv3.2"
"PPM","GCAM",2045,492.478,"CO2_concentration","gcam xmldb","G-Hv3.2"
"PPM","GCAM",2046,495.598,"CO2_concentration","gcam xmldb","G-Hv3.2"
"PPM","GCAM",2047,498.746,"CO2_concentration","gcam xmldb","G-Hv3.2"
"PPM","GCAM",2048,501.91,"CO2_concentration","gcam xmldb","G-Hv3.2"
"PPM","GCAM",2049,505.091,"CO2_concentration","gcam xmldb","G-Hv3.2"
"PPM","GCAM",2050,508.288,"CO2_concentration","gcam xmldb","G-Hv3.2"
"PPM","GCAM",2051,511.504,"CO2_concentration","gcam xmldb","G-Hv3.2"
"PPM","GCAM",2052,514.729,"CO2_concentration","gcam xmldb","G-Hv3.2"
"PPM","GCAM",2053,517.971,"CO2_concentration","gcam xmldb","G-Hv3.2"
"PPM","GCAM",2054,521.23,"CO2_concentration","gcam xmldb","G-Hv3.2"
"PPM","GCAM",2055,524.505,"CO2_concentration","gcam xmldb","G-Hv3.2"
"PPM","GCAM",2056,527.797,"CO2_concentration","gcam xmldb","G-Hv3.2"
"PPM","GCAM",2057,531.097,"CO2_concentration","gcam xmldb","G-Hv3.2"
"PPM","GCAM",2058,534.424,"CO2_concentration","gcam xmldb","G-Hv3.2"
"PPM","GCAM",2059,537.776,"CO2_concentration","gcam xmldb","G-Hv3.2"
"PPM","GCAM",2060,541.156,"CO2_concentration","gcam xmldb","G-Hv3.2"
"PPM","GCAM",2061,544.561,"CO2_concentration","gcam xmldb","G-Hv3.2"
"PPM","GCAM",2062,547.933,"CO2_concentration","gcam xmldb","G-Hv3.2"
"PPM","GCAM",2063,551.327,"CO2_concentration","gcam xmldb","G-Hv3.2"
"PPM","GCAM",2064,554.743,"CO2_concentration","gcam xmldb","G-Hv3.2"
"PPM","GCAM",2065,558.182,"CO2_concentration","gcam xmldb","G-Hv3.2"
"PPM","GCAM",2066,561.644,"CO2_concentration","gcam xmldb","G-Hv3.2"
"PPM","GCAM",2067,565.09,"CO2_concentration","gcam xmldb","G-Hv3.2"
"PPM","GCAM",2068,568.559,"CO2_concentration","gcam xmldb","G-Hv3.2"
"PPM","GCAM",2069,572.054,"CO2_concentration","gcam xmldb","G-Hv3.2"
"PPM","GCAM",2070,575.573,"CO2_concentration","gcam xmldb","G-Hv3.2"
"PPM","GCAM",2071,579.117,"CO2_concentration","gcam xmldb","G-Hv3.2"
"PPM","GCAM",2072,582.637,"CO2_concentration","gcam xmldb","G-Hv3.2"
"PPM","GCAM",2073,586.183,"CO2_concentration","gcam xmldb","G-Hv3.2"
"PPM","GCAM",2074,589.754,"CO2_concentration","gcam xmldb","G-Hv3.2"
"PPM","GCAM",2075,593.352,"CO2_concentration","gcam xmldb","G-Hv3.2"
"PPM","GCAM",2076,596.978,"CO2_concentration","gcam xmldb","G-Hv3.2"
"PPM","GCAM",2077,600.595,"CO2_concentration","gcam xmldb","G-Hv3.2"
"PPM","GCAM",2078,604.232,"CO2_concentration","gcam xmldb","G-Hv3.2"
"PPM","GCAM",2079,607.889,"CO2_concentration","gcam xmldb","G-Hv3.2"
"PPM","GCAM",2080,611.568,"CO2_concentration","gcam xmldb","G-Hv3.2"
"PPM","GCAM",2081,615.269,"CO2_concentration","gcam xmldb","G-Hv3.2"
"PPM","GCAM",2082,618.935,"CO2_concentration","gcam xmldb","G-Hv3.2"
"PPM","GCAM",2083,622.603,"CO2_concentration","gcam xmldb","G-Hv3.2"
"PPM","GCAM",2084,626.274,"CO2_concentration","gcam xmldb","G-Hv3.2"
"PPM","GCAM",2085,629.949,"CO2_concentration","gcam xmldb","G-Hv3.2"
"PPM","GCAM",2086,633.628,"CO2_concentration","gcam xmldb","G-Hv3.2"
"PPM","GCAM",2087,637.288,"CO2_concentration","gcam xmldb","G-Hv3.2"
"PPM","GCAM",2088,640.955,"CO2_concentration","gcam xmldb","G-Hv3.2"
"PPM","GCAM",2089,644.632,"CO2_concentration","gcam xmldb","G-Hv3.2"
"PPM","GCAM",2090,648.317,"CO2_concentration","gcam xmldb","G-Hv3.2"
"PPM","GCAM",2091,652.011,"CO2_concentration","gcam xmldb","G-Hv3.2"
"PPM","GCAM",2092,655.682,"CO2_concentration","gcam xmldb","G-Hv3.2"
"PPM","GCAM",2093,659.356,"CO2_concentration","gcam xmldb","G-Hv3.2"
"PPM","GCAM",2094,663.035,"CO2_concentration","gcam xmldb","G-Hv3.2"
"PPM","GCAM",2095,666.718,"CO2_concentration","gcam xmldb","G-Hv3.2"
"PPM","GCAM",2096,670.407,"CO2_concentration","gcam xmldb","G-Hv3.2"
"PPM","GCAM",2097,674.076,"CO2_concentration","gcam xmldb","G-Hv3.2"
"PPM","GCAM",2098,677.746,"CO2_concentration","gcam xmldb","G-Hv3.2"
"PPM","GCAM",2099,681.416,"CO2_concentration","gcam xmldb","G-Hv3.2"
"PPM","GCAM",2100,685.087,"CO2_concentration","gcam xmldb","G-Hv3.2"
"W/m^2","GCAM",1976,-0.976163,"RF_aci","gcam xmldb","G-Hv3.2"
"W/m^2","GCAM",1977,-0.983358,"RF_aci","gcam xmldb","G-Hv3.2"
"W/m^2","GCAM",1978,-0.995526,"RF_aci","gcam xmldb","G-Hv3.2"
"W/m^2","GCAM",1979,-1.00941,"RF_aci","gcam xmldb","G-Hv3.2"
"W/m^2","GCAM",1980,-1.00574,"RF_aci","gcam xmldb","G-Hv3.2"
"W/m^2","GCAM",1981,-0.980879,"RF_aci","gcam xmldb","G-Hv3.2"
"W/m^2","GCAM",1982,-1.01212,"RF_aci","gcam xmldb","G-Hv3.2"
"W/m^2","GCAM",1983,-0.95573,"RF_aci","gcam xmldb","G-Hv3.2"
"W/m^2","GCAM",1984,-0.975326,"RF_aci","gcam xmldb","G-Hv3.2"
"W/m^2","GCAM",1985,-0.983952,"RF_aci","gcam xmldb","G-Hv3.2"
"W/m^2","GCAM",1986,-0.98595,"RF_aci","gcam xmldb","G-Hv3.2"
"W/m^2","GCAM",1987,-1.01525,"RF_aci","gcam xmldb","G-Hv3.2"
"W/m^2","GCAM",1988,-1.02214,"RF_aci","gcam xmldb","G-Hv3.2"
"W/m^2","GCAM",1989,-1.01192,"RF_aci","gcam xmldb","G-Hv3.2"
"W/m^2","GCAM",1990,-1.02357,"RF_aci","gcam xmldb","G-Hv3.2"
"W/m^2","GCAM",1991,-1.10085,"RF_aci","gcam xmldb","G-Hv3.2"
"W/m^2","GCAM",1992,-0.986158,"RF_aci","gcam xmldb","G-Hv3.2"
"W/m^2","GCAM",1993,-0.994766,"RF_aci","gcam xmldb","G-Hv3.2"
"W/m^2","GCAM",1994,-1.04225,"RF_aci","gcam xmldb","G-Hv3.2"
"W/m^2","GCAM",1995,-0.991361,"RF_aci","gcam xmldb","G-Hv3.2"
"W/m^2","GCAM",1996,-0.968846,"RF_aci","gcam xmldb","G-Hv3.2"
"W/m^2","GCAM",1997,-1.08535,"RF_aci","gcam xmldb","G-Hv3.2"
"W/m^2","GCAM",1998,-1.0693,"RF_aci","gcam xmldb","G-Hv3.2"
"W/m^2","GCAM",1999,-0.948405,"RF_aci","gcam xmldb","G-Hv3.2"
"W/m^2","GCAM",2000,-0.918149,"RF_aci","gcam xmldb","G-Hv3.2"
"W/m^2","GCAM",2001,-0.922392,"RF_aci","gcam xmldb","G-Hv3.2"
"W/m^2","GCAM",2002,-0.992604,"RF_aci","gcam xmldb","G-Hv3.2"
"W/m^2","GCAM",2003,-1.01991,"RF_aci","gcam xmldb","G-Hv3.2"
"W/m^2","GCAM",2004,-1.0263,"RF_aci","gcam xmldb","G-Hv3.2"
"W/m^2","GCAM",2005,-1.0263,"RF_aci","gcam xmldb","G-Hv3.2"
"W/m^2","GCAM",2006,-0.998998,"RF_aci","gcam xmldb","G-Hv3.2"
"W/m^2","GCAM",2007,-0.97136,"RF_aci","gcam xmldb","G-Hv3.2"
"W/m^2","GCAM",2008,-0.943384,"RF_aci","gcam xmldb","G-Hv3.2"
"W/m^2","GCAM",2009,-0.91506,"RF_aci","gcam xmldb","G-Hv3.2"
"W/m^2","GCAM",2010,-0.88638,"RF_aci","gcam xmldb","G-Hv3.2"
"W/m^2","GCAM",2011,-0.874797,"RF_aci","gcam xmldb","G-Hv3.2"
"W/m^2","GCAM",2012,-0.863155,"RF_aci","gcam xmldb","G-Hv3.2"
"W/m^2","GCAM",2013,-0.851454,"RF_aci","gcam xmldb","G-Hv3.2"
"W/m^2","GCAM",2014,-0.839692,"RF_aci","gcam xmldb","G-Hv3.2"
"W/m^2","GCAM",2015,-0.82787,"RF_aci","gcam xmldb","G-Hv3.2"
"W/m^2","GCAM",2016,-0.80179,"RF_aci","gcam xmldb","G-Hv3.2"
"W/m^2","GCAM",2017,-0.775409,"RF_aci","gcam xmldb","G-Hv3.2"
"W/m^2","GCAM",2018,-0.748719,"RF_aci","gcam xmldb","G-Hv3.2"
"W/m^2","GCAM",2019,-0.721713,"RF_aci","gcam xmldb","G-Hv3.2"
"W/m^2","GCAM",2020,-0.694383,"RF_aci","gcam xmldb","G-Hv3.2"
"W/m^2","GCAM",2021,-0.666722,"RF_aci","gcam xmldb","G-Hv3.2"
"W/m^2","GCAM",2022,-0.653994,"RF_aci","gcam xmldb","G-Hv3.2"
"W/m^2","GCAM",2023,-0.641195,"RF_aci","gcam xmldb","G-Hv3.2"
"W/m^2","GCAM",2024,-0.628324,"RF_aci","gcam xmldb","G-Hv3.2"
"W/m^2","GCAM",2025,-0.615379,"RF_aci","gcam xmldb","G-Hv3.2"
"W/m^2","GCAM",2026,-0.606569,"RF_aci","gcam xmldb","G-Hv3.2"
"W/m^2","GCAM",2027,-0.597725,"RF_aci","gcam xmldb","G-Hv3.2"
"W/m^2","GCAM",2028,-0.588846,"RF_aci","gcam xmldb","G-Hv3.2"
"W/m^2","GCAM",2029,-0.579933,"RF_aci","gcam xmldb","G-Hv3.2"
"W/m^2","GCAM",2030,-0.570984,"RF_aci","gcam xmldb","G-Hv3.2"
"W/m^2","GCAM",2031,-0.564251,"RF_aci","gcam xmldb","G-Hv3.2"
"W/m^2","GCAM",2032,-0.557497,"RF_aci","gcam xmldb","G-Hv3.2"
"W/m^2","GCAM",2033,-0.550723,"RF_aci","gcam xmldb","G-Hv3.2"
"W/m^2","GCAM",2034,-0.54393,"RF_aci","gcam xmldb","G-Hv3.2"
"W/m^2","GCAM",2035,-0.537115,"RF_aci","gcam xmldb","G-Hv3.2"
"W/m^2","GCAM",2036,-0.532709,"RF_aci","gcam xmldb","G-Hv3.2"
"W/m^2","GCAM",2037,-0.528295,"RF_aci","gcam xmldb","G-Hv3.2"
"W/m^2","GCAM",2038,-0.523872,"RF_aci","gcam xmldb","G-Hv3.2"
"W/m^2","GCAM",2039,-0.51944,"RF_aci","gcam xmldb","G-Hv3.2"
"W/m^2","GCAM",2040,-0.515,"RF_aci","gcam xmldb","G-Hv3.2"
"W/m^2","GCAM",2041,-0.511534,"RF_aci","gcam xmldb","G-Hv3.2"
"W/m^2","GCAM",2042,-0.508063,"RF_aci","gcam xmldb","G-Hv3.2"
"W/m^2","GCAM",2043,-0.504587,"RF_aci","gcam xmldb","G-Hv3.2"
"W/m^2","GCAM",2044,-0.501105,"RF_aci","gcam xmldb","G-Hv3.2"
"W/m^2","GCAM",2045,-0.497618,"RF_aci","gcam xmldb","G-Hv3.2"
"W/m^2","GCAM",2046,-0.495664,"RF_aci","gcam xmldb","G-Hv3.2"
"W/m^2","GCAM",2047,-0.493708,"RF_aci","gcam xmldb","G-Hv3.2"
"W/m^2","GCAM",2048,-0.491751,"RF_aci","gcam xmldb","G-Hv3.2"
"W/m^2","GCAM",2049,-0.489791,"RF_aci","gcam xmldb","G-Hv3.2"
"W/m^2","GCAM",2050,-0.487831,"RF_aci","gcam xmldb","G-Hv3.2"
"W/m^2","GCAM",2051,-0.485722,"RF_aci","gcam xmldb","G-Hv3.2"
"W/m^2","GCAM",2052,-0.483612,"RF_aci","gcam xmldb","G-Hv3.2"
"W/m^2","GCAM",2053,-0.4815,"RF_aci","gcam xmldb","G-Hv3.2"
"W/m^2","GCAM",2054,-0.479386,"RF_aci","gcam xmldb","G-Hv3.2"
"W/m^2","GCAM",2055,-0.47727,"RF_aci","gcam xmldb","G-Hv3.2"
"W/m^2","GCAM",2056,-0.476325,"RF_aci","gcam xmldb","G-Hv3.2"
"W/m^2","GCAM",2057,-0.475379,"RF_aci","gcam xmldb","G-Hv3.2"
"W/m^2","GCAM",2058,-0.474434,"RF_aci","gcam xmldb","G-Hv3.2"
"W/m^2","GCAM",2059,-0.473488,"RF_aci","gcam xmldb","G-Hv3.2"
"W/m^2","GCAM",2060,-0.472541,"RF_aci","gcam xmldb","G-Hv3.2"
"W/m^2","GCAM",2061,-0.47184,"RF_aci","gcam xmldb","G-Hv3.2"
"W/m^2","GCAM",2062,-0.471139,"RF_aci","gcam xmldb","G-Hv3.2"
"W/m^2","GCAM",2063,-0.470438,"RF_aci","gcam xmldb","G-Hv3.2"
"W/m^2","GCAM",2064,-0.469737,"RF_aci","gcam xmldb","G-Hv3.2"
"W/m^2","GCAM",2065,-0.469035,"RF_aci","gcam xmldb","G-Hv3.2"
"W/m^2","GCAM",2066,-0.468843,"RF_aci","gcam xmldb","G-Hv3.2"
"W/m^2","GCAM",2067,-0.468651,"RF_aci","gcam xmldb","G-Hv3.2"
"W/m^2","GCAM",2068,-0.468459,"RF_aci","gcam xmldb","G-Hv3.2"
"W/m^2","GCAM",2069,-0.468266,"RF_aci","gcam xmldb","G-Hv3.2"
"W/m^2","GCAM",2070,-0.468074,"RF_aci","gcam xmldb","G-Hv3.2"
"W/m^2","GCAM",2071,-0.467543,"RF_aci","gcam xmldb","G-Hv3.2"
"W/m^2","GCAM",2072,-0.467012,"RF_aci","gcam xmldb","G-Hv3.2"
"W/m^2","GCAM",2073,-0.46648,"RF_aci","gcam xmldb","G-Hv3.2"
"W/m^2","GCAM",2074,-0.465949,"RF_aci","gcam xmldb","G-Hv3.2"
"W/m^2","GCAM",2075,-0.465417,"RF_aci","gcam xmldb","G-Hv3.2"
"W/m^2","GCAM",2076,-0.464784,"RF_aci","gcam xmldb","G-Hv3.2"
"W/m^2","GCAM",2077,-0.464151,"RF_aci","gcam xmldb","G-Hv3.2"
"W/m^2","GCAM",2078,-0.463518,"RF_aci","gcam xmldb","G-Hv3.2"
"W/m^2","GCAM",2079,-0.462885,"RF_aci","gcam xmldb","G-Hv3.2"
"W/m^2","GCAM",2080,-0.462251,"RF_aci","gcam xmldb","G-Hv3.2"
"W/m^2","GCAM",2081,-0.46064,"RF_aci","gcam xmldb","G-Hv3.2"
"W/m^2","GCAM",2082,-0.459027,"RF_aci","gcam xmldb","G-Hv3.2"
"W/m^2","GCAM",2083,-0.457413,"RF_aci","gcam xmldb","G-Hv3.2"
"W/m^2","GCAM",2084,-0.455798,"RF_aci","gcam xmldb","G-Hv3.2"
"W/m^2","GCAM",2085,-0.454182,"RF_aci","gcam xmldb","G-Hv3.2"
"W/m^2","GCAM",2086,-0.452684,"RF_aci","gcam xmldb","G-Hv3.2"
"W/m^2","GCAM",2087,-0.451186,"RF_aci","gcam xmldb","G-Hv3.2"
"W/m^2","GCAM",2088,-0.449686,"RF_aci","gcam xmldb","G-Hv3.2"
"W/m^2","GCAM",2089,-0.448185,"RF_aci","gcam xmldb","G-Hv3.2"
"W/m^2","GCAM",2090,-0.446684,"RF_aci","gcam xmldb","G-Hv3.2"
"W/m^2","GCAM",2091,-0.444903,"RF_aci","gcam xmldb","G-Hv3.2"
"W/m^2","GCAM",2092,-0.44312,"RF_aci","gcam xmldb","G-Hv3.2"
"W/m^2","GCAM",2093,-0.441336,"RF_aci","gcam xmldb","G-Hv3.2"
"W/m^2","GCAM",2094,-0.439551,"RF_aci","gcam xmldb","G-Hv3.2"
"W/m^2","GCAM",2095,-0.437764,"RF_aci","gcam xmldb","G-Hv3.2"
"W/m^2","GCAM",2096,-0.435814,"RF_aci","gcam xmldb","G-Hv3.2"
"W/m^2","GCAM",2097,-0.433863,"RF_aci","gcam xmldb","G-Hv3.2"
"W/m^2","GCAM",2098,-0.431909,"RF_aci","gcam xmldb","G-Hv3.2"
"W/m^2","GCAM",2099,-0.429954,"RF_aci","gcam xmldb","G-Hv3.2"
"W/m^2","GCAM",2100,-0.427998,"RF_aci","gcam xmldb","G-Hv3.2"
"W/m^2","GCAM",1976,-0.0573955,"RF_OC","gcam xmldb","G-Hv3.2"
"W/m^2","GCAM",1977,-0.0572771,"RF_OC","gcam xmldb","G-Hv3.2"
"W/m^2","GCAM",1978,-0.0613297,"RF_OC","gcam xmldb","G-Hv3.2"
"W/m^2","GCAM",1979,-0.0625645,"RF_OC","gcam xmldb","G-Hv3.2"
"W/m^2","GCAM",1980,-0.0626931,"RF_OC","gcam xmldb","G-Hv3.2"
"W/m^2","GCAM",1981,-0.0603913,"RF_OC","gcam xmldb","G-Hv3.2"
"W/m^2","GCAM",1982,-0.0821686,"RF_OC","gcam xmldb","G-Hv3.2"
"W/m^2","GCAM",1983,-0.0577402,"RF_OC","gcam xmldb","G-Hv3.2"
"W/m^2","GCAM",1984,-0.0632937,"RF_OC","gcam xmldb","G-Hv3.2"
"W/m^2","GCAM",1985,-0.0665367,"RF_OC","gcam xmldb","G-Hv3.2"
"W/m^2","GCAM",1986,-0.0670472,"RF_OC","gcam xmldb","G-Hv3.2"
"W/m^2","GCAM",1987,-0.0756312,"RF_OC","gcam xmldb","G-Hv3.2"
"W/m^2","GCAM",1988,-0.0752032,"RF_OC","gcam xmldb","G-Hv3.2"
"W/m^2","GCAM",1989,-0.0697337,"RF_OC","gcam xmldb","G-Hv3.2"
"W/m^2","GCAM",1990,-0.0763584,"RF_OC","gcam xmldb","G-Hv3.2"
"W/m^2","GCAM",1991,-0.121398,"RF_OC","gcam xmldb","G-Hv3.2"
"W/m^2","GCAM",1992,-0.0717684,"RF_OC","gcam xmldb","G-Hv3.2"
"W/m^2","GCAM",1993,-0.0811614,"RF_OC","gcam xmldb","G-Hv3.2"
"W/m^2","GCAM",1994,-0.113379,"RF_OC","gcam xmldb","G-Hv3.2"
"W/m^2","GCAM",1995,-0.0914154,"RF_OC","gcam xmldb","G-Hv3.2"
"W/m^2","GCAM",1996,-0.0850005,"RF_OC","gcam xmldb","G-Hv3.2"
"W/m^2","GCAM",1997,-0.146683,"RF_OC","gcam xmldb","G-Hv3.2"
"W/m^2","GCAM",1998,-0.143293,"RF_OC","gcam xmldb","G-Hv3.2"
"W/m^2","GCAM",1999,-0.0961168,"RF_OC","gcam xmldb","G-Hv3.2"
"W/m^2","GCAM",2000,-0.0803091,"RF_OC","gcam xmldb","G-Hv3.2"
"W/m^2","GCAM",2001,-0.0796429,"RF_OC","gcam xmldb","G-Hv3.2"
"W/m^2","GCAM",2002,-0.117639,"RF_OC","gcam xmldb","G-Hv3.2"
"W/m^2","GCAM",2003,-0.121188,"RF_OC","gcam xmldb","G-Hv3.2"
"W/m^2","GCAM",2004,-0.10817,"RF_OC","gcam xmldb","G-Hv3.2"
"W/m^2","GCAM",2005,-0.10817,"RF_OC","gcam xmldb","G-Hv3.2"
"W/m^2","GCAM",2006,-0.101442,"RF_OC","gcam xmldb","G-Hv3.2"
"W/m^2","GCAM",2007,-0.0947151,"RF_OC","gcam xmldb","G-Hv3.2"
"W/m^2","GCAM",2008,-0.0879879,"RF_OC","gcam xmldb","G-Hv3.2"
"W/m^2","GCAM",2009,-0.0812606,"RF_OC","gcam xmldb","G-Hv3.2"
"W/m^2","GCAM",2010,-0.0745333,"RF_OC","gcam xmldb","G-Hv3.2"
"W/m^2","GCAM",2011,-0.0766959,"RF_OC","gcam xmldb","G-Hv3.2"
"W/m^2","GCAM",2012,-0.0788585,"RF_OC","gcam xmldb","G-Hv3.2"
"W/m^2","GCAM",2013,-0.081021,"RF_OC","gcam xmldb","G-Hv3.2"
"W/m^2","GCAM",2014,-0.0831836,"RF_OC","gcam xmldb","G-Hv3.2"
"W/m^2","GCAM",2015,-0.0853462,"RF_OC","gcam xmldb","G-Hv3.2"
"W/m^2","GCAM",2016,-0.0813073,"RF_OC","gcam xmldb","G-Hv3.2"
"W/m^2","GCAM",2017,-0.0772685,"RF_OC","gcam xmldb","G-Hv3.2"
"W/m^2","GCAM",2018,-0.0732297,"RF_OC","gcam xmldb","G-Hv3.2"
"W/m^2","GCAM",2019,-0.0691908,"RF_OC","gcam xmldb","G-Hv3.2"
"W/m^2","GCAM",2020,-0.065152,"RF_OC","gcam xmldb","G-Hv3.2"
"W/m^2","GCAM",2021,-0.0611132,"RF_OC","gcam xmldb","G-Hv3.2"
"W/m^2","GCAM",2022,-0.0593971,"RF_OC","gcam xmldb","G-Hv3.2"
"W/m^2","GCAM",2023,-0.057681,"RF_OC","gcam xmldb","G-Hv3.2"
"W/m^2","GCAM",2024,-0.0559649,"RF_OC","gcam xmldb","G-Hv3.2"
"W/m^2","GCAM",2025,-0.0542489,"RF_OC","gcam xmldb","G-Hv3.2"
"W/m^2","GCAM",2026,-0.0527638,"RF_OC","gcam xmldb","G-Hv3.2"
"W/m^2","GCAM",2027,-0.0512787,"RF_OC","gcam xmldb","G-Hv3.2"
"W/m^2","GCAM",2028,-0.0497936,"RF_OC","gcam xmldb","G-Hv3.2"
"W/m^2","GCAM",2029,-0.0483085,"RF_OC","gcam xmldb","G-Hv3.2"
"W/m^2","GCAM",2030,-0.0468234,"RF_OC","gcam xmldb","G-Hv3.2"
"W/m^2","GCAM",2031,-0.0458316,"RF_OC","gcam xmldb","G-Hv3.2"
"W/m^2","GCAM",2032,-0.0448399,"RF_OC","gcam xmldb","G-Hv3.2"
"W/m^2","GCAM",2033,-0.0438481,"RF_OC","gcam xmldb","G-Hv3.2"
"W/m^2","GCAM",2034,-0.0428564,"RF_OC","gcam xmldb","G-Hv3.2"
"W/m^2","GCAM",2035,-0.0418646,"RF_OC","gcam xmldb","G-Hv3.2"
"W/m^2","GCAM",2036,-0.0411444,"RF_OC","gcam xmldb","G-Hv3.2"
"W/m^2","GCAM",2037,-0.0404242,"RF_OC","gcam xmldb","G-Hv3.2"
"W/m^2","GCAM",2038,-0.039704,"RF_OC","gcam xmldb","G-Hv3.2"
"W/m^2","GCAM",2039,-0.0389837,"RF_OC","gcam xmldb","G-Hv3.2"
"W/m^2","GCAM",2040,-0.0382635,"RF_OC","gcam xmldb","G-Hv3.2"
"W/m^2","GCAM",2041,-0.0376989,"RF_OC","gcam xmldb","G-Hv3.2"
"W/m^2","GCAM",2042,-0.0371343,"RF_OC","gcam xmldb","G-Hv3.2"
"W/m^2","GCAM",2043,-0.0365697,"RF_OC","gcam xmldb","G-Hv3.2"
"W/m^2","GCAM",2044,-0.0360051,"RF_OC","gcam xmldb","G-Hv3.2"
"W/m^2","GCAM",2045,-0.0354405,"RF_OC","gcam xmldb","G-Hv3.2"
"W/m^2","GCAM",2046,-0.0351632,"RF_OC","gcam xmldb","G-Hv3.2"
"W/m^2","GCAM",2047,-0.034886,"RF_OC","gcam xmldb","G-Hv3.2"
"W/m^2","GCAM",2048,-0.0346087,"RF_OC","gcam xmldb","G-Hv3.2"
"W/m^2","GCAM",2049,-0.0343314,"RF_OC","gcam xmldb","G-Hv3.2"
"W/m^2","GCAM",2050,-0.0340542,"RF_OC","gcam xmldb","G-Hv3.2"
"W/m^2","GCAM",2051,-0.033745,"RF_OC","gcam xmldb","G-Hv3.2"
"W/m^2","GCAM",2052,-0.0334358,"RF_OC","gcam xmldb","G-Hv3.2"
"W/m^2","GCAM",2053,-0.0331266,"RF_OC","gcam xmldb","G-Hv3.2"
"W/m^2","GCAM",2054,-0.0328175,"RF_OC","gcam xmldb","G-Hv3.2"
"W/m^2","GCAM",2055,-0.0325083,"RF_OC","gcam xmldb","G-Hv3.2"
"W/m^2","GCAM",2056,-0.0322224,"RF_OC","gcam xmldb","G-Hv3.2"
"W/m^2","GCAM",2057,-0.0319365,"RF_OC","gcam xmldb","G-Hv3.2"
"W/m^2","GCAM",2058,-0.0316506,"RF_OC","gcam xmldb","G-Hv3.2"
"W/m^2","GCAM",2059,-0.0313647,"RF_OC","gcam xmldb","G-Hv3.2"
"W/m^2","GCAM",2060,-0.0310788,"RF_OC","gcam xmldb","G-Hv3.2"
"W/m^2","GCAM",2061,-0.0307692,"RF_OC","gcam xmldb","G-Hv3.2"
"W/m^2","GCAM",2062,-0.0304596,"RF_OC","gcam xmldb","G-Hv3.2"
"W/m^2","GCAM",2063,-0.03015,"RF_OC","gcam xmldb","G-Hv3.2"
"W/m^2","GCAM",2064,-0.0298404,"RF_OC","gcam xmldb","G-Hv3.2"
"W/m^2","GCAM",2065,-0.0295308,"RF_OC","gcam xmldb","G-Hv3.2"
"W/m^2","GCAM",2066,-0.0292985,"RF_OC","gcam xmldb","G-Hv3.2"
"W/m^2","GCAM",2067,-0.0290662,"RF_OC","gcam xmldb","G-Hv3.2"
"W/m^2","GCAM",2068,-0.0288339,"RF_OC","gcam xmldb","G-Hv3.2"
"W/m^2","GCAM",2069,-0.0286016,"RF_OC","gcam xmldb","G-Hv3.2"
"W/m^2","GCAM",2070,-0.0283693,"RF_OC","gcam xmldb","G-Hv3.2"
"W/m^2","GCAM",2071,-0.028072,"RF_OC","gcam xmldb","G-Hv3.2"
"W/m^2","GCAM",2072,-0.0277746,"RF_OC","gcam xmldb","G-Hv3.2"
"W/m^2","GCAM",2073,-0.0274773,"RF_OC","gcam xmldb","G-Hv3.2"
"W/m^2","GCAM",2074,-0.02718,"RF_OC","gcam xmldb","G-Hv3.2"
"W/m^2","GCAM",2075,-0.0268827,"RF_OC","gcam xmldb","G-Hv3.2"
"W/m^2","GCAM",2076,-0.0266556,"RF_OC","gcam xmldb","G-Hv3.2"
"W/m^2","GCAM",2077,-0.0264285,"RF_OC","gcam xmldb","G-Hv3.2"
"W/m^2","GCAM",2078,-0.0262015,"RF_OC","gcam xmldb","G-Hv3.2"
"W/m^2","GCAM",2079,-0.0259744,"RF_OC","gcam xmldb","G-Hv3.2"
"W/m^2","GCAM",2080,-0.0257473,"RF_OC","gcam xmldb","G-Hv3.2"
"W/m^2","GCAM",2081,-0.0254645,"RF_OC","gcam xmldb","G-Hv3.2"
"W/m^2","GCAM",2082,-0.0251816,"RF_OC","gcam xmldb","G-Hv3.2"
"W/m^2","GCAM",2083,-0.0248988,"RF_OC","gcam xmldb","G-Hv3.2"
"W/m^2","GCAM",2084,-0.0246159,"RF_OC","gcam xmldb","G-Hv3.2"
"W/m^2","GCAM",2085,-0.0243331,"RF_OC","gcam xmldb","G-Hv3.2"
"W/m^2","GCAM",2086,-0.0240398,"RF_OC","gcam xmldb","G-Hv3.2"
"W/m^2","GCAM",2087,-0.0237465,"RF_OC","gcam xmldb","G-Hv3.2"
"W/m^2","GCAM",2088,-0.0234533,"RF_OC","gcam xmldb","G-Hv3.2"
"W/m^2","GCAM",2089,-0.02316,"RF_OC","gcam xmldb","G-Hv3.2"
"W/m^2","GCAM",2090,-0.0228667,"RF_OC","gcam xmldb","G-Hv3.2"
"W/m^2","GCAM",2091,-0.0225533,"RF_OC","gcam xmldb","G-Hv3.2"
"W/m^2","GCAM",2092,-0.0222399,"RF_OC","gcam xmldb","G-Hv3.2"
"W/m^2","GCAM",2093,-0.0219265,"RF_OC","gcam xmldb","G-Hv3.2"
"W/m^2","GCAM",2094,-0.0216131,"RF_OC","gcam xmldb","G-Hv3.2"
"W/m^2","GCAM",2095,-0.0212997,"RF_OC","gcam xmldb","G-Hv3.2"
"W/m^2","GCAM",2096,-0.0210063,"RF_OC","gcam xmldb","G-Hv3.2"
"W/m^2","GCAM",2097,-0.0207128,"RF_OC","gcam xmldb","G-Hv3.2"
"W/m^2","GCAM",2098,-0.0204194,"RF_OC","gcam xmldb","G-Hv3.2"
"W/m^2","GCAM",2099,-0.0201259,"RF_OC","gcam xmldb","G-Hv3.2"
"W/m^2","GCAM",2100,-0.0198325,"RF_OC","gcam xmldb","G-Hv3.2"
"W/m^2","GCAM",1976,0.032349,"RF_H2O_strat","gcam xmldb","G-Hv3.2"
"W/m^2","GCAM",1977,0.0329131,"RF_H2O_strat","gcam xmldb","G-Hv3.2"
"W/m^2","GCAM",1978,0.0334511,"RF_H2O_strat","gcam xmldb","G-Hv3.2"
"W/m^2","GCAM",1979,0.0340049,"RF_H2O_strat","gcam xmldb","G-Hv3.2"
"W/m^2","GCAM",1980,0.0345282,"RF_H2O_strat","gcam xmldb","G-Hv3.2"
"W/m^2","GCAM",1981,0.0349403,"RF_H2O_strat","gcam xmldb","G-Hv3.2"
"W/m^2","GCAM",1982,0.0355625,"RF_H2O_strat","gcam xmldb","G-Hv3.2"
"W/m^2","GCAM",1983,0.0359063,"RF_H2O_strat","gcam xmldb","G-Hv3.2"
"W/m^2","GCAM",1984,0.0362715,"RF_H2O_strat","gcam xmldb","G-Hv3.2"
"W/m^2","GCAM",1985,0.0366091,"RF_H2O_strat","gcam xmldb","G-Hv3.2"
"W/m^2","GCAM",1986,0.0370032,"RF_H2O_strat","gcam xmldb","G-Hv3.2"
"W/m^2","GCAM",1987,0.0374405,"RF_H2O_strat","gcam xmldb","G-Hv3.2"
"W/m^2","GCAM",1988,0.0378441,"RF_H2O_strat","gcam xmldb","G-Hv3.2"
"W/m^2","GCAM",1989,0.0382267,"RF_H2O_strat","gcam xmldb","G-Hv3.2"
"W/m^2","GCAM",1990,0.0386362,"RF_H2O_strat","gcam xmldb","G-Hv3.2"
"W/m^2","GCAM",1991,0.0394549,"RF_H2O_strat","gcam xmldb","G-Hv3.2"
"W/m^2","GCAM",1992,0.0396023,"RF_H2O_strat","gcam xmldb","G-Hv3.2"
"W/m^2","GCAM",1993,0.0397321,"RF_H2O_strat","gcam xmldb","G-Hv3.2"
"W/m^2","GCAM",1994,0.0401774,"RF_H2O_strat","gcam xmldb","G-Hv3.2"
"W/m^2","GCAM",1995,0.0403317,"RF_H2O_strat","gcam xmldb","G-Hv3.2"
"W/m^2","GCAM",1996,0.0404678,"RF_H2O_strat","gcam xmldb","G-Hv3.2"
"W/m^2","GCAM",1997,0.0413577,"RF_H2O_strat","gcam xmldb","G-Hv3.2"
"W/m^2","GCAM",1998,0.0417024,"RF_H2O_strat","gcam xmldb","G-Hv3.2"
"W/m^2","GCAM",1999,0.0417624,"RF_H2O_strat","gcam xmldb","G-Hv3.2"
"W/m^2","GCAM",2000,0.0417421,"RF_H2O_strat","gcam xmldb","G-Hv3.2"
"W/m^2","GCAM",2001,0.0417688,"RF_H2O_strat","gcam xmldb","G-Hv3.2"
"W/m^2","GCAM",2002,0.0420783,"RF_H2O_strat","gcam xmldb","G-Hv3.2"
"W/m^2","GCAM",2003,0.0423898,"RF_H2O_strat","gcam xmldb","G-Hv3.2"
"W/m^2","GCAM",2004,0.0427806,"RF_H2O_strat","gcam xmldb","G-Hv3.2"
"W/m^2","GCAM",2005,0.0431361,"RF_H2O_strat","gcam xmldb","G-Hv3.2"
"W/m^2","GCAM",2006,0.0434387,"RF_H2O_strat","gcam xmldb","G-Hv3.2"
"W/m^2","GCAM",2007,0.0436924,"RF_H2O_strat","gcam xmldb","G-Hv3.2"
"W/m^2","GCAM",2008,0.0439025,"RF_H2O_strat","gcam xmldb","G-Hv3.2"
"W/m^2","GCAM",2009,0.044074,"RF_H2O_strat","gcam xmldb","G-Hv3.2"
"W/m^2","GCAM",2010,0.0442118,"RF_H2O_strat","gcam xmldb","G-Hv3.2"
"W/m^2","GCAM",2011,0.0444087,"RF_H2O_strat","gcam xmldb","G-Hv3.2"
"W/m^2","GCAM",2012,0.0446612,"RF_H2O_strat","gcam xmldb","G-Hv3.2"
"W/m^2","GCAM",2013,0.0449621,"RF_H2O_strat","gcam xmldb","G-Hv3.2"
"W/m^2","GCAM",2014,0.0453086,"RF_H2O_strat","gcam xmldb","G-Hv3.2"
"W/m^2","GCAM",2015,0.0456969,"RF_H2O_strat","gcam xmldb","G-Hv3.2"
"W/m^2","GCAM",2016,0.0460761,"RF_H2O_strat","gcam xmldb","G-Hv3.2"
"W/m^2","GCAM",2017,0.0464472,"RF_H2O_strat","gcam xmldb","G-Hv3.2"
"W/m^2","GCAM",2018,0.0468114,"RF_H2O_strat","gcam xmldb","G-Hv3.2"
"W/m^2","GCAM",2019,0.0471692,"RF_H2O_strat","gcam xmldb","G-Hv3.2"
"W/m^2","GCAM",2020,0.0475213,"RF_H2O_strat","gcam xmldb","G-Hv3.2"
"W/m^2","GCAM",2021,0.0478682,"RF_H2O_strat","gcam xmldb","G-Hv3.2"
"W/m^2","GCAM",2022,0.048276,"RF_H2O_strat","gcam xmldb","G-Hv3.2"
"W/m^2","GCAM",2023,0.0487387,"RF_H2O_strat","gcam xmldb","G-Hv3.2"
"W/m^2","GCAM",2024,0.0492502,"RF_H2O_strat","gcam xmldb","G-Hv3.2"
"W/m^2","GCAM",2025,0.0498057,"RF_H2O_strat","gcam xmldb","G-Hv3.2"
"W/m^2","GCAM",2026,0.0503754,"RF_H2O_strat","gcam xmldb","G-Hv3.2"
"W/m^2","GCAM",2027,0.0509586,"RF_H2O_strat","gcam xmldb","G-Hv3.2"
"W/m^2","GCAM",2028,0.0515545,"RF_H2O_strat","gcam xmldb","G-Hv3.2"
"W/m^2","GCAM",2029,0.052162,"RF_H2O_strat","gcam xmldb","G-Hv3.2"
"W/m^2","GCAM",2030,0.0527803,"RF_H2O_strat","gcam xmldb","G-Hv3.2"
"W/m^2","GCAM",2031,0.0534037,"RF_H2O_strat","gcam xmldb","G-Hv3.2"
"W/m^2","GCAM",2032,0.054032,"RF_H2O_strat","gcam xmldb","G-Hv3.2"
"W/m^2","GCAM",2033,0.054665,"RF_H2O_strat","gcam xmldb","G-Hv3.2"
"W/m^2","GCAM",2034,0.0553024,"RF_H2O_strat","gcam xmldb","G-Hv3.2"
"W/m^2","GCAM",2035,0.0559442,"RF_H2O_strat","gcam xmldb","G-Hv3.2"
"W/m^2","GCAM",2036,0.056579,"RF_H2O_strat","gcam xmldb","G-Hv3.2"
"W/m^2","GCAM",2037,0.0572078,"RF_H2O_strat","gcam xmldb","G-Hv3.2"
"W/m^2","GCAM",2038,0.0578311,"RF_H2O_strat","gcam xmldb","G-Hv3.2"
"W/m^2","GCAM",2039,0.0584496,"RF_H2O_strat","gcam xmldb","G-Hv3.2"
"W/m^2","GCAM",2040,0.0590637,"RF_H2O_strat","gcam xmldb","G-Hv3.2"
"W/m^2","GCAM",2041,0.0596635,"RF_H2O_strat","gcam xmldb","G-Hv3.2"
"W/m^2","GCAM",2042,0.0602502,"RF_H2O_strat","gcam xmldb","G-Hv3.2"
"W/m^2","GCAM",2043,0.0608252,"RF_H2O_strat","gcam xmldb","G-Hv3.2"
"W/m^2","GCAM",2044,0.0613895,"RF_H2O_strat","gcam xmldb","G-Hv3.2"
"W/m^2","GCAM",2045,0.0619442,"RF_H2O_strat","gcam xmldb","G-Hv3.2"
"W/m^2","GCAM",2046,0.0625039,"RF_H2O_strat","gcam xmldb","G-Hv3.2"
"W/m^2","GCAM",2047,0.063068,"RF_H2O_strat","gcam xmldb","G-Hv3.2"
"W/m^2","GCAM",2048,0.0636363,"RF_H2O_strat","gcam xmldb","G-Hv3.2"
"W/m^2","GCAM",2049,0.0642082,"RF_H2O_strat","gcam xmldb","G-Hv3.2"
"W/m^2","GCAM",2050,0.0647837,"RF_H2O_strat","gcam xmldb","G-Hv3.2"
"W/m^2","GCAM",2051,0.0653592,"RF_H2O_strat","gcam xmldb","G-Hv3.2"
"W/m^2","GCAM",2052,0.0659347,"RF_H2O_strat","gcam xmldb","G-Hv3.2"
"W/m^2","GCAM",2053,0.0665105,"RF_H2O_strat","gcam xmldb","G-Hv3.2"
"W/m^2","GCAM",2054,0.0670864,"RF_H2O_strat","gcam xmldb","G-Hv3.2"
"W/m^2","GCAM",2055,0.0676625,"RF_H2O_strat","gcam xmldb","G-Hv3.2"
"W/m^2","GCAM",2056,0.0682381,"RF_H2O_strat","gcam xmldb","G-Hv3.2"
"W/m^2","GCAM",2057,0.068813,"RF_H2O_strat","gcam xmldb","G-Hv3.2"
"W/m^2","GCAM",2058,0.0693875,"RF_H2O_strat","gcam xmldb","G-Hv3.2"
"W/m^2","GCAM",2059,0.0699614,"RF_H2O_strat","gcam xmldb","G-Hv3.2"
"W/m^2","GCAM",2060,0.0705349,"RF_H2O_strat","gcam xmldb","G-Hv3.2"
"W/m^2","GCAM",2061,0.0711042,"RF_H2O_strat","gcam xmldb","G-Hv3.2"
"W/m^2","GCAM",2062,0.0716695,"RF_H2O_strat","gcam xmldb","G-Hv3.2"
"W/m^2","GCAM",2063,0.0722314,"RF_H2O_strat","gcam xmldb","G-Hv3.2"
"W/m^2","GCAM",2064,0.0727899,"RF_H2O_strat","gcam xmldb","G-Hv3.2"
"W/m^2","GCAM",2065,0.0733456,"RF_H2O_strat","gcam xmldb","G-Hv3.2"
"W/m^2","GCAM",2066,0.0738934,"RF_H2O_strat","gcam xmldb","G-Hv3.2"
"W/m^2","GCAM",2067,0.0744342,"RF_H2O_strat","gcam xmldb","G-Hv3.2"
"W/m^2","GCAM",2068,0.0749686,"RF_H2O_strat","gcam xmldb","G-Hv3.2"
"W/m^2","GCAM",2069,0.075497,"RF_H2O_strat","gcam xmldb","G-Hv3.2"
"W/m^2","GCAM",2070,0.0760199,"RF_H2O_strat","gcam xmldb","G-Hv3.2"
"W/m^2","GCAM",2071,0.0765319,"RF_H2O_strat","gcam xmldb","G-Hv3.2"
"W/m^2","GCAM",2072,0.0770339,"RF_H2O_strat","gcam xmldb","G-Hv3.2"
"W/m^2","GCAM",2073,0.0775268,"RF_H2O_strat","gcam xmldb","G-Hv3.2"
"W/m^2","GCAM",2074,0.0780113,"RF_H2O_strat","gcam xmldb","G-Hv3.2"
"W/m^2","GCAM",2075,0.0784882,"RF_H2O_strat","gcam xmldb","G-Hv3.2"
"W/m^2","GCAM",2076,0.0789468,"RF_H2O_strat","gcam xmldb","G-Hv3.2"
"W/m^2","GCAM",2077,0.0793887,"RF_H2O_strat","gcam xmldb","G-Hv3.2"
"W/m^2","GCAM",2078,0.0798154,"RF_H2O_strat","gcam xmldb","G-Hv3.2"
"W/m^2","GCAM",2079,0.0802281,"RF_H2O_strat","gcam xmldb","G-Hv3.2"
"W/m^2","GCAM",2080,0.080628,"RF_H2O_strat","gcam xmldb","G-Hv3.2"
"W/m^2","GCAM",2081,0.0810068,"RF_H2O_strat","gcam xmldb","G-Hv3.2"
"W/m^2","GCAM",2082,0.0813663,"RF_H2O_strat","gcam xmldb","G-Hv3.2"
"W/m^2","GCAM",2083,0.0817081,"RF_H2O_strat","gcam xmldb","G-Hv3.2"
"W/m^2","GCAM",2084,0.0820337,"RF_H2O_strat","gcam xmldb","G-Hv3.2"
"W/m^2","GCAM",2085,0.0823445,"RF_H2O_strat","gcam xmldb","G-Hv3.2"
"W/m^2","GCAM",2086,0.0826455,"RF_H2O_strat","gcam xmldb","G-Hv3.2"
"W/m^2","GCAM",2087,0.0829373,"RF_H2O_strat","gcam xmldb","G-Hv3.2"
"W/m^2","GCAM",2088,0.0832209,"RF_H2O_strat","gcam xmldb","G-Hv3.2"
"W/m^2","GCAM",2089,0.0834968,"RF_H2O_strat","gcam xmldb","G-Hv3.2"
"W/m^2","GCAM",2090,0.0837656,"RF_H2O_strat","gcam xmldb","G-Hv3.2"
"W/m^2","GCAM",2091,0.0840249,"RF_H2O_strat","gcam xmldb","G-Hv3.2"
"W/m^2","GCAM",2092,0.0842753,"RF_H2O_strat","gcam xmldb","G-Hv3.2"
"W/m^2","GCAM",2093,0.0845176,"RF_H2O_strat","gcam xmldb","G-Hv3.2"
"W/m^2","GCAM",2094,0.0847524,"RF_H2O_strat","gcam xmldb","G-Hv3.2"
"W/m^2","GCAM",2095,0.0849803,"RF_H2O_strat","gcam xmldb","G-Hv3.2"
"W/m^2","GCAM",2096,0.0851982,"RF_H2O_strat","gcam xmldb","G-Hv3.2"
"W/m^2","GCAM",2097,0.0854069,"RF_H2O_strat","gcam xmldb","G-Hv3.2"
"W/m^2","GCAM",2098,0.0856072,"RF_H2O_strat","gcam xmldb","G-Hv3.2"
"W/m^2","GCAM",2099,0.0857996,"RF_H2O_strat","gcam xmldb","G-Hv3.2"
"W/m^2","GCAM",2100,0.0859849,"RF_H2O_strat","gcam xmldb","G-Hv3.2"
"W/m^2","GCAM",1976,0.332685,"RF_O3_trop","gcam xmldb","G-Hv3.2"
"W/m^2","GCAM",1977,0.339523,"RF_O3_trop","gcam xmldb","G-Hv3.2"
"W/m^2","GCAM",1978,0.349427,"RF_O3_trop","gcam xmldb","G-Hv3.2"
"W/m^2","GCAM",1979,0.355642,"RF_O3_trop","gcam xmldb","G-Hv3.2"
"W/m^2","GCAM",1980,0.355273,"RF_O3_trop","gcam xmldb","G-Hv3.2"
"W/m^2","GCAM",1981,0.351734,"RF_O3_trop","gcam xmldb","G-Hv3.2"
"W/m^2","GCAM",1982,0.360543,"RF_O3_trop","gcam xmldb","G-Hv3.2"
"W/m^2","GCAM",1983,0.348953,"RF_O3_trop","gcam xmldb","G-Hv3.2"
"W/m^2","GCAM",1984,0.357558,"RF_O3_trop","gcam xmldb","G-Hv3.2"
"W/m^2","GCAM",1985,0.362344,"RF_O3_trop","gcam xmldb","G-Hv3.2"
"W/m^2","GCAM",1986,0.366618,"RF_O3_trop","gcam xmldb","G-Hv3.2"
"W/m^2","GCAM",1987,0.377009,"RF_O3_trop","gcam xmldb","G-Hv3.2"
"W/m^2","GCAM",1988,0.385258,"RF_O3_trop","gcam xmldb","G-Hv3.2"
"W/m^2","GCAM",1989,0.386823,"RF_O3_trop","gcam xmldb","G-Hv3.2"
"W/m^2","GCAM",1990,0.38947,"RF_O3_trop","gcam xmldb","G-Hv3.2"
"W/m^2","GCAM",1991,0.413873,"RF_O3_trop","gcam xmldb","G-Hv3.2"
"W/m^2","GCAM",1992,0.392768,"RF_O3_trop","gcam xmldb","G-Hv3.2"
"W/m^2","GCAM",1993,0.400616,"RF_O3_trop","gcam xmldb","G-Hv3.2"
"W/m^2","GCAM",1994,0.413913,"RF_O3_trop","gcam xmldb","G-Hv3.2"
"W/m^2","GCAM",1995,0.407025,"RF_O3_trop","gcam xmldb","G-Hv3.2"
"W/m^2","GCAM",1996,0.405479,"RF_O3_trop","gcam xmldb","G-Hv3.2"
"W/m^2","GCAM",1997,0.437121,"RF_O3_trop","gcam xmldb","G-Hv3.2"
"W/m^2","GCAM",1998,0.430398,"RF_O3_trop","gcam xmldb","G-Hv3.2"
"W/m^2","GCAM",1999,0.412824,"RF_O3_trop","gcam xmldb","G-Hv3.2"
"W/m^2","GCAM",2000,0.410571,"RF_O3_trop","gcam xmldb","G-Hv3.2"
"W/m^2","GCAM",2001,0.411135,"RF_O3_trop","gcam xmldb","G-Hv3.2"
"W/m^2","GCAM",2002,0.421939,"RF_O3_trop","gcam xmldb","G-Hv3.2"
"W/m^2","GCAM",2003,0.425156,"RF_O3_trop","gcam xmldb","G-Hv3.2"
"W/m^2","GCAM",2004,0.436433,"RF_O3_trop","gcam xmldb","G-Hv3.2"
"W/m^2","GCAM",2005,0.437412,"RF_O3_trop","gcam xmldb","G-Hv3.2"
"W/m^2","GCAM",2006,0.434208,"RF_O3_trop","gcam xmldb","G-Hv3.2"
"W/m^2","GCAM",2007,0.430867,"RF_O3_trop","gcam xmldb","G-Hv3.2"
"W/m^2","GCAM",2008,0.427404,"RF_O3_trop","gcam xmldb","G-Hv3.2"
"W/m^2","GCAM",2009,0.423836,"RF_O3_trop","gcam xmldb","G-Hv3.2"
"W/m^2","GCAM",2010,0.420175,"RF_O3_trop","gcam xmldb","G-Hv3.2"
"W/m^2","GCAM",2011,0.420742,"RF_O3_trop","gcam xmldb","G-Hv3.2"
"W/m^2","GCAM",2012,0.421458,"RF_O3_trop","gcam xmldb","G-Hv3.2"
"W/m^2","GCAM",2013,0.422302,"RF_O3_trop","gcam xmldb","G-Hv3.2"
"W/m^2","GCAM",2014,0.423265,"RF_O3_trop","gcam xmldb","G-Hv3.2"
"W/m^2","GCAM",2015,0.424334,"RF_O3_trop","gcam xmldb","G-Hv3.2"
"W/m^2","GCAM",2016,0.420484,"RF_O3_trop","gcam xmldb","G-Hv3.2"
"W/m^2","GCAM",2017,0.416607,"RF_O3_trop","gcam xmldb","G-Hv3.2"
"W/m^2","GCAM",2018,0.412708,"RF_O3_trop","gcam xmldb","G-Hv3.2"
"W/m^2","GCAM",2019,0.408787,"RF_O3_trop","gcam xmldb","G-Hv3.2"
"W/m^2","GCAM",2020,0.404848,"RF_O3_trop","gcam xmldb","G-Hv3.2"
"W/m^2","GCAM",2021,0.400891,"RF_O3_trop","gcam xmldb","G-Hv3.2"
"W/m^2","GCAM",2022,0.394392,"RF_O3_trop","gcam xmldb","G-Hv3.2"
"W/m^2","GCAM",2023,0.388029,"RF_O3_trop","gcam xmldb","G-Hv3.2"
"W/m^2","GCAM",2024,0.381782,"RF_O3_trop","gcam xmldb","G-Hv3.2"
"W/m^2","GCAM",2025,0.375639,"RF_O3_trop","gcam xmldb","G-Hv3.2"
"W/m^2","GCAM",2026,0.372426,"RF_O3_trop","gcam xmldb","G-Hv3.2"
"W/m^2","GCAM",2027,0.369237,"RF_O3_trop","gcam xmldb","G-Hv3.2"
"W/m^2","GCAM",2028,0.366069,"RF_O3_trop","gcam xmldb","G-Hv3.2"
"W/m^2","GCAM",2029,0.362919,"RF_O3_trop","gcam xmldb","G-Hv3.2"
"W/m^2","GCAM",2030,0.359785,"RF_O3_trop","gcam xmldb","G-Hv3.2"
"W/m^2","GCAM",2031,0.357711,"RF_O3_trop","gcam xmldb","G-Hv3.2"
"W/m^2","GCAM",2032,0.355637,"RF_O3_trop","gcam xmldb","G-Hv3.2"
"W/m^2","GCAM",2033,0.353564,"RF_O3_trop","gcam xmldb","G-Hv3.2"
"W/m^2","GCAM",2034,0.351491,"RF_O3_trop","gcam xmldb","G-Hv3.2"
"W/m^2","GCAM",2035,0.349417,"RF_O3_trop","gcam xmldb","G-Hv3.2"
"W/m^2","GCAM",2036,0.348582,"RF_O3_trop","gcam xmldb","G-Hv3.2"
"W/m^2","GCAM",2037,0.347722,"RF_O3_trop","gcam xmldb","G-Hv3.2"
"W/m^2","GCAM",2038,0.346839,"RF_O3_trop","gcam xmldb","G-Hv3.2"
"W/m^2","GCAM",2039,0.345936,"RF_O3_trop","gcam xmldb","G-Hv3.2"
"W/m^2","GCAM",2040,0.345013,"RF_O3_trop","gcam xmldb","G-Hv3.2"
"W/m^2","GCAM",2041,0.345397,"RF_O3_trop","gcam xmldb","G-Hv3.2"
"W/m^2","GCAM",2042,0.345744,"RF_O3_trop","gcam xmldb","G-Hv3.2"
"W/m^2","GCAM",2043,0.346056,"RF_O3_trop","gcam xmldb","G-Hv3.2"
"W/m^2","GCAM",2044,0.346336,"RF_O3_trop","gcam xmldb","G-Hv3.2"
"W/m^2","GCAM",2045,0.346588,"RF_O3_trop","gcam xmldb","G-Hv3.2"
"W/m^2","GCAM",2046,0.347426,"RF_O3_trop","gcam xmldb","G-Hv3.2"
"W/m^2","GCAM",2047,0.348267,"RF_O3_trop","gcam xmldb","G-Hv3.2"
"W/m^2","GCAM",2048,0.349109,"RF_O3_trop","gcam xmldb","G-Hv3.2"
"W/m^2","GCAM",2049,0.349952,"RF_O3_trop","gcam xmldb","G-Hv3.2"
"W/m^2","GCAM",2050,0.350795,"RF_O3_trop","gcam xmldb","G-Hv3.2"
"W/m^2","GCAM",2051,0.351749,"RF_O3_trop","gcam xmldb","G-Hv3.2"
"W/m^2","GCAM",2052,0.352696,"RF_O3_trop","gcam xmldb","G-Hv3.2"
"W/m^2","GCAM",2053,0.353636,"RF_O3_trop","gcam xmldb","G-Hv3.2"
"W/m^2","GCAM",2054,0.35457,"RF_O3_trop","gcam xmldb","G-Hv3.2"
"W/m^2","GCAM",2055,0.355497,"RF_O3_trop","gcam xmldb","G-Hv3.2"
"W/m^2","GCAM",2056,0.356725,"RF_O3_trop","gcam xmldb","G-Hv3.2"
"W/m^2","GCAM",2057,0.357945,"RF_O3_trop","gcam xmldb","G-Hv3.2"
"W/m^2","GCAM",2058,0.359157,"RF_O3_trop","gcam xmldb","G-Hv3.2"
"W/m^2","GCAM",2059,0.360362,"RF_O3_trop","gcam xmldb","G-Hv3.2"
"W/m^2","GCAM",2060,0.361559,"RF_O3_trop","gcam xmldb","G-Hv3.2"
"W/m^2","GCAM",2061,0.362763,"RF_O3_trop","gcam xmldb","G-Hv3.2"
"W/m^2","GCAM",2062,0.363953,"RF_O3_trop","gcam xmldb","G-Hv3.2"
"W/m^2","GCAM",2063,0.36513,"RF_O3_trop","gcam xmldb","G-Hv3.2"
"W/m^2","GCAM",2064,0.366295,"RF_O3_trop","gcam xmldb","G-Hv3.2"
"W/m^2","GCAM",2065,0.367448,"RF_O3_trop","gcam xmldb","G-Hv3.2"
"W/m^2","GCAM",2066,0.368648,"RF_O3_trop","gcam xmldb","G-Hv3.2"
"W/m^2","GCAM",2067,0.369828,"RF_O3_trop","gcam xmldb","G-Hv3.2"
"W/m^2","GCAM",2068,0.37099,"RF_O3_trop","gcam xmldb","G-Hv3.2"
"W/m^2","GCAM",2069,0.372136,"RF_O3_trop","gcam xmldb","G-Hv3.2"
"W/m^2","GCAM",2070,0.373266,"RF_O3_trop","gcam xmldb","G-Hv3.2"
"W/m^2","GCAM",2071,0.374336,"RF_O3_trop","gcam xmldb","G-Hv3.2"
"W/m^2","GCAM",2072,0.375381,"RF_O3_trop","gcam xmldb","G-Hv3.2"
"W/m^2","GCAM",2073,0.376405,"RF_O3_trop","gcam xmldb","G-Hv3.2"
"W/m^2","GCAM",2074,0.377409,"RF_O3_trop","gcam xmldb","G-Hv3.2"
"W/m^2","GCAM",2075,0.378395,"RF_O3_trop","gcam xmldb","G-Hv3.2"
"W/m^2","GCAM",2076,0.379316,"RF_O3_trop","gcam xmldb","G-Hv3.2"
"W/m^2","GCAM",2077,0.380203,"RF_O3_trop","gcam xmldb","G-Hv3.2"
"W/m^2","GCAM",2078,0.381059,"RF_O3_trop","gcam xmldb","G-Hv3.2"
"W/m^2","GCAM",2079,0.381885,"RF_O3_trop","gcam xmldb","G-Hv3.2"
"W/m^2","GCAM",2080,0.382685,"RF_O3_trop","gcam xmldb","G-Hv3.2"
"W/m^2","GCAM",2081,0.383261,"RF_O3_trop","gcam xmldb","G-Hv3.2"
"W/m^2","GCAM",2082,0.383799,"RF_O3_trop","gcam xmldb","G-Hv3.2"
"W/m^2","GCAM",2083,0.384302,"RF_O3_trop","gcam xmldb","G-Hv3.2"
"W/m^2","GCAM",2084,0.384774,"RF_O3_trop","gcam xmldb","G-Hv3.2"
"W/m^2","GCAM",2085,0.385217,"RF_O3_trop","gcam xmldb","G-Hv3.2"
"W/m^2","GCAM",2086,0.385682,"RF_O3_trop","gcam xmldb","G-Hv3.2"
"W/m^2","GCAM",2087,0.386128,"RF_O3_trop","gcam xmldb","G-Hv3.2"
"W/m^2","GCAM",2088,0.386559,"RF_O3_trop","gcam xmldb","G-Hv3.2"
"W/m^2","GCAM",2089,0.386974,"RF_O3_trop","gcam xmldb","G-Hv3.2"
"W/m^2","GCAM",2090,0.387375,"RF_O3_trop","gcam xmldb","G-Hv3.2"
"W/m^2","GCAM",2091,0.387735,"RF_O3_trop","gcam xmldb","G-Hv3.2"
"W/m^2","GCAM",2092,0.388077,"RF_O3_trop","gcam xmldb","G-Hv3.2"
"W/m^2","GCAM",2093,0.388404,"RF_O3_trop","gcam xmldb","G-Hv3.2"
"W/m^2","GCAM",2094,0.388717,"RF_O3_trop","gcam xmldb","G-Hv3.2"
"W/m^2","GCAM",2095,0.389017,"RF_O3_trop","gcam xmldb","G-Hv3.2"
"W/m^2","GCAM",2096,0.389237,"RF_O3_trop","gcam xmldb","G-Hv3.2"
"W/m^2","GCAM",2097,0.389441,"RF_O3_trop","gcam xmldb","G-Hv3.2"
"W/m^2","GCAM",2098,0.389628,"RF_O3_trop","gcam xmldb","G-Hv3.2"
"W/m^2","GCAM",2099,0.389801,"RF_O3_trop","gcam xmldb","G-Hv3.2"
"W/m^2","GCAM",2100,0.389961,"RF_O3_trop","gcam xmldb","G-Hv3.2"
"W/m^2","GCAM",1976,0.264375,"RF_BC","gcam xmldb","G-Hv3.2"
"W/m^2","GCAM",1977,0.271763,"RF_BC","gcam xmldb","G-Hv3.2"
"W/m^2","GCAM",1978,0.286187,"RF_BC","gcam xmldb","G-Hv3.2"
"W/m^2","GCAM",1979,0.292457,"RF_BC","gcam xmldb","G-Hv3.2"
"W/m^2","GCAM",1980,0.288699,"RF_BC","gcam xmldb","G-Hv3.2"
"W/m^2","GCAM",1981,0.286106,"RF_BC","gcam xmldb","G-Hv3.2"
"W/m^2","GCAM",1982,0.307659,"RF_BC","gcam xmldb","G-Hv3.2"
"W/m^2","GCAM",1983,0.289147,"RF_BC","gcam xmldb","G-Hv3.2"
"W/m^2","GCAM",1984,0.301257,"RF_BC","gcam xmldb","G-Hv3.2"
"W/m^2","GCAM",1985,0.308138,"RF_BC","gcam xmldb","G-Hv3.2"
"W/m^2","GCAM",1986,0.313946,"RF_BC","gcam xmldb","G-Hv3.2"
"W/m^2","GCAM",1987,0.325852,"RF_BC","gcam xmldb","G-Hv3.2"
"W/m^2","GCAM",1988,0.338401,"RF_BC","gcam xmldb","G-Hv3.2"
"W/m^2","GCAM",1989,0.333521,"RF_BC","gcam xmldb","G-Hv3.2"
"W/m^2","GCAM",1990,0.34553,"RF_BC","gcam xmldb","G-Hv3.2"
"W/m^2","GCAM",1991,0.37767,"RF_BC","gcam xmldb","G-Hv3.2"
"W/m^2","GCAM",1992,0.336373,"RF_BC","gcam xmldb","G-Hv3.2"
"W/m^2","GCAM",1993,0.346989,"RF_BC","gcam xmldb","G-Hv3.2"
"W/m^2","GCAM",1994,0.370274,"RF_BC","gcam xmldb","G-Hv3.2"
"W/m^2","GCAM",1995,0.365003,"RF_BC","gcam xmldb","G-Hv3.2"
"W/m^2","GCAM",1996,0.356902,"RF_BC","gcam xmldb","G-Hv3.2"
"W/m^2","GCAM",1997,0.394163,"RF_BC","gcam xmldb","G-Hv3.2"
"W/m^2","GCAM",1998,0.403259,"RF_BC","gcam xmldb","G-Hv3.2"
"W/m^2","GCAM",1999,0.357657,"RF_BC","gcam xmldb","G-Hv3.2"
"W/m^2","GCAM",2000,0.342278,"RF_BC","gcam xmldb","G-Hv3.2"
"W/m^2","GCAM",2001,0.350862,"RF_BC","gcam xmldb","G-Hv3.2"
"W/m^2","GCAM",2002,0.379901,"RF_BC","gcam xmldb","G-Hv3.2"
"W/m^2","GCAM",2003,0.392369,"RF_BC","gcam xmldb","G-Hv3.2"
"W/m^2","GCAM",2004,0.411577,"RF_BC","gcam xmldb","G-Hv3.2"
"W/m^2","GCAM",2005,0.411577,"RF_BC","gcam xmldb","G-Hv3.2"
"W/m^2","GCAM",2006,0.401937,"RF_BC","gcam xmldb","G-Hv3.2"
"W/m^2","GCAM",2007,0.392297,"RF_BC","gcam xmldb","G-Hv3.2"
"W/m^2","GCAM",2008,0.382657,"RF_BC","gcam xmldb","G-Hv3.2"
"W/m^2","GCAM",2009,0.373017,"RF_BC","gcam xmldb","G-Hv3.2"
"W/m^2","GCAM",2010,0.363378,"RF_BC","gcam xmldb","G-Hv3.2"
"W/m^2","GCAM",2011,0.361677,"RF_BC","gcam xmldb","G-Hv3.2"
"W/m^2","GCAM",2012,0.359975,"RF_BC","gcam xmldb","G-Hv3.2"
"W/m^2","GCAM",2013,0.358274,"RF_BC","gcam xmldb","G-Hv3.2"
"W/m^2","GCAM",2014,0.356573,"RF_BC","gcam xmldb","G-Hv3.2"
"W/m^2","GCAM",2015,0.354872,"RF_BC","gcam xmldb","G-Hv3.2"
"W/m^2","GCAM",2016,0.346593,"RF_BC","gcam xmldb","G-Hv3.2"
"W/m^2","GCAM",2017,0.338314,"RF_BC","gcam xmldb","G-Hv3.2"
"W/m^2","GCAM",2018,0.330035,"RF_BC","gcam xmldb","G-Hv3.2"
"W/m^2","GCAM",2019,0.321755,"RF_BC","gcam xmldb","G-Hv3.2"
"W/m^2","GCAM",2020,0.313476,"RF_BC","gcam xmldb","G-Hv3.2"
"W/m^2","GCAM",2021,0.305197,"RF_BC","gcam xmldb","G-Hv3.2"
"W/m^2","GCAM",2022,0.297664,"RF_BC","gcam xmldb","G-Hv3.2"
"W/m^2","GCAM",2023,0.29013,"RF_BC","gcam xmldb","G-Hv3.2"
"W/m^2","GCAM",2024,0.282597,"RF_BC","gcam xmldb","G-Hv3.2"
"W/m^2","GCAM",2025,0.275063,"RF_BC","gcam xmldb","G-Hv3.2"
"W/m^2","GCAM",2026,0.268374,"RF_BC","gcam xmldb","G-Hv3.2"
"W/m^2","GCAM",2027,0.261684,"RF_BC","gcam xmldb","G-Hv3.2"
"W/m^2","GCAM",2028,0.254995,"RF_BC","gcam xmldb","G-Hv3.2"
"W/m^2","GCAM",2029,0.248306,"RF_BC","gcam xmldb","G-Hv3.2"
"W/m^2","GCAM",2030,0.241617,"RF_BC","gcam xmldb","G-Hv3.2"
"W/m^2","GCAM",2031,0.236659,"RF_BC","gcam xmldb","G-Hv3.2"
"W/m^2","GCAM",2032,0.2317,"RF_BC","gcam xmldb","G-Hv3.2"
"W/m^2","GCAM",2033,0.226742,"RF_BC","gcam xmldb","G-Hv3.2"
"W/m^2","GCAM",2034,0.221784,"RF_BC","gcam xmldb","G-Hv3.2"
"W/m^2","GCAM",2035,0.216826,"RF_BC","gcam xmldb","G-Hv3.2"
"W/m^2","GCAM",2036,0.212628,"RF_BC","gcam xmldb","G-Hv3.2"
"W/m^2","GCAM",2037,0.208429,"RF_BC","gcam xmldb","G-Hv3.2"
"W/m^2","GCAM",2038,0.204231,"RF_BC","gcam xmldb","G-Hv3.2"
"W/m^2","GCAM",2039,0.200032,"RF_BC","gcam xmldb","G-Hv3.2"
"W/m^2","GCAM",2040,0.195834,"RF_BC","gcam xmldb","G-Hv3.2"
"W/m^2","GCAM",2041,0.193313,"RF_BC","gcam xmldb","G-Hv3.2"
"W/m^2","GCAM",2042,0.190791,"RF_BC","gcam xmldb","G-Hv3.2"
"W/m^2","GCAM",2043,0.18827,"RF_BC","gcam xmldb","G-Hv3.2"
"W/m^2","GCAM",2044,0.185748,"RF_BC","gcam xmldb","G-Hv3.2"
"W/m^2","GCAM",2045,0.183227,"RF_BC","gcam xmldb","G-Hv3.2"
"W/m^2","GCAM",2046,0.181539,"RF_BC","gcam xmldb","G-Hv3.2"
"W/m^2","GCAM",2047,0.179851,"RF_BC","gcam xmldb","G-Hv3.2"
"W/m^2","GCAM",2048,0.178164,"RF_BC","gcam xmldb","G-Hv3.2"
"W/m^2","GCAM",2049,0.176476,"RF_BC","gcam xmldb","G-Hv3.2"
"W/m^2","GCAM",2050,0.174788,"RF_BC","gcam xmldb","G-Hv3.2"
"W/m^2","GCAM",2051,0.173475,"RF_BC","gcam xmldb","G-Hv3.2"
"W/m^2","GCAM",2052,0.172162,"RF_BC","gcam xmldb","G-Hv3.2"
"W/m^2","GCAM",2053,0.170849,"RF_BC","gcam xmldb","G-Hv3.2"
"W/m^2","GCAM",2054,0.169535,"RF_BC","gcam xmldb","G-Hv3.2"
"W/m^2","GCAM",2055,0.168222,"RF_BC","gcam xmldb","G-Hv3.2"
"W/m^2","GCAM",2056,0.16718,"RF_BC","gcam xmldb","G-Hv3.2"
"W/m^2","GCAM",2057,0.166138,"RF_BC","gcam xmldb","G-Hv3.2"
"W/m^2","GCAM",2058,0.165095,"RF_BC","gcam xmldb","G-Hv3.2"
"W/m^2","GCAM",2059,0.164053,"RF_BC","gcam xmldb","G-Hv3.2"
"W/m^2","GCAM",2060,0.163011,"RF_BC","gcam xmldb","G-Hv3.2"
"W/m^2","GCAM",2061,0.162074,"RF_BC","gcam xmldb","G-Hv3.2"
"W/m^2","GCAM",2062,0.161138,"RF_BC","gcam xmldb","G-Hv3.2"
"W/m^2","GCAM",2063,0.160201,"RF_BC","gcam xmldb","G-Hv3.2"
"W/m^2","GCAM",2064,0.159265,"RF_BC","gcam xmldb","G-Hv3.2"
"W/m^2","GCAM",2065,0.158328,"RF_BC","gcam xmldb","G-Hv3.2"
"W/m^2","GCAM",2066,0.157505,"RF_BC","gcam xmldb","G-Hv3.2"
"W/m^2","GCAM",2067,0.156683,"RF_BC","gcam xmldb","G-Hv3.2"
"W/m^2","GCAM",2068,0.15586,"RF_BC","gcam xmldb","G-Hv3.2"
"W/m^2","GCAM",2069,0.155037,"RF_BC","gcam xmldb","G-Hv3.2"
"W/m^2","GCAM",2070,0.154214,"RF_BC","gcam xmldb","G-Hv3.2"
"W/m^2","GCAM",2071,0.153277,"RF_BC","gcam xmldb","G-Hv3.2"
"W/m^2","GCAM",2072,0.15234,"RF_BC","gcam xmldb","G-Hv3.2"
"W/m^2","GCAM",2073,0.151402,"RF_BC","gcam xmldb","G-Hv3.2"
"W/m^2","GCAM",2074,0.150465,"RF_BC","gcam xmldb","G-Hv3.2"
"W/m^2","GCAM",2075,0.149527,"RF_BC","gcam xmldb","G-Hv3.2"
"W/m^2","GCAM",2076,0.148594,"RF_BC","gcam xmldb","G-Hv3.2"
"W/m^2","GCAM",2077,0.147661,"RF_BC","gcam xmldb","G-Hv3.2"
"W/m^2","GCAM",2078,0.146728,"RF_BC","gcam xmldb","G-Hv3.2"
"W/m^2","GCAM",2079,0.145795,"RF_BC","gcam xmldb","G-Hv3.2"
"W/m^2","GCAM",2080,0.144862,"RF_BC","gcam xmldb","G-Hv3.2"
"W/m^2","GCAM",2081,0.143797,"RF_BC","gcam xmldb","G-Hv3.2"
"W/m^2","GCAM",2082,0.142732,"RF_BC","gcam xmldb","G-Hv3.2"
"W/m^2","GCAM",2083,0.141667,"RF_BC","gcam xmldb","G-Hv3.2"
"W/m^2","GCAM",2084,0.140603,"RF_BC","gcam xmldb","G-Hv3.2"
"W/m^2","GCAM",2085,0.139538,"RF_BC","gcam xmldb","G-Hv3.2"
"W/m^2","GCAM",2086,0.138436,"RF_BC","gcam xmldb","G-Hv3.2"
"W/m^2","GCAM",2087,0.137334,"RF_BC","gcam xmldb","G-Hv3.2"
"W/m^2","GCAM",2088,0.136232,"RF_BC","gcam xmldb","G-Hv3.2"
"W/m^2","GCAM",2089,0.135131,"RF_BC","gcam xmldb","G-Hv3.2"
"W/m^2","GCAM",2090,0.134029,"RF_BC","gcam xmldb","G-Hv3.2"
"W/m^2","GCAM",2091,0.132841,"RF_BC","gcam xmldb","G-Hv3.2"
"W/m^2","GCAM",2092,0.131653,"RF_BC","gcam xmldb","G-Hv3.2"
"W/m^2","GCAM",2093,0.130464,"RF_BC","gcam xmldb","G-Hv3.2"
"W/m^2","GCAM",2094,0.129276,"RF_BC","gcam xmldb","G-Hv3.2"
"W/m^2","GCAM",2095,0.128088,"RF_BC","gcam xmldb","G-Hv3.2"
"W/m^2","GCAM",2096,0.126912,"RF_BC","gcam xmldb","G-Hv3.2"
"W/m^2","GCAM",2097,0.125736,"RF_BC","gcam xmldb","G-Hv3.2"
"W/m^2","GCAM",2098,0.12456,"RF_BC","gcam xmldb","G-Hv3.2"
"W/m^2","GCAM",2099,0.123384,"RF_BC","gcam xmldb","G-Hv3.2"
"W/m^2","GCAM",2100,0.122207,"RF_BC","gcam xmldb","G-Hv3.2"
"W/m^2","GCAM",1976,-0.492498,"RF_SO2","gcam xmldb","G-Hv3.2"
"W/m^2","GCAM",1977,-0.497157,"RF_SO2","gcam xmldb","G-Hv3.2"
"W/m^2","GCAM",1978,-0.498994,"RF_SO2","gcam xmldb","G-Hv3.2"
"W/m^2","GCAM",1979,-0.507187,"RF_SO2","gcam xmldb","G-Hv3.2"
"W/m^2","GCAM",1980,-0.504677,"RF_SO2","gcam xmldb","G-Hv3.2"
"W/m^2","GCAM",1981,-0.489027,"RF_SO2","gcam xmldb","G-Hv3.2"
"W/m^2","GCAM",1982,-0.480388,"RF_SO2","gcam xmldb","G-Hv3.2"
"W/m^2","GCAM",1983,-0.473069,"RF_SO2","gcam xmldb","G-Hv3.2"
"W/m^2","GCAM",1984,-0.478727,"RF_SO2","gcam xmldb","G-Hv3.2"
"W/m^2","GCAM",1985,-0.479953,"RF_SO2","gcam xmldb","G-Hv3.2"
"W/m^2","GCAM",1986,-0.479992,"RF_SO2","gcam xmldb","G-Hv3.2"
"W/m^2","GCAM",1987,-0.489268,"RF_SO2","gcam xmldb","G-Hv3.2"
"W/m^2","GCAM",1988,-0.493499,"RF_SO2","gcam xmldb","G-Hv3.2"
"W/m^2","GCAM",1989,-0.493689,"RF_SO2","gcam xmldb","G-Hv3.2"
"W/m^2","GCAM",1990,-0.492054,"RF_SO2","gcam xmldb","G-Hv3.2"
"W/m^2","GCAM",1991,-0.48741,"RF_SO2","gcam xmldb","G-Hv3.2"
"W/m^2","GCAM",1992,-0.470615,"RF_SO2","gcam xmldb","G-Hv3.2"
"W/m^2","GCAM",1993,-0.462933,"RF_SO2","gcam xmldb","G-Hv3.2"
"W/m^2","GCAM",1994,-0.452662,"RF_SO2","gcam xmldb","G-Hv3.2"
"W/m^2","GCAM",1995,-0.44381,"RF_SO2","gcam xmldb","G-Hv3.2"
"W/m^2","GCAM",1996,-0.436449,"RF_SO2","gcam xmldb","G-Hv3.2"
"W/m^2","GCAM",1997,-0.438079,"RF_SO2","gcam xmldb","G-Hv3.2"
"W/m^2","GCAM",1998,-0.428638,"RF_SO2","gcam xmldb","G-Hv3.2"
"W/m^2","GCAM",1999,-0.405624,"RF_SO2","gcam xmldb","G-Hv3.2"
"W/m^2","GCAM",2000,-0.406651,"RF_SO2","gcam xmldb","G-Hv3.2"
"W/m^2","GCAM",2001,-0.409551,"RF_SO2","gcam xmldb","G-Hv3.2"
"W/m^2","GCAM",2002,-0.406849,"RF_SO2","gcam xmldb","G-Hv3.2"
"W/m^2","GCAM",2003,-0.421447,"RF_SO2","gcam xmldb","G-Hv3.2"
"W/m^2","GCAM",2004,-0.441609,"RF_SO2","gcam xmldb","G-Hv3.2"
"W/m^2","GCAM",2005,-0.441609,"RF_SO2","gcam xmldb","G-Hv3.2"
"W/m^2","GCAM",2006,-0.430914,"RF_SO2","gcam xmldb","G-Hv3.2"
"W/m^2","GCAM",2007,-0.420219,"RF_SO2","gcam xmldb","G-Hv3.2"
"W/m^2","GCAM",2008,-0.409524,"RF_SO2","gcam xmldb","G-Hv3.2"
"W/m^2","GCAM",2009,-0.398829,"RF_SO2","gcam xmldb","G-Hv3.2"
"W/m^2","GCAM",2010,-0.388134,"RF_SO2","gcam xmldb","G-Hv3.2"
"W/m^2","GCAM",2011,-0.376915,"RF_SO2","gcam xmldb","G-Hv3.2"
"W/m^2","GCAM",2012,-0.365695,"RF_SO2","gcam xmldb","G-Hv3.2"
"W/m^2","GCAM",2013,-0.354476,"RF_SO2","gcam xmldb","G-Hv3.2"
"W/m^2","GCAM",2014,-0.343256,"RF_SO2","gcam xmldb","G-Hv3.2"
"W/m^2","GCAM",2015,-0.332037,"RF_SO2","gcam xmldb","G-Hv3.2"
"W/m^2","GCAM",2016,-0.320115,"RF_SO2","gcam xmldb","G-Hv3.2"
"W/m^2","GCAM",2017,-0.308194,"RF_SO2","gcam xmldb","G-Hv3.2"
"W/m^2","GCAM",2018,-0.296272,"RF_SO2","gcam xmldb","G-Hv3.2"
"W/m^2","GCAM",2019,-0.284351,"RF_SO2","gcam xmldb","G-Hv3.2"
"W/m^2","GCAM",2020,-0.27243,"RF_SO2","gcam xmldb","G-Hv3.2"
"W/m^2","GCAM",2021,-0.260508,"RF_SO2","gcam xmldb","G-Hv3.2"
"W/m^2","GCAM",2022,-0.255415,"RF_SO2","gcam xmldb","G-Hv3.2"
"W/m^2","GCAM",2023,-0.250321,"RF_SO2","gcam xmldb","G-Hv3.2"
"W/m^2","GCAM",2024,-0.245228,"RF_SO2","gcam xmldb","G-Hv3.2"
"W/m^2","GCAM",2025,-0.240134,"RF_SO2","gcam xmldb","G-Hv3.2"
"W/m^2","GCAM",2026,-0.237343,"RF_SO2","gcam xmldb","G-Hv3.2"
"W/m^2","GCAM",2027,-0.234553,"RF_SO2","gcam xmldb","G-Hv3.2"
"W/m^2","GCAM",2028,-0.231762,"RF_SO2","gcam xmldb","G-Hv3.2"
"W/m^2","GCAM",2029,-0.228971,"RF_SO2","gcam xmldb","G-Hv3.2"
"W/m^2","GCAM",2030,-0.22618,"RF_SO2","gcam xmldb","G-Hv3.2"
"W/m^2","GCAM",2031,-0.223912,"RF_SO2","gcam xmldb","G-Hv3.2"
"W/m^2","GCAM",2032,-0.221644,"RF_SO2","gcam xmldb","G-Hv3.2"
"W/m^2","GCAM",2033,-0.219376,"RF_SO2","gcam xmldb","G-Hv3.2"
"W/m^2","GCAM",2034,-0.217109,"RF_SO2","gcam xmldb","G-Hv3.2"
"W/m^2","GCAM",2035,-0.214841,"RF_SO2","gcam xmldb","G-Hv3.2"
"W/m^2","GCAM",2036,-0.213626,"RF_SO2","gcam xmldb","G-Hv3.2"
"W/m^2","GCAM",2037,-0.21241,"RF_SO2","gcam xmldb","G-Hv3.2"
"W/m^2","GCAM",2038,-0.211195,"RF_SO2","gcam xmldb","G-Hv3.2"
"W/m^2","GCAM",2039,-0.20998,"RF_SO2","gcam xmldb","G-Hv3.2"
"W/m^2","GCAM",2040,-0.208765,"RF_SO2","gcam xmldb","G-Hv3.2"
"W/m^2","GCAM",2041,-0.207719,"RF_SO2","gcam xmldb","G-Hv3.2"
"W/m^2","GCAM",2042,-0.206674,"RF_SO2","gcam xmldb","G-Hv3.2"
"W/m^2","GCAM",2043,-0.205629,"RF_SO2","gcam xmldb","G-Hv3.2"
"W/m^2","GCAM",2044,-0.204584,"RF_SO2","gcam xmldb","G-Hv3.2"
"W/m^2","GCAM",2045,-0.203539,"RF_SO2","gcam xmldb","G-Hv3.2"
"W/m^2","GCAM",2046,-0.202939,"RF_SO2","gcam xmldb","G-Hv3.2"
"W/m^2","GCAM",2047,-0.202339,"RF_SO2","gcam xmldb","G-Hv3.2"
"W/m^2","GCAM",2048,-0.201739,"RF_SO2","gcam xmldb","G-Hv3.2"
"W/m^2","GCAM",2049,-0.201139,"RF_SO2","gcam xmldb","G-Hv3.2"
"W/m^2","GCAM",2050,-0.200539,"RF_SO2","gcam xmldb","G-Hv3.2"
"W/m^2","GCAM",2051,-0.199841,"RF_SO2","gcam xmldb","G-Hv3.2"
"W/m^2","GCAM",2052,-0.199143,"RF_SO2","gcam xmldb","G-Hv3.2"
"W/m^2","GCAM",2053,-0.198445,"RF_SO2","gcam xmldb","G-Hv3.2"
"W/m^2","GCAM",2054,-0.197748,"RF_SO2","gcam xmldb","G-Hv3.2"
"W/m^2","GCAM",2055,-0.19705,"RF_SO2","gcam xmldb","G-Hv3.2"
"W/m^2","GCAM",2056,-0.197004,"RF_SO2","gcam xmldb","G-Hv3.2"
"W/m^2","GCAM",2057,-0.196957,"RF_SO2","gcam xmldb","G-Hv3.2"
"W/m^2","GCAM",2058,-0.196911,"RF_SO2","gcam xmldb","G-Hv3.2"
"W/m^2","GCAM",2059,-0.196864,"RF_SO2","gcam xmldb","G-Hv3.2"
"W/m^2","GCAM",2060,-0.196818,"RF_SO2","gcam xmldb","G-Hv3.2"
"W/m^2","GCAM",2061,-0.19694,"RF_SO2","gcam xmldb","G-Hv3.2"
"W/m^2","GCAM",2062,-0.197063,"RF_SO2","gcam xmldb","G-Hv3.2"
"W/m^2","GCAM",2063,-0.197185,"RF_SO2","gcam xmldb","G-Hv3.2"
"W/m^2","GCAM",2064,-0.197308,"RF_SO2","gcam xmldb","G-Hv3.2"
"W/m^2","GCAM",2065,-0.19743,"RF_SO2","gcam xmldb","G-Hv3.2"
"W/m^2","GCAM",2066,-0.197743,"RF_SO2","gcam xmldb","G-Hv3.2"
"W/m^2","GCAM",2067,-0.198056,"RF_SO2","gcam xmldb","G-Hv3.2"
"W/m^2","GCAM",2068,-0.198369,"RF_SO2","gcam xmldb","G-Hv3.2"
"W/m^2","GCAM",2069,-0.198682,"RF_SO2","gcam xmldb","G-Hv3.2"
"W/m^2","GCAM",2070,-0.198996,"RF_SO2","gcam xmldb","G-Hv3.2"
"W/m^2","GCAM",2071,-0.199206,"RF_SO2","gcam xmldb","G-Hv3.2"
"W/m^2","GCAM",2072,-0.199416,"RF_SO2","gcam xmldb","G-Hv3.2"
"W/m^2","GCAM",2073,-0.199626,"RF_SO2","gcam xmldb","G-Hv3.2"
"W/m^2","GCAM",2074,-0.199837,"RF_SO2","gcam xmldb","G-Hv3.2"
"W/m^2","GCAM",2075,-0.200047,"RF_SO2","gcam xmldb","G-Hv3.2"
"W/m^2","GCAM",2076,-0.200099,"RF_SO2","gcam xmldb","G-Hv3.2"
"W/m^2","GCAM",2077,-0.200151,"RF_SO2","gcam xmldb","G-Hv3.2"
"W/m^2","GCAM",2078,-0.200203,"RF_SO2","gcam xmldb","G-Hv3.2"
"W/m^2","GCAM",2079,-0.200255,"RF_SO2","gcam xmldb","G-Hv3.2"
"W/m^2","GCAM",2080,-0.200307,"RF_SO2","gcam xmldb","G-Hv3.2"
"W/m^2","GCAM",2081,-0.199856,"RF_SO2","gcam xmldb","G-Hv3.2"
"W/m^2","GCAM",2082,-0.199406,"RF_SO2","gcam xmldb","G-Hv3.2"
"W/m^2","GCAM",2083,-0.198956,"RF_SO2","gcam xmldb","G-Hv3.2"
"W/m^2","GCAM",2084,-0.198505,"RF_SO2","gcam xmldb","G-Hv3.2"
"W/m^2","GCAM",2085,-0.198055,"RF_SO2","gcam xmldb","G-Hv3.2"
"W/m^2","GCAM",2086,-0.197697,"RF_SO2","gcam xmldb","G-Hv3.2"
"W/m^2","GCAM",2087,-0.197338,"RF_SO2","gcam xmldb","G-Hv3.2"
"W/m^2","GCAM",2088,-0.19698,"RF_SO2","gcam xmldb","G-Hv3.2"
"W/m^2","GCAM",2089,-0.196622,"RF_SO2","gcam xmldb","G-Hv3.2"
"W/m^2","GCAM",2090,-0.196263,"RF_SO2","gcam xmldb","G-Hv3.2"
"W/m^2","GCAM",2091,-0.195776,"RF_SO2","gcam xmldb","G-Hv3.2"
"W/m^2","GCAM",2092,-0.195288,"RF_SO2","gcam xmldb","G-Hv3.2"
"W/m^2","GCAM",2093,-0.194801,"RF_SO2","gcam xmldb","G-Hv3.2"
"W/m^2","GCAM",2094,-0.194313,"RF_SO2","gcam xmldb","G-Hv3.2"
"W/m^2","GCAM",2095,-0.193825,"RF_SO2","gcam xmldb","G-Hv3.2"
"W/m^2","GCAM",2096,-0.193211,"RF_SO2","gcam xmldb","G-Hv3.2"
"W/m^2","GCAM",2097,-0.192597,"RF_SO2","gcam xmldb","G-Hv3.2"
"W/m^2","GCAM",2098,-0.191982,"RF_SO2","gcam xmldb","G-Hv3.2"
"W/m^2","GCAM",2099,-0.191368,"RF_SO2","gcam xmldb","G-Hv3.2"
"W/m^2","GCAM",2100,-0.190754,"RF_SO2","gcam xmldb","G-Hv3.2"
"W/m^2","GCAM",1976,-0.0763851,"RF_NH3","gcam xmldb","G-Hv3.2"
"W/m^2","GCAM",1977,-0.0780022,"RF_NH3","gcam xmldb","G-Hv3.2"
"W/m^2","GCAM",1978,-0.0800753,"RF_NH3","gcam xmldb","G-Hv3.2"
"W/m^2","GCAM",1979,-0.0819936,"RF_NH3","gcam xmldb","G-Hv3.2"
"W/m^2","GCAM",1980,-0.0838043,"RF_NH3","gcam xmldb","G-Hv3.2"
"W/m^2","GCAM",1981,-0.0846538,"RF_NH3","gcam xmldb","G-Hv3.2"
"W/m^2","GCAM",1982,-0.0874276,"RF_NH3","gcam xmldb","G-Hv3.2"
"W/m^2","GCAM",1983,-0.0873815,"RF_NH3","gcam xmldb","G-Hv3.2"
"W/m^2","GCAM",1984,-0.0896308,"RF_NH3","gcam xmldb","G-Hv3.2"
"W/m^2","GCAM",1985,-0.0911805,"RF_NH3","gcam xmldb","G-Hv3.2"
"W/m^2","GCAM",1986,-0.0928888,"RF_NH3","gcam xmldb","G-Hv3.2"
"W/m^2","GCAM",1987,-0.095291,"RF_NH3","gcam xmldb","G-Hv3.2"
"W/m^2","GCAM",1988,-0.0961403,"RF_NH3","gcam xmldb","G-Hv3.2"
"W/m^2","GCAM",1989,-0.096864,"RF_NH3","gcam xmldb","G-Hv3.2"
"W/m^2","GCAM",1990,-0.0978462,"RF_NH3","gcam xmldb","G-Hv3.2"
"W/m^2","GCAM",1991,-0.101579,"RF_NH3","gcam xmldb","G-Hv3.2"
"W/m^2","GCAM",1992,-0.0975369,"RF_NH3","gcam xmldb","G-Hv3.2"
"W/m^2","GCAM",1993,-0.0984064,"RF_NH3","gcam xmldb","G-Hv3.2"
"W/m^2","GCAM",1994,-0.10147,"RF_NH3","gcam xmldb","G-Hv3.2"
"W/m^2","GCAM",1995,-0.0997669,"RF_NH3","gcam xmldb","G-Hv3.2"
"W/m^2","GCAM",1996,-0.0997767,"RF_NH3","gcam xmldb","G-Hv3.2"
"W/m^2","GCAM",1997,-0.105564,"RF_NH3","gcam xmldb","G-Hv3.2"
"W/m^2","GCAM",1998,-0.106575,"RF_NH3","gcam xmldb","G-Hv3.2"
"W/m^2","GCAM",1999,-0.10267,"RF_NH3","gcam xmldb","G-Hv3.2"
"W/m^2","GCAM",2000,-0.102112,"RF_NH3","gcam xmldb","G-Hv3.2"
"W/m^2","GCAM",2001,-0.102542,"RF_NH3","gcam xmldb","G-Hv3.2"
"W/m^2","GCAM",2002,-0.107621,"RF_NH3","gcam xmldb","G-Hv3.2"
"W/m^2","GCAM",2003,-0.108938,"RF_NH3","gcam xmldb","G-Hv3.2"
"W/m^2","GCAM",2004,-0.109847,"RF_NH3","gcam xmldb","G-Hv3.2"
"W/m^2","GCAM",2005,-0.109847,"RF_NH3","gcam xmldb","G-Hv3.2"
"W/m^2","GCAM",2006,-0.110698,"RF_NH3","gcam xmldb","G-Hv3.2"
"W/m^2","GCAM",2007,-0.11155,"RF_NH3","gcam xmldb","G-Hv3.2"
"W/m^2","GCAM",2008,-0.112402,"RF_NH3","gcam xmldb","G-Hv3.2"
"W/m^2","GCAM",2009,-0.113254,"RF_NH3","gcam xmldb","G-Hv3.2"
"W/m^2","GCAM",2010,-0.114106,"RF_NH3","gcam xmldb","G-Hv3.2"
"W/m^2","GCAM",2011,-0.115658,"RF_NH3","gcam xmldb","G-Hv3.2"
"W/m^2","GCAM",2012,-0.11721,"RF_NH3","gcam xmldb","G-Hv3.2"
"W/m^2","GCAM",2013,-0.118762,"RF_NH3","gcam xmldb","G-Hv3.2"
"W/m^2","GCAM",2014,-0.120315,"RF_NH3","gcam xmldb","G-Hv3.2"
"W/m^2","GCAM",2015,-0.121867,"RF_NH3","gcam xmldb","G-Hv3.2"
"W/m^2","GCAM",2016,-0.122751,"RF_NH3","gcam xmldb","G-Hv3.2"
"W/m^2","GCAM",2017,-0.123636,"RF_NH3","gcam xmldb","G-Hv3.2"
"W/m^2","GCAM",2018,-0.12452,"RF_NH3","gcam xmldb","G-Hv3.2"
"W/m^2","GCAM",2019,-0.125405,"RF_NH3","gcam xmldb","G-Hv3.2"
"W/m^2","GCAM",2020,-0.126289,"RF_NH3","gcam xmldb","G-Hv3.2"
"W/m^2","GCAM",2021,-0.127174,"RF_NH3","gcam xmldb","G-Hv3.2"
"W/m^2","GCAM",2022,-0.129038,"RF_NH3","gcam xmldb","G-Hv3.2"
"W/m^2","GCAM",2023,-0.130903,"RF_NH3","gcam xmldb","G-Hv3.2"
"W/m^2","GCAM",2024,-0.132767,"RF_NH3","gcam xmldb","G-Hv3.2"
"W/m^2","GCAM",2025,-0.134632,"RF_NH3","gcam xmldb","G-Hv3.2"
"W/m^2","GCAM",2026,-0.136421,"RF_NH3","gcam xmldb","G-Hv3.2"
"W/m^2","GCAM",2027,-0.13821,"RF_NH3","gcam xmldb","G-Hv3.2"
"W/m^2","GCAM",2028,-0.139999,"RF_NH3","gcam xmldb","G-Hv3.2"
"W/m^2","GCAM",2029,-0.141788,"RF_NH3","gcam xmldb","G-Hv3.2"
"W/m^2","GCAM",2030,-0.143577,"RF_NH3","gcam xmldb","G-Hv3.2"
"W/m^2","GCAM",2031,-0.145266,"RF_NH3","gcam xmldb","G-Hv3.2"
"W/m^2","GCAM",2032,-0.146955,"RF_NH3","gcam xmldb","G-Hv3.2"
"W/m^2","GCAM",2033,-0.148643,"RF_NH3","gcam xmldb","G-Hv3.2"
"W/m^2","GCAM",2034,-0.150332,"RF_NH3","gcam xmldb","G-Hv3.2"
"W/m^2","GCAM",2035,-0.152021,"RF_NH3","gcam xmldb","G-Hv3.2"
"W/m^2","GCAM",2036,-0.153597,"RF_NH3","gcam xmldb","G-Hv3.2"
"W/m^2","GCAM",2037,-0.155173,"RF_NH3","gcam xmldb","G-Hv3.2"
"W/m^2","GCAM",2038,-0.156748,"RF_NH3","gcam xmldb","G-Hv3.2"
"W/m^2","GCAM",2039,-0.158324,"RF_NH3","gcam xmldb","G-Hv3.2"
"W/m^2","GCAM",2040,-0.1599,"RF_NH3","gcam xmldb","G-Hv3.2"
"W/m^2","GCAM",2041,-0.16137,"RF_NH3","gcam xmldb","G-Hv3.2"
"W/m^2","GCAM",2042,-0.162841,"RF_NH3","gcam xmldb","G-Hv3.2"
"W/m^2","GCAM",2043,-0.164311,"RF_NH3","gcam xmldb","G-Hv3.2"
"W/m^2","GCAM",2044,-0.165781,"RF_NH3","gcam xmldb","G-Hv3.2"
"W/m^2","GCAM",2045,-0.167251,"RF_NH3","gcam xmldb","G-Hv3.2"
"W/m^2","GCAM",2046,-0.16869,"RF_NH3","gcam xmldb","G-Hv3.2"
"W/m^2","GCAM",2047,-0.170129,"RF_NH3","gcam xmldb","G-Hv3.2"
"W/m^2","GCAM",2048,-0.171568,"RF_NH3","gcam xmldb","G-Hv3.2"
"W/m^2","GCAM",2049,-0.173007,"RF_NH3","gcam xmldb","G-Hv3.2"
"W/m^2","GCAM",2050,-0.174446,"RF_NH3","gcam xmldb","G-Hv3.2"
"W/m^2","GCAM",2051,-0.175601,"RF_NH3","gcam xmldb","G-Hv3.2"
"W/m^2","GCAM",2052,-0.176757,"RF_NH3","gcam xmldb","G-Hv3.2"
"W/m^2","GCAM",2053,-0.177912,"RF_NH3","gcam xmldb","G-Hv3.2"
"W/m^2","GCAM",2054,-0.179067,"RF_NH3","gcam xmldb","G-Hv3.2"
"W/m^2","GCAM",2055,-0.180222,"RF_NH3","gcam xmldb","G-Hv3.2"
"W/m^2","GCAM",2056,-0.181393,"RF_NH3","gcam xmldb","G-Hv3.2"
"W/m^2","GCAM",2057,-0.182563,"RF_NH3","gcam xmldb","G-Hv3.2"
"W/m^2","GCAM",2058,-0.183734,"RF_NH3","gcam xmldb","G-Hv3.2"
"W/m^2","GCAM",2059,-0.184904,"RF_NH3","gcam xmldb","G-Hv3.2"
"W/m^2","GCAM",2060,-0.186075,"RF_NH3","gcam xmldb","G-Hv3.2"
"W/m^2","GCAM",2061,-0.187086,"RF_NH3","gcam xmldb","G-Hv3.2"
"W/m^2","GCAM",2062,-0.188098,"RF_NH3","gcam xmldb","G-Hv3.2"
"W/m^2","GCAM",2063,-0.189109,"RF_NH3","gcam xmldb","G-Hv3.2"
"W/m^2","GCAM",2064,-0.190121,"RF_NH3","gcam xmldb","G-Hv3.2"
"W/m^2","GCAM",2065,-0.191133,"RF_NH3","gcam xmldb","G-Hv3.2"
"W/m^2","GCAM",2066,-0.192017,"RF_NH3","gcam xmldb","G-Hv3.2"
"W/m^2","GCAM",2067,-0.192902,"RF_NH3","gcam xmldb","G-Hv3.2"
"W/m^2","GCAM",2068,-0.193787,"RF_NH3","gcam xmldb","G-Hv3.2"
"W/m^2","GCAM",2069,-0.194672,"RF_NH3","gcam xmldb","G-Hv3.2"
"W/m^2","GCAM",2070,-0.195557,"RF_NH3","gcam xmldb","G-Hv3.2"
"W/m^2","GCAM",2071,-0.196289,"RF_NH3","gcam xmldb","G-Hv3.2"
"W/m^2","GCAM",2072,-0.197022,"RF_NH3","gcam xmldb","G-Hv3.2"
"W/m^2","GCAM",2073,-0.197755,"RF_NH3","gcam xmldb","G-Hv3.2"
"W/m^2","GCAM",2074,-0.198487,"RF_NH3","gcam xmldb","G-Hv3.2"
"W/m^2","GCAM",2075,-0.19922,"RF_NH3","gcam xmldb","G-Hv3.2"
"W/m^2","GCAM",2076,-0.199821,"RF_NH3","gcam xmldb","G-Hv3.2"
"W/m^2","GCAM",2077,-0.200422,"RF_NH3","gcam xmldb","G-Hv3.2"
"W/m^2","GCAM",2078,-0.201024,"RF_NH3","gcam xmldb","G-Hv3.2"
"W/m^2","GCAM",2079,-0.201625,"RF_NH3","gcam xmldb","G-Hv3.2"
"W/m^2","GCAM",2080,-0.202226,"RF_NH3","gcam xmldb","G-Hv3.2"
"W/m^2","GCAM",2081,-0.202699,"RF_NH3","gcam xmldb","G-Hv3.2"
"W/m^2","GCAM",2082,-0.203172,"RF_NH3","gcam xmldb","G-Hv3.2"
"W/m^2","GCAM",2083,-0.203645,"RF_NH3","gcam xmldb","G-Hv3.2"
"W/m^2","GCAM",2084,-0.204118,"RF_NH3","gcam xmldb","G-Hv3.2"
"W/m^2","GCAM",2085,-0.204591,"RF_NH3","gcam xmldb","G-Hv3.2"
"W/m^2","GCAM",2086,-0.204974,"RF_NH3","gcam xmldb","G-Hv3.2"
"W/m^2","GCAM",2087,-0.205356,"RF_NH3","gcam xmldb","G-Hv3.2"
"W/m^2","GCAM",2088,-0.205738,"RF_NH3","gcam xmldb","G-Hv3.2"
"W/m^2","GCAM",2089,-0.206121,"RF_NH3","gcam xmldb","G-Hv3.2"
"W/m^2","GCAM",2090,-0.206503,"RF_NH3","gcam xmldb","G-Hv3.2"
"W/m^2","GCAM",2091,-0.206777,"RF_NH3","gcam xmldb","G-Hv3.2"
"W/m^2","GCAM",2092,-0.207052,"RF_NH3","gcam xmldb","G-Hv3.2"
"W/m^2","GCAM",2093,-0.207327,"RF_NH3","gcam xmldb","G-Hv3.2"
"W/m^2","GCAM",2094,-0.207601,"RF_NH3","gcam xmldb","G-Hv3.2"
"W/m^2","GCAM",2095,-0.207876,"RF_NH3","gcam xmldb","G-Hv3.2"
"W/m^2","GCAM",2096,-0.208033,"RF_NH3","gcam xmldb","G-Hv3.2"
"W/m^2","GCAM",2097,-0.208189,"RF_NH3","gcam xmldb","G-Hv3.2"
"W/m^2","GCAM",2098,-0.208346,"RF_NH3","gcam xmldb","G-Hv3.2"
"W/m^2","GCAM",2099,-0.208503,"RF_NH3","gcam xmldb","G-Hv3.2"
"W/m^2","GCAM",2100,-0.208659,"RF_NH3","gcam xmldb","G-Hv3.2"
"W/m^2","GCAM",1976,0.0964543,"RF_N2O","gcam xmldb","G-Hv3.2"
"W/m^2","GCAM",1977,0.0993834,"RF_N2O","gcam xmldb","G-Hv3.2"
"W/m^2","GCAM",1978,0.102372,"RF_N2O","gcam xmldb","G-Hv3.2"
"W/m^2","GCAM",1979,0.105457,"RF_N2O","gcam xmldb","G-Hv3.2"
"W/m^2","GCAM",1980,0.108559,"RF_N2O","gcam xmldb","G-Hv3.2"
"W/m^2","GCAM",1981,0.111589,"RF_N2O","gcam xmldb","G-Hv3.2"
"W/m^2","GCAM",1982,0.114741,"RF_N2O","gcam xmldb","G-Hv3.2"
"W/m^2","GCAM",1983,0.117897,"RF_N2O","gcam xmldb","G-Hv3.2"
"W/m^2","GCAM",1984,0.120971,"RF_N2O","gcam xmldb","G-Hv3.2"
"W/m^2","GCAM",1985,0.124015,"RF_N2O","gcam xmldb","G-Hv3.2"
"W/m^2","GCAM",1986,0.127112,"RF_N2O","gcam xmldb","G-Hv3.2"
"W/m^2","GCAM",1987,0.130331,"RF_N2O","gcam xmldb","G-Hv3.2"
"W/m^2","GCAM",1988,0.133407,"RF_N2O","gcam xmldb","G-Hv3.2"
"W/m^2","GCAM",1989,0.136506,"RF_N2O","gcam xmldb","G-Hv3.2"
"W/m^2","GCAM",1990,0.139579,"RF_N2O","gcam xmldb","G-Hv3.2"
"W/m^2","GCAM",1991,0.142632,"RF_N2O","gcam xmldb","G-Hv3.2"
"W/m^2","GCAM",1992,0.145722,"RF_N2O","gcam xmldb","G-Hv3.2"
"W/m^2","GCAM",1993,0.148753,"RF_N2O","gcam xmldb","G-Hv3.2"
"W/m^2","GCAM",1994,0.151815,"RF_N2O","gcam xmldb","G-Hv3.2"
"W/m^2","GCAM",1995,0.154916,"RF_N2O","gcam xmldb","G-Hv3.2"
"W/m^2","GCAM",1996,0.158012,"RF_N2O","gcam xmldb","G-Hv3.2"
"W/m^2","GCAM",1997,0.161138,"RF_N2O","gcam xmldb","G-Hv3.2"
"W/m^2","GCAM",1998,0.164079,"RF_N2O","gcam xmldb","G-Hv3.2"
"W/m^2","GCAM",1999,0.166909,"RF_N2O","gcam xmldb","G-Hv3.2"
"W/m^2","GCAM",2000,0.169606,"RF_N2O","gcam xmldb","G-Hv3.2"
"W/m^2","GCAM",2001,0.172322,"RF_N2O","gcam xmldb","G-Hv3.2"
"W/m^2","GCAM",2002,0.1751,"RF_N2O","gcam xmldb","G-Hv3.2"
"W/m^2","GCAM",2003,0.177896,"RF_N2O","gcam xmldb","G-Hv3.2"
"W/m^2","GCAM",2004,0.180763,"RF_N2O","gcam xmldb","G-Hv3.2"
"W/m^2","GCAM",2005,0.183602,"RF_N2O","gcam xmldb","G-Hv3.2"
"W/m^2","GCAM",2006,0.186402,"RF_N2O","gcam xmldb","G-Hv3.2"
"W/m^2","GCAM",2007,0.189161,"RF_N2O","gcam xmldb","G-Hv3.2"
"W/m^2","GCAM",2008,0.191878,"RF_N2O","gcam xmldb","G-Hv3.2"
"W/m^2","GCAM",2009,0.194555,"RF_N2O","gcam xmldb","G-Hv3.2"
"W/m^2","GCAM",2010,0.197192,"RF_N2O","gcam xmldb","G-Hv3.2"
"W/m^2","GCAM",2011,0.199881,"RF_N2O","gcam xmldb","G-Hv3.2"
"W/m^2","GCAM",2012,0.202623,"RF_N2O","gcam xmldb","G-Hv3.2"
"W/m^2","GCAM",2013,0.205419,"RF_N2O","gcam xmldb","G-Hv3.2"
"W/m^2","GCAM",2014,0.208267,"RF_N2O","gcam xmldb","G-Hv3.2"
"W/m^2","GCAM",2015,0.211167,"RF_N2O","gcam xmldb","G-Hv3.2"
"W/m^2","GCAM",2016,0.214038,"RF_N2O","gcam xmldb","G-Hv3.2"
"W/m^2","GCAM",2017,0.216891,"RF_N2O","gcam xmldb","G-Hv3.2"
"W/m^2","GCAM",2018,0.219717,"RF_N2O","gcam xmldb","G-Hv3.2"
"W/m^2","GCAM",2019,0.222516,"RF_N2O","gcam xmldb","G-Hv3.2"
"W/m^2","GCAM",2020,0.225288,"RF_N2O","gcam xmldb","G-Hv3.2"
"W/m^2","GCAM",2021,0.228034,"RF_N2O","gcam xmldb","G-Hv3.2"
"W/m^2","GCAM",2022,0.230804,"RF_N2O","gcam xmldb","G-Hv3.2"
"W/m^2","GCAM",2023,0.233594,"RF_N2O","gcam xmldb","G-Hv3.2"
"W/m^2","GCAM",2024,0.236406,"RF_N2O","gcam xmldb","G-Hv3.2"
"W/m^2","GCAM",2025,0.239241,"RF_N2O","gcam xmldb","G-Hv3.2"
"W/m^2","GCAM",2026,0.242093,"RF_N2O","gcam xmldb","G-Hv3.2"
"W/m^2","GCAM",2027,0.244963,"RF_N2O","gcam xmldb","G-Hv3.2"
"W/m^2","GCAM",2028,0.24785,"RF_N2O","gcam xmldb","G-Hv3.2"
"W/m^2","GCAM",2029,0.250754,"RF_N2O","gcam xmldb","G-Hv3.2"
"W/m^2","GCAM",2030,0.253674,"RF_N2O","gcam xmldb","G-Hv3.2"
"W/m^2","GCAM",2031,0.256606,"RF_N2O","gcam xmldb","G-Hv3.2"
"W/m^2","GCAM",2032,0.259548,"RF_N2O","gcam xmldb","G-Hv3.2"
"W/m^2","GCAM",2033,0.262501,"RF_N2O","gcam xmldb","G-Hv3.2"
"W/m^2","GCAM",2034,0.265464,"RF_N2O","gcam xmldb","G-Hv3.2"
"W/m^2","GCAM",2035,0.268438,"RF_N2O","gcam xmldb","G-Hv3.2"
"W/m^2","GCAM",2036,0.271417,"RF_N2O","gcam xmldb","G-Hv3.2"
"W/m^2","GCAM",2037,0.274403,"RF_N2O","gcam xmldb","G-Hv3.2"
"W/m^2","GCAM",2038,0.277395,"RF_N2O","gcam xmldb","G-Hv3.2"
"W/m^2","GCAM",2039,0.280392,"RF_N2O","gcam xmldb","G-Hv3.2"
"W/m^2","GCAM",2040,0.283395,"RF_N2O","gcam xmldb","G-Hv3.2"
"W/m^2","GCAM",2041,0.286404,"RF_N2O","gcam xmldb","G-Hv3.2"
"W/m^2","GCAM",2042,0.289419,"RF_N2O","gcam xmldb","G-Hv3.2"
"W/m^2","GCAM",2043,0.292439,"RF_N2O","gcam xmldb","G-Hv3.2"
"W/m^2","GCAM",2044,0.295464,"RF_N2O","gcam xmldb","G-Hv3.2"
"W/m^2","GCAM",2045,0.298495,"RF_N2O","gcam xmldb","G-Hv3.2"
"W/m^2","GCAM",2046,0.301545,"RF_N2O","gcam xmldb","G-Hv3.2"
"W/m^2","GCAM",2047,0.304614,"RF_N2O","gcam xmldb","G-Hv3.2"
"W/m^2","GCAM",2048,0.307702,"RF_N2O","gcam xmldb","G-Hv3.2"
"W/m^2","GCAM",2049,0.310809,"RF_N2O","gcam xmldb","G-Hv3.2"
"W/m^2","GCAM",2050,0.313934,"RF_N2O","gcam xmldb","G-Hv3.2"
"W/m^2","GCAM",2051,0.317073,"RF_N2O","gcam xmldb","G-Hv3.2"
"W/m^2","GCAM",2052,0.320227,"RF_N2O","gcam xmldb","G-Hv3.2"
"W/m^2","GCAM",2053,0.323394,"RF_N2O","gcam xmldb","G-Hv3.2"
"W/m^2","GCAM",2054,0.326574,"RF_N2O","gcam xmldb","G-Hv3.2"
"W/m^2","GCAM",2055,0.329768,"RF_N2O","gcam xmldb","G-Hv3.2"
"W/m^2","GCAM",2056,0.332976,"RF_N2O","gcam xmldb","G-Hv3.2"
"W/m^2","GCAM",2057,0.336198,"RF_N2O","gcam xmldb","G-Hv3.2"
"W/m^2","GCAM",2058,0.339434,"RF_N2O","gcam xmldb","G-Hv3.2"
"W/m^2","GCAM",2059,0.342683,"RF_N2O","gcam xmldb","G-Hv3.2"
"W/m^2","GCAM",2060,0.345945,"RF_N2O","gcam xmldb","G-Hv3.2"
"W/m^2","GCAM",2061,0.349216,"RF_N2O","gcam xmldb","G-Hv3.2"
"W/m^2","GCAM",2062,0.352496,"RF_N2O","gcam xmldb","G-Hv3.2"
"W/m^2","GCAM",2063,0.355786,"RF_N2O","gcam xmldb","G-Hv3.2"
"W/m^2","GCAM",2064,0.359083,"RF_N2O","gcam xmldb","G-Hv3.2"
"W/m^2","GCAM",2065,0.362389,"RF_N2O","gcam xmldb","G-Hv3.2"
"W/m^2","GCAM",2066,0.365699,"RF_N2O","gcam xmldb","G-Hv3.2"
"W/m^2","GCAM",2067,0.369016,"RF_N2O","gcam xmldb","G-Hv3.2"
"W/m^2","GCAM",2068,0.372337,"RF_N2O","gcam xmldb","G-Hv3.2"
"W/m^2","GCAM",2069,0.375663,"RF_N2O","gcam xmldb","G-Hv3.2"
"W/m^2","GCAM",2070,0.378994,"RF_N2O","gcam xmldb","G-Hv3.2"
"W/m^2","GCAM",2071,0.382324,"RF_N2O","gcam xmldb","G-Hv3.2"
"W/m^2","GCAM",2072,0.385656,"RF_N2O","gcam xmldb","G-Hv3.2"
"W/m^2","GCAM",2073,0.388988,"RF_N2O","gcam xmldb","G-Hv3.2"
"W/m^2","GCAM",2074,0.39232,"RF_N2O","gcam xmldb","G-Hv3.2"
"W/m^2","GCAM",2075,0.395651,"RF_N2O","gcam xmldb","G-Hv3.2"
"W/m^2","GCAM",2076,0.39898,"RF_N2O","gcam xmldb","G-Hv3.2"
"W/m^2","GCAM",2077,0.402308,"RF_N2O","gcam xmldb","G-Hv3.2"
"W/m^2","GCAM",2078,0.405634,"RF_N2O","gcam xmldb","G-Hv3.2"
"W/m^2","GCAM",2079,0.408958,"RF_N2O","gcam xmldb","G-Hv3.2"
"W/m^2","GCAM",2080,0.412278,"RF_N2O","gcam xmldb","G-Hv3.2"
"W/m^2","GCAM",2081,0.415593,"RF_N2O","gcam xmldb","G-Hv3.2"
"W/m^2","GCAM",2082,0.418902,"RF_N2O","gcam xmldb","G-Hv3.2"
"W/m^2","GCAM",2083,0.422204,"RF_N2O","gcam xmldb","G-Hv3.2"
"W/m^2","GCAM",2084,0.4255,"RF_N2O","gcam xmldb","G-Hv3.2"
"W/m^2","GCAM",2085,0.428789,"RF_N2O","gcam xmldb","G-Hv3.2"
"W/m^2","GCAM",2086,0.432068,"RF_N2O","gcam xmldb","G-Hv3.2"
"W/m^2","GCAM",2087,0.435337,"RF_N2O","gcam xmldb","G-Hv3.2"
"W/m^2","GCAM",2088,0.438595,"RF_N2O","gcam xmldb","G-Hv3.2"
"W/m^2","GCAM",2089,0.441843,"RF_N2O","gcam xmldb","G-Hv3.2"
"W/m^2","GCAM",2090,0.445079,"RF_N2O","gcam xmldb","G-Hv3.2"
"W/m^2","GCAM",2091,0.448302,"RF_N2O","gcam xmldb","G-Hv3.2"
"W/m^2","GCAM",2092,0.451511,"RF_N2O","gcam xmldb","G-Hv3.2"
"W/m^2","GCAM",2093,0.454707,"RF_N2O","gcam xmldb","G-Hv3.2"
"W/m^2","GCAM",2094,0.457888,"RF_N2O","gcam xmldb","G-Hv3.2"
"W/m^2","GCAM",2095,0.461056,"RF_N2O","gcam xmldb","G-Hv3.2"
"W/m^2","GCAM",2096,0.464205,"RF_N2O","gcam xmldb","G-Hv3.2"
"W/m^2","GCAM",2097,0.467337,"RF_N2O","gcam xmldb","G-Hv3.2"
"W/m^2","GCAM",2098,0.470451,"RF_N2O","gcam xmldb","G-Hv3.2"
"W/m^2","GCAM",2099,0.473548,"RF_N2O","gcam xmldb","G-Hv3.2"
"W/m^2","GCAM",2100,0.476627,"RF_N2O","gcam xmldb","G-Hv3.2"
"W/m^2","GCAM",1976,0.377541,"FCH4","gcam xmldb","G-Hv3.2"
"W/m^2","GCAM",1977,0.38299,"FCH4","gcam xmldb","G-Hv3.2"
"W/m^2","GCAM",1978,0.388159,"FCH4","gcam xmldb","G-Hv3.2"
"W/m^2","GCAM",1979,0.393452,"FCH4","gcam xmldb","G-Hv3.2"
"W/m^2","GCAM",1980,0.398428,"FCH4","gcam xmldb","G-Hv3.2"
"W/m^2","GCAM",1981,0.402322,"FCH4","gcam xmldb","G-Hv3.2"
"W/m^2","GCAM",1982,0.408191,"FCH4","gcam xmldb","G-Hv3.2"
"W/m^2","GCAM",1983,0.411404,"FCH4","gcam xmldb","G-Hv3.2"
"W/m^2","GCAM",1984,0.414809,"FCH4","gcam xmldb","G-Hv3.2"
"W/m^2","GCAM",1985,0.417944,"FCH4","gcam xmldb","G-Hv3.2"
"W/m^2","GCAM",1986,0.421597,"FCH4","gcam xmldb","G-Hv3.2"
"W/m^2","GCAM",1987,0.425637,"FCH4","gcam xmldb","G-Hv3.2"
"W/m^2","GCAM",1988,0.429351,"FCH4","gcam xmldb","G-Hv3.2"
"W/m^2","GCAM",1989,0.432858,"FCH4","gcam xmldb","G-Hv3.2"
"W/m^2","GCAM",1990,0.4366,"FCH4","gcam xmldb","G-Hv3.2"
"W/m^2","GCAM",1991,0.444081,"FCH4","gcam xmldb","G-Hv3.2"
"W/m^2","GCAM",1992,0.445391,"FCH4","gcam xmldb","G-Hv3.2"
"W/m^2","GCAM",1993,0.446539,"FCH4","gcam xmldb","G-Hv3.2"
"W/m^2","GCAM",1994,0.450559,"FCH4","gcam xmldb","G-Hv3.2"
"W/m^2","GCAM",1995,0.451922,"FCH4","gcam xmldb","G-Hv3.2"
"W/m^2","GCAM",1996,0.453118,"FCH4","gcam xmldb","G-Hv3.2"
"W/m^2","GCAM",1997,0.461123,"FCH4","gcam xmldb","G-Hv3.2"
"W/m^2","GCAM",1998,0.464185,"FCH4","gcam xmldb","G-Hv3.2"
"W/m^2","GCAM",1999,0.464687,"FCH4","gcam xmldb","G-Hv3.2"
"W/m^2","GCAM",2000,0.46447,"FCH4","gcam xmldb","G-Hv3.2"
"W/m^2","GCAM",2001,0.464674,"FCH4","gcam xmldb","G-Hv3.2"
"W/m^2","GCAM",2002,0.467412,"FCH4","gcam xmldb","G-Hv3.2"
"W/m^2","GCAM",2003,0.47016,"FCH4","gcam xmldb","G-Hv3.2"
"W/m^2","GCAM",2004,0.473606,"FCH4","gcam xmldb","G-Hv3.2"
"W/m^2","GCAM",2005,0.476728,"FCH4","gcam xmldb","G-Hv3.2"
"W/m^2","GCAM",2006,0.479373,"FCH4","gcam xmldb","G-Hv3.2"
"W/m^2","GCAM",2007,0.48158,"FCH4","gcam xmldb","G-Hv3.2"
"W/m^2","GCAM",2008,0.483397,"FCH4","gcam xmldb","G-Hv3.2"
"W/m^2","GCAM",2009,0.484872,"FCH4","gcam xmldb","G-Hv3.2"
"W/m^2","GCAM",2010,0.486049,"FCH4","gcam xmldb","G-Hv3.2"
"W/m^2","GCAM",2011,0.487742,"FCH4","gcam xmldb","G-Hv3.2"
"W/m^2","GCAM",2012,0.489921,"FCH4","gcam xmldb","G-Hv3.2"
"W/m^2","GCAM",2013,0.492516,"FCH4","gcam xmldb","G-Hv3.2"
"W/m^2","GCAM",2014,0.495502,"FCH4","gcam xmldb","G-Hv3.2"
"W/m^2","GCAM",2015,0.498842,"FCH4","gcam xmldb","G-Hv3.2"
"W/m^2","GCAM",2016,0.502094,"FCH4","gcam xmldb","G-Hv3.2"
"W/m^2","GCAM",2017,0.505266,"FCH4","gcam xmldb","G-Hv3.2"
"W/m^2","GCAM",2018,0.508368,"FCH4","gcam xmldb","G-Hv3.2"
"W/m^2","GCAM",2019,0.511408,"FCH4","gcam xmldb","G-Hv3.2"
"W/m^2","GCAM",2020,0.51439,"FCH4","gcam xmldb","G-Hv3.2"
"W/m^2","GCAM",2021,0.517319,"FCH4","gcam xmldb","G-Hv3.2"
"W/m^2","GCAM",2022,0.520759,"FCH4","gcam xmldb","G-Hv3.2"
"W/m^2","GCAM",2023,0.524655,"FCH4","gcam xmldb","G-Hv3.2"
"W/m^2","GCAM",2024,0.528948,"FCH4","gcam xmldb","G-Hv3.2"
"W/m^2","GCAM",2025,0.533595,"FCH4","gcam xmldb","G-Hv3.2"
"W/m^2","GCAM",2026,0.538341,"FCH4","gcam xmldb","G-Hv3.2"
"W/m^2","GCAM",2027,0.54318,"FCH4","gcam xmldb","G-Hv3.2"
"W/m^2","GCAM",2028,0.548102,"FCH4","gcam xmldb","G-Hv3.2"
"W/m^2","GCAM",2029,0.553098,"FCH4","gcam xmldb","G-Hv3.2"
"W/m^2","GCAM",2030,0.558161,"FCH4","gcam xmldb","G-Hv3.2"
"W/m^2","GCAM",2031,0.563242,"FCH4","gcam xmldb","G-Hv3.2"
"W/m^2","GCAM",2032,0.568339,"FCH4","gcam xmldb","G-Hv3.2"
"W/m^2","GCAM",2033,0.573452,"FCH4","gcam xmldb","G-Hv3.2"
"W/m^2","GCAM",2034,0.578576,"FCH4","gcam xmldb","G-Hv3.2"
"W/m^2","GCAM",2035,0.583712,"FCH4","gcam xmldb","G-Hv3.2"
"W/m^2","GCAM",2036,0.588769,"FCH4","gcam xmldb","G-Hv3.2"
"W/m^2","GCAM",2037,0.593753,"FCH4","gcam xmldb","G-Hv3.2"
"W/m^2","GCAM",2038,0.598672,"FCH4","gcam xmldb","G-Hv3.2"
"W/m^2","GCAM",2039,0.603531,"FCH4","gcam xmldb","G-Hv3.2"
"W/m^2","GCAM",2040,0.608335,"FCH4","gcam xmldb","G-Hv3.2"
"W/m^2","GCAM",2041,0.613006,"FCH4","gcam xmldb","G-Hv3.2"
"W/m^2","GCAM",2042,0.617554,"FCH4","gcam xmldb","G-Hv3.2"
"W/m^2","GCAM",2043,0.621992,"FCH4","gcam xmldb","G-Hv3.2"
"W/m^2","GCAM",2044,0.62633,"FCH4","gcam xmldb","G-Hv3.2"
"W/m^2","GCAM",2045,0.630576,"FCH4","gcam xmldb","G-Hv3.2"
"W/m^2","GCAM",2046,0.634843,"FCH4","gcam xmldb","G-Hv3.2"
"W/m^2","GCAM",2047,0.639129,"FCH4","gcam xmldb","G-Hv3.2"
"W/m^2","GCAM",2048,0.643429,"FCH4","gcam xmldb","G-Hv3.2"
"W/m^2","GCAM",2049,0.647741,"FCH4","gcam xmldb","G-Hv3.2"
"W/m^2","GCAM",2050,0.652062,"FCH4","gcam xmldb","G-Hv3.2"
"W/m^2","GCAM",2051,0.656367,"FCH4","gcam xmldb","G-Hv3.2"
"W/m^2","GCAM",2052,0.660655,"FCH4","gcam xmldb","G-Hv3.2"
"W/m^2","GCAM",2053,0.664928,"FCH4","gcam xmldb","G-Hv3.2"
"W/m^2","GCAM",2054,0.669186,"FCH4","gcam xmldb","G-Hv3.2"
"W/m^2","GCAM",2055,0.673429,"FCH4","gcam xmldb","G-Hv3.2"
"W/m^2","GCAM",2056,0.677651,"FCH4","gcam xmldb","G-Hv3.2"
"W/m^2","GCAM",2057,0.681853,"FCH4","gcam xmldb","G-Hv3.2"
"W/m^2","GCAM",2058,0.686034,"FCH4","gcam xmldb","G-Hv3.2"
"W/m^2","GCAM",2059,0.690197,"FCH4","gcam xmldb","G-Hv3.2"
"W/m^2","GCAM",2060,0.69434,"FCH4","gcam xmldb","G-Hv3.2"
"W/m^2","GCAM",2061,0.698437,"FCH4","gcam xmldb","G-Hv3.2"
"W/m^2","GCAM",2062,0.70249,"FCH4","gcam xmldb","G-Hv3.2"
"W/m^2","GCAM",2063,0.706504,"FCH4","gcam xmldb","G-Hv3.2"
"W/m^2","GCAM",2064,0.710479,"FCH4","gcam xmldb","G-Hv3.2"
"W/m^2","GCAM",2065,0.714418,"FCH4","gcam xmldb","G-Hv3.2"
"W/m^2","GCAM",2066,0.718288,"FCH4","gcam xmldb","G-Hv3.2"
"W/m^2","GCAM",2067,0.722093,"FCH4","gcam xmldb","G-Hv3.2"
"W/m^2","GCAM",2068,0.72584,"FCH4","gcam xmldb","G-Hv3.2"
"W/m^2","GCAM",2069,0.729531,"FCH4","gcam xmldb","G-Hv3.2"
"W/m^2","GCAM",2070,0.733172,"FCH4","gcam xmldb","G-Hv3.2"
"W/m^2","GCAM",2071,0.736723,"FCH4","gcam xmldb","G-Hv3.2"
"W/m^2","GCAM",2072,0.740193,"FCH4","gcam xmldb","G-Hv3.2"
"W/m^2","GCAM",2073,0.743587,"FCH4","gcam xmldb","G-Hv3.2"
"W/m^2","GCAM",2074,0.746913,"FCH4","gcam xmldb","G-Hv3.2"
"W/m^2","GCAM",2075,0.750175,"FCH4","gcam xmldb","G-Hv3.2"
"W/m^2","GCAM",2076,0.7533,"FCH4","gcam xmldb","G-Hv3.2"
"W/m^2","GCAM",2077,0.756301,"FCH4","gcam xmldb","G-Hv3.2"
"W/m^2","GCAM",2078,0.759187,"FCH4","gcam xmldb","G-Hv3.2"
"W/m^2","GCAM",2079,0.76197,"FCH4","gcam xmldb","G-Hv3.2"
"W/m^2","GCAM",2080,0.764657,"FCH4","gcam xmldb","G-Hv3.2"
"W/m^2","GCAM",2081,0.767191,"FCH4","gcam xmldb","G-Hv3.2"
"W/m^2","GCAM",2082,0.769588,"FCH4","gcam xmldb","G-Hv3.2"
"W/m^2","GCAM",2083,0.771858,"FCH4","gcam xmldb","G-Hv3.2"
"W/m^2","GCAM",2084,0.774012,"FCH4","gcam xmldb","G-Hv3.2"
"W/m^2","GCAM",2085,0.776061,"FCH4","gcam xmldb","G-Hv3.2"
"W/m^2","GCAM",2086,0.778038,"FCH4","gcam xmldb","G-Hv3.2"
"W/m^2","GCAM",2087,0.77995,"FCH4","gcam xmldb","G-Hv3.2"
"W/m^2","GCAM",2088,0.781803,"FCH4","gcam xmldb","G-Hv3.2"
"W/m^2","GCAM",2089,0.7836,"FCH4","gcam xmldb","G-Hv3.2"
"W/m^2","GCAM",2090,0.785347,"FCH4","gcam xmldb","G-Hv3.2"
"W/m^2","GCAM",2091,0.787025,"FCH4","gcam xmldb","G-Hv3.2"
"W/m^2","GCAM",2092,0.788642,"FCH4","gcam xmldb","G-Hv3.2"
"W/m^2","GCAM",2093,0.790202,"FCH4","gcam xmldb","G-Hv3.2"
"W/m^2","GCAM",2094,0.791708,"FCH4","gcam xmldb","G-Hv3.2"
"W/m^2","GCAM",2095,0.793167,"FCH4","gcam xmldb","G-Hv3.2"
"W/m^2","GCAM",2096,0.794557,"FCH4","gcam xmldb","G-Hv3.2"
"W/m^2","GCAM",2097,0.795883,"FCH4","gcam xmldb","G-Hv3.2"
"W/m^2","GCAM",2098,0.797151,"FCH4","gcam xmldb","G-Hv3.2"
"W/m^2","GCAM",2099,0.798365,"FCH4","gcam xmldb","G-Hv3.2"
"W/m^2","GCAM",2100,0.799531,"FCH4","gcam xmldb","G-Hv3.2"
"W/m^2","GCAM",1976,1.04228,"RF_CO2","gcam xmldb","G-Hv3.2"
"W/m^2","GCAM",1977,1.06491,"RF_CO2","gcam xmldb","G-Hv3.2"
"W/m^2","GCAM",1978,1.0886,"RF_CO2","gcam xmldb","G-Hv3.2"
"W/m^2","GCAM",1979,1.11294,"RF_CO2","gcam xmldb","G-Hv3.2"
"W/m^2","GCAM",1980,1.13735,"RF_CO2","gcam xmldb","G-Hv3.2"
"W/m^2","GCAM",1981,1.16036,"RF_CO2","gcam xmldb","G-Hv3.2"
"W/m^2","GCAM",1982,1.18206,"RF_CO2","gcam xmldb","G-Hv3.2"
"W/m^2","GCAM",1983,1.20245,"RF_CO2","gcam xmldb","G-Hv3.2"
"W/m^2","GCAM",1984,1.22273,"RF_CO2","gcam xmldb","G-Hv3.2"
"W/m^2","GCAM",1985,1.24404,"RF_CO2","gcam xmldb","G-Hv3.2"
"W/m^2","GCAM",1986,1.26613,"RF_CO2","gcam xmldb","G-Hv3.2"
"W/m^2","GCAM",1987,1.28896,"RF_CO2","gcam xmldb","G-Hv3.2"
"W/m^2","GCAM",1988,1.31243,"RF_CO2","gcam xmldb","G-Hv3.2"
"W/m^2","GCAM",1989,1.33688,"RF_CO2","gcam xmldb","G-Hv3.2"
"W/m^2","GCAM",1990,1.36154,"RF_CO2","gcam xmldb","G-Hv3.2"
"W/m^2","GCAM",1991,1.38488,"RF_CO2","gcam xmldb","G-Hv3.2"
"W/m^2","GCAM",1992,1.40811,"RF_CO2","gcam xmldb","G-Hv3.2"
"W/m^2","GCAM",1993,1.42791,"RF_CO2","gcam xmldb","G-Hv3.2"
"W/m^2","GCAM",1994,1.44665,"RF_CO2","gcam xmldb","G-Hv3.2"
"W/m^2","GCAM",1995,1.46709,"RF_CO2","gcam xmldb","G-Hv3.2"
"W/m^2","GCAM",1996,1.48932,"RF_CO2","gcam xmldb","G-Hv3.2"
"W/m^2","GCAM",1997,1.51274,"RF_CO2","gcam xmldb","G-Hv3.2"
"W/m^2","GCAM",1998,1.54176,"RF_CO2","gcam xmldb","G-Hv3.2"
"W/m^2","GCAM",1999,1.56659,"RF_CO2","gcam xmldb","G-Hv3.2"
"W/m^2","GCAM",2000,1.59072,"RF_CO2","gcam xmldb","G-Hv3.2"
"W/m^2","GCAM",2001,1.61605,"RF_CO2","gcam xmldb","G-Hv3.2"
"W/m^2","GCAM",2002,1.64021,"RF_CO2","gcam xmldb","G-Hv3.2"
"W/m^2","GCAM",2003,1.66594,"RF_CO2","gcam xmldb","G-Hv3.2"
"W/m^2","GCAM",2004,1.69248,"RF_CO2","gcam xmldb","G-Hv3.2"
"W/m^2","GCAM",2005,1.72229,"RF_CO2","gcam xmldb","G-Hv3.2"
"W/m^2","GCAM",2006,1.75167,"RF_CO2","gcam xmldb","G-Hv3.2"
"W/m^2","GCAM",2007,1.78321,"RF_CO2","gcam xmldb","G-Hv3.2"
"W/m^2","GCAM",2008,1.81656,"RF_CO2","gcam xmldb","G-Hv3.2"
"W/m^2","GCAM",2009,1.85162,"RF_CO2","gcam xmldb","G-Hv3.2"
"W/m^2","GCAM",2010,1.88824,"RF_CO2","gcam xmldb","G-Hv3.2"
"W/m^2","GCAM",2011,1.92638,"RF_CO2","gcam xmldb","G-Hv3.2"
"W/m^2","GCAM",2012,1.96668,"RF_CO2","gcam xmldb","G-Hv3.2"
"W/m^2","GCAM",2013,2.00768,"RF_CO2","gcam xmldb","G-Hv3.2"
"W/m^2","GCAM",2014,2.04942,"RF_CO2","gcam xmldb","G-Hv3.2"
"W/m^2","GCAM",2015,2.09181,"RF_CO2","gcam xmldb","G-Hv3.2"
"W/m^2","GCAM",2016,2.1348,"RF_CO2","gcam xmldb","G-Hv3.2"
"W/m^2","GCAM",2017,2.17005,"RF_CO2","gcam xmldb","G-Hv3.2"
"W/m^2","GCAM",2018,2.20508,"RF_CO2","gcam xmldb","G-Hv3.2"
"W/m^2","GCAM",2019,2.23993,"RF_CO2","gcam xmldb","G-Hv3.2"
"W/m^2","GCAM",2020,2.27459,"RF_CO2","gcam xmldb","G-Hv3.2"
"W/m^2","GCAM",2021,2.30908,"RF_CO2","gcam xmldb","G-Hv3.2"
"W/m^2","GCAM",2022,2.34342,"RF_CO2","gcam xmldb","G-Hv3.2"
"W/m^2","GCAM",2023,2.38115,"RF_CO2","gcam xmldb","G-Hv3.2"
"W/m^2","GCAM",2024,2.4196,"RF_CO2","gcam xmldb","G-Hv3.2"
"W/m^2","GCAM",2025,2.45877,"RF_CO2","gcam xmldb","G-Hv3.2"
"W/m^2","GCAM",2026,2.49865,"RF_CO2","gcam xmldb","G-Hv3.2"
"W/m^2","GCAM",2027,2.53784,"RF_CO2","gcam xmldb","G-Hv3.2"
"W/m^2","GCAM",2028,2.57715,"RF_CO2","gcam xmldb","G-Hv3.2"
"W/m^2","GCAM",2029,2.61658,"RF_CO2","gcam xmldb","G-Hv3.2"
"W/m^2","GCAM",2030,2.65613,"RF_CO2","gcam xmldb","G-Hv3.2"
"W/m^2","GCAM",2031,2.69578,"RF_CO2","gcam xmldb","G-Hv3.2"
"W/m^2","GCAM",2032,2.73517,"RF_CO2","gcam xmldb","G-Hv3.2"
"W/m^2","GCAM",2033,2.77448,"RF_CO2","gcam xmldb","G-Hv3.2"
"W/m^2","GCAM",2034,2.81377,"RF_CO2","gcam xmldb","G-Hv3.2"
"W/m^2","GCAM",2035,2.85302,"RF_CO2","gcam xmldb","G-Hv3.2"
"W/m^2","GCAM",2036,2.89225,"RF_CO2","gcam xmldb","G-Hv3.2"
"W/m^2","GCAM",2037,2.93086,"RF_CO2","gcam xmldb","G-Hv3.2"
"W/m^2","GCAM",2038,2.96928,"RF_CO2","gcam xmldb","G-Hv3.2"
"W/m^2","GCAM",2039,3.00754,"RF_CO2","gcam xmldb","G-Hv3.2"
"W/m^2","GCAM",2040,3.04563,"RF_CO2","gcam xmldb","G-Hv3.2"
"W/m^2","GCAM",2041,3.08357,"RF_CO2","gcam xmldb","G-Hv3.2"
"W/m^2","GCAM",2042,3.12096,"RF_CO2","gcam xmldb","G-Hv3.2"
"W/m^2","GCAM",2043,3.15818,"RF_CO2","gcam xmldb","G-Hv3.2"
"W/m^2","GCAM",2044,3.19523,"RF_CO2","gcam xmldb","G-Hv3.2"
"W/m^2","GCAM",2045,3.23212,"RF_CO2","gcam xmldb","G-Hv3.2"
"W/m^2","GCAM",2046,3.26887,"RF_CO2","gcam xmldb","G-Hv3.2"
"W/m^2","GCAM",2047,3.30574,"RF_CO2","gcam xmldb","G-Hv3.2"
"W/m^2","GCAM",2048,3.3426,"RF_CO2","gcam xmldb","G-Hv3.2"
"W/m^2","GCAM",2049,3.37944,"RF_CO2","gcam xmldb","G-Hv3.2"
"W/m^2","GCAM",2050,3.41629,"RF_CO2","gcam xmldb","G-Hv3.2"
"W/m^2","GCAM",2051,3.45314,"RF_CO2","gcam xmldb","G-Hv3.2"
"W/m^2","GCAM",2052,3.4899,"RF_CO2","gcam xmldb","G-Hv3.2"
"W/m^2","GCAM",2053,3.52665,"RF_CO2","gcam xmldb","G-Hv3.2"
"W/m^2","GCAM",2054,3.56338,"RF_CO2","gcam xmldb","G-Hv3.2"
"W/m^2","GCAM",2055,3.6001,"RF_CO2","gcam xmldb","G-Hv3.2"
"W/m^2","GCAM",2056,3.63682,"RF_CO2","gcam xmldb","G-Hv3.2"
"W/m^2","GCAM",2057,3.67343,"RF_CO2","gcam xmldb","G-Hv3.2"
"W/m^2","GCAM",2058,3.71013,"RF_CO2","gcam xmldb","G-Hv3.2"
"W/m^2","GCAM",2059,3.74693,"RF_CO2","gcam xmldb","G-Hv3.2"
"W/m^2","GCAM",2060,3.78381,"RF_CO2","gcam xmldb","G-Hv3.2"
"W/m^2","GCAM",2061,3.82078,"RF_CO2","gcam xmldb","G-Hv3.2"
"W/m^2","GCAM",2062,3.8572,"RF_CO2","gcam xmldb","G-Hv3.2"
"W/m^2","GCAM",2063,3.89365,"RF_CO2","gcam xmldb","G-Hv3.2"
"W/m^2","GCAM",2064,3.93014,"RF_CO2","gcam xmldb","G-Hv3.2"
"W/m^2","GCAM",2065,3.96669,"RF_CO2","gcam xmldb","G-Hv3.2"
"W/m^2","GCAM",2066,4.0033,"RF_CO2","gcam xmldb","G-Hv3.2"
"W/m^2","GCAM",2067,4.03953,"RF_CO2","gcam xmldb","G-Hv3.2"
"W/m^2","GCAM",2068,4.07583,"RF_CO2","gcam xmldb","G-Hv3.2"
"W/m^2","GCAM",2069,4.11219,"RF_CO2","gcam xmldb","G-Hv3.2"
"W/m^2","GCAM",2070,4.14862,"RF_CO2","gcam xmldb","G-Hv3.2"
"W/m^2","GCAM",2071,4.18513,"RF_CO2","gcam xmldb","G-Hv3.2"
"W/m^2","GCAM",2072,4.22118,"RF_CO2","gcam xmldb","G-Hv3.2"
"W/m^2","GCAM",2073,4.25732,"RF_CO2","gcam xmldb","G-Hv3.2"
"W/m^2","GCAM",2074,4.29353,"RF_CO2","gcam xmldb","G-Hv3.2"
"W/m^2","GCAM",2075,4.32982,"RF_CO2","gcam xmldb","G-Hv3.2"
"W/m^2","GCAM",2076,4.3662,"RF_CO2","gcam xmldb","G-Hv3.2"
"W/m^2","GCAM",2077,4.4023,"RF_CO2","gcam xmldb","G-Hv3.2"
"W/m^2","GCAM",2078,4.43841,"RF_CO2","gcam xmldb","G-Hv3.2"
"W/m^2","GCAM",2079,4.47455,"RF_CO2","gcam xmldb","G-Hv3.2"
"W/m^2","GCAM",2080,4.51071,"RF_CO2","gcam xmldb","G-Hv3.2"
"W/m^2","GCAM",2081,4.54689,"RF_CO2","gcam xmldb","G-Hv3.2"
"W/m^2","GCAM",2082,4.58256,"RF_CO2","gcam xmldb","G-Hv3.2"
"W/m^2","GCAM",2083,4.61807,"RF_CO2","gcam xmldb","G-Hv3.2"
"W/m^2","GCAM",2084,4.65342,"RF_CO2","gcam xmldb","G-Hv3.2"
"W/m^2","GCAM",2085,4.68864,"RF_CO2","gcam xmldb","G-Hv3.2"
"W/m^2","GCAM",2086,4.72372,"RF_CO2","gcam xmldb","G-Hv3.2"
"W/m^2","GCAM",2087,4.75845,"RF_CO2","gcam xmldb","G-Hv3.2"
"W/m^2","GCAM",2088,4.79308,"RF_CO2","gcam xmldb","G-Hv3.2"
"W/m^2","GCAM",2089,4.82762,"RF_CO2","gcam xmldb","G-Hv3.2"
"W/m^2","GCAM",2090,4.86208,"RF_CO2","gcam xmldb","G-Hv3.2"
"W/m^2","GCAM",2091,4.89646,"RF_CO2","gcam xmldb","G-Hv3.2"
"W/m^2","GCAM",2092,4.93046,"RF_CO2","gcam xmldb","G-Hv3.2"
"W/m^2","GCAM",2093,4.96432,"RF_CO2","gcam xmldb","G-Hv3.2"
"W/m^2","GCAM",2094,4.99807,"RF_CO2","gcam xmldb","G-Hv3.2"
"W/m^2","GCAM",2095,5.0317,"RF_CO2","gcam xmldb","G-Hv3.2"
"W/m^2","GCAM",2096,5.06522,"RF_CO2","gcam xmldb","G-Hv3.2"
"W/m^2","GCAM",2097,5.09841,"RF_CO2","gcam xmldb","G-Hv3.2"
"W/m^2","GCAM",2098,5.13145,"RF_CO2","gcam xmldb","G-Hv3.2"
"W/m^2","GCAM",2099,5.16434,"RF_CO2","gcam xmldb","G-Hv3.2"
"W/m^2","GCAM",2100,5.19709,"RF_CO2","gcam xmldb","G-Hv3.2"
"W/m^2","GCAM",1976,0.383154,"RF_tot","gcam xmldb","G-Hv3.2"
"W/m^2","GCAM",1977,0.512006,"RF_tot","gcam xmldb","G-Hv3.2"
"W/m^2","GCAM",1978,0.580813,"RF_tot","gcam xmldb","G-Hv3.2"
"W/m^2","GCAM",1979,0.607994,"RF_tot","gcam xmldb","G-Hv3.2"
"W/m^2","GCAM",1980,0.613136,"RF_tot","gcam xmldb","G-Hv3.2"
"W/m^2","GCAM",1981,0.655905,"RF_tot","gcam xmldb","G-Hv3.2"
"W/m^2","GCAM",1982,0.448068,"RF_tot","gcam xmldb","G-Hv3.2"
"W/m^2","GCAM",1983,0.0226605,"RF_tot","gcam xmldb","G-Hv3.2"
"W/m^2","GCAM",1984,0.497674,"RF_tot","gcam xmldb","G-Hv3.2"
"W/m^2","GCAM",1985,0.751914,"RF_tot","gcam xmldb","G-Hv3.2"
"W/m^2","GCAM",1986,0.81282,"RF_tot","gcam xmldb","G-Hv3.2"
"W/m^2","GCAM",1987,0.892627,"RF_tot","gcam xmldb","G-Hv3.2"
"W/m^2","GCAM",1988,0.992152,"RF_tot","gcam xmldb","G-Hv3.2"
"W/m^2","GCAM",1989,1.07647,"RF_tot","gcam xmldb","G-Hv3.2"
"W/m^2","GCAM",1990,1.11103,"RF_tot","gcam xmldb","G-Hv3.2"
"W/m^2","GCAM",1991,0.530465,"RF_tot","gcam xmldb","G-Hv3.2"
"W/m^2","GCAM",1992,-0.584517,"RF_tot","gcam xmldb","G-Hv3.2"
"W/m^2","GCAM",1993,0.316224,"RF_tot","gcam xmldb","G-Hv3.2"
"W/m^2","GCAM",1994,1.04551,"RF_tot","gcam xmldb","G-Hv3.2"
"W/m^2","GCAM",1995,1.31107,"RF_tot","gcam xmldb","G-Hv3.2"
"W/m^2","GCAM",1996,1.42654,"RF_tot","gcam xmldb","G-Hv3.2"
"W/m^2","GCAM",1997,1.36829,"RF_tot","gcam xmldb","G-Hv3.2"
"W/m^2","GCAM",1998,1.43978,"RF_tot","gcam xmldb","G-Hv3.2"
"W/m^2","GCAM",1999,1.60375,"RF_tot","gcam xmldb","G-Hv3.2"
"W/m^2","GCAM",2000,1.66116,"RF_tot","gcam xmldb","G-Hv3.2"
"W/m^2","GCAM",2001,1.68901,"RF_tot","gcam xmldb","G-Hv3.2"
"W/m^2","GCAM",2002,1.65489,"RF_tot","gcam xmldb","G-Hv3.2"
"W/m^2","GCAM",2003,1.64521,"RF_tot","gcam xmldb","G-Hv3.2"
"W/m^2","GCAM",2004,1.70263,"RF_tot","gcam xmldb","G-Hv3.2"
"W/m^2","GCAM",2005,1.71893,"RF_tot","gcam xmldb","G-Hv3.2"
"W/m^2","GCAM",2006,1.76119,"RF_tot","gcam xmldb","G-Hv3.2"
"W/m^2","GCAM",2007,1.82742,"RF_tot","gcam xmldb","G-Hv3.2"
"W/m^2","GCAM",2008,1.9101,"RF_tot","gcam xmldb","G-Hv3.2"
"W/m^2","GCAM",2009,1.95578,"RF_tot","gcam xmldb","G-Hv3.2"
"W/m^2","GCAM",2010,2.06064,"RF_tot","gcam xmldb","G-Hv3.2"
"W/m^2","GCAM",2011,2.09359,"RF_tot","gcam xmldb","G-Hv3.2"
"W/m^2","GCAM",2012,2.18796,"RF_tot","gcam xmldb","G-Hv3.2"
"W/m^2","GCAM",2013,2.27299,"RF_tot","gcam xmldb","G-Hv3.2"
"W/m^2","GCAM",2014,2.32213,"RF_tot","gcam xmldb","G-Hv3.2"
"W/m^2","GCAM",2015,2.37607,"RF_tot","gcam xmldb","G-Hv3.2"
"W/m^2","GCAM",2016,2.44075,"RF_tot","gcam xmldb","G-Hv3.2"
"W/m^2","GCAM",2017,2.4978,"RF_tot","gcam xmldb","G-Hv3.2"
"W/m^2","GCAM",2018,2.55479,"RF_tot","gcam xmldb","G-Hv3.2"
"W/m^2","GCAM",2019,2.61114,"RF_tot","gcam xmldb","G-Hv3.2"
"W/m^2","GCAM",2020,2.66752,"RF_tot","gcam xmldb","G-Hv3.2"
"W/m^2","GCAM",2021,2.72383,"RF_tot","gcam xmldb","G-Hv3.2"
"W/m^2","GCAM",2022,2.75354,"RF_tot","gcam xmldb","G-Hv3.2"
"W/m^2","GCAM",2023,2.78721,"RF_tot","gcam xmldb","G-Hv3.2"
"W/m^2","GCAM",2024,2.82211,"RF_tot","gcam xmldb","G-Hv3.2"
"W/m^2","GCAM",2025,2.87217,"RF_tot","gcam xmldb","G-Hv3.2"
"W/m^2","GCAM",2026,2.9202,"RF_tot","gcam xmldb","G-Hv3.2"
"W/m^2","GCAM",2027,2.96766,"RF_tot","gcam xmldb","G-Hv3.2"
"W/m^2","GCAM",2028,3.01537,"RF_tot","gcam xmldb","G-Hv3.2"
"W/m^2","GCAM",2029,3.06334,"RF_tot","gcam xmldb","G-Hv3.2"
"W/m^2","GCAM",2030,3.11153,"RF_tot","gcam xmldb","G-Hv3.2"
"W/m^2","GCAM",2031,3.15952,"RF_tot","gcam xmldb","G-Hv3.2"
"W/m^2","GCAM",2032,3.2073,"RF_tot","gcam xmldb","G-Hv3.2"
"W/m^2","GCAM",2033,3.25507,"RF_tot","gcam xmldb","G-Hv3.2"
"W/m^2","GCAM",2034,3.30286,"RF_tot","gcam xmldb","G-Hv3.2"
"W/m^2","GCAM",2035,3.35069,"RF_tot","gcam xmldb","G-Hv3.2"
"W/m^2","GCAM",2036,3.39679,"RF_tot","gcam xmldb","G-Hv3.2"
"W/m^2","GCAM",2037,3.4422,"RF_tot","gcam xmldb","G-Hv3.2"
"W/m^2","GCAM",2038,3.48736,"RF_tot","gcam xmldb","G-Hv3.2"
"W/m^2","GCAM",2039,3.5323,"RF_tot","gcam xmldb","G-Hv3.2"
"W/m^2","GCAM",2040,3.57703,"RF_tot","gcam xmldb","G-Hv3.2"
"W/m^2","GCAM",2041,3.62344,"RF_tot","gcam xmldb","G-Hv3.2"
"W/m^2","GCAM",2042,3.66936,"RF_tot","gcam xmldb","G-Hv3.2"
"W/m^2","GCAM",2043,3.71514,"RF_tot","gcam xmldb","G-Hv3.2"
"W/m^2","GCAM",2044,3.76079,"RF_tot","gcam xmldb","G-Hv3.2"
"W/m^2","GCAM",2045,3.80634,"RF_tot","gcam xmldb","G-Hv3.2"
"W/m^2","GCAM",2046,3.85115,"RF_tot","gcam xmldb","G-Hv3.2"
"W/m^2","GCAM",2047,3.89632,"RF_tot","gcam xmldb","G-Hv3.2"
"W/m^2","GCAM",2048,3.94167,"RF_tot","gcam xmldb","G-Hv3.2"
"W/m^2","GCAM",2049,3.98721,"RF_tot","gcam xmldb","G-Hv3.2"
"W/m^2","GCAM",2050,4.03293,"RF_tot","gcam xmldb","G-Hv3.2"
"W/m^2","GCAM",2051,4.0799,"RF_tot","gcam xmldb","G-Hv3.2"
"W/m^2","GCAM",2052,4.12697,"RF_tot","gcam xmldb","G-Hv3.2"
"W/m^2","GCAM",2053,4.1742,"RF_tot","gcam xmldb","G-Hv3.2"
"W/m^2","GCAM",2054,4.2216,"RF_tot","gcam xmldb","G-Hv3.2"
"W/m^2","GCAM",2055,4.26915,"RF_tot","gcam xmldb","G-Hv3.2"
"W/m^2","GCAM",2056,4.31557,"RF_tot","gcam xmldb","G-Hv3.2"
"W/m^2","GCAM",2057,4.36205,"RF_tot","gcam xmldb","G-Hv3.2"
"W/m^2","GCAM",2058,4.40876,"RF_tot","gcam xmldb","G-Hv3.2"
"W/m^2","GCAM",2059,4.45572,"RF_tot","gcam xmldb","G-Hv3.2"
"W/m^2","GCAM",2060,4.5029,"RF_tot","gcam xmldb","G-Hv3.2"
"W/m^2","GCAM",2061,4.55014,"RF_tot","gcam xmldb","G-Hv3.2"
"W/m^2","GCAM",2062,4.59689,"RF_tot","gcam xmldb","G-Hv3.2"
"W/m^2","GCAM",2063,4.64375,"RF_tot","gcam xmldb","G-Hv3.2"
"W/m^2","GCAM",2064,4.69072,"RF_tot","gcam xmldb","G-Hv3.2"
"W/m^2","GCAM",2065,4.7378,"RF_tot","gcam xmldb","G-Hv3.2"
"W/m^2","GCAM",2066,4.78449,"RF_tot","gcam xmldb","G-Hv3.2"
"W/m^2","GCAM",2067,4.83081,"RF_tot","gcam xmldb","G-Hv3.2"
"W/m^2","GCAM",2068,4.87722,"RF_tot","gcam xmldb","G-Hv3.2"
"W/m^2","GCAM",2069,4.92372,"RF_tot","gcam xmldb","G-Hv3.2"
"W/m^2","GCAM",2070,4.9703,"RF_tot","gcam xmldb","G-Hv3.2"
"W/m^2","GCAM",2071,5.01745,"RF_tot","gcam xmldb","G-Hv3.2"
"W/m^2","GCAM",2072,5.06414,"RF_tot","gcam xmldb","G-Hv3.2"
"W/m^2","GCAM",2073,5.11091,"RF_tot","gcam xmldb","G-Hv3.2"
"W/m^2","GCAM",2074,5.15775,"RF_tot","gcam xmldb","G-Hv3.2"
"W/m^2","GCAM",2075,5.20469,"RF_tot","gcam xmldb","G-Hv3.2"
"W/m^2","GCAM",2076,5.2519,"RF_tot","gcam xmldb","G-Hv3.2"
"W/m^2","GCAM",2077,5.29875,"RF_tot","gcam xmldb","G-Hv3.2"
"W/m^2","GCAM",2078,5.34554,"RF_tot","gcam xmldb","G-Hv3.2"
"W/m^2","GCAM",2079,5.39229,"RF_tot","gcam xmldb","G-Hv3.2"
"W/m^2","GCAM",2080,5.439,"RF_tot","gcam xmldb","G-Hv3.2"
"W/m^2","GCAM",2081,5.48695,"RF_tot","gcam xmldb","G-Hv3.2"
"W/m^2","GCAM",2082,5.53425,"RF_tot","gcam xmldb","G-Hv3.2"
"W/m^2","GCAM",2083,5.58128,"RF_tot","gcam xmldb","G-Hv3.2"
"W/m^2","GCAM",2084,5.62805,"RF_tot","gcam xmldb","G-Hv3.2"
"W/m^2","GCAM",2085,5.67459,"RF_tot","gcam xmldb","G-Hv3.2"
"W/m^2","GCAM",2086,5.72085,"RF_tot","gcam xmldb","G-Hv3.2"
"W/m^2","GCAM",2087,5.7667,"RF_tot","gcam xmldb","G-Hv3.2"
"W/m^2","GCAM",2088,5.81243,"RF_tot","gcam xmldb","G-Hv3.2"
"W/m^2","GCAM",2089,5.85803,"RF_tot","gcam xmldb","G-Hv3.2"
"W/m^2","GCAM",2090,5.90353,"RF_tot","gcam xmldb","G-Hv3.2"
"W/m^2","GCAM",2091,5.9493,"RF_tot","gcam xmldb","G-Hv3.2"
"W/m^2","GCAM",2092,5.99463,"RF_tot","gcam xmldb","G-Hv3.2"
"W/m^2","GCAM",2093,6.03977,"RF_tot","gcam xmldb","G-Hv3.2"
"W/m^2","GCAM",2094,6.08473,"RF_tot","gcam xmldb","G-Hv3.2"
"W/m^2","GCAM",2095,6.12953,"RF_tot","gcam xmldb","G-Hv3.2"
"W/m^2","GCAM",2096,6.17446,"RF_tot","gcam xmldb","G-Hv3.2"
"W/m^2","GCAM",2097,6.21897,"RF_tot","gcam xmldb","G-Hv3.2"
"W/m^2","GCAM",2098,6.26324,"RF_tot","gcam xmldb","G-Hv3.2"
"W/m^2","GCAM",2099,6.30729,"RF_tot","gcam xmldb","G-Hv3.2"
"W/m^2","GCAM",2100,6.35114,"RF_tot","gcam xmldb","G-Hv3.2"
"degreesC","GCAM",1976,0.100269,"gmst","gcam xmldb","G-Hv3.2"
"degreesC","GCAM",1977,0.120862,"gmst","gcam xmldb","G-Hv3.2"
"degreesC","GCAM",1978,0.141714,"gmst","gcam xmldb","G-Hv3.2"
"degreesC","GCAM",1979,0.159493,"gmst","gcam xmldb","G-Hv3.2"
"degreesC","GCAM",1980,0.173513,"gmst","gcam xmldb","G-Hv3.2"
"degreesC","GCAM",1981,0.187989,"gmst","gcam xmldb","G-Hv3.2"
"degreesC","GCAM",1982,0.183148,"gmst","gcam xmldb","G-Hv3.2"
"degreesC","GCAM",1983,0.146355,"gmst","gcam xmldb","G-Hv3.2"
"degreesC","GCAM",1984,0.157532,"gmst","gcam xmldb","G-Hv3.2"
"degreesC","GCAM",1985,0.188321,"gmst","gcam xmldb","G-Hv3.2"
"degreesC","GCAM",1986,0.215748,"gmst","gcam xmldb","G-Hv3.2"
"degreesC","GCAM",1987,0.242095,"gmst","gcam xmldb","G-Hv3.2"
"degreesC","GCAM",1988,0.27001,"gmst","gcam xmldb","G-Hv3.2"
"degreesC","GCAM",1989,0.298248,"gmst","gcam xmldb","G-Hv3.2"
"degreesC","GCAM",1990,0.322944,"gmst","gcam xmldb","G-Hv3.2"
"degreesC","GCAM",1991,0.296353,"gmst","gcam xmldb","G-Hv3.2"
"degreesC","GCAM",1992,0.188759,"gmst","gcam xmldb","G-Hv3.2"
"degreesC","GCAM",1993,0.181627,"gmst","gcam xmldb","G-Hv3.2"
"degreesC","GCAM",1994,0.238899,"gmst","gcam xmldb","G-Hv3.2"
"degreesC","GCAM",1995,0.301649,"gmst","gcam xmldb","G-Hv3.2"
"degreesC","GCAM",1996,0.3554,"gmst","gcam xmldb","G-Hv3.2"
"degreesC","GCAM",1997,0.390187,"gmst","gcam xmldb","G-Hv3.2"
"degreesC","GCAM",1998,0.4223,"gmst","gcam xmldb","G-Hv3.2"
"degreesC","GCAM",1999,0.460964,"gmst","gcam xmldb","G-Hv3.2"
"degreesC","GCAM",2000,0.496196,"gmst","gcam xmldb","G-Hv3.2"
"degreesC","GCAM",2001,0.526278,"gmst","gcam xmldb","G-Hv3.2"
"degreesC","GCAM",2002,0.547918,"gmst","gcam xmldb","G-Hv3.2"
"degreesC","GCAM",2003,0.56536,"gmst","gcam xmldb","G-Hv3.2"
"degreesC","GCAM",2004,0.585223,"gmst","gcam xmldb","G-Hv3.2"
"degreesC","GCAM",2005,0.603615,"gmst","gcam xmldb","G-Hv3.2"
"degreesC","GCAM",2006,0.622668,"gmst","gcam xmldb","G-Hv3.2"
"degreesC","GCAM",2007,0.644144,"gmst","gcam xmldb","G-Hv3.2"
"degreesC","GCAM",2008,0.668657,"gmst","gcam xmldb","G-Hv3.2"
"degreesC","GCAM",2009,0.692422,"gmst","gcam xmldb","G-Hv3.2"
"degreesC","GCAM",2010,0.720239,"gmst","gcam xmldb","G-Hv3.2"
"degreesC","GCAM",2011,0.745554,"gmst","gcam xmldb","G-Hv3.2"
"degreesC","GCAM",2012,0.77372,"gmst","gcam xmldb","G-Hv3.2"
"degreesC","GCAM",2013,0.803547,"gmst","gcam xmldb","G-Hv3.2"
"degreesC","GCAM",2014,0.83169,"gmst","gcam xmldb","G-Hv3.2"
"degreesC","GCAM",2015,0.858982,"gmst","gcam xmldb","G-Hv3.2"
"degreesC","GCAM",2016,0.886655,"gmst","gcam xmldb","G-Hv3.2"
"degreesC","GCAM",2017,0.914075,"gmst","gcam xmldb","G-Hv3.2"
"degreesC","GCAM",2018,0.941303,"gmst","gcam xmldb","G-Hv3.2"
"degreesC","GCAM",2019,0.968379,"gmst","gcam xmldb","G-Hv3.2"
"degreesC","GCAM",2020,0.995374,"gmst","gcam xmldb","G-Hv3.2"
"degreesC","GCAM",2021,1.02233,"gmst","gcam xmldb","G-Hv3.2"
"degreesC","GCAM",2022,1.04716,"gmst","gcam xmldb","G-Hv3.2"
"degreesC","GCAM",2023,1.07071,"gmst","gcam xmldb","G-Hv3.2"
"degreesC","GCAM",2024,1.09349,"gmst","gcam xmldb","G-Hv3.2"
"degreesC","GCAM",2025,1.11689,"gmst","gcam xmldb","G-Hv3.2"
"degreesC","GCAM",2026,1.14059,"gmst","gcam xmldb","G-Hv3.2"
"degreesC","GCAM",2027,1.1644,"gmst","gcam xmldb","G-Hv3.2"
"degreesC","GCAM",2028,1.18829,"gmst","gcam xmldb","G-Hv3.2"
"degreesC","GCAM",2029,1.21227,"gmst","gcam xmldb","G-Hv3.2"
"degreesC","GCAM",2030,1.23633,"gmst","gcam xmldb","G-Hv3.2"
"degreesC","GCAM",2031,1.26043,"gmst","gcam xmldb","G-Hv3.2"
"degreesC","GCAM",2032,1.28455,"gmst","gcam xmldb","G-Hv3.2"
"degreesC","GCAM",2033,1.3087,"gmst","gcam xmldb","G-Hv3.2"
"degreesC","GCAM",2034,1.33286,"gmst","gcam xmldb","G-Hv3.2"
"degreesC","GCAM",2035,1.35706,"gmst","gcam xmldb","G-Hv3.2"
"degreesC","GCAM",2036,1.38114,"gmst","gcam xmldb","G-Hv3.2"
"degreesC","GCAM",2037,1.40509,"gmst","gcam xmldb","G-Hv3.2"
"degreesC","GCAM",2038,1.42894,"gmst","gcam xmldb","G-Hv3.2"
"degreesC","GCAM",2039,1.45269,"gmst","gcam xmldb","G-Hv3.2"
"degreesC","GCAM",2040,1.47637,"gmst","gcam xmldb","G-Hv3.2"
"degreesC","GCAM",2041,1.50012,"gmst","gcam xmldb","G-Hv3.2"
"degreesC","GCAM",2042,1.5239,"gmst","gcam xmldb","G-Hv3.2"
"degreesC","GCAM",2043,1.54768,"gmst","gcam xmldb","G-Hv3.2"
"degreesC","GCAM",2044,1.57146,"gmst","gcam xmldb","G-Hv3.2"
"degreesC","GCAM",2045,1.59523,"gmst","gcam xmldb","G-Hv3.2"
"degreesC","GCAM",2046,1.61894,"gmst","gcam xmldb","G-Hv3.2"
"degreesC","GCAM",2047,1.64264,"gmst","gcam xmldb","G-Hv3.2"
"degreesC","GCAM",2048,1.66635,"gmst","gcam xmldb","G-Hv3.2"
"degreesC","GCAM",2049,1.69009,"gmst","gcam xmldb","G-Hv3.2"
"degreesC","GCAM",2050,1.71387,"gmst","gcam xmldb","G-Hv3.2"
"degreesC","GCAM",2051,1.73778,"gmst","gcam xmldb","G-Hv3.2"
"degreesC","GCAM",2052,1.76179,"gmst","gcam xmldb","G-Hv3.2"
"degreesC","GCAM",2053,1.78591,"gmst","gcam xmldb","G-Hv3.2"
"degreesC","GCAM",2054,1.81012,"gmst","gcam xmldb","G-Hv3.2"
"degreesC","GCAM",2055,1.83441,"gmst","gcam xmldb","G-Hv3.2"
"degreesC","GCAM",2056,1.85869,"gmst","gcam xmldb","G-Hv3.2"
"degreesC","GCAM",2057,1.88296,"gmst","gcam xmldb","G-Hv3.2"
"degreesC","GCAM",2058,1.90727,"gmst","gcam xmldb","G-Hv3.2"
"degreesC","GCAM",2059,1.93162,"gmst","gcam xmldb","G-Hv3.2"
"degreesC","GCAM",2060,1.95603,"gmst","gcam xmldb","G-Hv3.2"
"degreesC","GCAM",2061,1.9805,"gmst","gcam xmldb","G-Hv3.2"
"degreesC","GCAM",2062,2.00499,"gmst","gcam xmldb","G-Hv3.2"
"degreesC","GCAM",2063,2.02949,"gmst","gcam xmldb","G-Hv3.2"
"degreesC","GCAM",2064,2.05403,"gmst","gcam xmldb","G-Hv3.2"
"degreesC","GCAM",2065,2.07861,"gmst","gcam xmldb","G-Hv3.2"
"degreesC","GCAM",2066,2.10319,"gmst","gcam xmldb","G-Hv3.2"
"degreesC","GCAM",2067,2.12776,"gmst","gcam xmldb","G-Hv3.2"
"degreesC","GCAM",2068,2.15233,"gmst","gcam xmldb","G-Hv3.2"
"degreesC","GCAM",2069,2.17691,"gmst","gcam xmldb","G-Hv3.2"
"degreesC","GCAM",2070,2.20152,"gmst","gcam xmldb","G-Hv3.2"
"degreesC","GCAM",2071,2.2262,"gmst","gcam xmldb","G-Hv3.2"
"degreesC","GCAM",2072,2.2509,"gmst","gcam xmldb","G-Hv3.2"
"degreesC","GCAM",2073,2.27562,"gmst","gcam xmldb","G-Hv3.2"
"degreesC","GCAM",2074,2.30037,"gmst","gcam xmldb","G-Hv3.2"
"degreesC","GCAM",2075,2.32516,"gmst","gcam xmldb","G-Hv3.2"
"degreesC","GCAM",2076,2.35001,"gmst","gcam xmldb","G-Hv3.2"
"degreesC","GCAM",2077,2.37487,"gmst","gcam xmldb","G-Hv3.2"
"degreesC","GCAM",2078,2.39975,"gmst","gcam xmldb","G-Hv3.2"
"degreesC","GCAM",2079,2.42464,"gmst","gcam xmldb","G-Hv3.2"
"degreesC","GCAM",2080,2.44954,"gmst","gcam xmldb","G-Hv3.2"
"degreesC","GCAM",2081,2.47456,"gmst","gcam xmldb","G-Hv3.2"
"degreesC","GCAM",2082,2.49963,"gmst","gcam xmldb","G-Hv3.2"
"degreesC","GCAM",2083,2.5247,"gmst","gcam xmldb","G-Hv3.2"
"degreesC","GCAM",2084,2.54976,"gmst","gcam xmldb","G-Hv3.2"
"degreesC","GCAM",2085,2.57482,"gmst","gcam xmldb","G-Hv3.2"
"degreesC","GCAM",2086,2.59984,"gmst","gcam xmldb","G-Hv3.2"
"degreesC","GCAM",2087,2.62482,"gmst","gcam xmldb","G-Hv3.2"
"degreesC","GCAM",2088,2.64976,"gmst","gcam xmldb","G-Hv3.2"
"degreesC","GCAM",2089,2.67467,"gmst","gcam xmldb","G-Hv3.2"
"degreesC","GCAM",2090,2.69954,"gmst","gcam xmldb","G-Hv3.2"
"degreesC","GCAM",2091,2.72443,"gmst","gcam xmldb","G-Hv3.2"
"degreesC","GCAM",2092,2.74928,"gmst","gcam xmldb","G-Hv3.2"
"degreesC","GCAM",2093,2.77409,"gmst","gcam xmldb","G-Hv3.2"
"degreesC","GCAM",2094,2.79887,"gmst","gcam xmldb","G-Hv3.2"
"degreesC","GCAM",2095,2.82362,"gmst","gcam xmldb","G-Hv3.2"
"degreesC","GCAM",2096,2.84834,"gmst","gcam xmldb","G-Hv3.2"
"degreesC","GCAM",2097,2.87303,"gmst","gcam xmldb","G-Hv3.2"
"degreesC","GCAM",2098,2.89767,"gmst","gcam xmldb","G-Hv3.2"
"degreesC","GCAM",2099,2.92225,"gmst","gcam xmldb","G-Hv3.2"
"degreesC","GCAM",2100,2.94678,"gmst","gcam xmldb","G-Hv3.2"
"PPB","GCAM",1976,1488.01,"CH4_concentration","gcam xmldb","G-Hv3.2"
"PPB","GCAM",1977,1500.8,"CH4_concentration","gcam xmldb","G-Hv3.2"
"PPB","GCAM",1978,1513,"CH4_concentration","gcam xmldb","G-Hv3.2"
"PPB","GCAM",1979,1525.55,"CH4_concentration","gcam xmldb","G-Hv3.2"
"PPB","GCAM",1980,1537.42,"CH4_concentration","gcam xmldb","G-Hv3.2"
"PPB","GCAM",1981,1546.76,"CH4_concentration","gcam xmldb","G-Hv3.2"
"PPB","GCAM",1982,1560.87,"CH4_concentration","gcam xmldb","G-Hv3.2"
"PPB","GCAM",1983,1568.66,"CH4_concentration","gcam xmldb","G-Hv3.2"
"PPB","GCAM",1984,1576.94,"CH4_concentration","gcam xmldb","G-Hv3.2"
"PPB","GCAM",1985,1584.59,"CH4_concentration","gcam xmldb","G-Hv3.2"
"PPB","GCAM",1986,1593.53,"CH4_concentration","gcam xmldb","G-Hv3.2"
"PPB","GCAM",1987,1603.44,"CH4_concentration","gcam xmldb","G-Hv3.2"
"PPB","GCAM",1988,1612.59,"CH4_concentration","gcam xmldb","G-Hv3.2"
"PPB","GCAM",1989,1621.27,"CH4_concentration","gcam xmldb","G-Hv3.2"
"PPB","GCAM",1990,1630.55,"CH4_concentration","gcam xmldb","G-Hv3.2"
"PPB","GCAM",1991,1649.11,"CH4_concentration","gcam xmldb","G-Hv3.2"
"PPB","GCAM",1992,1652.46,"CH4_concentration","gcam xmldb","G-Hv3.2"
"PPB","GCAM",1993,1655.4,"CH4_concentration","gcam xmldb","G-Hv3.2"
"PPB","GCAM",1994,1665.5,"CH4_concentration","gcam xmldb","G-Hv3.2"
"PPB","GCAM",1995,1668.99,"CH4_concentration","gcam xmldb","G-Hv3.2"
"PPB","GCAM",1996,1672.08,"CH4_concentration","gcam xmldb","G-Hv3.2"
"PPB","GCAM",1997,1692.25,"CH4_concentration","gcam xmldb","G-Hv3.2"
"PPB","GCAM",1998,1700.07,"CH4_concentration","gcam xmldb","G-Hv3.2"
"PPB","GCAM",1999,1701.43,"CH4_concentration","gcam xmldb","G-Hv3.2"
"PPB","GCAM",2000,1700.97,"CH4_concentration","gcam xmldb","G-Hv3.2"
"PPB","GCAM",2001,1701.57,"CH4_concentration","gcam xmldb","G-Hv3.2"
"PPB","GCAM",2002,1708.59,"CH4_concentration","gcam xmldb","G-Hv3.2"
"PPB","GCAM",2003,1715.65,"CH4_concentration","gcam xmldb","G-Hv3.2"
"PPB","GCAM",2004,1724.52,"CH4_concentration","gcam xmldb","G-Hv3.2"
"PPB","GCAM",2005,1732.57,"CH4_concentration","gcam xmldb","G-Hv3.2"
"PPB","GCAM",2006,1739.44,"CH4_concentration","gcam xmldb","G-Hv3.2"
"PPB","GCAM",2007,1745.19,"CH4_concentration","gcam xmldb","G-Hv3.2"
"PPB","GCAM",2008,1749.95,"CH4_concentration","gcam xmldb","G-Hv3.2"
"PPB","GCAM",2009,1753.84,"CH4_concentration","gcam xmldb","G-Hv3.2"
"PPB","GCAM",2010,1756.96,"CH4_concentration","gcam xmldb","G-Hv3.2"
"PPB","GCAM",2011,1761.43,"CH4_concentration","gcam xmldb","G-Hv3.2"
"PPB","GCAM",2012,1767.15,"CH4_concentration","gcam xmldb","G-Hv3.2"
"PPB","GCAM",2013,1773.97,"CH4_concentration","gcam xmldb","G-Hv3.2"
"PPB","GCAM",2014,1781.83,"CH4_concentration","gcam xmldb","G-Hv3.2"
"PPB","GCAM",2015,1790.63,"CH4_concentration","gcam xmldb","G-Hv3.2"
"PPB","GCAM",2016,1799.23,"CH4_concentration","gcam xmldb","G-Hv3.2"
"PPB","GCAM",2017,1807.64,"CH4_concentration","gcam xmldb","G-Hv3.2"
"PPB","GCAM",2018,1815.9,"CH4_concentration","gcam xmldb","G-Hv3.2"
"PPB","GCAM",2019,1824.01,"CH4_concentration","gcam xmldb","G-Hv3.2"
"PPB","GCAM",2020,1832,"CH4_concentration","gcam xmldb","G-Hv3.2"
"PPB","GCAM",2021,1839.86,"CH4_concentration","gcam xmldb","G-Hv3.2"
"PPB","GCAM",2022,1849.11,"CH4_concentration","gcam xmldb","G-Hv3.2"
"PPB","GCAM",2023,1859.6,"CH4_concentration","gcam xmldb","G-Hv3.2"
"PPB","GCAM",2024,1871.19,"CH4_concentration","gcam xmldb","G-Hv3.2"
"PPB","GCAM",2025,1883.79,"CH4_concentration","gcam xmldb","G-Hv3.2"
"PPB","GCAM",2026,1896.7,"CH4_concentration","gcam xmldb","G-Hv3.2"
"PPB","GCAM",2027,1909.93,"CH4_concentration","gcam xmldb","G-Hv3.2"
"PPB","GCAM",2028,1923.44,"CH4_concentration","gcam xmldb","G-Hv3.2"
"PPB","GCAM",2029,1937.21,"CH4_concentration","gcam xmldb","G-Hv3.2"
"PPB","GCAM",2030,1951.23,"CH4_concentration","gcam xmldb","G-Hv3.2"
"PPB","GCAM",2031,1965.36,"CH4_concentration","gcam xmldb","G-Hv3.2"
"PPB","GCAM",2032,1979.61,"CH4_concentration","gcam xmldb","G-Hv3.2"
"PPB","GCAM",2033,1993.96,"CH4_concentration","gcam xmldb","G-Hv3.2"
"PPB","GCAM",2034,2008.41,"CH4_concentration","gcam xmldb","G-Hv3.2"
"PPB","GCAM",2035,2022.96,"CH4_concentration","gcam xmldb","G-Hv3.2"
"PPB","GCAM",2036,2037.35,"CH4_concentration","gcam xmldb","G-Hv3.2"
"PPB","GCAM",2037,2051.61,"CH4_concentration","gcam xmldb","G-Hv3.2"
"PPB","GCAM",2038,2065.74,"CH4_concentration","gcam xmldb","G-Hv3.2"
"PPB","GCAM",2039,2079.76,"CH4_concentration","gcam xmldb","G-Hv3.2"
"PPB","GCAM",2040,2093.68,"CH4_concentration","gcam xmldb","G-Hv3.2"
"PPB","GCAM",2041,2107.28,"CH4_concentration","gcam xmldb","G-Hv3.2"
"PPB","GCAM",2042,2120.59,"CH4_concentration","gcam xmldb","G-Hv3.2"
"PPB","GCAM",2043,2133.62,"CH4_concentration","gcam xmldb","G-Hv3.2"
"PPB","GCAM",2044,2146.42,"CH4_concentration","gcam xmldb","G-Hv3.2"
"PPB","GCAM",2045,2158.99,"CH4_concentration","gcam xmldb","G-Hv3.2"
"PPB","GCAM",2046,2171.68,"CH4_concentration","gcam xmldb","G-Hv3.2"
"PPB","GCAM",2047,2184.47,"CH4_concentration","gcam xmldb","G-Hv3.2"
"PPB","GCAM",2048,2197.35,"CH4_concentration","gcam xmldb","G-Hv3.2"
"PPB","GCAM",2049,2210.32,"CH4_concentration","gcam xmldb","G-Hv3.2"
"PPB","GCAM",2050,2223.37,"CH4_concentration","gcam xmldb","G-Hv3.2"
"PPB","GCAM",2051,2236.41,"CH4_concentration","gcam xmldb","G-Hv3.2"
"PPB","GCAM",2052,2249.46,"CH4_concentration","gcam xmldb","G-Hv3.2"
"PPB","GCAM",2053,2262.52,"CH4_concentration","gcam xmldb","G-Hv3.2"
"PPB","GCAM",2054,2275.57,"CH4_concentration","gcam xmldb","G-Hv3.2"
"PPB","GCAM",2055,2288.64,"CH4_concentration","gcam xmldb","G-Hv3.2"
"PPB","GCAM",2056,2301.69,"CH4_concentration","gcam xmldb","G-Hv3.2"
"PPB","GCAM",2057,2314.72,"CH4_concentration","gcam xmldb","G-Hv3.2"
"PPB","GCAM",2058,2327.74,"CH4_concentration","gcam xmldb","G-Hv3.2"
"PPB","GCAM",2059,2340.76,"CH4_concentration","gcam xmldb","G-Hv3.2"
"PPB","GCAM",2060,2353.76,"CH4_concentration","gcam xmldb","G-Hv3.2"
"PPB","GCAM",2061,2366.66,"CH4_concentration","gcam xmldb","G-Hv3.2"
"PPB","GCAM",2062,2379.48,"CH4_concentration","gcam xmldb","G-Hv3.2"
"PPB","GCAM",2063,2392.22,"CH4_concentration","gcam xmldb","G-Hv3.2"
"PPB","GCAM",2064,2404.89,"CH4_concentration","gcam xmldb","G-Hv3.2"
"PPB","GCAM",2065,2417.48,"CH4_concentration","gcam xmldb","G-Hv3.2"
"PPB","GCAM",2066,2429.9,"CH4_concentration","gcam xmldb","G-Hv3.2"
"PPB","GCAM",2067,2442.16,"CH4_concentration","gcam xmldb","G-Hv3.2"
"PPB","GCAM",2068,2454.28,"CH4_concentration","gcam xmldb","G-Hv3.2"
"PPB","GCAM",2069,2466.26,"CH4_concentration","gcam xmldb","G-Hv3.2"
"PPB","GCAM",2070,2478.11,"CH4_concentration","gcam xmldb","G-Hv3.2"
"PPB","GCAM",2071,2489.72,"CH4_concentration","gcam xmldb","G-Hv3.2"
"PPB","GCAM",2072,2501.1,"CH4_concentration","gcam xmldb","G-Hv3.2"
"PPB","GCAM",2073,2512.28,"CH4_concentration","gcam xmldb","G-Hv3.2"
"PPB","GCAM",2074,2523.26,"CH4_concentration","gcam xmldb","G-Hv3.2"
"PPB","GCAM",2075,2534.07,"CH4_concentration","gcam xmldb","G-Hv3.2"
"PPB","GCAM",2076,2544.47,"CH4_concentration","gcam xmldb","G-Hv3.2"
"PPB","GCAM",2077,2554.49,"CH4_concentration","gcam xmldb","G-Hv3.2"
"PPB","GCAM",2078,2564.17,"CH4_concentration","gcam xmldb","G-Hv3.2"
"PPB","GCAM",2079,2573.52,"CH4_concentration","gcam xmldb","G-Hv3.2"
"PPB","GCAM",2080,2582.59,"CH4_concentration","gcam xmldb","G-Hv3.2"
"PPB","GCAM",2081,2591.18,"CH4_concentration","gcam xmldb","G-Hv3.2"
"PPB","GCAM",2082,2599.33,"CH4_concentration","gcam xmldb","G-Hv3.2"
"PPB","GCAM",2083,2607.08,"CH4_concentration","gcam xmldb","G-Hv3.2"
"PPB","GCAM",2084,2614.46,"CH4_concentration","gcam xmldb","G-Hv3.2"
"PPB","GCAM",2085,2621.51,"CH4_concentration","gcam xmldb","G-Hv3.2"
"PPB","GCAM",2086,2628.33,"CH4_concentration","gcam xmldb","G-Hv3.2"
"PPB","GCAM",2087,2634.95,"CH4_concentration","gcam xmldb","G-Hv3.2"
"PPB","GCAM",2088,2641.38,"CH4_concentration","gcam xmldb","G-Hv3.2"
"PPB","GCAM",2089,2647.63,"CH4_concentration","gcam xmldb","G-Hv3.2"
"PPB","GCAM",2090,2653.73,"CH4_concentration","gcam xmldb","G-Hv3.2"
"PPB","GCAM",2091,2659.6,"CH4_concentration","gcam xmldb","G-Hv3.2"
"PPB","GCAM",2092,2665.28,"CH4_concentration","gcam xmldb","G-Hv3.2"
"PPB","GCAM",2093,2670.77,"CH4_concentration","gcam xmldb","G-Hv3.2"
"PPB","GCAM",2094,2676.1,"CH4_concentration","gcam xmldb","G-Hv3.2"
"PPB","GCAM",2095,2681.26,"CH4_concentration","gcam xmldb","G-Hv3.2"
"PPB","GCAM",2096,2686.2,"CH4_concentration","gcam xmldb","G-Hv3.2"
"PPB","GCAM",2097,2690.94,"CH4_concentration","gcam xmldb","G-Hv3.2"
"PPB","GCAM",2098,2695.48,"CH4_concentration","gcam xmldb","G-Hv3.2"
"PPB","GCAM",2099,2699.84,"CH4_concentration","gcam xmldb","G-Hv3.2"
"PPB","GCAM",2100,2704.04,"CH4_concentration","gcam xmldb","G-Hv3.2"
"PPB","GCAM",1976,301.312,"N2O_concentration","gcam xmldb","G-Hv3.2"
"PPB","GCAM",1977,302.185,"N2O_concentration","gcam xmldb","G-Hv3.2"
"PPB","GCAM",1978,303.077,"N2O_concentration","gcam xmldb","G-Hv3.2"
"PPB","GCAM",1979,304,"N2O_concentration","gcam xmldb","G-Hv3.2"
"PPB","GCAM",1980,304.93,"N2O_concentration","gcam xmldb","G-Hv3.2"
"PPB","GCAM",1981,305.837,"N2O_concentration","gcam xmldb","G-Hv3.2"
"PPB","GCAM",1982,306.787,"N2O_concentration","gcam xmldb","G-Hv3.2"
"PPB","GCAM",1983,307.734,"N2O_concentration","gcam xmldb","G-Hv3.2"
"PPB","GCAM",1984,308.66,"N2O_concentration","gcam xmldb","G-Hv3.2"
"PPB","GCAM",1985,309.577,"N2O_concentration","gcam xmldb","G-Hv3.2"
"PPB","GCAM",1986,310.514,"N2O_concentration","gcam xmldb","G-Hv3.2"
"PPB","GCAM",1987,311.491,"N2O_concentration","gcam xmldb","G-Hv3.2"
"PPB","GCAM",1988,312.426,"N2O_concentration","gcam xmldb","G-Hv3.2"
"PPB","GCAM",1989,313.369,"N2O_concentration","gcam xmldb","G-Hv3.2"
"PPB","GCAM",1990,314.308,"N2O_concentration","gcam xmldb","G-Hv3.2"
"PPB","GCAM",1991,315.253,"N2O_concentration","gcam xmldb","G-Hv3.2"
"PPB","GCAM",1992,316.193,"N2O_concentration","gcam xmldb","G-Hv3.2"
"PPB","GCAM",1993,317.116,"N2O_concentration","gcam xmldb","G-Hv3.2"
"PPB","GCAM",1994,318.059,"N2O_concentration","gcam xmldb","G-Hv3.2"
"PPB","GCAM",1995,319.007,"N2O_concentration","gcam xmldb","G-Hv3.2"
"PPB","GCAM",1996,319.956,"N2O_concentration","gcam xmldb","G-Hv3.2"
"PPB","GCAM",1997,320.938,"N2O_concentration","gcam xmldb","G-Hv3.2"
"PPB","GCAM",1998,321.851,"N2O_concentration","gcam xmldb","G-Hv3.2"
"PPB","GCAM",1999,322.723,"N2O_concentration","gcam xmldb","G-Hv3.2"
"PPB","GCAM",2000,323.552,"N2O_concentration","gcam xmldb","G-Hv3.2"
"PPB","GCAM",2001,324.39,"N2O_concentration","gcam xmldb","G-Hv3.2"
"PPB","GCAM",2002,325.257,"N2O_concentration","gcam xmldb","G-Hv3.2"
"PPB","GCAM",2003,326.132,"N2O_concentration","gcam xmldb","G-Hv3.2"
"PPB","GCAM",2004,327.034,"N2O_concentration","gcam xmldb","G-Hv3.2"
"PPB","GCAM",2005,327.928,"N2O_concentration","gcam xmldb","G-Hv3.2"
"PPB","GCAM",2006,328.81,"N2O_concentration","gcam xmldb","G-Hv3.2"
"PPB","GCAM",2007,329.68,"N2O_concentration","gcam xmldb","G-Hv3.2"
"PPB","GCAM",2008,330.538,"N2O_concentration","gcam xmldb","G-Hv3.2"
"PPB","GCAM",2009,331.384,"N2O_concentration","gcam xmldb","G-Hv3.2"
"PPB","GCAM",2010,332.218,"N2O_concentration","gcam xmldb","G-Hv3.2"
"PPB","GCAM",2011,333.073,"N2O_concentration","gcam xmldb","G-Hv3.2"
"PPB","GCAM",2012,333.949,"N2O_concentration","gcam xmldb","G-Hv3.2"
"PPB","GCAM",2013,334.845,"N2O_concentration","gcam xmldb","G-Hv3.2"
"PPB","GCAM",2014,335.761,"N2O_concentration","gcam xmldb","G-Hv3.2"
"PPB","GCAM",2015,336.698,"N2O_concentration","gcam xmldb","G-Hv3.2"
"PPB","GCAM",2016,337.627,"N2O_concentration","gcam xmldb","G-Hv3.2"
"PPB","GCAM",2017,338.55,"N2O_concentration","gcam xmldb","G-Hv3.2"
"PPB","GCAM",2018,339.465,"N2O_concentration","gcam xmldb","G-Hv3.2"
"PPB","GCAM",2019,340.374,"N2O_concentration","gcam xmldb","G-Hv3.2"
"PPB","GCAM",2020,341.276,"N2O_concentration","gcam xmldb","G-Hv3.2"
"PPB","GCAM",2021,342.171,"N2O_concentration","gcam xmldb","G-Hv3.2"
"PPB","GCAM",2022,343.078,"N2O_concentration","gcam xmldb","G-Hv3.2"
"PPB","GCAM",2023,343.996,"N2O_concentration","gcam xmldb","G-Hv3.2"
"PPB","GCAM",2024,344.927,"N2O_concentration","gcam xmldb","G-Hv3.2"
"PPB","GCAM",2025,345.869,"N2O_concentration","gcam xmldb","G-Hv3.2"
"PPB","GCAM",2026,346.819,"N2O_concentration","gcam xmldb","G-Hv3.2"
"PPB","GCAM",2027,347.778,"N2O_concentration","gcam xmldb","G-Hv3.2"
"PPB","GCAM",2028,348.745,"N2O_concentration","gcam xmldb","G-Hv3.2"
"PPB","GCAM",2029,349.721,"N2O_concentration","gcam xmldb","G-Hv3.2"
"PPB","GCAM",2030,350.704,"N2O_concentration","gcam xmldb","G-Hv3.2"
"PPB","GCAM",2031,351.694,"N2O_concentration","gcam xmldb","G-Hv3.2"
"PPB","GCAM",2032,352.69,"N2O_concentration","gcam xmldb","G-Hv3.2"
"PPB","GCAM",2033,353.691,"N2O_concentration","gcam xmldb","G-Hv3.2"
"PPB","GCAM",2034,354.699,"N2O_concentration","gcam xmldb","G-Hv3.2"
"PPB","GCAM",2035,355.713,"N2O_concentration","gcam xmldb","G-Hv3.2"
"PPB","GCAM",2036,356.73,"N2O_concentration","gcam xmldb","G-Hv3.2"
"PPB","GCAM",2037,357.752,"N2O_concentration","gcam xmldb","G-Hv3.2"
"PPB","GCAM",2038,358.778,"N2O_concentration","gcam xmldb","G-Hv3.2"
"PPB","GCAM",2039,359.807,"N2O_concentration","gcam xmldb","G-Hv3.2"
"PPB","GCAM",2040,360.841,"N2O_concentration","gcam xmldb","G-Hv3.2"
"PPB","GCAM",2041,361.878,"N2O_concentration","gcam xmldb","G-Hv3.2"
"PPB","GCAM",2042,362.918,"N2O_concentration","gcam xmldb","G-Hv3.2"
"PPB","GCAM",2043,363.962,"N2O_concentration","gcam xmldb","G-Hv3.2"
"PPB","GCAM",2044,365.01,"N2O_concentration","gcam xmldb","G-Hv3.2"
"PPB","GCAM",2045,366.061,"N2O_concentration","gcam xmldb","G-Hv3.2"
"PPB","GCAM",2046,367.121,"N2O_concentration","gcam xmldb","G-Hv3.2"
"PPB","GCAM",2047,368.191,"N2O_concentration","gcam xmldb","G-Hv3.2"
"PPB","GCAM",2048,369.269,"N2O_concentration","gcam xmldb","G-Hv3.2"
"PPB","GCAM",2049,370.356,"N2O_concentration","gcam xmldb","G-Hv3.2"
"PPB","GCAM",2050,371.452,"N2O_concentration","gcam xmldb","G-Hv3.2"
"PPB","GCAM",2051,372.556,"N2O_concentration","gcam xmldb","G-Hv3.2"
"PPB","GCAM",2052,373.666,"N2O_concentration","gcam xmldb","G-Hv3.2"
"PPB","GCAM",2053,374.784,"N2O_concentration","gcam xmldb","G-Hv3.2"
"PPB","GCAM",2054,375.91,"N2O_concentration","gcam xmldb","G-Hv3.2"
"PPB","GCAM",2055,377.042,"N2O_concentration","gcam xmldb","G-Hv3.2"
"PPB","GCAM",2056,378.182,"N2O_concentration","gcam xmldb","G-Hv3.2"
"PPB","GCAM",2057,379.329,"N2O_concentration","gcam xmldb","G-Hv3.2"
"PPB","GCAM",2058,380.484,"N2O_concentration","gcam xmldb","G-Hv3.2"
"PPB","GCAM",2059,381.646,"N2O_concentration","gcam xmldb","G-Hv3.2"
"PPB","GCAM",2060,382.815,"N2O_concentration","gcam xmldb","G-Hv3.2"
"PPB","GCAM",2061,383.99,"N2O_concentration","gcam xmldb","G-Hv3.2"
"PPB","GCAM",2062,385.17,"N2O_concentration","gcam xmldb","G-Hv3.2"
"PPB","GCAM",2063,386.356,"N2O_concentration","gcam xmldb","G-Hv3.2"
"PPB","GCAM",2064,387.548,"N2O_concentration","gcam xmldb","G-Hv3.2"
"PPB","GCAM",2065,388.745,"N2O_concentration","gcam xmldb","G-Hv3.2"
"PPB","GCAM",2066,389.946,"N2O_concentration","gcam xmldb","G-Hv3.2"
"PPB","GCAM",2067,391.152,"N2O_concentration","gcam xmldb","G-Hv3.2"
"PPB","GCAM",2068,392.361,"N2O_concentration","gcam xmldb","G-Hv3.2"
"PPB","GCAM",2069,393.575,"N2O_concentration","gcam xmldb","G-Hv3.2"
"PPB","GCAM",2070,394.793,"N2O_concentration","gcam xmldb","G-Hv3.2"
"PPB","GCAM",2071,396.013,"N2O_concentration","gcam xmldb","G-Hv3.2"
"PPB","GCAM",2072,397.235,"N2O_concentration","gcam xmldb","G-Hv3.2"
"PPB","GCAM",2073,398.46,"N2O_concentration","gcam xmldb","G-Hv3.2"
"PPB","GCAM",2074,399.687,"N2O_concentration","gcam xmldb","G-Hv3.2"
"PPB","GCAM",2075,400.916,"N2O_concentration","gcam xmldb","G-Hv3.2"
"PPB","GCAM",2076,402.146,"N2O_concentration","gcam xmldb","G-Hv3.2"
"PPB","GCAM",2077,403.378,"N2O_concentration","gcam xmldb","G-Hv3.2"
"PPB","GCAM",2078,404.61,"N2O_concentration","gcam xmldb","G-Hv3.2"
"PPB","GCAM",2079,405.843,"N2O_concentration","gcam xmldb","G-Hv3.2"
"PPB","GCAM",2080,407.077,"N2O_concentration","gcam xmldb","G-Hv3.2"
"PPB","GCAM",2081,408.31,"N2O_concentration","gcam xmldb","G-Hv3.2"
"PPB","GCAM",2082,409.542,"N2O_concentration","gcam xmldb","G-Hv3.2"
"PPB","GCAM",2083,410.773,"N2O_concentration","gcam xmldb","G-Hv3.2"
"PPB","GCAM",2084,412.003,"N2O_concentration","gcam xmldb","G-Hv3.2"
"PPB","GCAM",2085,413.232,"N2O_concentration","gcam xmldb","G-Hv3.2"
"PPB","GCAM",2086,414.459,"N2O_concentration","gcam xmldb","G-Hv3.2"
"PPB","GCAM",2087,415.684,"N2O_concentration","gcam xmldb","G-Hv3.2"
"PPB","GCAM",2088,416.907,"N2O_concentration","gcam xmldb","G-Hv3.2"
"PPB","GCAM",2089,418.128,"N2O_concentration","gcam xmldb","G-Hv3.2"
"PPB","GCAM",2090,419.347,"N2O_concentration","gcam xmldb","G-Hv3.2"
"PPB","GCAM",2091,420.563,"N2O_concentration","gcam xmldb","G-Hv3.2"
"PPB","GCAM",2092,421.775,"N2O_concentration","gcam xmldb","G-Hv3.2"
"PPB","GCAM",2093,422.984,"N2O_concentration","gcam xmldb","G-Hv3.2"
"PPB","GCAM",2094,424.19,"N2O_concentration","gcam xmldb","G-Hv3.2"
"PPB","GCAM",2095,425.392,"N2O_concentration","gcam xmldb","G-Hv3.2"
"PPB","GCAM",2096,426.59,"N2O_concentration","gcam xmldb","G-Hv3.2"
"PPB","GCAM",2097,427.782,"N2O_concentration","gcam xmldb","G-Hv3.2"
"PPB","GCAM",2098,428.969,"N2O_concentration","gcam xmldb","G-Hv3.2"
"PPB","GCAM",2099,430.151,"N2O_concentration","gcam xmldb","G-Hv3.2"
"PPB","GCAM",2100,431.328,"N2O_concentration","gcam xmldb","G-Hv3.2"
"PPM","GCAM",1980,341.74,"CO2_concentration","gcam xmldb","G-Hv3.5"
"PPM","GCAM",1985,347.066,"CO2_concentration","gcam xmldb","G-Hv3.5"
"PPM","GCAM",1990,353.132,"CO2_concentration","gcam xmldb","G-Hv3.5"
"PPM","GCAM",1995,359.166,"CO2_concentration","gcam xmldb","G-Hv3.5"
"PPM","GCAM",2000,366.839,"CO2_concentration","gcam xmldb","G-Hv3.5"
"PPM","GCAM",2005,375.721,"CO2_concentration","gcam xmldb","G-Hv3.5"
"PPM","GCAM",2010,386.708,"CO2_concentration","gcam xmldb","G-Hv3.5"
"PPM","GCAM",2015,399.579,"CO2_concentration","gcam xmldb","G-Hv3.5"
"PPM","GCAM",2020,412.182,"CO2_concentration","gcam xmldb","G-Hv3.5"
"PPM","GCAM",2025,424.912,"CO2_concentration","gcam xmldb","G-Hv3.5"
"PPM","GCAM",2030,438.776,"CO2_concentration","gcam xmldb","G-Hv3.5"
"PPM","GCAM",2035,452.575,"CO2_concentration","gcam xmldb","G-Hv3.5"
"PPM","GCAM",2040,466.512,"CO2_concentration","gcam xmldb","G-Hv3.5"
"PPM","GCAM",2045,480.75,"CO2_concentration","gcam xmldb","G-Hv3.5"
"PPM","GCAM",2050,495.192,"CO2_concentration","gcam xmldb","G-Hv3.5"
"PPM","GCAM",2055,509.869,"CO2_concentration","gcam xmldb","G-Hv3.5"
"PPM","GCAM",2060,524.964,"CO2_concentration","gcam xmldb","G-Hv3.5"
"PPM","GCAM",2065,540.504,"CO2_concentration","gcam xmldb","G-Hv3.5"
"PPM","GCAM",2070,556.424,"CO2_concentration","gcam xmldb","G-Hv3.5"
"PPM","GCAM",2075,572.768,"CO2_concentration","gcam xmldb","G-Hv3.5"
"PPM","GCAM",2080,589.324,"CO2_concentration","gcam xmldb","G-Hv3.5"
"PPM","GCAM",2085,605.892,"CO2_concentration","gcam xmldb","G-Hv3.5"
"PPM","GCAM",2090,622.503,"CO2_concentration","gcam xmldb","G-Hv3.5"
"PPM","GCAM",2095,639.136,"CO2_concentration","gcam xmldb","G-Hv3.5"
"PPM","GCAM",2100,655.744,"CO2_concentration","gcam xmldb","G-Hv3.5"
"W/m^2","GCAM",1980,-0.992701,"RF_aci","gcam xmldb","G-Hv3.5"
"W/m^2","GCAM",1985,-0.958935,"RF_aci","gcam xmldb","G-Hv3.5"
"W/m^2","GCAM",1990,-0.99297,"RF_aci","gcam xmldb","G-Hv3.5"
"W/m^2","GCAM",1995,-0.947302,"RF_aci","gcam xmldb","G-Hv3.5"
"W/m^2","GCAM",2000,-0.862166,"RF_aci","gcam xmldb","G-Hv3.5"
"W/m^2","GCAM",2005,-0.990936,"RF_aci","gcam xmldb","G-Hv3.5"
"W/m^2","GCAM",2010,-0.911445,"RF_aci","gcam xmldb","G-Hv3.5"
"W/m^2","GCAM",2015,-0.862711,"RF_aci","gcam xmldb","G-Hv3.5"
"W/m^2","GCAM",2020,-0.694214,"RF_aci","gcam xmldb","G-Hv3.5"
"W/m^2","GCAM",2025,-0.655793,"RF_aci","gcam xmldb","G-Hv3.5"
"W/m^2","GCAM",2030,-0.612449,"RF_aci","gcam xmldb","G-Hv3.5"
"W/m^2","GCAM",2035,-0.583105,"RF_aci","gcam xmldb","G-Hv3.5"
"W/m^2","GCAM",2040,-0.566136,"RF_aci","gcam xmldb","G-Hv3.5"
"W/m^2","GCAM",2045,-0.556191,"RF_aci","gcam xmldb","G-Hv3.5"
"W/m^2","GCAM",2050,-0.549967,"RF_aci","gcam xmldb","G-Hv3.5"
"W/m^2","GCAM",2055,-0.547217,"RF_aci","gcam xmldb","G-Hv3.5"
"W/m^2","GCAM",2060,-0.548057,"RF_aci","gcam xmldb","G-Hv3.5"
"W/m^2","GCAM",2065,-0.550057,"RF_aci","gcam xmldb","G-Hv3.5"
"W/m^2","GCAM",2070,-0.554083,"RF_aci","gcam xmldb","G-Hv3.5"
"W/m^2","GCAM",2075,-0.556847,"RF_aci","gcam xmldb","G-Hv3.5"
"W/m^2","GCAM",2080,-0.555594,"RF_aci","gcam xmldb","G-Hv3.5"
"W/m^2","GCAM",2085,-0.552634,"RF_aci","gcam xmldb","G-Hv3.5"
"W/m^2","GCAM",2090,-0.549474,"RF_aci","gcam xmldb","G-Hv3.5"
"W/m^2","GCAM",2095,-0.545763,"RF_aci","gcam xmldb","G-Hv3.5"
"W/m^2","GCAM",2100,-0.540743,"RF_aci","gcam xmldb","G-Hv3.5"
"W/m^2","GCAM",1980,-0.0517385,"RF_OC","gcam xmldb","G-Hv3.5"
"W/m^2","GCAM",1985,-0.053082,"RF_OC","gcam xmldb","G-Hv3.5"
"W/m^2","GCAM",1990,-0.0613338,"RF_OC","gcam xmldb","G-Hv3.5"
"W/m^2","GCAM",1995,-0.0726861,"RF_OC","gcam xmldb","G-Hv3.5"
"W/m^2","GCAM",2000,-0.0589207,"RF_OC","gcam xmldb","G-Hv3.5"
"W/m^2","GCAM",2005,-0.0815311,"RF_OC","gcam xmldb","G-Hv3.5"
"W/m^2","GCAM",2010,-0.0848858,"RF_OC","gcam xmldb","G-Hv3.5"
"W/m^2","GCAM",2015,-0.102497,"RF_OC","gcam xmldb","G-Hv3.5"
"W/m^2","GCAM",2020,-0.0859264,"RF_OC","gcam xmldb","G-Hv3.5"
"W/m^2","GCAM",2025,-0.0517507,"RF_OC","gcam xmldb","G-Hv3.5"
"W/m^2","GCAM",2030,-0.0438403,"RF_OC","gcam xmldb","G-Hv3.5"
"W/m^2","GCAM",2035,-0.0396711,"RF_OC","gcam xmldb","G-Hv3.5"
"W/m^2","GCAM",2040,-0.0371544,"RF_OC","gcam xmldb","G-Hv3.5"
"W/m^2","GCAM",2045,-0.0355728,"RF_OC","gcam xmldb","G-Hv3.5"
"W/m^2","GCAM",2050,-0.0335434,"RF_OC","gcam xmldb","G-Hv3.5"
"W/m^2","GCAM",2055,-0.0312859,"RF_OC","gcam xmldb","G-Hv3.5"
"W/m^2","GCAM",2060,-0.0295449,"RF_OC","gcam xmldb","G-Hv3.5"
"W/m^2","GCAM",2065,-0.0283694,"RF_OC","gcam xmldb","G-Hv3.5"
"W/m^2","GCAM",2070,-0.0273719,"RF_OC","gcam xmldb","G-Hv3.5"
"W/m^2","GCAM",2075,-0.0266296,"RF_OC","gcam xmldb","G-Hv3.5"
"W/m^2","GCAM",2080,-0.0256129,"RF_OC","gcam xmldb","G-Hv3.5"
"W/m^2","GCAM",2085,-0.0243813,"RF_OC","gcam xmldb","G-Hv3.5"
"W/m^2","GCAM",2090,-0.023092,"RF_OC","gcam xmldb","G-Hv3.5"
"W/m^2","GCAM",2095,-0.021791,"RF_OC","gcam xmldb","G-Hv3.5"
"W/m^2","GCAM",2100,-0.0207007,"RF_OC","gcam xmldb","G-Hv3.5"
"W/m^2","GCAM",1980,0.0376483,"RF_H2O_strat","gcam xmldb","G-Hv3.5"
"W/m^2","GCAM",1985,0.0408399,"RF_H2O_strat","gcam xmldb","G-Hv3.5"
"W/m^2","GCAM",1990,0.0433611,"RF_H2O_strat","gcam xmldb","G-Hv3.5"
"W/m^2","GCAM",1995,0.0448808,"RF_H2O_strat","gcam xmldb","G-Hv3.5"
"W/m^2","GCAM",2000,0.0459549,"RF_H2O_strat","gcam xmldb","G-Hv3.5"
"W/m^2","GCAM",2005,0.0460015,"RF_H2O_strat","gcam xmldb","G-Hv3.5"
"W/m^2","GCAM",2010,0.0470883,"RF_H2O_strat","gcam xmldb","G-Hv3.5"
"W/m^2","GCAM",2015,0.0486495,"RF_H2O_strat","gcam xmldb","G-Hv3.5"
"W/m^2","GCAM",2020,0.0506113,"RF_H2O_strat","gcam xmldb","G-Hv3.5"
"W/m^2","GCAM",2025,0.0543677,"RF_H2O_strat","gcam xmldb","G-Hv3.5"
"W/m^2","GCAM",2030,0.0592608,"RF_H2O_strat","gcam xmldb","G-Hv3.5"
"W/m^2","GCAM",2035,0.0642559,"RF_H2O_strat","gcam xmldb","G-Hv3.5"
"W/m^2","GCAM",2040,0.069007,"RF_H2O_strat","gcam xmldb","G-Hv3.5"
"W/m^2","GCAM",2045,0.0735609,"RF_H2O_strat","gcam xmldb","G-Hv3.5"
"W/m^2","GCAM",2050,0.0779607,"RF_H2O_strat","gcam xmldb","G-Hv3.5"
"W/m^2","GCAM",2055,0.0821559,"RF_H2O_strat","gcam xmldb","G-Hv3.5"
"W/m^2","GCAM",2060,0.0861643,"RF_H2O_strat","gcam xmldb","G-Hv3.5"
"W/m^2","GCAM",2065,0.0898026,"RF_H2O_strat","gcam xmldb","G-Hv3.5"
"W/m^2","GCAM",2070,0.0929913,"RF_H2O_strat","gcam xmldb","G-Hv3.5"
"W/m^2","GCAM",2075,0.0957619,"RF_H2O_strat","gcam xmldb","G-Hv3.5"
"W/m^2","GCAM",2080,0.0981004,"RF_H2O_strat","gcam xmldb","G-Hv3.5"
"W/m^2","GCAM",2085,0.100007,"RF_H2O_strat","gcam xmldb","G-Hv3.5"
"W/m^2","GCAM",2090,0.101389,"RF_H2O_strat","gcam xmldb","G-Hv3.5"
"W/m^2","GCAM",2095,0.102192,"RF_H2O_strat","gcam xmldb","G-Hv3.5"
"W/m^2","GCAM",2100,0.102465,"RF_H2O_strat","gcam xmldb","G-Hv3.5"
"W/m^2","GCAM",1980,0.354099,"RF_O3_trop","gcam xmldb","G-Hv3.5"
"W/m^2","GCAM",1985,0.361744,"RF_O3_trop","gcam xmldb","G-Hv3.5"
"W/m^2","GCAM",1990,0.392914,"RF_O3_trop","gcam xmldb","G-Hv3.5"
"W/m^2","GCAM",1995,0.409437,"RF_O3_trop","gcam xmldb","G-Hv3.5"
"W/m^2","GCAM",2000,0.40954,"RF_O3_trop","gcam xmldb","G-Hv3.5"
"W/m^2","GCAM",2005,0.43624,"RF_O3_trop","gcam xmldb","G-Hv3.5"
"W/m^2","GCAM",2010,0.430163,"RF_O3_trop","gcam xmldb","G-Hv3.5"
"W/m^2","GCAM",2015,0.431502,"RF_O3_trop","gcam xmldb","G-Hv3.5"
"W/m^2","GCAM",2020,0.39758,"RF_O3_trop","gcam xmldb","G-Hv3.5"
"W/m^2","GCAM",2025,0.407592,"RF_O3_trop","gcam xmldb","G-Hv3.5"
"W/m^2","GCAM",2030,0.401949,"RF_O3_trop","gcam xmldb","G-Hv3.5"
"W/m^2","GCAM",2035,0.398993,"RF_O3_trop","gcam xmldb","G-Hv3.5"
"W/m^2","GCAM",2040,0.405698,"RF_O3_trop","gcam xmldb","G-Hv3.5"
"W/m^2","GCAM",2045,0.415676,"RF_O3_trop","gcam xmldb","G-Hv3.5"
"W/m^2","GCAM",2050,0.426385,"RF_O3_trop","gcam xmldb","G-Hv3.5"
"W/m^2","GCAM",2055,0.437484,"RF_O3_trop","gcam xmldb","G-Hv3.5"
"W/m^2","GCAM",2060,0.449254,"RF_O3_trop","gcam xmldb","G-Hv3.5"
"W/m^2","GCAM",2065,0.46083,"RF_O3_trop","gcam xmldb","G-Hv3.5"
"W/m^2","GCAM",2070,0.471643,"RF_O3_trop","gcam xmldb","G-Hv3.5"
"W/m^2","GCAM",2075,0.480884,"RF_O3_trop","gcam xmldb","G-Hv3.5"
"W/m^2","GCAM",2080,0.487954,"RF_O3_trop","gcam xmldb","G-Hv3.5"
"W/m^2","GCAM",2085,0.494436,"RF_O3_trop","gcam xmldb","G-Hv3.5"
"W/m^2","GCAM",2090,0.502906,"RF_O3_trop","gcam xmldb","G-Hv3.5"
"W/m^2","GCAM",2095,0.510855,"RF_O3_trop","gcam xmldb","G-Hv3.5"
"W/m^2","GCAM",2100,0.517955,"RF_O3_trop","gcam xmldb","G-Hv3.5"
"W/m^2","GCAM",1980,0.288092,"RF_BC","gcam xmldb","G-Hv3.5"
"W/m^2","GCAM",1985,0.297969,"RF_BC","gcam xmldb","G-Hv3.5"
"W/m^2","GCAM",1990,0.335055,"RF_BC","gcam xmldb","G-Hv3.5"
"W/m^2","GCAM",1995,0.367317,"RF_BC","gcam xmldb","G-Hv3.5"
"W/m^2","GCAM",2000,0.319974,"RF_BC","gcam xmldb","G-Hv3.5"
"W/m^2","GCAM",2005,0.374639,"RF_BC","gcam xmldb","G-Hv3.5"
"W/m^2","GCAM",2010,0.379635,"RF_BC","gcam xmldb","G-Hv3.5"
"W/m^2","GCAM",2015,0.351862,"RF_BC","gcam xmldb","G-Hv3.5"
"W/m^2","GCAM",2020,0.309756,"RF_BC","gcam xmldb","G-Hv3.5"
"W/m^2","GCAM",2025,0.302186,"RF_BC","gcam xmldb","G-Hv3.5"
"W/m^2","GCAM",2030,0.27678,"RF_BC","gcam xmldb","G-Hv3.5"
"W/m^2","GCAM",2035,0.253172,"RF_BC","gcam xmldb","G-Hv3.5"
"W/m^2","GCAM",2040,0.240811,"RF_BC","gcam xmldb","G-Hv3.5"
"W/m^2","GCAM",2045,0.233182,"RF_BC","gcam xmldb","G-Hv3.5"
"W/m^2","GCAM",2050,0.226573,"RF_BC","gcam xmldb","G-Hv3.5"
"W/m^2","GCAM",2055,0.222047,"RF_BC","gcam xmldb","G-Hv3.5"
"W/m^2","GCAM",2060,0.220674,"RF_BC","gcam xmldb","G-Hv3.5"
"W/m^2","GCAM",2065,0.220799,"RF_BC","gcam xmldb","G-Hv3.5"
"W/m^2","GCAM",2070,0.221866,"RF_BC","gcam xmldb","G-Hv3.5"
"W/m^2","GCAM",2075,0.22282,"RF_BC","gcam xmldb","G-Hv3.5"
"W/m^2","GCAM",2080,0.22273,"RF_BC","gcam xmldb","G-Hv3.5"
"W/m^2","GCAM",2085,0.222034,"RF_BC","gcam xmldb","G-Hv3.5"
"W/m^2","GCAM",2090,0.221085,"RF_BC","gcam xmldb","G-Hv3.5"
"W/m^2","GCAM",2095,0.220217,"RF_BC","gcam xmldb","G-Hv3.5"
"W/m^2","GCAM",2100,0.21985,"RF_BC","gcam xmldb","G-Hv3.5"
"W/m^2","GCAM",1980,-0.512338,"RF_SO2","gcam xmldb","G-Hv3.5"
"W/m^2","GCAM",1985,-0.483213,"RF_SO2","gcam xmldb","G-Hv3.5"
"W/m^2","GCAM",1990,-0.492974,"RF_SO2","gcam xmldb","G-Hv3.5"
"W/m^2","GCAM",1995,-0.438031,"RF_SO2","gcam xmldb","G-Hv3.5"
"W/m^2","GCAM",2000,-0.399982,"RF_SO2","gcam xmldb","G-Hv3.5"
"W/m^2","GCAM",2005,-0.458338,"RF_SO2","gcam xmldb","G-Hv3.5"
"W/m^2","GCAM",2010,-0.39267,"RF_SO2","gcam xmldb","G-Hv3.5"
"W/m^2","GCAM",2015,-0.336392,"RF_SO2","gcam xmldb","G-Hv3.5"
"W/m^2","GCAM",2020,-0.246143,"RF_SO2","gcam xmldb","G-Hv3.5"
"W/m^2","GCAM",2025,-0.268075,"RF_SO2","gcam xmldb","G-Hv3.5"
"W/m^2","GCAM",2030,-0.253729,"RF_SO2","gcam xmldb","G-Hv3.5"
"W/m^2","GCAM",2035,-0.243581,"RF_SO2","gcam xmldb","G-Hv3.5"
"W/m^2","GCAM",2040,-0.237792,"RF_SO2","gcam xmldb","G-Hv3.5"
"W/m^2","GCAM",2045,-0.234635,"RF_SO2","gcam xmldb","G-Hv3.5"
"W/m^2","GCAM",2050,-0.234348,"RF_SO2","gcam xmldb","G-Hv3.5"
"W/m^2","GCAM",2055,-0.236306,"RF_SO2","gcam xmldb","G-Hv3.5"
"W/m^2","GCAM",2060,-0.239411,"RF_SO2","gcam xmldb","G-Hv3.5"
"W/m^2","GCAM",2065,-0.242275,"RF_SO2","gcam xmldb","G-Hv3.5"
"W/m^2","GCAM",2070,-0.246061,"RF_SO2","gcam xmldb","G-Hv3.5"
"W/m^2","GCAM",2075,-0.248711,"RF_SO2","gcam xmldb","G-Hv3.5"
"W/m^2","GCAM",2080,-0.249313,"RF_SO2","gcam xmldb","G-Hv3.5"
"W/m^2","GCAM",2085,-0.249204,"RF_SO2","gcam xmldb","G-Hv3.5"
"W/m^2","GCAM",2090,-0.249084,"RF_SO2","gcam xmldb","G-Hv3.5"
"W/m^2","GCAM",2095,-0.248621,"RF_SO2","gcam xmldb","G-Hv3.5"
"W/m^2","GCAM",2100,-0.246974,"RF_SO2","gcam xmldb","G-Hv3.5"
"W/m^2","GCAM",1980,-0.0811442,"RF_NH3","gcam xmldb","G-Hv3.5"
"W/m^2","GCAM",1985,-0.0869649,"RF_NH3","gcam xmldb","G-Hv3.5"
"W/m^2","GCAM",1990,-0.093234,"RF_NH3","gcam xmldb","G-Hv3.5"
"W/m^2","GCAM",1995,-0.0963008,"RF_NH3","gcam xmldb","G-Hv3.5"
"W/m^2","GCAM",2000,-0.0997605,"RF_NH3","gcam xmldb","G-Hv3.5"
"W/m^2","GCAM",2005,-0.106466,"RF_NH3","gcam xmldb","G-Hv3.5"
"W/m^2","GCAM",2010,-0.114323,"RF_NH3","gcam xmldb","G-Hv3.5"
"W/m^2","GCAM",2015,-0.122623,"RF_NH3","gcam xmldb","G-Hv3.5"
"W/m^2","GCAM",2020,-0.127631,"RF_NH3","gcam xmldb","G-Hv3.5"
"W/m^2","GCAM",2025,-0.135377,"RF_NH3","gcam xmldb","G-Hv3.5"
"W/m^2","GCAM",2030,-0.14425,"RF_NH3","gcam xmldb","G-Hv3.5"
"W/m^2","GCAM",2035,-0.15307,"RF_NH3","gcam xmldb","G-Hv3.5"
"W/m^2","GCAM",2040,-0.161786,"RF_NH3","gcam xmldb","G-Hv3.5"
"W/m^2","GCAM",2045,-0.170532,"RF_NH3","gcam xmldb","G-Hv3.5"
"W/m^2","GCAM",2050,-0.1785,"RF_NH3","gcam xmldb","G-Hv3.5"
"W/m^2","GCAM",2055,-0.184668,"RF_NH3","gcam xmldb","G-Hv3.5"
"W/m^2","GCAM",2060,-0.190489,"RF_NH3","gcam xmldb","G-Hv3.5"
"W/m^2","GCAM",2065,-0.195661,"RF_NH3","gcam xmldb","G-Hv3.5"
"W/m^2","GCAM",2070,-0.199972,"RF_NH3","gcam xmldb","G-Hv3.5"
"W/m^2","GCAM",2075,-0.203761,"RF_NH3","gcam xmldb","G-Hv3.5"
"W/m^2","GCAM",2080,-0.206866,"RF_NH3","gcam xmldb","G-Hv3.5"
"W/m^2","GCAM",2085,-0.209276,"RF_NH3","gcam xmldb","G-Hv3.5"
"W/m^2","GCAM",2090,-0.21106,"RF_NH3","gcam xmldb","G-Hv3.5"
"W/m^2","GCAM",2095,-0.212246,"RF_NH3","gcam xmldb","G-Hv3.5"
"W/m^2","GCAM",2100,-0.212936,"RF_NH3","gcam xmldb","G-Hv3.5"
"W/m^2","GCAM",1980,0.0973094,"RF_N2O","gcam xmldb","G-Hv3.5"
"W/m^2","GCAM",1985,0.110211,"RF_N2O","gcam xmldb","G-Hv3.5"
"W/m^2","GCAM",1990,0.121841,"RF_N2O","gcam xmldb","G-Hv3.5"
"W/m^2","GCAM",1995,0.131092,"RF_N2O","gcam xmldb","G-Hv3.5"
"W/m^2","GCAM",2000,0.145447,"RF_N2O","gcam xmldb","G-Hv3.5"
"W/m^2","GCAM",2005,0.156789,"RF_N2O","gcam xmldb","G-Hv3.5"
"W/m^2","GCAM",2010,0.170324,"RF_N2O","gcam xmldb","G-Hv3.5"
"W/m^2","GCAM",2015,0.185009,"RF_N2O","gcam xmldb","G-Hv3.5"
"W/m^2","GCAM",2020,0.201775,"RF_N2O","gcam xmldb","G-Hv3.5"
"W/m^2","GCAM",2025,0.217897,"RF_N2O","gcam xmldb","G-Hv3.5"
"W/m^2","GCAM",2030,0.233275,"RF_N2O","gcam xmldb","G-Hv3.5"
"W/m^2","GCAM",2035,0.248931,"RF_N2O","gcam xmldb","G-Hv3.5"
"W/m^2","GCAM",2040,0.264857,"RF_N2O","gcam xmldb","G-Hv3.5"
"W/m^2","GCAM",2045,0.281359,"RF_N2O","gcam xmldb","G-Hv3.5"
"W/m^2","GCAM",2050,0.298553,"RF_N2O","gcam xmldb","G-Hv3.5"
"W/m^2","GCAM",2055,0.316182,"RF_N2O","gcam xmldb","G-Hv3.5"
"W/m^2","GCAM",2060,0.334041,"RF_N2O","gcam xmldb","G-Hv3.5"
"W/m^2","GCAM",2065,0.352053,"RF_N2O","gcam xmldb","G-Hv3.5"
"W/m^2","GCAM",2070,0.370098,"RF_N2O","gcam xmldb","G-Hv3.5"
"W/m^2","GCAM",2075,0.388065,"RF_N2O","gcam xmldb","G-Hv3.5"
"W/m^2","GCAM",2080,0.405872,"RF_N2O","gcam xmldb","G-Hv3.5"
"W/m^2","GCAM",2085,0.423435,"RF_N2O","gcam xmldb","G-Hv3.5"
"W/m^2","GCAM",2090,0.440703,"RF_N2O","gcam xmldb","G-Hv3.5"
"W/m^2","GCAM",2095,0.457619,"RF_N2O","gcam xmldb","G-Hv3.5"
"W/m^2","GCAM",2100,0.474121,"RF_N2O","gcam xmldb","G-Hv3.5"
"W/m^2","GCAM",1980,0.433282,"FCH4","gcam xmldb","G-Hv3.5"
"W/m^2","GCAM",1985,0.46267,"FCH4","gcam xmldb","G-Hv3.5"
"W/m^2","GCAM",1990,0.485311,"FCH4","gcam xmldb","G-Hv3.5"
"W/m^2","GCAM",1995,0.498702,"FCH4","gcam xmldb","G-Hv3.5"
"W/m^2","GCAM",2000,0.507958,"FCH4","gcam xmldb","G-Hv3.5"
"W/m^2","GCAM",2005,0.508209,"FCH4","gcam xmldb","G-Hv3.5"
"W/m^2","GCAM",2010,0.517493,"FCH4","gcam xmldb","G-Hv3.5"
"W/m^2","GCAM",2015,0.530752,"FCH4","gcam xmldb","G-Hv3.5"
"W/m^2","GCAM",2020,0.547201,"FCH4","gcam xmldb","G-Hv3.5"
"W/m^2","GCAM",2025,0.578253,"FCH4","gcam xmldb","G-Hv3.5"
"W/m^2","GCAM",2030,0.617542,"FCH4","gcam xmldb","G-Hv3.5"
"W/m^2","GCAM",2035,0.656302,"FCH4","gcam xmldb","G-Hv3.5"
"W/m^2","GCAM",2040,0.691979,"FCH4","gcam xmldb","G-Hv3.5"
"W/m^2","GCAM",2045,0.725149,"FCH4","gcam xmldb","G-Hv3.5"
"W/m^2","GCAM",2050,0.756296,"FCH4","gcam xmldb","G-Hv3.5"
"W/m^2","GCAM",2055,0.785212,"FCH4","gcam xmldb","G-Hv3.5"
"W/m^2","GCAM",2060,0.81216,"FCH4","gcam xmldb","G-Hv3.5"
"W/m^2","GCAM",2065,0.836048,"FCH4","gcam xmldb","G-Hv3.5"
"W/m^2","GCAM",2070,0.856528,"FCH4","gcam xmldb","G-Hv3.5"
"W/m^2","GCAM",2075,0.873969,"FCH4","gcam xmldb","G-Hv3.5"
"W/m^2","GCAM",2080,0.888412,"FCH4","gcam xmldb","G-Hv3.5"
"W/m^2","GCAM",2085,0.899966,"FCH4","gcam xmldb","G-Hv3.5"
"W/m^2","GCAM",2090,0.90814,"FCH4","gcam xmldb","G-Hv3.5"
"W/m^2","GCAM",2095,0.912667,"FCH4","gcam xmldb","G-Hv3.5"
"W/m^2","GCAM",2100,0.913908,"FCH4","gcam xmldb","G-Hv3.5"
"W/m^2","GCAM",1980,1.15368,"RF_CO2","gcam xmldb","G-Hv3.5"
"W/m^2","GCAM",1985,1.23993,"RF_CO2","gcam xmldb","G-Hv3.5"
"W/m^2","GCAM",1990,1.33674,"RF_CO2","gcam xmldb","G-Hv3.5"
"W/m^2","GCAM",1995,1.43158,"RF_CO2","gcam xmldb","G-Hv3.5"
"W/m^2","GCAM",2000,1.55013,"RF_CO2","gcam xmldb","G-Hv3.5"
"W/m^2","GCAM",2005,1.68462,"RF_CO2","gcam xmldb","G-Hv3.5"
"W/m^2","GCAM",2010,1.84714,"RF_CO2","gcam xmldb","G-Hv3.5"
"W/m^2","GCAM",2015,2.03238,"RF_CO2","gcam xmldb","G-Hv3.5"
"W/m^2","GCAM",2020,2.20868,"RF_CO2","gcam xmldb","G-Hv3.5"
"W/m^2","GCAM",2025,2.38199,"RF_CO2","gcam xmldb","G-Hv3.5"
"W/m^2","GCAM",2030,2.56561,"RF_CO2","gcam xmldb","G-Hv3.5"
"W/m^2","GCAM",2035,2.74339,"RF_CO2","gcam xmldb","G-Hv3.5"
"W/m^2","GCAM",2040,2.9182,"RF_CO2","gcam xmldb","G-Hv3.5"
"W/m^2","GCAM",2045,3.09212,"RF_CO2","gcam xmldb","G-Hv3.5"
"W/m^2","GCAM",2050,3.264,"RF_CO2","gcam xmldb","G-Hv3.5"
"W/m^2","GCAM",2055,3.43429,"RF_CO2","gcam xmldb","G-Hv3.5"
"W/m^2","GCAM",2060,3.60506,"RF_CO2","gcam xmldb","G-Hv3.5"
"W/m^2","GCAM",2065,3.77648,"RF_CO2","gcam xmldb","G-Hv3.5"
"W/m^2","GCAM",2070,3.94777,"RF_CO2","gcam xmldb","G-Hv3.5"
"W/m^2","GCAM",2075,4.11929,"RF_CO2","gcam xmldb","G-Hv3.5"
"W/m^2","GCAM",2080,4.28881,"RF_CO2","gcam xmldb","G-Hv3.5"
"W/m^2","GCAM",2085,4.45443,"RF_CO2","gcam xmldb","G-Hv3.5"
"W/m^2","GCAM",2090,4.61665,"RF_CO2","gcam xmldb","G-Hv3.5"
"W/m^2","GCAM",2095,4.77541,"RF_CO2","gcam xmldb","G-Hv3.5"
"W/m^2","GCAM",2100,4.93048,"RF_CO2","gcam xmldb","G-Hv3.5"
"W/m^2","GCAM",1980,0.859146,"RF_tot","gcam xmldb","G-Hv3.5"
"W/m^2","GCAM",1985,0.99737,"RF_tot","gcam xmldb","G-Hv3.5"
"W/m^2","GCAM",1990,1.34996,"RF_tot","gcam xmldb","G-Hv3.5"
"W/m^2","GCAM",1995,1.56558,"RF_tot","gcam xmldb","G-Hv3.5"
"W/m^2","GCAM",2000,1.89291,"RF_tot","gcam xmldb","G-Hv3.5"
"W/m^2","GCAM",2005,1.88515,"RF_tot","gcam xmldb","G-Hv3.5"
"W/m^2","GCAM",2010,2.19925,"RF_tot","gcam xmldb","G-Hv3.5"
"W/m^2","GCAM",2015,2.4599,"RF_tot","gcam xmldb","G-Hv3.5"
"W/m^2","GCAM",2020,2.79754,"RF_tot","gcam xmldb","G-Hv3.5"
"W/m^2","GCAM",2025,3.00577,"RF_tot","gcam xmldb","G-Hv3.5"
"W/m^2","GCAM",2030,3.26507,"RF_tot","gcam xmldb","G-Hv3.5"
"W/m^2","GCAM",2035,3.50162,"RF_tot","gcam xmldb","G-Hv3.5"
"W/m^2","GCAM",2040,3.73581,"RF_tot","gcam xmldb","G-Hv3.5"
"W/m^2","GCAM",2045,3.96818,"RF_tot","gcam xmldb","G-Hv3.5"
"W/m^2","GCAM",2050,4.19828,"RF_tot","gcam xmldb","G-Hv3.5"
"W/m^2","GCAM",2055,4.42825,"RF_tot","gcam xmldb","G-Hv3.5"
"W/m^2","GCAM",2060,4.66015,"RF_tot","gcam xmldb","G-Hv3.5"
"W/m^2","GCAM",2065,4.89337,"RF_tot","gcam xmldb","G-Hv3.5"
"W/m^2","GCAM",2070,5.1232,"RF_tot","gcam xmldb","G-Hv3.5"
"W/m^2","GCAM",2075,5.35323,"RF_tot","gcam xmldb","G-Hv3.5"
"W/m^2","GCAM",2080,5.58385,"RF_tot","gcam xmldb","G-Hv3.5"
"W/m^2","GCAM",2085,5.81113,"RF_tot","gcam xmldb","G-Hv3.5"
"W/m^2","GCAM",2090,6.03499,"RF_tot","gcam xmldb","G-Hv3.5"
"W/m^2","GCAM",2095,6.25292,"RF_tot","gcam xmldb","G-Hv3.5"
"W/m^2","GCAM",2100,6.46572,"RF_tot","gcam xmldb","G-Hv3.5"
"degreesC","GCAM",1980,0.384271,"gmst","gcam xmldb","G-Hv3.5"
"degreesC","GCAM",1985,0.393338,"gmst","gcam xmldb","G-Hv3.5"
"degreesC","GCAM",1990,0.562384,"gmst","gcam xmldb","G-Hv3.5"
"degreesC","GCAM",1995,0.521704,"gmst","gcam xmldb","G-Hv3.5"
"degreesC","GCAM",2000,0.771882,"gmst","gcam xmldb","G-Hv3.5"
"degreesC","GCAM",2005,0.893163,"gmst","gcam xmldb","G-Hv3.5"
"degreesC","GCAM",2010,1.00723,"gmst","gcam xmldb","G-Hv3.5"
"degreesC","GCAM",2015,1.15296,"gmst","gcam xmldb","G-Hv3.5"
"degreesC","GCAM",2020,1.30439,"gmst","gcam xmldb","G-Hv3.5"
"degreesC","GCAM",2025,1.44873,"gmst","gcam xmldb","G-Hv3.5"
"degreesC","GCAM",2030,1.59469,"gmst","gcam xmldb","G-Hv3.5"
"degreesC","GCAM",2035,1.73583,"gmst","gcam xmldb","G-Hv3.5"
"degreesC","GCAM",2040,1.87389,"gmst","gcam xmldb","G-Hv3.5"
"degreesC","GCAM",2045,2.01024,"gmst","gcam xmldb","G-Hv3.5"
"degreesC","GCAM",2050,2.14599,"gmst","gcam xmldb","G-Hv3.5"
"degreesC","GCAM",2055,2.28128,"gmst","gcam xmldb","G-Hv3.5"
"degreesC","GCAM",2060,2.41709,"gmst","gcam xmldb","G-Hv3.5"
"degreesC","GCAM",2065,2.55382,"gmst","gcam xmldb","G-Hv3.5"
"degreesC","GCAM",2070,2.69035,"gmst","gcam xmldb","G-Hv3.5"
"degreesC","GCAM",2075,2.82683,"gmst","gcam xmldb","G-Hv3.5"
"degreesC","GCAM",2080,2.96373,"gmst","gcam xmldb","G-Hv3.5"
"degreesC","GCAM",2085,3.10019,"gmst","gcam xmldb","G-Hv3.5"
"degreesC","GCAM",2090,3.23572,"gmst","gcam xmldb","G-Hv3.5"
"degreesC","GCAM",2095,3.36952,"gmst","gcam xmldb","G-Hv3.5"
"degreesC","GCAM",2100,3.50119,"gmst","gcam xmldb","G-Hv3.5"
"PPB","GCAM",1980,1584.97,"CH4_concentration","gcam xmldb","G-Hv3.5"
"PPB","GCAM",1985,1657.33,"CH4_concentration","gcam xmldb","G-Hv3.5"
"PPB","GCAM",1990,1714.49,"CH4_concentration","gcam xmldb","G-Hv3.5"
"PPB","GCAM",1995,1748.94,"CH4_concentration","gcam xmldb","G-Hv3.5"
"PPB","GCAM",2000,1773.29,"CH4_concentration","gcam xmldb","G-Hv3.5"
"PPB","GCAM",2005,1774.35,"CH4_concentration","gcam xmldb","G-Hv3.5"
"PPB","GCAM",2010,1798.99,"CH4_concentration","gcam xmldb","G-Hv3.5"
"PPB","GCAM",2015,1834.38,"CH4_concentration","gcam xmldb","G-Hv3.5"
"PPB","GCAM",2020,1878.86,"CH4_concentration","gcam xmldb","G-Hv3.5"
"PPB","GCAM",2025,1964.03,"CH4_concentration","gcam xmldb","G-Hv3.5"
"PPB","GCAM",2030,2074.96,"CH4_concentration","gcam xmldb","G-Hv3.5"
"PPB","GCAM",2035,2188.21,"CH4_concentration","gcam xmldb","G-Hv3.5"
"PPB","GCAM",2040,2295.93,"CH4_concentration","gcam xmldb","G-Hv3.5"
"PPB","GCAM",2045,2399.17,"CH4_concentration","gcam xmldb","G-Hv3.5"
"PPB","GCAM",2050,2498.93,"CH4_concentration","gcam xmldb","G-Hv3.5"
"PPB","GCAM",2055,2594.04,"CH4_concentration","gcam xmldb","G-Hv3.5"
"PPB","GCAM",2060,2684.92,"CH4_concentration","gcam xmldb","G-Hv3.5"
"PPB","GCAM",2065,2767.41,"CH4_concentration","gcam xmldb","G-Hv3.5"
"PPB","GCAM",2070,2839.7,"CH4_concentration","gcam xmldb","G-Hv3.5"
"PPB","GCAM",2075,2902.52,"CH4_concentration","gcam xmldb","G-Hv3.5"
"PPB","GCAM",2080,2955.53,"CH4_concentration","gcam xmldb","G-Hv3.5"
"PPB","GCAM",2085,2998.76,"CH4_concentration","gcam xmldb","G-Hv3.5"
"PPB","GCAM",2090,3030.1,"CH4_concentration","gcam xmldb","G-Hv3.5"
"PPB","GCAM",2095,3048.3,"CH4_concentration","gcam xmldb","G-Hv3.5"
"PPB","GCAM",2100,3054.5,"CH4_concentration","gcam xmldb","G-Hv3.5"
"PPB","GCAM",1980,301.746,"N2O_concentration","gcam xmldb","G-Hv3.5"
"PPB","GCAM",1985,305.633,"N2O_concentration","gcam xmldb","G-Hv3.5"
"PPB","GCAM",1990,309.167,"N2O_concentration","gcam xmldb","G-Hv3.5"
"PPB","GCAM",1995,311.993,"N2O_concentration","gcam xmldb","G-Hv3.5"
"PPB","GCAM",2000,316.378,"N2O_concentration","gcam xmldb","G-Hv3.5"
"PPB","GCAM",2005,319.857,"N2O_concentration","gcam xmldb","G-Hv3.5"
"PPB","GCAM",2010,324.072,"N2O_concentration","gcam xmldb","G-Hv3.5"
"PPB","GCAM",2015,328.705,"N2O_concentration","gcam xmldb","G-Hv3.5"
"PPB","GCAM",2020,334.047,"N2O_concentration","gcam xmldb","G-Hv3.5"
"PPB","GCAM",2025,339.319,"N2O_concentration","gcam xmldb","G-Hv3.5"
"PPB","GCAM",2030,344.474,"N2O_concentration","gcam xmldb","G-Hv3.5"
"PPB","GCAM",2035,349.791,"N2O_concentration","gcam xmldb","G-Hv3.5"
"PPB","GCAM",2040,355.256,"N2O_concentration","gcam xmldb","G-Hv3.5"
"PPB","GCAM",2045,360.974,"N2O_concentration","gcam xmldb","G-Hv3.5"
"PPB","GCAM",2050,366.991,"N2O_concentration","gcam xmldb","G-Hv3.5"
"PPB","GCAM",2055,373.225,"N2O_concentration","gcam xmldb","G-Hv3.5"
"PPB","GCAM",2060,379.612,"N2O_concentration","gcam xmldb","G-Hv3.5"
"PPB","GCAM",2065,386.116,"N2O_concentration","gcam xmldb","G-Hv3.5"
"PPB","GCAM",2070,392.689,"N2O_concentration","gcam xmldb","G-Hv3.5"
"PPB","GCAM",2075,399.292,"N2O_concentration","gcam xmldb","G-Hv3.5"
"PPB","GCAM",2080,405.888,"N2O_concentration","gcam xmldb","G-Hv3.5"
"PPB","GCAM",2085,412.441,"N2O_concentration","gcam xmldb","G-Hv3.5"
"PPB","GCAM",2090,418.918,"N2O_concentration","gcam xmldb","G-Hv3.5"
"PPB","GCAM",2095,425.286,"N2O_concentration","gcam xmldb","G-Hv3.5"
"PPB","GCAM",2100,431.518,"N2O_concentration","gcam xmldb","G-Hv3.5"
