"year","variable","units","scenario","source","version","value"
2005,"C2F6_emissions","Gg","Reference","GCAM","new",1.3326894438
2010,"C2F6_emissions","Gg","Reference","GCAM","new",1.1421159114
2015,"C2F6_emissions","Gg","Reference","GCAM","new",1.4890217964
2021,"C2F6_emissions","Gg","Reference","GCAM","new",1.5013436056
2025,"C2F6_emissions","Gg","Reference","GCAM","new",1.5976911364
2030,"C2F6_emissions","Gg","Reference","GCAM","new",1.7110847161
2035,"C2F6_emissions","Gg","Reference","GCAM","new",1.8055048783
2040,"C2F6_emissions","Gg","Reference","GCAM","new",1.8649060139
2045,"C2F6_emissions","Gg","Reference","GCAM","new",1.9126586794
2050,"C2F6_emissions","Gg","Reference","GCAM","new",1.9545438934
2055,"C2F6_emissions","Gg","Reference","GCAM","new",1.9778886989
2060,"C2F6_emissions","Gg","Reference","GCAM","new",1.9951271028
2065,"C2F6_emissions","Gg","Reference","GCAM","new",2.0058769572
2070,"C2F6_emissions","Gg","Reference","GCAM","new",2.009164214
2075,"C2F6_emissions","Gg","Reference","GCAM","new",2.0065138161
2080,"C2F6_emissions","Gg","Reference","GCAM","new",1.997070065
2085,"C2F6_emissions","Gg","Reference","GCAM","new",1.9801365993
2090,"C2F6_emissions","Gg","Reference","GCAM","new",1.961983645
2095,"C2F6_emissions","Gg","Reference","GCAM","new",1.9418005199
2100,"C2F6_emissions","Gg","Reference","GCAM","new",1.9171898312
2005,"CF4_emissions","Gg","Reference","GCAM","new",4.5595095224
2010,"CF4_emissions","Gg","Reference","GCAM","new",3.4908554511
2015,"CF4_emissions","Gg","Reference","GCAM","new",4.5419844727
2021,"CF4_emissions","Gg","Reference","GCAM","new",4.66616681119
2025,"CF4_emissions","Gg","Reference","GCAM","new",4.9696228403
2030,"CF4_emissions","Gg","Reference","GCAM","new",5.2936470097
2035,"CF4_emissions","Gg","Reference","GCAM","new",5.5472483656
2040,"CF4_emissions","Gg","Reference","GCAM","new",5.699475323
2045,"CF4_emissions","Gg","Reference","GCAM","new",5.82389206814
2050,"CF4_emissions","Gg","Reference","GCAM","new",5.97007777074
2055,"CF4_emissions","Gg","Reference","GCAM","new",6.07592567086
2060,"CF4_emissions","Gg","Reference","GCAM","new",6.16225125614
2065,"CF4_emissions","Gg","Reference","GCAM","new",6.22743139922
2070,"CF4_emissions","Gg","Reference","GCAM","new",6.26517659757
2075,"CF4_emissions","Gg","Reference","GCAM","new",6.28311738994
2080,"CF4_emissions","Gg","Reference","GCAM","new",6.2760060156
2085,"CF4_emissions","Gg","Reference","GCAM","new",6.24106580681
2090,"CF4_emissions","Gg","Reference","GCAM","new",6.2031078241
2095,"CF4_emissions","Gg","Reference","GCAM","new",6.15986434348
2100,"CF4_emissions","Gg","Reference","GCAM","new",6.10012067409
2005,"HFC125_emissions","Gg","Reference","GCAM","new",13.4736975439
2010,"HFC125_emissions","Gg","Reference","GCAM","new",25.754668812
2015,"HFC125_emissions","Gg","Reference","GCAM","new",39.522956612
2021,"HFC125_emissions","Gg","Reference","GCAM","new",76.34528554
2025,"HFC125_emissions","Gg","Reference","GCAM","new",99.005402589
2030,"HFC125_emissions","Gg","Reference","GCAM","new",130.34374577
2035,"HFC125_emissions","Gg","Reference","GCAM","new",147.825113304
2040,"HFC125_emissions","Gg","Reference","GCAM","new",163.684793182
2045,"HFC125_emissions","Gg","Reference","GCAM","new",180.789215419
2050,"HFC125_emissions","Gg","Reference","GCAM","new",199.14049441
2055,"HFC125_emissions","Gg","Reference","GCAM","new",217.37056504
2060,"HFC125_emissions","Gg","Reference","GCAM","new",236.88482492
2065,"HFC125_emissions","Gg","Reference","GCAM","new",257.0978063
2070,"HFC125_emissions","Gg","Reference","GCAM","new",277.16178246
2075,"HFC125_emissions","Gg","Reference","GCAM","new",296.93328251
2080,"HFC125_emissions","Gg","Reference","GCAM","new",315.88149475
2085,"HFC125_emissions","Gg","Reference","GCAM","new",333.56813974
2090,"HFC125_emissions","Gg","Reference","GCAM","new",350.34036484
2095,"HFC125_emissions","Gg","Reference","GCAM","new",365.88038354
2100,"HFC125_emissions","Gg","Reference","GCAM","new",379.31114684
2005,"HFC134a_emissions","Gg","Reference","GCAM","new",130.6109941672
2010,"HFC134a_emissions","Gg","Reference","GCAM","new",181.60389160285
2015,"HFC134a_emissions","Gg","Reference","GCAM","new",244.0811181717
2021,"HFC134a_emissions","Gg","Reference","GCAM","new",312.4545100584
2025,"HFC134a_emissions","Gg","Reference","GCAM","new",341.41861010245
2030,"HFC134a_emissions","Gg","Reference","GCAM","new",387.7298004325
2035,"HFC134a_emissions","Gg","Reference","GCAM","new",430.931251783
2040,"HFC134a_emissions","Gg","Reference","GCAM","new",472.5469000805
2045,"HFC134a_emissions","Gg","Reference","GCAM","new",520.110048229
2050,"HFC134a_emissions","Gg","Reference","GCAM","new",575.4023387575
2055,"HFC134a_emissions","Gg","Reference","GCAM","new",633.8075390645
2060,"HFC134a_emissions","Gg","Reference","GCAM","new",700.3186147465
2065,"HFC134a_emissions","Gg","Reference","GCAM","new",774.0278678475
2070,"HFC134a_emissions","Gg","Reference","GCAM","new",853.0330183635
2075,"HFC134a_emissions","Gg","Reference","GCAM","new",936.811125576
2080,"HFC134a_emissions","Gg","Reference","GCAM","new",1023.2844352805
2085,"HFC134a_emissions","Gg","Reference","GCAM","new",1110.262054227
2090,"HFC134a_emissions","Gg","Reference","GCAM","new",1198.046698004
2095,"HFC134a_emissions","Gg","Reference","GCAM","new",1284.5323118215
2100,"HFC134a_emissions","Gg","Reference","GCAM","new",1365.217356316
2005,"HFC143a_emissions","Gg","Reference","GCAM","new",16.657881676495
2010,"HFC143a_emissions","Gg","Reference","GCAM","new",28.150171402278
2015,"HFC143a_emissions","Gg","Reference","GCAM","new",43.238085254551
2021,"HFC143a_emissions","Gg","Reference","GCAM","new",83.173213309551
2025,"HFC143a_emissions","Gg","Reference","GCAM","new",107.624744026995
2030,"HFC143a_emissions","Gg","Reference","GCAM","new",141.554242472709
2035,"HFC143a_emissions","Gg","Reference","GCAM","new",160.585781502102
2040,"HFC143a_emissions","Gg","Reference","GCAM","new",177.878446245758
2045,"HFC143a_emissions","Gg","Reference","GCAM","new",196.557068524309
2050,"HFC143a_emissions","Gg","Reference","GCAM","new",216.638739143268
2055,"HFC143a_emissions","Gg","Reference","GCAM","new",236.637076658145
2060,"HFC143a_emissions","Gg","Reference","GCAM","new",258.094816400812
2065,"HFC143a_emissions","Gg","Reference","GCAM","new",280.383057358908
2070,"HFC143a_emissions","Gg","Reference","GCAM","new",302.58550926597
2075,"HFC143a_emissions","Gg","Reference","GCAM","new",324.545607049807
2080,"HFC143a_emissions","Gg","Reference","GCAM","new",345.679126046602
2085,"HFC143a_emissions","Gg","Reference","GCAM","new",365.500559240331
2090,"HFC143a_emissions","Gg","Reference","GCAM","new",384.374939015539
2095,"HFC143a_emissions","Gg","Reference","GCAM","new",401.939685490859
2100,"HFC143a_emissions","Gg","Reference","GCAM","new",417.212845771995
2005,"HFC245fa_emissions","Gg","Reference","GCAM","new",3.426583998229
2010,"HFC245fa_emissions","Gg","Reference","GCAM","new",6.643179485242
2015,"HFC245fa_emissions","Gg","Reference","GCAM","new",8.489817647341
2021,"HFC245fa_emissions","Gg","Reference","GCAM","new",8.496387675183
2025,"HFC245fa_emissions","Gg","Reference","GCAM","new",8.955254840734
2030,"HFC245fa_emissions","Gg","Reference","GCAM","new",10.420330213591
2035,"HFC245fa_emissions","Gg","Reference","GCAM","new",10.433845957429
2040,"HFC245fa_emissions","Gg","Reference","GCAM","new",10.68014595238
2045,"HFC245fa_emissions","Gg","Reference","GCAM","new",10.932744960055
2050,"HFC245fa_emissions","Gg","Reference","GCAM","new",11.332275648925
2055,"HFC245fa_emissions","Gg","Reference","GCAM","new",11.738555844749
2060,"HFC245fa_emissions","Gg","Reference","GCAM","new",12.156107606502
2065,"HFC245fa_emissions","Gg","Reference","GCAM","new",12.570290394553
2070,"HFC245fa_emissions","Gg","Reference","GCAM","new",12.967091875825
2075,"HFC245fa_emissions","Gg","Reference","GCAM","new",13.346455638932
2080,"HFC245fa_emissions","Gg","Reference","GCAM","new",13.697630155043
2085,"HFC245fa_emissions","Gg","Reference","GCAM","new",14.006951655274
2090,"HFC245fa_emissions","Gg","Reference","GCAM","new",14.281021779109
2095,"HFC245fa_emissions","Gg","Reference","GCAM","new",14.515225995509
2100,"HFC245fa_emissions","Gg","Reference","GCAM","new",14.696214940663
2005,"HFC227ea_emissions","Gg","Reference","GCAM","new",2.128184574
2010,"HFC227ea_emissions","Gg","Reference","GCAM","new",3.69184179
2015,"HFC227ea_emissions","Gg","Reference","GCAM","new",6.00504143
2021,"HFC227ea_emissions","Gg","Reference","GCAM","new",6.00504143
2025,"HFC227ea_emissions","Gg","Reference","GCAM","new",3.74020471
2030,"HFC227ea_emissions","Gg","Reference","GCAM","new",4.06308093
2035,"HFC227ea_emissions","Gg","Reference","GCAM","new",4.10927786
2040,"HFC227ea_emissions","Gg","Reference","GCAM","new",4.15321846
2045,"HFC227ea_emissions","Gg","Reference","GCAM","new",4.03621554
2050,"HFC227ea_emissions","Gg","Reference","GCAM","new",4.07506139
2055,"HFC227ea_emissions","Gg","Reference","GCAM","new",4.11089644
2060,"HFC227ea_emissions","Gg","Reference","GCAM","new",4.13548234
2065,"HFC227ea_emissions","Gg","Reference","GCAM","new",4.14853662
2070,"HFC227ea_emissions","Gg","Reference","GCAM","new",4.15286709
2075,"HFC227ea_emissions","Gg","Reference","GCAM","new",4.15007499
2080,"HFC227ea_emissions","Gg","Reference","GCAM","new",4.14027498
2085,"HFC227ea_emissions","Gg","Reference","GCAM","new",4.12318158
2090,"HFC227ea_emissions","Gg","Reference","GCAM","new",4.099156
2095,"HFC227ea_emissions","Gg","Reference","GCAM","new",4.06889557
2100,"HFC227ea_emissions","Gg","Reference","GCAM","new",4.03225898
2015,"HFC23_emissions","Gg","Reference","GCAM","new",10.3569308623802
2021,"HFC23_emissions","Gg","Reference","GCAM","new",10.991813302661
2025,"HFC23_emissions","Gg","Reference","GCAM","new",11.964506243
2030,"HFC23_emissions","Gg","Reference","GCAM","new",12.922077143939
2035,"HFC23_emissions","Gg","Reference","GCAM","new",13.623847745966
2040,"HFC23_emissions","Gg","Reference","GCAM","new",14.000591137144
2045,"HFC23_emissions","Gg","Reference","GCAM","new",14.279923654421
2050,"HFC23_emissions","Gg","Reference","GCAM","new",14.413588091846
2055,"HFC23_emissions","Gg","Reference","GCAM","new",14.37004701734
2060,"HFC23_emissions","Gg","Reference","GCAM","new",14.263159622073
2065,"HFC23_emissions","Gg","Reference","GCAM","new",14.101405172758
2070,"HFC23_emissions","Gg","Reference","GCAM","new",13.873691315455
2075,"HFC23_emissions","Gg","Reference","GCAM","new",13.608225898964
2080,"HFC23_emissions","Gg","Reference","GCAM","new",13.29016481853
2085,"HFC23_emissions","Gg","Reference","GCAM","new",12.914832370799
2090,"HFC23_emissions","Gg","Reference","GCAM","new",12.567543031257
2095,"HFC23_emissions","Gg","Reference","GCAM","new",12.239639812045
2100,"HFC23_emissions","Gg","Reference","GCAM","new",11.892528728183
2005,"HFC32_emissions","Gg","Reference","GCAM","new",1.2060792957
2010,"HFC32_emissions","Gg","Reference","GCAM","new",2.0280780141
2015,"HFC32_emissions","Gg","Reference","GCAM","new",3.1124133134
2021,"HFC32_emissions","Gg","Reference","GCAM","new",6.0196014741
2025,"HFC32_emissions","Gg","Reference","GCAM","new",7.810100858
2030,"HFC32_emissions","Gg","Reference","GCAM","new",10.2869563397
2035,"HFC32_emissions","Gg","Reference","GCAM","new",11.6663234715
2040,"HFC32_emissions","Gg","Reference","GCAM","new",12.9174459359
2045,"HFC32_emissions","Gg","Reference","GCAM","new",14.2663819399
2050,"HFC32_emissions","Gg","Reference","GCAM","new",15.713225352
2055,"HFC32_emissions","Gg","Reference","GCAM","new",17.1499836349
2060,"HFC32_emissions","Gg","Reference","GCAM","new",18.6873720709
2065,"HFC32_emissions","Gg","Reference","GCAM","new",20.279142383
2070,"HFC32_emissions","Gg","Reference","GCAM","new",21.858319448
2075,"HFC32_emissions","Gg","Reference","GCAM","new",23.413622982
2080,"HFC32_emissions","Gg","Reference","GCAM","new",24.903235699
2085,"HFC32_emissions","Gg","Reference","GCAM","new",26.292721646
2090,"HFC32_emissions","Gg","Reference","GCAM","new",27.60955425
2095,"HFC32_emissions","Gg","Reference","GCAM","new",28.828851639
2100,"HFC32_emissions","Gg","Reference","GCAM","new",29.881730823
1990,"SF6_emissions","Gg","Reference","GCAM","new",2.7646554195
2005,"SF6_emissions","Gg","Reference","GCAM","new",2.5740714763
2010,"SF6_emissions","Gg","Reference","GCAM","new",3.0635693566
2015,"SF6_emissions","Gg","Reference","GCAM","new",3.6045659027
2021,"SF6_emissions","Gg","Reference","GCAM","new",4.2902322408
2025,"SF6_emissions","Gg","Reference","GCAM","new",4.69503978186
2030,"SF6_emissions","Gg","Reference","GCAM","new",5.23025980626
2035,"SF6_emissions","Gg","Reference","GCAM","new",5.73128302653
2040,"SF6_emissions","Gg","Reference","GCAM","new",6.01669434756
2045,"SF6_emissions","Gg","Reference","GCAM","new",6.20815854984
2050,"SF6_emissions","Gg","Reference","GCAM","new",6.66151153974
2055,"SF6_emissions","Gg","Reference","GCAM","new",7.04631360962
2060,"SF6_emissions","Gg","Reference","GCAM","new",7.43350964894
2065,"SF6_emissions","Gg","Reference","GCAM","new",7.8166800128
2070,"SF6_emissions","Gg","Reference","GCAM","new",8.18014464588
2075,"SF6_emissions","Gg","Reference","GCAM","new",8.51085062762
2080,"SF6_emissions","Gg","Reference","GCAM","new",8.8043311649
2085,"SF6_emissions","Gg","Reference","GCAM","new",9.03838054096
2090,"SF6_emissions","Gg","Reference","GCAM","new",9.25987308826
2095,"SF6_emissions","Gg","Reference","GCAM","new",9.46687371343
2100,"SF6_emissions","Gg","Reference","GCAM","new",9.65720506219
1990,"CF4_emissions","Gg","Reference","GCAM","new",11.1037607851
2010,"HFC23_emissions","Gg","Reference","GCAM","new",9.0445387905
1990,"C2F6_emissions","Gg","Reference","GCAM","new",1.6781865058
2005,"HFC23_emissions","Gg","Reference","GCAM","new",6.8150399058
1990,"HFC23_emissions","Gg","Reference","GCAM","new",9.1995099459024
1990,"HFC134a_emissions","Gg","Reference","GCAM","new",0.00555238062543
1990,"HFC245fa_emissions","Gg","Reference","GCAM","new",9.010356e-06
1990,"HFC143a_emissions","Gg","Reference","GCAM","new",1.078794e-05
1990,"ffi_emissions","Pg C/yr","Reference","GCAM","new",6.06840647492851
2005,"ffi_emissions","Pg C/yr","Reference","GCAM","new",8.03407247058697
2010,"ffi_emissions","Pg C/yr","Reference","GCAM","new",9.12766818353557
2015,"ffi_emissions","Pg C/yr","Reference","GCAM","new",9.7579286220489
2021,"ffi_emissions","Pg C/yr","Reference","GCAM","new",10.1203471154083
2025,"ffi_emissions","Pg C/yr","Reference","GCAM","new",10.6729911496505
2030,"ffi_emissions","Pg C/yr","Reference","GCAM","new",10.9719075073104
2035,"ffi_emissions","Pg C/yr","Reference","GCAM","new",11.0394006386353
2040,"ffi_emissions","Pg C/yr","Reference","GCAM","new",10.9948365418455
2045,"ffi_emissions","Pg C/yr","Reference","GCAM","new",10.9069657098485
2050,"ffi_emissions","Pg C/yr","Reference","GCAM","new",10.8280632980095
2055,"ffi_emissions","Pg C/yr","Reference","GCAM","new",10.8038422556127
2060,"ffi_emissions","Pg C/yr","Reference","GCAM","new",10.93115475529
2065,"ffi_emissions","Pg C/yr","Reference","GCAM","new",11.1146964781723
2070,"ffi_emissions","Pg C/yr","Reference","GCAM","new",11.3083891683374
2075,"ffi_emissions","Pg C/yr","Reference","GCAM","new",11.5632640326172
2080,"ffi_emissions","Pg C/yr","Reference","GCAM","new",11.7396589948634
2085,"ffi_emissions","Pg C/yr","Reference","GCAM","new",11.7998971614755
2090,"ffi_emissions","Pg C/yr","Reference","GCAM","new",11.9279576269236
2095,"ffi_emissions","Pg C/yr","Reference","GCAM","new",12.0501246511684
2100,"ffi_emissions","Pg C/yr","Reference","GCAM","new",12.1606991381622
1990,"BC_emissions","Tg","Reference","GCAM","new",7.09501283604481
2005,"BC_emissions","Tg","Reference","GCAM","new",7.49206577711224
2010,"BC_emissions","Tg","Reference","GCAM","new",7.51361157883193
2015,"BC_emissions","Tg","Reference","GCAM","new",7.10783848193829
2021,"BC_emissions","Tg","Reference","GCAM","new",6.67505467668711
2025,"BC_emissions","Tg","Reference","GCAM","new",6.51396513958291
2030,"BC_emissions","Tg","Reference","GCAM","new",5.88680651523794
2035,"BC_emissions","Tg","Reference","GCAM","new",5.4556440548809
2040,"BC_emissions","Tg","Reference","GCAM","new",5.13543205366878
2045,"BC_emissions","Tg","Reference","GCAM","new",4.94363417790601
2050,"BC_emissions","Tg","Reference","GCAM","new",4.76657691250123
2055,"BC_emissions","Tg","Reference","GCAM","new",4.66376174722709
2060,"BC_emissions","Tg","Reference","GCAM","new",4.57655794861771
2065,"BC_emissions","Tg","Reference","GCAM","new",4.48831502244282
2070,"BC_emissions","Tg","Reference","GCAM","new",4.39175837992975
2075,"BC_emissions","Tg","Reference","GCAM","new",4.2894849069348
2080,"BC_emissions","Tg","Reference","GCAM","new",4.1782596177228
2085,"BC_emissions","Tg","Reference","GCAM","new",4.06040717222749
2090,"BC_emissions","Tg","Reference","GCAM","new",3.94220095476813
2095,"BC_emissions","Tg","Reference","GCAM","new",3.81739833961198
2100,"BC_emissions","Tg","Reference","GCAM","new",3.69523081943645
1990,"CH4_emissions","Tg CH4","Reference","GCAM","new",294.029876741198
2005,"CH4_emissions","Tg CH4","Reference","GCAM","new",308.497318559905
2010,"CH4_emissions","Tg CH4","Reference","GCAM","new",318.41229436447
2015,"CH4_emissions","Tg CH4","Reference","GCAM","new",330.446809300686
2021,"CH4_emissions","Tg CH4","Reference","GCAM","new",343.887709026004
2025,"CH4_emissions","Tg CH4","Reference","GCAM","new",363.614638113367
2030,"CH4_emissions","Tg CH4","Reference","GCAM","new",376.631398674669
2035,"CH4_emissions","Tg CH4","Reference","GCAM","new",388.710747217427
2040,"CH4_emissions","Tg CH4","Reference","GCAM","new",400.950925849548
2045,"CH4_emissions","Tg CH4","Reference","GCAM","new",412.498400901455
2050,"CH4_emissions","Tg CH4","Reference","GCAM","new",427.017902684444
2055,"CH4_emissions","Tg CH4","Reference","GCAM","new",442.967233665416
2060,"CH4_emissions","Tg CH4","Reference","GCAM","new",459.637770667001
2065,"CH4_emissions","Tg CH4","Reference","GCAM","new",475.504244022795
2070,"CH4_emissions","Tg CH4","Reference","GCAM","new",489.554380806557
2075,"CH4_emissions","Tg CH4","Reference","GCAM","new",503.02070016246
2080,"CH4_emissions","Tg CH4","Reference","GCAM","new",514.414936465559
2085,"CH4_emissions","Tg CH4","Reference","GCAM","new",522.906173537103
2090,"CH4_emissions","Tg CH4","Reference","GCAM","new",529.384935632693
2095,"CH4_emissions","Tg CH4","Reference","GCAM","new",534.672351427464
2100,"CH4_emissions","Tg CH4","Reference","GCAM","new",538.954589331175
1990,"CO_emissions","Tg CO","Reference","GCAM","new",811.482249924329
2005,"CO_emissions","Tg CO","Reference","GCAM","new",791.613244637986
2010,"CO_emissions","Tg CO","Reference","GCAM","new",757.619461320233
2015,"CO_emissions","Tg CO","Reference","GCAM","new",733.905633444602
2021,"CO_emissions","Tg CO","Reference","GCAM","new",673.120916301262
2025,"CO_emissions","Tg CO","Reference","GCAM","new",684.60320391032
2030,"CO_emissions","Tg CO","Reference","GCAM","new",624.99587882165
2035,"CO_emissions","Tg CO","Reference","GCAM","new",597.819804653589
2040,"CO_emissions","Tg CO","Reference","GCAM","new",581.609862100465
2045,"CO_emissions","Tg CO","Reference","GCAM","new",569.747551005562
2050,"CO_emissions","Tg CO","Reference","GCAM","new",561.834549463934
2055,"CO_emissions","Tg CO","Reference","GCAM","new",561.897686995506
2060,"CO_emissions","Tg CO","Reference","GCAM","new",561.02801602453
2065,"CO_emissions","Tg CO","Reference","GCAM","new",558.024258655946
2070,"CO_emissions","Tg CO","Reference","GCAM","new",554.822774663936
2075,"CO_emissions","Tg CO","Reference","GCAM","new",549.433280938173
2080,"CO_emissions","Tg CO","Reference","GCAM","new",541.644441062382
2085,"CO_emissions","Tg CO","Reference","GCAM","new",530.908873795941
2090,"CO_emissions","Tg CO","Reference","GCAM","new",516.840862466352
2095,"CO_emissions","Tg CO","Reference","GCAM","new",502.358973459738
2100,"CO_emissions","Tg CO","Reference","GCAM","new",488.511746319906
1990,NA,NA,"Reference","GCAM","new",NA
2005,NA,NA,"Reference","GCAM","new",NA
2010,NA,NA,"Reference","GCAM","new",NA
2015,NA,NA,"Reference","GCAM","new",NA
2021,NA,NA,"Reference","GCAM","new",NA
2025,NA,NA,"Reference","GCAM","new",NA
2030,NA,NA,"Reference","GCAM","new",NA
2035,NA,NA,"Reference","GCAM","new",NA
2040,NA,NA,"Reference","GCAM","new",NA
2045,NA,NA,"Reference","GCAM","new",NA
2050,NA,NA,"Reference","GCAM","new",NA
2055,NA,NA,"Reference","GCAM","new",NA
2060,NA,NA,"Reference","GCAM","new",NA
2065,NA,NA,"Reference","GCAM","new",NA
2070,NA,NA,"Reference","GCAM","new",NA
2075,NA,NA,"Reference","GCAM","new",NA
2080,NA,NA,"Reference","GCAM","new",NA
2085,NA,NA,"Reference","GCAM","new",NA
2090,NA,NA,"Reference","GCAM","new",NA
2095,NA,NA,"Reference","GCAM","new",NA
2100,NA,NA,"Reference","GCAM","new",NA
1990,"N2O_emissions","Tg N","Reference","GCAM","new",5.36565443642373
2005,"N2O_emissions","Tg N","Reference","GCAM","new",5.96558951013191
2010,"N2O_emissions","Tg N","Reference","GCAM","new",6.26620049086827
2015,"N2O_emissions","Tg N","Reference","GCAM","new",6.61010387130459
2021,"N2O_emissions","Tg N","Reference","GCAM","new",6.9211812761657
2025,"N2O_emissions","Tg N","Reference","GCAM","new",7.42165988512302
2030,"N2O_emissions","Tg N","Reference","GCAM","new",7.8071391727087
2035,"N2O_emissions","Tg N","Reference","GCAM","new",8.21115707190496
2040,"N2O_emissions","Tg N","Reference","GCAM","new",8.58717957518213
2045,"N2O_emissions","Tg N","Reference","GCAM","new",8.96133813078558
2050,"N2O_emissions","Tg N","Reference","GCAM","new",9.42831754724716
2055,"N2O_emissions","Tg N","Reference","GCAM","new",9.91611069633793
2060,"N2O_emissions","Tg N","Reference","GCAM","new",10.4279631032367
2065,"N2O_emissions","Tg N","Reference","GCAM","new",10.9097510060779
2070,"N2O_emissions","Tg N","Reference","GCAM","new",11.3467366829591
2075,"N2O_emissions","Tg N","Reference","GCAM","new",11.7409895756507
2080,"N2O_emissions","Tg N","Reference","GCAM","new",12.1049740787493
2085,"N2O_emissions","Tg N","Reference","GCAM","new",12.4186802891871
2090,"N2O_emissions","Tg N","Reference","GCAM","new",12.7113731466406
2095,"N2O_emissions","Tg N","Reference","GCAM","new",12.9443246172316
2100,"N2O_emissions","Tg N","Reference","GCAM","new",13.1346502673164
1990,"NH3_emissions","Tg","Reference","GCAM","new",49.3446700646542
2005,"NH3_emissions","Tg","Reference","GCAM","new",55.118988467884
2010,"NH3_emissions","Tg","Reference","GCAM","new",58.8291526894984
2015,"NH3_emissions","Tg","Reference","GCAM","new",62.0472121099323
2021,"NH3_emissions","Tg","Reference","GCAM","new",66.062048446523
2025,"NH3_emissions","Tg","Reference","GCAM","new",71.1341608034499
2030,"NH3_emissions","Tg","Reference","GCAM","new",75.1366440504051
2035,"NH3_emissions","Tg","Reference","GCAM","new",79.8438823250977
2040,"NH3_emissions","Tg","Reference","GCAM","new",84.3853529639576
2045,"NH3_emissions","Tg","Reference","GCAM","new",88.784581339954
2050,"NH3_emissions","Tg","Reference","GCAM","new",92.9101273062792
2055,"NH3_emissions","Tg","Reference","GCAM","new",96.7564599955736
2060,"NH3_emissions","Tg","Reference","GCAM","new",100.810333256897
2065,"NH3_emissions","Tg","Reference","GCAM","new",104.603114861742
2070,"NH3_emissions","Tg","Reference","GCAM","new",108.004121725686
2075,"NH3_emissions","Tg","Reference","GCAM","new",110.958794644191
2080,"NH3_emissions","Tg","Reference","GCAM","new",113.512843933567
2085,"NH3_emissions","Tg","Reference","GCAM","new",115.736942893191
2090,"NH3_emissions","Tg","Reference","GCAM","new",117.724548213207
2095,"NH3_emissions","Tg","Reference","GCAM","new",119.135656437341
2100,"NH3_emissions","Tg","Reference","GCAM","new",120.151990245882
1990,"NMVOC_emissions","Tg NMVOC","Reference","GCAM","new",156.336771519795
2005,"NMVOC_emissions","Tg NMVOC","Reference","GCAM","new",164.857674598227
2010,"NMVOC_emissions","Tg NMVOC","Reference","GCAM","new",166.931819460506
2015,"NMVOC_emissions","Tg NMVOC","Reference","GCAM","new",175.158129053281
2021,"NMVOC_emissions","Tg NMVOC","Reference","GCAM","new",172.703179794746
2025,"NMVOC_emissions","Tg NMVOC","Reference","GCAM","new",173.53609345984
2030,"NMVOC_emissions","Tg NMVOC","Reference","GCAM","new",163.660283803046
2035,"NMVOC_emissions","Tg NMVOC","Reference","GCAM","new",160.790210008286
2040,"NMVOC_emissions","Tg NMVOC","Reference","GCAM","new",160.95589868085
2045,"NMVOC_emissions","Tg NMVOC","Reference","GCAM","new",162.388049726015
2050,"NMVOC_emissions","Tg NMVOC","Reference","GCAM","new",164.417408860568
2055,"NMVOC_emissions","Tg NMVOC","Reference","GCAM","new",167.503564501172
2060,"NMVOC_emissions","Tg NMVOC","Reference","GCAM","new",170.782763816753
2065,"NMVOC_emissions","Tg NMVOC","Reference","GCAM","new",173.527261206483
2070,"NMVOC_emissions","Tg NMVOC","Reference","GCAM","new",175.235551565962
2075,"NMVOC_emissions","Tg NMVOC","Reference","GCAM","new",176.007301050109
2080,"NMVOC_emissions","Tg NMVOC","Reference","GCAM","new",175.620958255785
2085,"NMVOC_emissions","Tg NMVOC","Reference","GCAM","new",174.100930790965
2090,"NMVOC_emissions","Tg NMVOC","Reference","GCAM","new",171.131911137044
2095,"NMVOC_emissions","Tg NMVOC","Reference","GCAM","new",168.405082668241
2100,"NMVOC_emissions","Tg NMVOC","Reference","GCAM","new",165.838094291035
1990,"NOX_emissions","Tg N","Reference","GCAM","new",36.4297072154796
2005,"NOX_emissions","Tg N","Reference","GCAM","new",41.5707865083687
2010,"NOX_emissions","Tg N","Reference","GCAM","new",40.679133800607
2015,"NOX_emissions","Tg N","Reference","GCAM","new",39.4916408053522
2021,"NOX_emissions","Tg N","Reference","GCAM","new",35.7619498554698
2025,"NOX_emissions","Tg N","Reference","GCAM","new",31.5640783783736
2030,"NOX_emissions","Tg N","Reference","GCAM","new",27.3670449708867
2035,"NOX_emissions","Tg N","Reference","GCAM","new",23.8020982400222
2040,"NOX_emissions","Tg N","Reference","GCAM","new",21.4115340151711
2045,"NOX_emissions","Tg N","Reference","GCAM","new",20.431809517605
2050,"NOX_emissions","Tg N","Reference","GCAM","new",19.6665833663633
2055,"NOX_emissions","Tg N","Reference","GCAM","new",19.1909959726515
2060,"NOX_emissions","Tg N","Reference","GCAM","new",18.9631814538018
2065,"NOX_emissions","Tg N","Reference","GCAM","new",18.7832906257018
2070,"NOX_emissions","Tg N","Reference","GCAM","new",18.5842577098591
2075,"NOX_emissions","Tg N","Reference","GCAM","new",18.4188265126026
2080,"NOX_emissions","Tg N","Reference","GCAM","new",18.2400103618291
2085,"NOX_emissions","Tg N","Reference","GCAM","new",17.9790273817069
2090,"NOX_emissions","Tg N","Reference","GCAM","new",17.7584502204842
2095,"NOX_emissions","Tg N","Reference","GCAM","new",17.5266570240482
2100,"NOX_emissions","Tg N","Reference","GCAM","new",17.281209420585
1990,"OC_emissions","Tg","Reference","GCAM","new",21.9817239659982
2005,"OC_emissions","Tg","Reference","GCAM","new",24.3117572583834
2010,"OC_emissions","Tg","Reference","GCAM","new",24.5319646480192
2015,"OC_emissions","Tg","Reference","GCAM","new",24.4355732604042
2021,"OC_emissions","Tg","Reference","GCAM","new",24.2088870352863
2025,"OC_emissions","Tg","Reference","GCAM","new",25.5617233673491
2030,"OC_emissions","Tg","Reference","GCAM","new",23.7635729958303
2035,"OC_emissions","Tg","Reference","GCAM","new",22.8803852505747
2040,"OC_emissions","Tg","Reference","GCAM","new",22.4503190723437
2045,"OC_emissions","Tg","Reference","GCAM","new",21.9717096048738
2050,"OC_emissions","Tg","Reference","GCAM","new",21.486613327156
2055,"OC_emissions","Tg","Reference","GCAM","new",21.3483642095724
2060,"OC_emissions","Tg","Reference","GCAM","new",21.1119608984055
2065,"OC_emissions","Tg","Reference","GCAM","new",20.7878676767451
2070,"OC_emissions","Tg","Reference","GCAM","new",20.4543317650559
2075,"OC_emissions","Tg","Reference","GCAM","new",20.0916418841514
2080,"OC_emissions","Tg","Reference","GCAM","new",19.7097448307922
2085,"OC_emissions","Tg","Reference","GCAM","new",19.3011581711522
2090,"OC_emissions","Tg","Reference","GCAM","new",18.8862555206044
2095,"OC_emissions","Tg","Reference","GCAM","new",18.4524286807476
2100,"OC_emissions","Tg","Reference","GCAM","new",18.0392141102806
1990,"SO2_emissions","Gg S","Reference","GCAM","new",66711.8284101281
2005,"SO2_emissions","Gg S","Reference","GCAM","new",61913.4547936225
2010,"SO2_emissions","Gg S","Reference","GCAM","new",52807.0961490862
2015,"SO2_emissions","Gg S","Reference","GCAM","new",44768.7842796308
2021,"SO2_emissions","Gg S","Reference","GCAM","new",34093.748791515
2025,"SO2_emissions","Gg S","Reference","GCAM","new",31919.5509125885
2030,"SO2_emissions","Gg S","Reference","GCAM","new",29330.6615265715
2035,"SO2_emissions","Gg S","Reference","GCAM","new",27029.113490583
2040,"SO2_emissions","Gg S","Reference","GCAM","new",25486.990935812
2045,"SO2_emissions","Gg S","Reference","GCAM","new",24227.063274383
2050,"SO2_emissions","Gg S","Reference","GCAM","new",23137.2617514544
2055,"SO2_emissions","Gg S","Reference","GCAM","new",22215.102037757
2060,"SO2_emissions","Gg S","Reference","GCAM","new",21697.2167660426
2065,"SO2_emissions","Gg S","Reference","GCAM","new",21378.4115274788
2070,"SO2_emissions","Gg S","Reference","GCAM","new",21120.8032469791
2075,"SO2_emissions","Gg S","Reference","GCAM","new",20925.5002105008
2080,"SO2_emissions","Gg S","Reference","GCAM","new",20739.3433186764
2085,"SO2_emissions","Gg S","Reference","GCAM","new",20277.8198224137
2090,"SO2_emissions","Gg S","Reference","GCAM","new",19907.1629150926
2095,"SO2_emissions","Gg S","Reference","GCAM","new",19532.0011536749
2100,"SO2_emissions","Gg S","Reference","GCAM","new",19067.0450187316
2005,"C2F6_emissions","Gg","GCAM_SSP4","GCAM","new",1.3326894438
2010,"C2F6_emissions","Gg","GCAM_SSP4","GCAM","new",1.1421159114
2015,"C2F6_emissions","Gg","GCAM_SSP4","GCAM","new",1.4890217964
2021,"C2F6_emissions","Gg","GCAM_SSP4","GCAM","new",1.5013436056
2025,"C2F6_emissions","Gg","GCAM_SSP4","GCAM","new",1.5837985196
2030,"C2F6_emissions","Gg","GCAM_SSP4","GCAM","new",1.7048200312
2035,"C2F6_emissions","Gg","GCAM_SSP4","GCAM","new",1.8118765928
2040,"C2F6_emissions","Gg","GCAM_SSP4","GCAM","new",1.8700495492
2045,"C2F6_emissions","Gg","GCAM_SSP4","GCAM","new",1.9156352758
2050,"C2F6_emissions","Gg","GCAM_SSP4","GCAM","new",1.9513136427
2055,"C2F6_emissions","Gg","GCAM_SSP4","GCAM","new",1.9665350628
2060,"C2F6_emissions","Gg","GCAM_SSP4","GCAM","new",1.9738651213
2065,"C2F6_emissions","Gg","GCAM_SSP4","GCAM","new",1.974060512
2070,"C2F6_emissions","Gg","GCAM_SSP4","GCAM","new",1.9635916674
2075,"C2F6_emissions","Gg","GCAM_SSP4","GCAM","new",1.9467019569
2080,"C2F6_emissions","Gg","GCAM_SSP4","GCAM","new",1.9230259146
2085,"C2F6_emissions","Gg","GCAM_SSP4","GCAM","new",1.8922375843
2090,"C2F6_emissions","Gg","GCAM_SSP4","GCAM","new",1.8621613013
2095,"C2F6_emissions","Gg","GCAM_SSP4","GCAM","new",1.8316966493
2100,"C2F6_emissions","Gg","GCAM_SSP4","GCAM","new",1.7981538662
2005,"CF4_emissions","Gg","GCAM_SSP4","GCAM","new",4.5595095224
2010,"CF4_emissions","Gg","GCAM_SSP4","GCAM","new",3.4908554511
2015,"CF4_emissions","Gg","GCAM_SSP4","GCAM","new",4.5419844727
2021,"CF4_emissions","Gg","GCAM_SSP4","GCAM","new",4.66616681119
2025,"CF4_emissions","Gg","GCAM_SSP4","GCAM","new",4.9293356144
2030,"CF4_emissions","Gg","GCAM_SSP4","GCAM","new",5.2725038451
2035,"CF4_emissions","Gg","GCAM_SSP4","GCAM","new",5.5559793723
2040,"CF4_emissions","Gg","GCAM_SSP4","GCAM","new",5.7006288757
2045,"CF4_emissions","Gg","GCAM_SSP4","GCAM","new",5.81197306166
2050,"CF4_emissions","Gg","GCAM_SSP4","GCAM","new",5.9325389015
2055,"CF4_emissions","Gg","GCAM_SSP4","GCAM","new",6.00490954532
2060,"CF4_emissions","Gg","GCAM_SSP4","GCAM","new",6.05481697004
2065,"CF4_emissions","Gg","GCAM_SSP4","GCAM","new",6.08377788661
2070,"CF4_emissions","Gg","GCAM_SSP4","GCAM","new",6.0779333418
2075,"CF4_emissions","Gg","GCAM_SSP4","GCAM","new",6.05171040612
2080,"CF4_emissions","Gg","GCAM_SSP4","GCAM","new",6.00058938012
2085,"CF4_emissions","Gg","GCAM_SSP4","GCAM","new",5.92315357907
2090,"CF4_emissions","Gg","GCAM_SSP4","GCAM","new",5.85090282555
2095,"CF4_emissions","Gg","GCAM_SSP4","GCAM","new",5.78056233819
2100,"CF4_emissions","Gg","GCAM_SSP4","GCAM","new",5.70051940811
2005,"HFC125_emissions","Gg","GCAM_SSP4","GCAM","new",13.4736975439
2010,"HFC125_emissions","Gg","GCAM_SSP4","GCAM","new",25.754668812
2015,"HFC125_emissions","Gg","GCAM_SSP4","GCAM","new",39.522956612
2021,"HFC125_emissions","Gg","GCAM_SSP4","GCAM","new",76.34528554
2025,"HFC125_emissions","Gg","GCAM_SSP4","GCAM","new",98.002869516
2030,"HFC125_emissions","Gg","GCAM_SSP4","GCAM","new",128.668691736
2035,"HFC125_emissions","Gg","GCAM_SSP4","GCAM","new",145.51322264
2040,"HFC125_emissions","Gg","GCAM_SSP4","GCAM","new",159.061984224
2045,"HFC125_emissions","Gg","GCAM_SSP4","GCAM","new",172.688856554
2050,"HFC125_emissions","Gg","GCAM_SSP4","GCAM","new",186.310403435
2055,"HFC125_emissions","Gg","GCAM_SSP4","GCAM","new",198.974685985
2060,"HFC125_emissions","Gg","GCAM_SSP4","GCAM","new",211.880638645
2065,"HFC125_emissions","Gg","GCAM_SSP4","GCAM","new",224.70925212
2070,"HFC125_emissions","Gg","GCAM_SSP4","GCAM","new",236.7602212
2075,"HFC125_emissions","Gg","GCAM_SSP4","GCAM","new",248.555706047
2080,"HFC125_emissions","Gg","GCAM_SSP4","GCAM","new",259.810013188
2085,"HFC125_emissions","Gg","GCAM_SSP4","GCAM","new",270.306911113
2090,"HFC125_emissions","Gg","GCAM_SSP4","GCAM","new",280.630888801
2095,"HFC125_emissions","Gg","GCAM_SSP4","GCAM","new",290.73169814
2100,"HFC125_emissions","Gg","GCAM_SSP4","GCAM","new",300.036619118
2005,"HFC134a_emissions","Gg","GCAM_SSP4","GCAM","new",130.6109941672
2010,"HFC134a_emissions","Gg","GCAM_SSP4","GCAM","new",181.60389160285
2015,"HFC134a_emissions","Gg","GCAM_SSP4","GCAM","new",244.0811181717
2021,"HFC134a_emissions","Gg","GCAM_SSP4","GCAM","new",312.4545100584
2025,"HFC134a_emissions","Gg","GCAM_SSP4","GCAM","new",338.23468642475
2030,"HFC134a_emissions","Gg","GCAM_SSP4","GCAM","new",383.2558192325
2035,"HFC134a_emissions","Gg","GCAM_SSP4","GCAM","new",424.989394321
2040,"HFC134a_emissions","Gg","GCAM_SSP4","GCAM","new",460.21691731
2045,"HFC134a_emissions","Gg","GCAM_SSP4","GCAM","new",497.6266718195
2050,"HFC134a_emissions","Gg","GCAM_SSP4","GCAM","new",538.050277153
2055,"HFC134a_emissions","Gg","GCAM_SSP4","GCAM","new",577.706117562
2060,"HFC134a_emissions","Gg","GCAM_SSP4","GCAM","new",620.18798978
2065,"HFC134a_emissions","Gg","GCAM_SSP4","GCAM","new",664.835948373
2070,"HFC134a_emissions","Gg","GCAM_SSP4","GCAM","new",709.686904855
2075,"HFC134a_emissions","Gg","GCAM_SSP4","GCAM","new",756.1832162365
2080,"HFC134a_emissions","Gg","GCAM_SSP4","GCAM","new",803.2355818875
2085,"HFC134a_emissions","Gg","GCAM_SSP4","GCAM","new",849.773558554
2090,"HFC134a_emissions","Gg","GCAM_SSP4","GCAM","new",897.4158203435
2095,"HFC134a_emissions","Gg","GCAM_SSP4","GCAM","new",945.806424467
2100,"HFC134a_emissions","Gg","GCAM_SSP4","GCAM","new",992.449891277
2005,"HFC143a_emissions","Gg","GCAM_SSP4","GCAM","new",16.657881676495
2010,"HFC143a_emissions","Gg","GCAM_SSP4","GCAM","new",28.150171402278
2015,"HFC143a_emissions","Gg","GCAM_SSP4","GCAM","new",43.238085254551
2021,"HFC143a_emissions","Gg","GCAM_SSP4","GCAM","new",83.173213309551
2025,"HFC143a_emissions","Gg","GCAM_SSP4","GCAM","new",106.535601564995
2030,"HFC143a_emissions","Gg","GCAM_SSP4","GCAM","new",139.741899952668
2035,"HFC143a_emissions","Gg","GCAM_SSP4","GCAM","new",158.08636652869
2040,"HFC143a_emissions","Gg","GCAM_SSP4","GCAM","new",172.863508011183
2045,"HFC143a_emissions","Gg","GCAM_SSP4","GCAM","new",187.746102118971
2050,"HFC143a_emissions","Gg","GCAM_SSP4","GCAM","new",202.652324770941
2055,"HFC143a_emissions","Gg","GCAM_SSP4","GCAM","new",216.543765877445
2060,"HFC143a_emissions","Gg","GCAM_SSP4","GCAM","new",230.728625156335
2065,"HFC143a_emissions","Gg","GCAM_SSP4","GCAM","new",244.86083964126
2070,"HFC143a_emissions","Gg","GCAM_SSP4","GCAM","new",258.178150136353
2075,"HFC143a_emissions","Gg","GCAM_SSP4","GCAM","new",271.249451888349
2080,"HFC143a_emissions","Gg","GCAM_SSP4","GCAM","new",283.759793928662
2085,"HFC143a_emissions","Gg","GCAM_SSP4","GCAM","new",295.468941654613
2090,"HFC143a_emissions","Gg","GCAM_SSP4","GCAM","new",307.010193412984
2095,"HFC143a_emissions","Gg","GCAM_SSP4","GCAM","new",318.327146652453
2100,"HFC143a_emissions","Gg","GCAM_SSP4","GCAM","new",328.783237554024
2005,"HFC245fa_emissions","Gg","GCAM_SSP4","GCAM","new",3.426583998229
2010,"HFC245fa_emissions","Gg","GCAM_SSP4","GCAM","new",6.643179485242
2015,"HFC245fa_emissions","Gg","GCAM_SSP4","GCAM","new",8.489817647341
2021,"HFC245fa_emissions","Gg","GCAM_SSP4","GCAM","new",8.496387675183
2025,"HFC245fa_emissions","Gg","GCAM_SSP4","GCAM","new",8.916116997264
2030,"HFC245fa_emissions","Gg","GCAM_SSP4","GCAM","new",10.387988816658
2035,"HFC245fa_emissions","Gg","GCAM_SSP4","GCAM","new",10.437218156259
2040,"HFC245fa_emissions","Gg","GCAM_SSP4","GCAM","new",10.658329001244
2045,"HFC245fa_emissions","Gg","GCAM_SSP4","GCAM","new",10.882667336808
2050,"HFC245fa_emissions","Gg","GCAM_SSP4","GCAM","new",11.223876463695
2055,"HFC245fa_emissions","Gg","GCAM_SSP4","GCAM","new",11.541218080333
2060,"HFC245fa_emissions","Gg","GCAM_SSP4","GCAM","new",11.852064132313
2065,"HFC245fa_emissions","Gg","GCAM_SSP4","GCAM","new",12.153355661982
2070,"HFC245fa_emissions","Gg","GCAM_SSP4","GCAM","new",12.425007360268
2075,"HFC245fa_emissions","Gg","GCAM_SSP4","GCAM","new",12.675808915109
2080,"HFC245fa_emissions","Gg","GCAM_SSP4","GCAM","new",12.907043280275
2085,"HFC245fa_emissions","Gg","GCAM_SSP4","GCAM","new",13.102489857882
2090,"HFC245fa_emissions","Gg","GCAM_SSP4","GCAM","new",13.286653446007
2095,"HFC245fa_emissions","Gg","GCAM_SSP4","GCAM","new",13.448361896013
2100,"HFC245fa_emissions","Gg","GCAM_SSP4","GCAM","new",13.571801280052
2005,"HFC227ea_emissions","Gg","GCAM_SSP4","GCAM","new",2.128184574
2010,"HFC227ea_emissions","Gg","GCAM_SSP4","GCAM","new",3.69184179
2015,"HFC227ea_emissions","Gg","GCAM_SSP4","GCAM","new",6.00504143
2021,"HFC227ea_emissions","Gg","GCAM_SSP4","GCAM","new",6.00504143
2025,"HFC227ea_emissions","Gg","GCAM_SSP4","GCAM","new",3.74020471
2030,"HFC227ea_emissions","Gg","GCAM_SSP4","GCAM","new",4.05568957
2035,"HFC227ea_emissions","Gg","GCAM_SSP4","GCAM","new",4.09306031
2040,"HFC227ea_emissions","Gg","GCAM_SSP4","GCAM","new",4.12509137
2045,"HFC227ea_emissions","Gg","GCAM_SSP4","GCAM","new",3.99865356
2050,"HFC227ea_emissions","Gg","GCAM_SSP4","GCAM","new",4.02436135
2055,"HFC227ea_emissions","Gg","GCAM_SSP4","GCAM","new",4.04822666
2060,"HFC227ea_emissions","Gg","GCAM_SSP4","GCAM","new",4.06199472
2065,"HFC227ea_emissions","Gg","GCAM_SSP4","GCAM","new",4.06430689
2070,"HFC227ea_emissions","Gg","GCAM_SSP4","GCAM","new",4.05715309
2075,"HFC227ea_emissions","Gg","GCAM_SSP4","GCAM","new",4.04218998
2080,"HFC227ea_emissions","Gg","GCAM_SSP4","GCAM","new",4.020041084
2085,"HFC227ea_emissions","Gg","GCAM_SSP4","GCAM","new",3.990833212
2090,"HFC227ea_emissions","Gg","GCAM_SSP4","GCAM","new",3.95499799
2095,"HFC227ea_emissions","Gg","GCAM_SSP4","GCAM","new",3.912530354
2100,"HFC227ea_emissions","Gg","GCAM_SSP4","GCAM","new",3.862759076
2015,"HFC23_emissions","Gg","GCAM_SSP4","GCAM","new",10.3569308623802
2021,"HFC23_emissions","Gg","GCAM_SSP4","GCAM","new",10.991813302661
2025,"HFC23_emissions","Gg","GCAM_SSP4","GCAM","new",11.889803208463
2030,"HFC23_emissions","Gg","GCAM_SSP4","GCAM","new",12.880628332849
2035,"HFC23_emissions","Gg","GCAM_SSP4","GCAM","new",13.664188371434
2040,"HFC23_emissions","Gg","GCAM_SSP4","GCAM","new",14.017586435187
2045,"HFC23_emissions","Gg","GCAM_SSP4","GCAM","new",14.25625111085
2050,"HFC23_emissions","Gg","GCAM_SSP4","GCAM","new",14.319311176858
2055,"HFC23_emissions","Gg","GCAM_SSP4","GCAM","new",14.182479304462
2060,"HFC23_emissions","Gg","GCAM_SSP4","GCAM","new",13.967663606964
2065,"HFC23_emissions","Gg","GCAM_SSP4","GCAM","new",13.690461590983
2070,"HFC23_emissions","Gg","GCAM_SSP4","GCAM","new",13.313662066852
2075,"HFC23_emissions","Gg","GCAM_SSP4","GCAM","new",12.881466916226
2080,"HFC23_emissions","Gg","GCAM_SSP4","GCAM","new",12.379522334767
2085,"HFC23_emissions","Gg","GCAM_SSP4","GCAM","new",11.807354779102
2090,"HFC23_emissions","Gg","GCAM_SSP4","GCAM","new",11.260207767813
2095,"HFC23_emissions","Gg","GCAM_SSP4","GCAM","new",10.732523097886
2100,"HFC23_emissions","Gg","GCAM_SSP4","GCAM","new",10.191042631211
2005,"HFC32_emissions","Gg","GCAM_SSP4","GCAM","new",1.2060792957
2010,"HFC32_emissions","Gg","GCAM_SSP4","GCAM","new",2.0280780141
2015,"HFC32_emissions","Gg","GCAM_SSP4","GCAM","new",3.1124133134
2021,"HFC32_emissions","Gg","GCAM_SSP4","GCAM","new",6.0196014741
2025,"HFC32_emissions","Gg","GCAM_SSP4","GCAM","new",7.7310207928
2030,"HFC32_emissions","Gg","GCAM_SSP4","GCAM","new",10.1546882392
2035,"HFC32_emissions","Gg","GCAM_SSP4","GCAM","new",11.4837465812
2040,"HFC32_emissions","Gg","GCAM_SSP4","GCAM","new",12.5525195414
2045,"HFC32_emissions","Gg","GCAM_SSP4","GCAM","new",13.6272029208
2050,"HFC32_emissions","Gg","GCAM_SSP4","GCAM","new",14.7011533529
2055,"HFC32_emissions","Gg","GCAM_SSP4","GCAM","new",15.6992986778
2060,"HFC32_emissions","Gg","GCAM_SSP4","GCAM","new",16.7161542196
2065,"HFC32_emissions","Gg","GCAM_SSP4","GCAM","new",17.7265815883
2070,"HFC32_emissions","Gg","GCAM_SSP4","GCAM","new",18.6752910709
2075,"HFC32_emissions","Gg","GCAM_SSP4","GCAM","new",19.6034945448
2080,"HFC32_emissions","Gg","GCAM_SSP4","GCAM","new",20.4886954837
2085,"HFC32_emissions","Gg","GCAM_SSP4","GCAM","new",21.313887012
2090,"HFC32_emissions","Gg","GCAM_SSP4","GCAM","new",22.1252226065
2095,"HFC32_emissions","Gg","GCAM_SSP4","GCAM","new",22.918759768
2100,"HFC32_emissions","Gg","GCAM_SSP4","GCAM","new",23.649437867
1990,"SF6_emissions","Gg","GCAM_SSP4","GCAM","new",2.7646554195
2005,"SF6_emissions","Gg","GCAM_SSP4","GCAM","new",2.5740714763
2010,"SF6_emissions","Gg","GCAM_SSP4","GCAM","new",3.0635693566
2015,"SF6_emissions","Gg","GCAM_SSP4","GCAM","new",3.6045659027
2021,"SF6_emissions","Gg","GCAM_SSP4","GCAM","new",4.2902322408
2025,"SF6_emissions","Gg","GCAM_SSP4","GCAM","new",4.66002317175
2030,"SF6_emissions","Gg","GCAM_SSP4","GCAM","new",5.25227234651
2035,"SF6_emissions","Gg","GCAM_SSP4","GCAM","new",5.86226636302
2040,"SF6_emissions","Gg","GCAM_SSP4","GCAM","new",6.16945564884
2045,"SF6_emissions","Gg","GCAM_SSP4","GCAM","new",6.36089222171
2050,"SF6_emissions","Gg","GCAM_SSP4","GCAM","new",6.7775824143
2055,"SF6_emissions","Gg","GCAM_SSP4","GCAM","new",7.10511542579
2060,"SF6_emissions","Gg","GCAM_SSP4","GCAM","new",7.42395864509
2065,"SF6_emissions","Gg","GCAM_SSP4","GCAM","new",7.73326071777
2070,"SF6_emissions","Gg","GCAM_SSP4","GCAM","new",7.99194623858
2075,"SF6_emissions","Gg","GCAM_SSP4","GCAM","new",8.21455304863
2080,"SF6_emissions","Gg","GCAM_SSP4","GCAM","new",8.39983617985
2085,"SF6_emissions","Gg","GCAM_SSP4","GCAM","new",8.55079115809
2090,"SF6_emissions","Gg","GCAM_SSP4","GCAM","new",8.72745383422
2095,"SF6_emissions","Gg","GCAM_SSP4","GCAM","new",8.91504787637
2100,"SF6_emissions","Gg","GCAM_SSP4","GCAM","new",9.10806121458
1990,"CF4_emissions","Gg","GCAM_SSP4","GCAM","new",11.1037607851
2010,"HFC23_emissions","Gg","GCAM_SSP4","GCAM","new",9.0445387905
1990,"C2F6_emissions","Gg","GCAM_SSP4","GCAM","new",1.6781865058
2005,"HFC23_emissions","Gg","GCAM_SSP4","GCAM","new",6.8150399058
1990,"HFC23_emissions","Gg","GCAM_SSP4","GCAM","new",9.1995099459024
1990,"HFC134a_emissions","Gg","GCAM_SSP4","GCAM","new",0.00555238062543
1990,"HFC245fa_emissions","Gg","GCAM_SSP4","GCAM","new",9.010356e-06
1990,"HFC143a_emissions","Gg","GCAM_SSP4","GCAM","new",1.078794e-05
1990,"ffi_emissions","Pg C/yr","GCAM_SSP4","GCAM","new",6.06840647492851
2005,"ffi_emissions","Pg C/yr","GCAM_SSP4","GCAM","new",8.03407247058697
2010,"ffi_emissions","Pg C/yr","GCAM_SSP4","GCAM","new",9.12766818353557
2015,"ffi_emissions","Pg C/yr","GCAM_SSP4","GCAM","new",9.7579286220489
2021,"ffi_emissions","Pg C/yr","GCAM_SSP4","GCAM","new",10.1203471154083
2025,"ffi_emissions","Pg C/yr","GCAM_SSP4","GCAM","new",10.9070568195461
2030,"ffi_emissions","Pg C/yr","GCAM_SSP4","GCAM","new",11.1491682330167
2035,"ffi_emissions","Pg C/yr","GCAM_SSP4","GCAM","new",11.0333925601539
2040,"ffi_emissions","Pg C/yr","GCAM_SSP4","GCAM","new",10.8245597002279
2045,"ffi_emissions","Pg C/yr","GCAM_SSP4","GCAM","new",10.5440705484116
2050,"ffi_emissions","Pg C/yr","GCAM_SSP4","GCAM","new",10.1864646592772
2055,"ffi_emissions","Pg C/yr","GCAM_SSP4","GCAM","new",9.95935465685769
2060,"ffi_emissions","Pg C/yr","GCAM_SSP4","GCAM","new",9.83815679688661
2065,"ffi_emissions","Pg C/yr","GCAM_SSP4","GCAM","new",9.77678739546804
2070,"ffi_emissions","Pg C/yr","GCAM_SSP4","GCAM","new",9.76249728747383
2075,"ffi_emissions","Pg C/yr","GCAM_SSP4","GCAM","new",9.82106064002914
2080,"ffi_emissions","Pg C/yr","GCAM_SSP4","GCAM","new",9.81326189749932
2085,"ffi_emissions","Pg C/yr","GCAM_SSP4","GCAM","new",9.74614348758226
2090,"ffi_emissions","Pg C/yr","GCAM_SSP4","GCAM","new",9.7627725325135
2095,"ffi_emissions","Pg C/yr","GCAM_SSP4","GCAM","new",9.83752151110023
2100,"ffi_emissions","Pg C/yr","GCAM_SSP4","GCAM","new",9.95364141490301
1990,"BC_emissions","Tg","GCAM_SSP4","GCAM","new",7.12704585713481
2005,"BC_emissions","Tg","GCAM_SSP4","GCAM","new",7.41362502720224
2010,"BC_emissions","Tg","GCAM_SSP4","GCAM","new",7.49797938684743
2015,"BC_emissions","Tg","GCAM_SSP4","GCAM","new",7.08983568559347
2021,"BC_emissions","Tg","GCAM_SSP4","GCAM","new",6.64435063494617
2025,"BC_emissions","Tg","GCAM_SSP4","GCAM","new",6.95385160330544
2030,"BC_emissions","Tg","GCAM_SSP4","GCAM","new",6.47127121743346
2035,"BC_emissions","Tg","GCAM_SSP4","GCAM","new",6.05443871539171
2040,"BC_emissions","Tg","GCAM_SSP4","GCAM","new",5.67827982440861
2045,"BC_emissions","Tg","GCAM_SSP4","GCAM","new",5.43338044284111
2050,"BC_emissions","Tg","GCAM_SSP4","GCAM","new",5.17010570479346
2055,"BC_emissions","Tg","GCAM_SSP4","GCAM","new",4.91453594027746
2060,"BC_emissions","Tg","GCAM_SSP4","GCAM","new",4.68071516905716
2065,"BC_emissions","Tg","GCAM_SSP4","GCAM","new",4.44867617534796
2070,"BC_emissions","Tg","GCAM_SSP4","GCAM","new",4.22952103939221
2075,"BC_emissions","Tg","GCAM_SSP4","GCAM","new",4.00602496572732
2080,"BC_emissions","Tg","GCAM_SSP4","GCAM","new",3.78226236928739
2085,"BC_emissions","Tg","GCAM_SSP4","GCAM","new",3.56694826387675
2090,"BC_emissions","Tg","GCAM_SSP4","GCAM","new",3.35838333402585
2095,"BC_emissions","Tg","GCAM_SSP4","GCAM","new",3.15321212639208
2100,"BC_emissions","Tg","GCAM_SSP4","GCAM","new",2.96218933453915
1990,"CH4_emissions","Tg CH4","GCAM_SSP4","GCAM","new",294.342154314368
2005,"CH4_emissions","Tg CH4","GCAM_SSP4","GCAM","new",307.732599028375
2010,"CH4_emissions","Tg CH4","GCAM_SSP4","GCAM","new",318.260219919313
2015,"CH4_emissions","Tg CH4","GCAM_SSP4","GCAM","new",330.271719137243
2021,"CH4_emissions","Tg CH4","GCAM_SSP4","GCAM","new",343.678021212938
2025,"CH4_emissions","Tg CH4","GCAM_SSP4","GCAM","new",366.068918317545
2030,"CH4_emissions","Tg CH4","GCAM_SSP4","GCAM","new",381.1755224078
2035,"CH4_emissions","Tg CH4","GCAM_SSP4","GCAM","new",392.294112860943
2040,"CH4_emissions","Tg CH4","GCAM_SSP4","GCAM","new",403.843414856457
2045,"CH4_emissions","Tg CH4","GCAM_SSP4","GCAM","new",414.730714864027
2050,"CH4_emissions","Tg CH4","GCAM_SSP4","GCAM","new",427.869852797507
2055,"CH4_emissions","Tg CH4","GCAM_SSP4","GCAM","new",441.986427831902
2060,"CH4_emissions","Tg CH4","GCAM_SSP4","GCAM","new",457.459350932798
2065,"CH4_emissions","Tg CH4","GCAM_SSP4","GCAM","new",472.449185403538
2070,"CH4_emissions","Tg CH4","GCAM_SSP4","GCAM","new",485.962961911042
2075,"CH4_emissions","Tg CH4","GCAM_SSP4","GCAM","new",499.805878513489
2080,"CH4_emissions","Tg CH4","GCAM_SSP4","GCAM","new",512.105432721046
2085,"CH4_emissions","Tg CH4","GCAM_SSP4","GCAM","new",522.833788754859
2090,"CH4_emissions","Tg CH4","GCAM_SSP4","GCAM","new",535.638951722724
2095,"CH4_emissions","Tg CH4","GCAM_SSP4","GCAM","new",548.483850998732
2100,"CH4_emissions","Tg CH4","GCAM_SSP4","GCAM","new",561.069922395559
1990,"CO_emissions","Tg CO","GCAM_SSP4","GCAM","new",817.214574353359
2005,"CO_emissions","Tg CO","GCAM_SSP4","GCAM","new",777.587321035316
2010,"CO_emissions","Tg CO","GCAM_SSP4","GCAM","new",754.830819504959
2015,"CO_emissions","Tg CO","GCAM_SSP4","GCAM","new",730.713946294208
2021,"CO_emissions","Tg CO","GCAM_SSP4","GCAM","new",667.826072449386
2025,"CO_emissions","Tg CO","GCAM_SSP4","GCAM","new",696.33964362407
2030,"CO_emissions","Tg CO","GCAM_SSP4","GCAM","new",646.815004945099
2035,"CO_emissions","Tg CO","GCAM_SSP4","GCAM","new",607.851393685542
2040,"CO_emissions","Tg CO","GCAM_SSP4","GCAM","new",575.056346976504
2045,"CO_emissions","Tg CO","GCAM_SSP4","GCAM","new",545.695980714093
2050,"CO_emissions","Tg CO","GCAM_SSP4","GCAM","new",522.644169277511
2055,"CO_emissions","Tg CO","GCAM_SSP4","GCAM","new",505.915327818514
2060,"CO_emissions","Tg CO","GCAM_SSP4","GCAM","new",489.097084512449
2065,"CO_emissions","Tg CO","GCAM_SSP4","GCAM","new",471.928271806443
2070,"CO_emissions","Tg CO","GCAM_SSP4","GCAM","new",456.806427991477
2075,"CO_emissions","Tg CO","GCAM_SSP4","GCAM","new",440.481562597021
2080,"CO_emissions","Tg CO","GCAM_SSP4","GCAM","new",424.477919542319
2085,"CO_emissions","Tg CO","GCAM_SSP4","GCAM","new",408.84835481201
2090,"CO_emissions","Tg CO","GCAM_SSP4","GCAM","new",392.294676577987
2095,"CO_emissions","Tg CO","GCAM_SSP4","GCAM","new",375.749377468554
2100,"CO_emissions","Tg CO","GCAM_SSP4","GCAM","new",360.395284733395
1990,NA,NA,"GCAM_SSP4","GCAM","new",NA
2005,NA,NA,"GCAM_SSP4","GCAM","new",NA
2010,NA,NA,"GCAM_SSP4","GCAM","new",NA
2015,NA,NA,"GCAM_SSP4","GCAM","new",NA
2021,NA,NA,"GCAM_SSP4","GCAM","new",NA
2025,NA,NA,"GCAM_SSP4","GCAM","new",NA
2030,NA,NA,"GCAM_SSP4","GCAM","new",NA
2035,NA,NA,"GCAM_SSP4","GCAM","new",NA
2040,NA,NA,"GCAM_SSP4","GCAM","new",NA
2045,NA,NA,"GCAM_SSP4","GCAM","new",NA
2050,NA,NA,"GCAM_SSP4","GCAM","new",NA
2055,NA,NA,"GCAM_SSP4","GCAM","new",NA
2060,NA,NA,"GCAM_SSP4","GCAM","new",NA
2065,NA,NA,"GCAM_SSP4","GCAM","new",NA
2070,NA,NA,"GCAM_SSP4","GCAM","new",NA
2075,NA,NA,"GCAM_SSP4","GCAM","new",NA
2080,NA,NA,"GCAM_SSP4","GCAM","new",NA
2085,NA,NA,"GCAM_SSP4","GCAM","new",NA
2090,NA,NA,"GCAM_SSP4","GCAM","new",NA
2095,NA,NA,"GCAM_SSP4","GCAM","new",NA
2100,NA,NA,"GCAM_SSP4","GCAM","new",NA
1990,"N2O_emissions","Tg N","GCAM_SSP4","GCAM","new",5.37350448790438
2005,"N2O_emissions","Tg N","GCAM_SSP4","GCAM","new",5.94641244437159
2010,"N2O_emissions","Tg N","GCAM_SSP4","GCAM","new",6.26240472417544
2015,"N2O_emissions","Tg N","GCAM_SSP4","GCAM","new",6.60579978412911
2021,"N2O_emissions","Tg N","GCAM_SSP4","GCAM","new",6.9118005046572
2025,"N2O_emissions","Tg N","GCAM_SSP4","GCAM","new",7.43761158145643
2030,"N2O_emissions","Tg N","GCAM_SSP4","GCAM","new",7.87720938751444
2035,"N2O_emissions","Tg N","GCAM_SSP4","GCAM","new",8.25825480879302
2040,"N2O_emissions","Tg N","GCAM_SSP4","GCAM","new",8.63065929511062
2045,"N2O_emissions","Tg N","GCAM_SSP4","GCAM","new",8.99152723918436
2050,"N2O_emissions","Tg N","GCAM_SSP4","GCAM","new",9.432241220629
2055,"N2O_emissions","Tg N","GCAM_SSP4","GCAM","new",9.90010049859105
2060,"N2O_emissions","Tg N","GCAM_SSP4","GCAM","new",10.3875674820802
2065,"N2O_emissions","Tg N","GCAM_SSP4","GCAM","new",10.8413093993227
2070,"N2O_emissions","Tg N","GCAM_SSP4","GCAM","new",11.2535506712816
2075,"N2O_emissions","Tg N","GCAM_SSP4","GCAM","new",11.6329028452148
2080,"N2O_emissions","Tg N","GCAM_SSP4","GCAM","new",11.9971396437733
2085,"N2O_emissions","Tg N","GCAM_SSP4","GCAM","new",12.3413544926744
2090,"N2O_emissions","Tg N","GCAM_SSP4","GCAM","new",12.704034871652
2095,"N2O_emissions","Tg N","GCAM_SSP4","GCAM","new",13.0571984600876
2100,"N2O_emissions","Tg N","GCAM_SSP4","GCAM","new",13.3962131717071
1990,"NH3_emissions","Tg","GCAM_SSP4","GCAM","new",49.4266975220743
2005,"NH3_emissions","Tg","GCAM_SSP4","GCAM","new",54.918472434314
2010,"NH3_emissions","Tg","GCAM_SSP4","GCAM","new",58.7894841777933
2015,"NH3_emissions","Tg","GCAM_SSP4","GCAM","new",62.0021472414798
2021,"NH3_emissions","Tg","GCAM_SSP4","GCAM","new",66.007265854881
2025,"NH3_emissions","Tg","GCAM_SSP4","GCAM","new",71.0894645669261
2030,"NH3_emissions","Tg","GCAM_SSP4","GCAM","new",75.6692549387186
2035,"NH3_emissions","Tg","GCAM_SSP4","GCAM","new",80.2760916867706
2040,"NH3_emissions","Tg","GCAM_SSP4","GCAM","new",84.8547642781559
2045,"NH3_emissions","Tg","GCAM_SSP4","GCAM","new",89.1897682213017
2050,"NH3_emissions","Tg","GCAM_SSP4","GCAM","new",93.0845778275339
2055,"NH3_emissions","Tg","GCAM_SSP4","GCAM","new",96.8283001951484
2060,"NH3_emissions","Tg","GCAM_SSP4","GCAM","new",100.803238744063
2065,"NH3_emissions","Tg","GCAM_SSP4","GCAM","new",104.546022633935
2070,"NH3_emissions","Tg","GCAM_SSP4","GCAM","new",108.012154460453
2075,"NH3_emissions","Tg","GCAM_SSP4","GCAM","new",111.138740819024
2080,"NH3_emissions","Tg","GCAM_SSP4","GCAM","new",114.002953477602
2085,"NH3_emissions","Tg","GCAM_SSP4","GCAM","new",116.71831934684
2090,"NH3_emissions","Tg","GCAM_SSP4","GCAM","new",119.579268251209
2095,"NH3_emissions","Tg","GCAM_SSP4","GCAM","new",122.248576230308
2100,"NH3_emissions","Tg","GCAM_SSP4","GCAM","new",124.817208990195
1990,"NMVOC_emissions","Tg NMVOC","GCAM_SSP4","GCAM","new",157.402670021465
2005,"NMVOC_emissions","Tg NMVOC","GCAM_SSP4","GCAM","new",162.071074187007
2010,"NMVOC_emissions","Tg NMVOC","GCAM_SSP4","GCAM","new",166.435884585333
2015,"NMVOC_emissions","Tg NMVOC","GCAM_SSP4","GCAM","new",174.592108656923
2021,"NMVOC_emissions","Tg NMVOC","GCAM_SSP4","GCAM","new",171.781634625689
2025,"NMVOC_emissions","Tg NMVOC","GCAM_SSP4","GCAM","new",174.485636140067
2030,"NMVOC_emissions","Tg NMVOC","GCAM_SSP4","GCAM","new",166.213735360973
2035,"NMVOC_emissions","Tg NMVOC","GCAM_SSP4","GCAM","new",159.921544781395
2040,"NMVOC_emissions","Tg NMVOC","GCAM_SSP4","GCAM","new",155.12891256586
2045,"NMVOC_emissions","Tg NMVOC","GCAM_SSP4","GCAM","new",150.872515752935
2050,"NMVOC_emissions","Tg NMVOC","GCAM_SSP4","GCAM","new",147.99388230755
2055,"NMVOC_emissions","Tg NMVOC","GCAM_SSP4","GCAM","new",146.639674549723
2060,"NMVOC_emissions","Tg NMVOC","GCAM_SSP4","GCAM","new",146.004024857749
2065,"NMVOC_emissions","Tg NMVOC","GCAM_SSP4","GCAM","new",145.216004159119
2070,"NMVOC_emissions","Tg NMVOC","GCAM_SSP4","GCAM","new",144.153135226926
2075,"NMVOC_emissions","Tg NMVOC","GCAM_SSP4","GCAM","new",142.728394107253
2080,"NMVOC_emissions","Tg NMVOC","GCAM_SSP4","GCAM","new",141.234275910871
2085,"NMVOC_emissions","Tg NMVOC","GCAM_SSP4","GCAM","new",139.481370420742
2090,"NMVOC_emissions","Tg NMVOC","GCAM_SSP4","GCAM","new",137.710210260113
2095,"NMVOC_emissions","Tg NMVOC","GCAM_SSP4","GCAM","new",135.581729971417
2100,"NMVOC_emissions","Tg NMVOC","GCAM_SSP4","GCAM","new",133.261208777734
1990,"NOX_emissions","Tg N","GCAM_SSP4","GCAM","new",36.4774433565084
2005,"NOX_emissions","Tg N","GCAM_SSP4","GCAM","new",41.4538102111583
2010,"NOX_emissions","Tg N","GCAM_SSP4","GCAM","new",40.6557539542688
2015,"NOX_emissions","Tg N","GCAM_SSP4","GCAM","new",39.4644054838489
2021,"NOX_emissions","Tg N","GCAM_SSP4","GCAM","new",35.6818572833577
2025,"NOX_emissions","Tg N","GCAM_SSP4","GCAM","new",40.4253832723561
2030,"NOX_emissions","Tg N","GCAM_SSP4","GCAM","new",37.4368918748988
2035,"NOX_emissions","Tg N","GCAM_SSP4","GCAM","new",33.6416415639772
2040,"NOX_emissions","Tg N","GCAM_SSP4","GCAM","new",30.1447700657874
2045,"NOX_emissions","Tg N","GCAM_SSP4","GCAM","new",28.5744095771087
2050,"NOX_emissions","Tg N","GCAM_SSP4","GCAM","new",26.9319122075976
2055,"NOX_emissions","Tg N","GCAM_SSP4","GCAM","new",25.6669449756511
2060,"NOX_emissions","Tg N","GCAM_SSP4","GCAM","new",24.7158932060915
2065,"NOX_emissions","Tg N","GCAM_SSP4","GCAM","new",23.8452533243521
2070,"NOX_emissions","Tg N","GCAM_SSP4","GCAM","new",23.0152451184931
2075,"NOX_emissions","Tg N","GCAM_SSP4","GCAM","new",22.2284087187581
2080,"NOX_emissions","Tg N","GCAM_SSP4","GCAM","new",21.3522229928357
2085,"NOX_emissions","Tg N","GCAM_SSP4","GCAM","new",20.3284164363865
2090,"NOX_emissions","Tg N","GCAM_SSP4","GCAM","new",19.4722587437557
2095,"NOX_emissions","Tg N","GCAM_SSP4","GCAM","new",18.6890284741785
2100,"NOX_emissions","Tg N","GCAM_SSP4","GCAM","new",17.9301939394462
1990,"OC_emissions","Tg","GCAM_SSP4","GCAM","new",22.2724865770082
2005,"OC_emissions","Tg","GCAM_SSP4","GCAM","new",23.6016893183934
2010,"OC_emissions","Tg","GCAM_SSP4","GCAM","new",24.3908849996095
2015,"OC_emissions","Tg","GCAM_SSP4","GCAM","new",24.2776259448052
2021,"OC_emissions","Tg","GCAM_SSP4","GCAM","new",23.9748202563535
2025,"OC_emissions","Tg","GCAM_SSP4","GCAM","new",25.2115047488969
2030,"OC_emissions","Tg","GCAM_SSP4","GCAM","new",23.8405177813324
2035,"OC_emissions","Tg","GCAM_SSP4","GCAM","new",22.6237702022137
2040,"OC_emissions","Tg","GCAM_SSP4","GCAM","new",22.0978613556924
2045,"OC_emissions","Tg","GCAM_SSP4","GCAM","new",21.3925960848131
2050,"OC_emissions","Tg","GCAM_SSP4","GCAM","new",20.6670303370564
2055,"OC_emissions","Tg","GCAM_SSP4","GCAM","new",20.0028497336093
2060,"OC_emissions","Tg","GCAM_SSP4","GCAM","new",19.245144104368
2065,"OC_emissions","Tg","GCAM_SSP4","GCAM","new",18.4057808312595
2070,"OC_emissions","Tg","GCAM_SSP4","GCAM","new",17.630326267519
2075,"OC_emissions","Tg","GCAM_SSP4","GCAM","new",16.8164195613521
2080,"OC_emissions","Tg","GCAM_SSP4","GCAM","new",16.0704971921955
2085,"OC_emissions","Tg","GCAM_SSP4","GCAM","new",15.4186273681581
2090,"OC_emissions","Tg","GCAM_SSP4","GCAM","new",14.7710957939323
2095,"OC_emissions","Tg","GCAM_SSP4","GCAM","new",14.1467505666836
2100,"OC_emissions","Tg","GCAM_SSP4","GCAM","new",13.6139305906962
1990,"SO2_emissions","Gg S","GCAM_SSP4","GCAM","new",66724.2006252781
2005,"SO2_emissions","Gg S","GCAM_SSP4","GCAM","new",61883.3155686425
2010,"SO2_emissions","Gg S","GCAM_SSP4","GCAM","new",52801.1196889706
2015,"SO2_emissions","Gg S","GCAM_SSP4","GCAM","new",44762.2210340576
2021,"SO2_emissions","Gg S","GCAM_SSP4","GCAM","new",34077.0545924128
2025,"SO2_emissions","Gg S","GCAM_SSP4","GCAM","new",36778.038728152
2030,"SO2_emissions","Gg S","GCAM_SSP4","GCAM","new",33609.2892012354
2035,"SO2_emissions","Gg S","GCAM_SSP4","GCAM","new",30237.7044267007
2040,"SO2_emissions","Gg S","GCAM_SSP4","GCAM","new",27764.4111675286
2045,"SO2_emissions","Gg S","GCAM_SSP4","GCAM","new",25712.0108192758
2050,"SO2_emissions","Gg S","GCAM_SSP4","GCAM","new",23875.9661736413
2055,"SO2_emissions","Gg S","GCAM_SSP4","GCAM","new",22535.4388465933
2060,"SO2_emissions","Gg S","GCAM_SSP4","GCAM","new",21558.6266575442
2065,"SO2_emissions","Gg S","GCAM_SSP4","GCAM","new",20672.2664208868
2070,"SO2_emissions","Gg S","GCAM_SSP4","GCAM","new",19722.2169378048
2075,"SO2_emissions","Gg S","GCAM_SSP4","GCAM","new",18794.248875552
2080,"SO2_emissions","Gg S","GCAM_SSP4","GCAM","new",17788.6066825957
2085,"SO2_emissions","Gg S","GCAM_SSP4","GCAM","new",16569.8417185536
2090,"SO2_emissions","Gg S","GCAM_SSP4","GCAM","new",15452.8135919995
2095,"SO2_emissions","Gg S","GCAM_SSP4","GCAM","new",14340.9631714186
2100,"SO2_emissions","Gg S","GCAM_SSP4","GCAM","new",13138.5618863232
2005,"C2F6_emissions","Gg","GCAM_SSP5","GCAM","new",1.3326894438
2010,"C2F6_emissions","Gg","GCAM_SSP5","GCAM","new",1.1421159114
2015,"C2F6_emissions","Gg","GCAM_SSP5","GCAM","new",1.4890217964
2021,"C2F6_emissions","Gg","GCAM_SSP5","GCAM","new",1.5013436056
2025,"C2F6_emissions","Gg","GCAM_SSP5","GCAM","new",1.5912478332
2030,"C2F6_emissions","Gg","GCAM_SSP5","GCAM","new",1.7188273218
2035,"C2F6_emissions","Gg","GCAM_SSP5","GCAM","new",1.837482521
2040,"C2F6_emissions","Gg","GCAM_SSP5","GCAM","new",1.9344514519
2045,"C2F6_emissions","Gg","GCAM_SSP5","GCAM","new",2.0245932566
2050,"C2F6_emissions","Gg","GCAM_SSP5","GCAM","new",2.1082061804
2055,"C2F6_emissions","Gg","GCAM_SSP5","GCAM","new",2.1703071652
2060,"C2F6_emissions","Gg","GCAM_SSP5","GCAM","new",2.2182789868
2065,"C2F6_emissions","Gg","GCAM_SSP5","GCAM","new",2.2527549677
2070,"C2F6_emissions","Gg","GCAM_SSP5","GCAM","new",2.274354314
2075,"C2F6_emissions","Gg","GCAM_SSP5","GCAM","new",2.2834728241
2080,"C2F6_emissions","Gg","GCAM_SSP5","GCAM","new",2.28231853
2085,"C2F6_emissions","Gg","GCAM_SSP5","GCAM","new",2.269585045
2090,"C2F6_emissions","Gg","GCAM_SSP5","GCAM","new",2.248130746
2095,"C2F6_emissions","Gg","GCAM_SSP5","GCAM","new",2.2193282167
2100,"C2F6_emissions","Gg","GCAM_SSP5","GCAM","new",2.1805539706
2005,"CF4_emissions","Gg","GCAM_SSP5","GCAM","new",4.5595095224
2010,"CF4_emissions","Gg","GCAM_SSP5","GCAM","new",3.4908554511
2015,"CF4_emissions","Gg","GCAM_SSP5","GCAM","new",4.5419844727
2021,"CF4_emissions","Gg","GCAM_SSP5","GCAM","new",4.66616681119
2025,"CF4_emissions","Gg","GCAM_SSP5","GCAM","new",4.9515825314
2030,"CF4_emissions","Gg","GCAM_SSP5","GCAM","new",5.3175261561
2035,"CF4_emissions","Gg","GCAM_SSP5","GCAM","new",5.6403272533
2040,"CF4_emissions","Gg","GCAM_SSP5","GCAM","new",5.9050461901
2045,"CF4_emissions","Gg","GCAM_SSP5","GCAM","new",6.1639563366
2050,"CF4_emissions","Gg","GCAM_SSP5","GCAM","new",6.4434651178
2055,"CF4_emissions","Gg","GCAM_SSP5","GCAM","new",6.6663188598
2060,"CF4_emissions","Gg","GCAM_SSP5","GCAM","new",6.8389488615
2065,"CF4_emissions","Gg","GCAM_SSP5","GCAM","new",6.964953234
2070,"CF4_emissions","Gg","GCAM_SSP5","GCAM","new",7.0459068287
2075,"CF4_emissions","Gg","GCAM_SSP5","GCAM","new",7.0873181519
2080,"CF4_emissions","Gg","GCAM_SSP5","GCAM","new",7.0912360565
2085,"CF4_emissions","Gg","GCAM_SSP5","GCAM","new",7.051571431
2090,"CF4_emissions","Gg","GCAM_SSP5","GCAM","new",6.9821576212
2095,"CF4_emissions","Gg","GCAM_SSP5","GCAM","new",6.8897148908
2100,"CF4_emissions","Gg","GCAM_SSP5","GCAM","new",6.770675581
2005,"HFC125_emissions","Gg","GCAM_SSP5","GCAM","new",13.4736975439
2010,"HFC125_emissions","Gg","GCAM_SSP5","GCAM","new",25.754668812
2015,"HFC125_emissions","Gg","GCAM_SSP5","GCAM","new",39.522956612
2021,"HFC125_emissions","Gg","GCAM_SSP5","GCAM","new",76.34528554
2025,"HFC125_emissions","Gg","GCAM_SSP5","GCAM","new",98.977631552
2030,"HFC125_emissions","Gg","GCAM_SSP5","GCAM","new",131.914540024
2035,"HFC125_emissions","Gg","GCAM_SSP5","GCAM","new",155.060549432
2040,"HFC125_emissions","Gg","GCAM_SSP5","GCAM","new",181.47118342
2045,"HFC125_emissions","Gg","GCAM_SSP5","GCAM","new",212.87435596
2050,"HFC125_emissions","Gg","GCAM_SSP5","GCAM","new",246.626434963
2055,"HFC125_emissions","Gg","GCAM_SSP5","GCAM","new",279.84539717
2060,"HFC125_emissions","Gg","GCAM_SSP5","GCAM","new",313.67393009
2065,"HFC125_emissions","Gg","GCAM_SSP5","GCAM","new",347.06264206
2070,"HFC125_emissions","Gg","GCAM_SSP5","GCAM","new",378.58204159
2075,"HFC125_emissions","Gg","GCAM_SSP5","GCAM","new",407.57251618
2080,"HFC125_emissions","Gg","GCAM_SSP5","GCAM","new",433.14193105
2085,"HFC125_emissions","Gg","GCAM_SSP5","GCAM","new",454.20413869
2090,"HFC125_emissions","Gg","GCAM_SSP5","GCAM","new",470.59740119
2095,"HFC125_emissions","Gg","GCAM_SSP5","GCAM","new",482.12321561
2100,"HFC125_emissions","Gg","GCAM_SSP5","GCAM","new",487.75206538
2005,"HFC134a_emissions","Gg","GCAM_SSP5","GCAM","new",130.6109941672
2010,"HFC134a_emissions","Gg","GCAM_SSP5","GCAM","new",181.60389160285
2015,"HFC134a_emissions","Gg","GCAM_SSP5","GCAM","new",244.0811181717
2021,"HFC134a_emissions","Gg","GCAM_SSP5","GCAM","new",312.4545100584
2025,"HFC134a_emissions","Gg","GCAM_SSP5","GCAM","new",341.24102635125
2030,"HFC134a_emissions","Gg","GCAM_SSP5","GCAM","new",392.0260777215
2035,"HFC134a_emissions","Gg","GCAM_SSP5","GCAM","new",450.730787578
2040,"HFC134a_emissions","Gg","GCAM_SSP5","GCAM","new",522.2527928945
2045,"HFC134a_emissions","Gg","GCAM_SSP5","GCAM","new",612.438526538
2050,"HFC134a_emissions","Gg","GCAM_SSP5","GCAM","new",717.4615884345
2055,"HFC134a_emissions","Gg","GCAM_SSP5","GCAM","new",829.2560689365
2060,"HFC134a_emissions","Gg","GCAM_SSP5","GCAM","new",952.7000576555
2065,"HFC134a_emissions","Gg","GCAM_SSP5","GCAM","new",1084.807033481
2070,"HFC134a_emissions","Gg","GCAM_SSP5","GCAM","new",1220.434483873
2075,"HFC134a_emissions","Gg","GCAM_SSP5","GCAM","new",1355.4953788725
2080,"HFC134a_emissions","Gg","GCAM_SSP5","GCAM","new",1484.5454731375
2085,"HFC134a_emissions","Gg","GCAM_SSP5","GCAM","new",1600.989333901
2090,"HFC134a_emissions","Gg","GCAM_SSP5","GCAM","new",1701.634059695
2095,"HFC134a_emissions","Gg","GCAM_SSP5","GCAM","new",1783.594765501
2100,"HFC134a_emissions","Gg","GCAM_SSP5","GCAM","new",1840.969077683
2005,"HFC143a_emissions","Gg","GCAM_SSP5","GCAM","new",16.657881676495
2010,"HFC143a_emissions","Gg","GCAM_SSP5","GCAM","new",28.150171402278
2015,"HFC143a_emissions","Gg","GCAM_SSP5","GCAM","new",43.238085254551
2021,"HFC143a_emissions","Gg","GCAM_SSP5","GCAM","new",83.173213309551
2025,"HFC143a_emissions","Gg","GCAM_SSP5","GCAM","new",107.590113154995
2030,"HFC143a_emissions","Gg","GCAM_SSP5","GCAM","new",143.254946773201
2035,"HFC143a_emissions","Gg","GCAM_SSP5","GCAM","new",168.44066653738
2040,"HFC143a_emissions","Gg","GCAM_SSP5","GCAM","new",197.217556452383
2045,"HFC143a_emissions","Gg","GCAM_SSP5","GCAM","new",231.493347535542
2050,"HFC143a_emissions","Gg","GCAM_SSP5","GCAM","new",268.422505831025
2055,"HFC143a_emissions","Gg","GCAM_SSP5","GCAM","new",304.878560013852
2060,"HFC143a_emissions","Gg","GCAM_SSP5","GCAM","new",342.127621736762
2065,"HFC143a_emissions","Gg","GCAM_SSP5","GCAM","new",379.031508364798
2070,"HFC143a_emissions","Gg","GCAM_SSP5","GCAM","new",414.023565349797
2075,"HFC143a_emissions","Gg","GCAM_SSP5","GCAM","new",446.35907814432
2080,"HFC143a_emissions","Gg","GCAM_SSP5","GCAM","new",475.029805674945
2085,"HFC143a_emissions","Gg","GCAM_SSP5","GCAM","new",498.80815836593
2090,"HFC143a_emissions","Gg","GCAM_SSP5","GCAM","new",517.474149777732
2095,"HFC143a_emissions","Gg","GCAM_SSP5","GCAM","new",530.777599757298
2100,"HFC143a_emissions","Gg","GCAM_SSP5","GCAM","new",537.552767700498
2005,"HFC245fa_emissions","Gg","GCAM_SSP5","GCAM","new",3.426583998229
2010,"HFC245fa_emissions","Gg","GCAM_SSP5","GCAM","new",6.643179485242
2015,"HFC245fa_emissions","Gg","GCAM_SSP5","GCAM","new",8.489817647341
2021,"HFC245fa_emissions","Gg","GCAM_SSP5","GCAM","new",8.496387675183
2025,"HFC245fa_emissions","Gg","GCAM_SSP5","GCAM","new",8.939789661296
2030,"HFC245fa_emissions","Gg","GCAM_SSP5","GCAM","new",10.48510809631
2035,"HFC245fa_emissions","Gg","GCAM_SSP5","GCAM","new",10.64398961441
2040,"HFC245fa_emissions","Gg","GCAM_SSP5","GCAM","new",11.108445899706
2045,"HFC245fa_emissions","Gg","GCAM_SSP5","GCAM","new",11.629820379716
2050,"HFC245fa_emissions","Gg","GCAM_SSP5","GCAM","new",12.31113656934
2055,"HFC245fa_emissions","Gg","GCAM_SSP5","GCAM","new",12.992348646537
2060,"HFC245fa_emissions","Gg","GCAM_SSP5","GCAM","new",13.637706473363
2065,"HFC245fa_emissions","Gg","GCAM_SSP5","GCAM","new",14.224736332502
2070,"HFC245fa_emissions","Gg","GCAM_SSP5","GCAM","new",14.751624601375
2075,"HFC245fa_emissions","Gg","GCAM_SSP5","GCAM","new",15.207048362612
2080,"HFC245fa_emissions","Gg","GCAM_SSP5","GCAM","new",15.598272363401
2085,"HFC245fa_emissions","Gg","GCAM_SSP5","GCAM","new",15.905300114892
2090,"HFC245fa_emissions","Gg","GCAM_SSP5","GCAM","new",16.115029560061
2095,"HFC245fa_emissions","Gg","GCAM_SSP5","GCAM","new",16.224175938812
2100,"HFC245fa_emissions","Gg","GCAM_SSP5","GCAM","new",16.217223929175
2005,"HFC227ea_emissions","Gg","GCAM_SSP5","GCAM","new",2.128184574
2010,"HFC227ea_emissions","Gg","GCAM_SSP5","GCAM","new",3.69184179
2015,"HFC227ea_emissions","Gg","GCAM_SSP5","GCAM","new",6.00504143
2021,"HFC227ea_emissions","Gg","GCAM_SSP5","GCAM","new",6.00504143
2025,"HFC227ea_emissions","Gg","GCAM_SSP5","GCAM","new",3.74020471
2030,"HFC227ea_emissions","Gg","GCAM_SSP5","GCAM","new",4.07882522
2035,"HFC227ea_emissions","Gg","GCAM_SSP5","GCAM","new",4.13969098
2040,"HFC227ea_emissions","Gg","GCAM_SSP5","GCAM","new",4.197605
2045,"HFC227ea_emissions","Gg","GCAM_SSP5","GCAM","new",4.09131432
2050,"HFC227ea_emissions","Gg","GCAM_SSP5","GCAM","new",4.14650766
2055,"HFC227ea_emissions","Gg","GCAM_SSP5","GCAM","new",4.1963915
2060,"HFC227ea_emissions","Gg","GCAM_SSP5","GCAM","new",4.22968535
2065,"HFC227ea_emissions","Gg","GCAM_SSP5","GCAM","new",4.2446555
2070,"HFC227ea_emissions","Gg","GCAM_SSP5","GCAM","new",4.24472157
2075,"HFC227ea_emissions","Gg","GCAM_SSP5","GCAM","new",4.23210238
2080,"HFC227ea_emissions","Gg","GCAM_SSP5","GCAM","new",4.2061684
2085,"HFC227ea_emissions","Gg","GCAM_SSP5","GCAM","new",4.16255033
2090,"HFC227ea_emissions","Gg","GCAM_SSP5","GCAM","new",4.09826661
2095,"HFC227ea_emissions","Gg","GCAM_SSP5","GCAM","new",4.01438959
2100,"HFC227ea_emissions","Gg","GCAM_SSP5","GCAM","new",3.9129536
2015,"HFC23_emissions","Gg","GCAM_SSP5","GCAM","new",10.3569308623802
2021,"HFC23_emissions","Gg","GCAM_SSP5","GCAM","new",10.991813302661
2025,"HFC23_emissions","Gg","GCAM_SSP5","GCAM","new",11.945454882985
2030,"HFC23_emissions","Gg","GCAM_SSP5","GCAM","new",12.984483601477
2035,"HFC23_emissions","Gg","GCAM_SSP5","GCAM","new",13.839320047945
2040,"HFC23_emissions","Gg","GCAM_SSP5","GCAM","new",14.480441232051
2045,"HFC23_emissions","Gg","GCAM_SSP5","GCAM","new",15.072724112702
2050,"HFC23_emissions","Gg","GCAM_SSP5","GCAM","new",15.511167312061
2055,"HFC23_emissions","Gg","GCAM_SSP5","GCAM","new",15.73538610768
2060,"HFC23_emissions","Gg","GCAM_SSP5","GCAM","new",15.83585205717
2065,"HFC23_emissions","Gg","GCAM_SSP5","GCAM","new",15.83270978803
2070,"HFC23_emissions","Gg","GCAM_SSP5","GCAM","new",15.73768435044
2075,"HFC23_emissions","Gg","GCAM_SSP5","GCAM","new",15.57135381861
2080,"HFC23_emissions","Gg","GCAM_SSP5","GCAM","new",15.33234746873
2085,"HFC23_emissions","Gg","GCAM_SSP5","GCAM","new",15.00274124821
2090,"HFC23_emissions","Gg","GCAM_SSP5","GCAM","new",14.64142265528
2095,"HFC23_emissions","Gg","GCAM_SSP5","GCAM","new",14.26471454133
2100,"HFC23_emissions","Gg","GCAM_SSP5","GCAM","new",13.85720026151
2005,"HFC32_emissions","Gg","GCAM_SSP5","GCAM","new",1.2060792957
2010,"HFC32_emissions","Gg","GCAM_SSP5","GCAM","new",2.0280780141
2015,"HFC32_emissions","Gg","GCAM_SSP5","GCAM","new",3.1124133134
2021,"HFC32_emissions","Gg","GCAM_SSP5","GCAM","new",6.0196014741
2025,"HFC32_emissions","Gg","GCAM_SSP5","GCAM","new",7.8079641353
2030,"HFC32_emissions","Gg","GCAM_SSP5","GCAM","new",10.4109702445
2035,"HFC32_emissions","Gg","GCAM_SSP5","GCAM","new",12.2373614799
2040,"HFC32_emissions","Gg","GCAM_SSP5","GCAM","new",14.320908122
2045,"HFC32_emissions","Gg","GCAM_SSP5","GCAM","new",16.797553493
2050,"HFC32_emissions","Gg","GCAM_SSP5","GCAM","new",19.458487476
2055,"HFC32_emissions","Gg","GCAM_SSP5","GCAM","new",22.076161043
2060,"HFC32_emissions","Gg","GCAM_SSP5","GCAM","new",24.740458027
2065,"HFC32_emissions","Gg","GCAM_SSP5","GCAM","new",27.368636885
2070,"HFC32_emissions","Gg","GCAM_SSP5","GCAM","new",29.848031307
2075,"HFC32_emissions","Gg","GCAM_SSP5","GCAM","new",32.126888527
2080,"HFC32_emissions","Gg","GCAM_SSP5","GCAM","new",34.135272279
2085,"HFC32_emissions","Gg","GCAM_SSP5","GCAM","new",35.787971673
2090,"HFC32_emissions","Gg","GCAM_SSP5","GCAM","new",37.072639517
2095,"HFC32_emissions","Gg","GCAM_SSP5","GCAM","new",37.974051554
2100,"HFC32_emissions","Gg","GCAM_SSP5","GCAM","new",38.411416194
1990,"SF6_emissions","Gg","GCAM_SSP5","GCAM","new",2.7646554195
2005,"SF6_emissions","Gg","GCAM_SSP5","GCAM","new",2.5740714763
2010,"SF6_emissions","Gg","GCAM_SSP5","GCAM","new",3.0635693566
2015,"SF6_emissions","Gg","GCAM_SSP5","GCAM","new",3.6045659027
2021,"SF6_emissions","Gg","GCAM_SSP5","GCAM","new",4.2902322408
2025,"SF6_emissions","Gg","GCAM_SSP5","GCAM","new",4.66264396473
2030,"SF6_emissions","Gg","GCAM_SSP5","GCAM","new",5.22925385009
2035,"SF6_emissions","Gg","GCAM_SSP5","GCAM","new",5.81938799067
2040,"SF6_emissions","Gg","GCAM_SSP5","GCAM","new",6.27018278526
2045,"SF6_emissions","Gg","GCAM_SSP5","GCAM","new",6.68434327841
2050,"SF6_emissions","Gg","GCAM_SSP5","GCAM","new",7.40421901764
2055,"SF6_emissions","Gg","GCAM_SSP5","GCAM","new",8.03135505279
2060,"SF6_emissions","Gg","GCAM_SSP5","GCAM","new",8.63786980674
2065,"SF6_emissions","Gg","GCAM_SSP5","GCAM","new",9.20538895386
2070,"SF6_emissions","Gg","GCAM_SSP5","GCAM","new",9.70363405139
2075,"SF6_emissions","Gg","GCAM_SSP5","GCAM","new",10.11383140375
2080,"SF6_emissions","Gg","GCAM_SSP5","GCAM","new",10.42572319126
2085,"SF6_emissions","Gg","GCAM_SSP5","GCAM","new",10.61191663562
2090,"SF6_emissions","Gg","GCAM_SSP5","GCAM","new",10.69212672972
2095,"SF6_emissions","Gg","GCAM_SSP5","GCAM","new",10.68511435023
2100,"SF6_emissions","Gg","GCAM_SSP5","GCAM","new",10.62165431502
1990,"CF4_emissions","Gg","GCAM_SSP5","GCAM","new",11.1037607851
2010,"HFC23_emissions","Gg","GCAM_SSP5","GCAM","new",9.0445387905
1990,"C2F6_emissions","Gg","GCAM_SSP5","GCAM","new",1.6781865058
2005,"HFC23_emissions","Gg","GCAM_SSP5","GCAM","new",6.8150399058
1990,"HFC23_emissions","Gg","GCAM_SSP5","GCAM","new",9.1995099459024
1990,"HFC134a_emissions","Gg","GCAM_SSP5","GCAM","new",0.00555238062543
1990,"HFC245fa_emissions","Gg","GCAM_SSP5","GCAM","new",9.010356e-06
1990,"HFC143a_emissions","Gg","GCAM_SSP5","GCAM","new",1.078794e-05
1990,"ffi_emissions","Pg C/yr","GCAM_SSP5","GCAM","new",6.06840647492851
2005,"ffi_emissions","Pg C/yr","GCAM_SSP5","GCAM","new",8.03407247058697
2010,"ffi_emissions","Pg C/yr","GCAM_SSP5","GCAM","new",9.12766818353557
2015,"ffi_emissions","Pg C/yr","GCAM_SSP5","GCAM","new",9.7579286220489
2021,"ffi_emissions","Pg C/yr","GCAM_SSP5","GCAM","new",10.1203471154083
2025,"ffi_emissions","Pg C/yr","GCAM_SSP5","GCAM","new",10.9893157636501
2030,"ffi_emissions","Pg C/yr","GCAM_SSP5","GCAM","new",11.4236012472126
2035,"ffi_emissions","Pg C/yr","GCAM_SSP5","GCAM","new",11.7910251532245
2040,"ffi_emissions","Pg C/yr","GCAM_SSP5","GCAM","new",12.1827474518026
2045,"ffi_emissions","Pg C/yr","GCAM_SSP5","GCAM","new",12.595213837737
2050,"ffi_emissions","Pg C/yr","GCAM_SSP5","GCAM","new",12.9985692051898
2055,"ffi_emissions","Pg C/yr","GCAM_SSP5","GCAM","new",13.4198198542596
2060,"ffi_emissions","Pg C/yr","GCAM_SSP5","GCAM","new",13.9458547842964
2065,"ffi_emissions","Pg C/yr","GCAM_SSP5","GCAM","new",14.4891780599369
2070,"ffi_emissions","Pg C/yr","GCAM_SSP5","GCAM","new",15.0016067196676
2075,"ffi_emissions","Pg C/yr","GCAM_SSP5","GCAM","new",15.5019908388701
2080,"ffi_emissions","Pg C/yr","GCAM_SSP5","GCAM","new",15.8813370857977
2085,"ffi_emissions","Pg C/yr","GCAM_SSP5","GCAM","new",16.0639251450833
2090,"ffi_emissions","Pg C/yr","GCAM_SSP5","GCAM","new",16.2242226105056
2095,"ffi_emissions","Pg C/yr","GCAM_SSP5","GCAM","new",16.2961155402947
2100,"ffi_emissions","Pg C/yr","GCAM_SSP5","GCAM","new",16.2909657404344
1990,"BC_emissions","Tg","GCAM_SSP5","GCAM","new",7.12704585714481
2005,"BC_emissions","Tg","GCAM_SSP5","GCAM","new",7.41362502520224
2010,"BC_emissions","Tg","GCAM_SSP5","GCAM","new",7.49797938684743
2015,"BC_emissions","Tg","GCAM_SSP5","GCAM","new",7.08983568659347
2021,"BC_emissions","Tg","GCAM_SSP5","GCAM","new",6.64435063493616
2025,"BC_emissions","Tg","GCAM_SSP5","GCAM","new",6.57698959306352
2030,"BC_emissions","Tg","GCAM_SSP5","GCAM","new",5.97707958014341
2035,"BC_emissions","Tg","GCAM_SSP5","GCAM","new",5.413651880945
2040,"BC_emissions","Tg","GCAM_SSP5","GCAM","new",4.85855294846332
2045,"BC_emissions","Tg","GCAM_SSP5","GCAM","new",4.47991050174142
2050,"BC_emissions","Tg","GCAM_SSP5","GCAM","new",4.06418213469167
2055,"BC_emissions","Tg","GCAM_SSP5","GCAM","new",3.86139136055691
2060,"BC_emissions","Tg","GCAM_SSP5","GCAM","new",3.66057021748457
2065,"BC_emissions","Tg","GCAM_SSP5","GCAM","new",3.47382232472519
2070,"BC_emissions","Tg","GCAM_SSP5","GCAM","new",3.28467442064771
2075,"BC_emissions","Tg","GCAM_SSP5","GCAM","new",3.09584707401927
2080,"BC_emissions","Tg","GCAM_SSP5","GCAM","new",2.90602982062028
2085,"BC_emissions","Tg","GCAM_SSP5","GCAM","new",2.72838300675718
2090,"BC_emissions","Tg","GCAM_SSP5","GCAM","new",2.5620608828929
2095,"BC_emissions","Tg","GCAM_SSP5","GCAM","new",2.41326800709445
2100,"BC_emissions","Tg","GCAM_SSP5","GCAM","new",2.27168331222743
1990,"CH4_emissions","Tg CH4","GCAM_SSP5","GCAM","new",294.342154311368
2005,"CH4_emissions","Tg CH4","GCAM_SSP5","GCAM","new",307.732599027375
2010,"CH4_emissions","Tg CH4","GCAM_SSP5","GCAM","new",318.260219919313
2015,"CH4_emissions","Tg CH4","GCAM_SSP5","GCAM","new",330.271719137233
2021,"CH4_emissions","Tg CH4","GCAM_SSP5","GCAM","new",343.678021211937
2025,"CH4_emissions","Tg CH4","GCAM_SSP5","GCAM","new",365.878425440951
2030,"CH4_emissions","Tg CH4","GCAM_SSP5","GCAM","new",379.393183669203
2035,"CH4_emissions","Tg CH4","GCAM_SSP5","GCAM","new",395.077619226766
2040,"CH4_emissions","Tg CH4","GCAM_SSP5","GCAM","new",413.398552674322
2045,"CH4_emissions","Tg CH4","GCAM_SSP5","GCAM","new",432.278097561871
2050,"CH4_emissions","Tg CH4","GCAM_SSP5","GCAM","new",453.201640364353
2055,"CH4_emissions","Tg CH4","GCAM_SSP5","GCAM","new",473.312825281616
2060,"CH4_emissions","Tg CH4","GCAM_SSP5","GCAM","new",492.834208214149
2065,"CH4_emissions","Tg CH4","GCAM_SSP5","GCAM","new",510.762954332782
2070,"CH4_emissions","Tg CH4","GCAM_SSP5","GCAM","new",525.550036792879
2075,"CH4_emissions","Tg CH4","GCAM_SSP5","GCAM","new",536.863001208587
2080,"CH4_emissions","Tg CH4","GCAM_SSP5","GCAM","new",544.000248280107
2085,"CH4_emissions","Tg CH4","GCAM_SSP5","GCAM","new",546.454704167719
2090,"CH4_emissions","Tg CH4","GCAM_SSP5","GCAM","new",546.042062840588
2095,"CH4_emissions","Tg CH4","GCAM_SSP5","GCAM","new",543.158362388403
2100,"CH4_emissions","Tg CH4","GCAM_SSP5","GCAM","new",538.621448952043
1990,"CO_emissions","Tg CO","GCAM_SSP5","GCAM","new",817.214574352359
2005,"CO_emissions","Tg CO","GCAM_SSP5","GCAM","new",777.587321035216
2010,"CO_emissions","Tg CO","GCAM_SSP5","GCAM","new",754.830819504959
2015,"CO_emissions","Tg CO","GCAM_SSP5","GCAM","new",730.713946294208
2021,"CO_emissions","Tg CO","GCAM_SSP5","GCAM","new",667.826072449386
2025,"CO_emissions","Tg CO","GCAM_SSP5","GCAM","new",666.39223067503
2030,"CO_emissions","Tg CO","GCAM_SSP5","GCAM","new",609.387596542089
2035,"CO_emissions","Tg CO","GCAM_SSP5","GCAM","new",567.162055429311
2040,"CO_emissions","Tg CO","GCAM_SSP5","GCAM","new",528.845201051984
2045,"CO_emissions","Tg CO","GCAM_SSP5","GCAM","new",493.577532318161
2050,"CO_emissions","Tg CO","GCAM_SSP5","GCAM","new",463.86332339118
2055,"CO_emissions","Tg CO","GCAM_SSP5","GCAM","new",448.248905686713
2060,"CO_emissions","Tg CO","GCAM_SSP5","GCAM","new",431.322220876188
2065,"CO_emissions","Tg CO","GCAM_SSP5","GCAM","new",414.335872428454
2070,"CO_emissions","Tg CO","GCAM_SSP5","GCAM","new",396.964732637725
2075,"CO_emissions","Tg CO","GCAM_SSP5","GCAM","new",382.446019011818
2080,"CO_emissions","Tg CO","GCAM_SSP5","GCAM","new",368.444649756125
2085,"CO_emissions","Tg CO","GCAM_SSP5","GCAM","new",355.270804648051
2090,"CO_emissions","Tg CO","GCAM_SSP5","GCAM","new",342.234875467947
2095,"CO_emissions","Tg CO","GCAM_SSP5","GCAM","new",331.213312019829
2100,"CO_emissions","Tg CO","GCAM_SSP5","GCAM","new",320.011604827849
1990,NA,NA,"GCAM_SSP5","GCAM","new",NA
2005,NA,NA,"GCAM_SSP5","GCAM","new",NA
2010,NA,NA,"GCAM_SSP5","GCAM","new",NA
2015,NA,NA,"GCAM_SSP5","GCAM","new",NA
2021,NA,NA,"GCAM_SSP5","GCAM","new",NA
2025,NA,NA,"GCAM_SSP5","GCAM","new",NA
2030,NA,NA,"GCAM_SSP5","GCAM","new",NA
2035,NA,NA,"GCAM_SSP5","GCAM","new",NA
2040,NA,NA,"GCAM_SSP5","GCAM","new",NA
2045,NA,NA,"GCAM_SSP5","GCAM","new",NA
2050,NA,NA,"GCAM_SSP5","GCAM","new",NA
2055,NA,NA,"GCAM_SSP5","GCAM","new",NA
2060,NA,NA,"GCAM_SSP5","GCAM","new",NA
2065,NA,NA,"GCAM_SSP5","GCAM","new",NA
2070,NA,NA,"GCAM_SSP5","GCAM","new",NA
2075,NA,NA,"GCAM_SSP5","GCAM","new",NA
2080,NA,NA,"GCAM_SSP5","GCAM","new",NA
2085,NA,NA,"GCAM_SSP5","GCAM","new",NA
2090,NA,NA,"GCAM_SSP5","GCAM","new",NA
2095,NA,NA,"GCAM_SSP5","GCAM","new",NA
2100,NA,NA,"GCAM_SSP5","GCAM","new",NA
1990,"N2O_emissions","Tg N","GCAM_SSP5","GCAM","new",5.37350448854038
2005,"N2O_emissions","Tg N","GCAM_SSP5","GCAM","new",5.9464124400595
2010,"N2O_emissions","Tg N","GCAM_SSP5","GCAM","new",6.26240473066264
2015,"N2O_emissions","Tg N","GCAM_SSP5","GCAM","new",6.60579978267267
2021,"N2O_emissions","Tg N","GCAM_SSP5","GCAM","new",6.91180050428196
2025,"N2O_emissions","Tg N","GCAM_SSP5","GCAM","new",7.43934929714176
2030,"N2O_emissions","Tg N","GCAM_SSP5","GCAM","new",7.84240694085731
2035,"N2O_emissions","Tg N","GCAM_SSP5","GCAM","new",8.30582688506984
2040,"N2O_emissions","Tg N","GCAM_SSP5","GCAM","new",8.81804913576424
2045,"N2O_emissions","Tg N","GCAM_SSP5","GCAM","new",9.34757992316672
2050,"N2O_emissions","Tg N","GCAM_SSP5","GCAM","new",9.9216787364376
2055,"N2O_emissions","Tg N","GCAM_SSP5","GCAM","new",10.4432250271459
2060,"N2O_emissions","Tg N","GCAM_SSP5","GCAM","new",10.9482962496938
2065,"N2O_emissions","Tg N","GCAM_SSP5","GCAM","new",11.395434714269
2070,"N2O_emissions","Tg N","GCAM_SSP5","GCAM","new",11.7613612967484
2075,"N2O_emissions","Tg N","GCAM_SSP5","GCAM","new",12.0423115157119
2080,"N2O_emissions","Tg N","GCAM_SSP5","GCAM","new",12.2479093082026
2085,"N2O_emissions","Tg N","GCAM_SSP5","GCAM","new",12.3677350846756
2090,"N2O_emissions","Tg N","GCAM_SSP5","GCAM","new",12.4297947372019
2095,"N2O_emissions","Tg N","GCAM_SSP5","GCAM","new",12.4506958405182
2100,"N2O_emissions","Tg N","GCAM_SSP5","GCAM","new",12.3803735403208
1990,"NH3_emissions","Tg","GCAM_SSP5","GCAM","new",49.4266975209643
2005,"NH3_emissions","Tg","GCAM_SSP5","GCAM","new",54.9184724313139
2010,"NH3_emissions","Tg","GCAM_SSP5","GCAM","new",58.7894841667832
2015,"NH3_emissions","Tg","GCAM_SSP5","GCAM","new",62.0021472394888
2021,"NH3_emissions","Tg","GCAM_SSP5","GCAM","new",66.007265857862
2025,"NH3_emissions","Tg","GCAM_SSP5","GCAM","new",71.1067902069263
2030,"NH3_emissions","Tg","GCAM_SSP5","GCAM","new",75.1379673792255
2035,"NH3_emissions","Tg","GCAM_SSP5","GCAM","new",80.1601956160253
2040,"NH3_emissions","Tg","GCAM_SSP5","GCAM","new",85.6097266155934
2045,"NH3_emissions","Tg","GCAM_SSP5","GCAM","new",91.2201730554878
2050,"NH3_emissions","Tg","GCAM_SSP5","GCAM","new",96.1425647363271
2055,"NH3_emissions","Tg","GCAM_SSP5","GCAM","new",100.095734263247
2060,"NH3_emissions","Tg","GCAM_SSP5","GCAM","new",103.85621886687
2065,"NH3_emissions","Tg","GCAM_SSP5","GCAM","new",107.024883282133
2070,"NH3_emissions","Tg","GCAM_SSP5","GCAM","new",109.457417722649
2075,"NH3_emissions","Tg","GCAM_SSP5","GCAM","new",111.03808750644
2080,"NH3_emissions","Tg","GCAM_SSP5","GCAM","new",111.739307097359
2085,"NH3_emissions","Tg","GCAM_SSP5","GCAM","new",111.701008323889
2090,"NH3_emissions","Tg","GCAM_SSP5","GCAM","new",111.115435858592
2095,"NH3_emissions","Tg","GCAM_SSP5","GCAM","new",110.202224649078
2100,"NH3_emissions","Tg","GCAM_SSP5","GCAM","new",108.586772843065
1990,"NMVOC_emissions","Tg NMVOC","GCAM_SSP5","GCAM","new",157.402670021365
2005,"NMVOC_emissions","Tg NMVOC","GCAM_SSP5","GCAM","new",162.071074186817
2010,"NMVOC_emissions","Tg NMVOC","GCAM_SSP5","GCAM","new",166.435884584333
2015,"NMVOC_emissions","Tg NMVOC","GCAM_SSP5","GCAM","new",174.592108658923
2021,"NMVOC_emissions","Tg NMVOC","GCAM_SSP5","GCAM","new",171.781634626689
2025,"NMVOC_emissions","Tg NMVOC","GCAM_SSP5","GCAM","new",169.936207323664
2030,"NMVOC_emissions","Tg NMVOC","GCAM_SSP5","GCAM","new",160.402491123308
2035,"NMVOC_emissions","Tg NMVOC","GCAM_SSP5","GCAM","new",153.81896882632
2040,"NMVOC_emissions","Tg NMVOC","GCAM_SSP5","GCAM","new",149.005229511519
2045,"NMVOC_emissions","Tg NMVOC","GCAM_SSP5","GCAM","new",143.437134777463
2050,"NMVOC_emissions","Tg NMVOC","GCAM_SSP5","GCAM","new",139.0299634059
2055,"NMVOC_emissions","Tg NMVOC","GCAM_SSP5","GCAM","new",137.09744259349
2060,"NMVOC_emissions","Tg NMVOC","GCAM_SSP5","GCAM","new",134.942224804486
2065,"NMVOC_emissions","Tg NMVOC","GCAM_SSP5","GCAM","new",132.723861478115
2070,"NMVOC_emissions","Tg NMVOC","GCAM_SSP5","GCAM","new",129.984251109983
2075,"NMVOC_emissions","Tg NMVOC","GCAM_SSP5","GCAM","new",128.77839267879
2080,"NMVOC_emissions","Tg NMVOC","GCAM_SSP5","GCAM","new",127.779052091547
2085,"NMVOC_emissions","Tg NMVOC","GCAM_SSP5","GCAM","new",126.549182113379
2090,"NMVOC_emissions","Tg NMVOC","GCAM_SSP5","GCAM","new",124.999997413197
2095,"NMVOC_emissions","Tg NMVOC","GCAM_SSP5","GCAM","new",123.536600420433
2100,"NMVOC_emissions","Tg NMVOC","GCAM_SSP5","GCAM","new",121.753669029299
1990,"NOX_emissions","Tg N","GCAM_SSP5","GCAM","new",36.4774433565388
2005,"NOX_emissions","Tg N","GCAM_SSP5","GCAM","new",41.4538102110033
2010,"NOX_emissions","Tg N","GCAM_SSP5","GCAM","new",40.6557539530832
2015,"NOX_emissions","Tg N","GCAM_SSP5","GCAM","new",39.4644054843049
2021,"NOX_emissions","Tg N","GCAM_SSP5","GCAM","new",35.6818572829017
2025,"NOX_emissions","Tg N","GCAM_SSP5","GCAM","new",35.7158701093351
2030,"NOX_emissions","Tg N","GCAM_SSP5","GCAM","new",31.2944983122657
2035,"NOX_emissions","Tg N","GCAM_SSP5","GCAM","new",27.54097941654
2040,"NOX_emissions","Tg N","GCAM_SSP5","GCAM","new",23.8059490332237
2045,"NOX_emissions","Tg N","GCAM_SSP5","GCAM","new",22.105432294364
2050,"NOX_emissions","Tg N","GCAM_SSP5","GCAM","new",20.4069004932669
2055,"NOX_emissions","Tg N","GCAM_SSP5","GCAM","new",19.8498793613336
2060,"NOX_emissions","Tg N","GCAM_SSP5","GCAM","new",19.4266403073996
2065,"NOX_emissions","Tg N","GCAM_SSP5","GCAM","new",19.0529769918747
2070,"NOX_emissions","Tg N","GCAM_SSP5","GCAM","new",18.6151736666508
2075,"NOX_emissions","Tg N","GCAM_SSP5","GCAM","new",18.1486121119451
2080,"NOX_emissions","Tg N","GCAM_SSP5","GCAM","new",17.5738560137457
2085,"NOX_emissions","Tg N","GCAM_SSP5","GCAM","new",16.8337230369517
2090,"NOX_emissions","Tg N","GCAM_SSP5","GCAM","new",16.0898758927901
2095,"NOX_emissions","Tg N","GCAM_SSP5","GCAM","new",15.3112787404821
2100,"NOX_emissions","Tg N","GCAM_SSP5","GCAM","new",14.452078514991
1990,"OC_emissions","Tg","GCAM_SSP5","GCAM","new",22.2724865780082
2005,"OC_emissions","Tg","GCAM_SSP5","GCAM","new",23.6016893203934
2010,"OC_emissions","Tg","GCAM_SSP5","GCAM","new",24.3908850007095
2015,"OC_emissions","Tg","GCAM_SSP5","GCAM","new",24.2776259447052
2021,"OC_emissions","Tg","GCAM_SSP5","GCAM","new",23.9748202562535
2025,"OC_emissions","Tg","GCAM_SSP5","GCAM","new",24.2358897293646
2030,"OC_emissions","Tg","GCAM_SSP5","GCAM","new",22.6907739101363
2035,"OC_emissions","Tg","GCAM_SSP5","GCAM","new",21.7025423680604
2040,"OC_emissions","Tg","GCAM_SSP5","GCAM","new",21.1918702335107
2045,"OC_emissions","Tg","GCAM_SSP5","GCAM","new",20.3463477090916
2050,"OC_emissions","Tg","GCAM_SSP5","GCAM","new",19.204982608578
2055,"OC_emissions","Tg","GCAM_SSP5","GCAM","new",18.4194815812156
2060,"OC_emissions","Tg","GCAM_SSP5","GCAM","new",17.5055123922935
2065,"OC_emissions","Tg","GCAM_SSP5","GCAM","new",16.61523164713
2070,"OC_emissions","Tg","GCAM_SSP5","GCAM","new",15.7136029395748
2075,"OC_emissions","Tg","GCAM_SSP5","GCAM","new",14.8407015847742
2080,"OC_emissions","Tg","GCAM_SSP5","GCAM","new",13.9926557926862
2085,"OC_emissions","Tg","GCAM_SSP5","GCAM","new",13.2347053161223
2090,"OC_emissions","Tg","GCAM_SSP5","GCAM","new",12.5262740706406
2095,"OC_emissions","Tg","GCAM_SSP5","GCAM","new",11.9462658478387
2100,"OC_emissions","Tg","GCAM_SSP5","GCAM","new",11.3612023450984
1990,"SO2_emissions","Gg S","GCAM_SSP5","GCAM","new",66724.2005752731
2005,"SO2_emissions","Gg S","GCAM_SSP5","GCAM","new",61883.3155676425
2010,"SO2_emissions","Gg S","GCAM_SSP5","GCAM","new",52801.1196889706
2015,"SO2_emissions","Gg S","GCAM_SSP5","GCAM","new",44762.2210345626
2021,"SO2_emissions","Gg S","GCAM_SSP5","GCAM","new",34077.0545924128
2025,"SO2_emissions","Gg S","GCAM_SSP5","GCAM","new",32108.2705804464
2030,"SO2_emissions","Gg S","GCAM_SSP5","GCAM","new",27789.8178856728
2035,"SO2_emissions","Gg S","GCAM_SSP5","GCAM","new",24908.0829767492
2040,"SO2_emissions","Gg S","GCAM_SSP5","GCAM","new",22263.6953830603
2045,"SO2_emissions","Gg S","GCAM_SSP5","GCAM","new",19587.1801564097
2050,"SO2_emissions","Gg S","GCAM_SSP5","GCAM","new",16911.732111257
2055,"SO2_emissions","Gg S","GCAM_SSP5","GCAM","new",16060.435467868
2060,"SO2_emissions","Gg S","GCAM_SSP5","GCAM","new",15234.8446362178
2065,"SO2_emissions","Gg S","GCAM_SSP5","GCAM","new",14493.4469697012
2070,"SO2_emissions","Gg S","GCAM_SSP5","GCAM","new",13713.4554919033
2075,"SO2_emissions","Gg S","GCAM_SSP5","GCAM","new",12959.0907762964
2080,"SO2_emissions","Gg S","GCAM_SSP5","GCAM","new",12192.5863212134
2085,"SO2_emissions","Gg S","GCAM_SSP5","GCAM","new",11342.6654409424
2090,"SO2_emissions","Gg S","GCAM_SSP5","GCAM","new",10524.2757059604
2095,"SO2_emissions","Gg S","GCAM_SSP5","GCAM","new",9763.28127050079
2100,"SO2_emissions","Gg S","GCAM_SSP5","GCAM","new",8978.22110419206
2005,"C2F6_emissions","Gg","GCAM_SSP1","GCAM","new",1.3326894438
2010,"C2F6_emissions","Gg","GCAM_SSP1","GCAM","new",1.1421159114
2015,"C2F6_emissions","Gg","GCAM_SSP1","GCAM","new",1.4890217964
2021,"C2F6_emissions","Gg","GCAM_SSP1","GCAM","new",1.5013436056
2025,"C2F6_emissions","Gg","GCAM_SSP1","GCAM","new",1.581310245
2030,"C2F6_emissions","Gg","GCAM_SSP1","GCAM","new",1.6760850186
2035,"C2F6_emissions","Gg","GCAM_SSP1","GCAM","new",1.7583556382
2040,"C2F6_emissions","Gg","GCAM_SSP1","GCAM","new",1.7984594673
2045,"C2F6_emissions","Gg","GCAM_SSP1","GCAM","new",1.8312417721
2050,"C2F6_emissions","Gg","GCAM_SSP1","GCAM","new",1.85747865
2055,"C2F6_emissions","Gg","GCAM_SSP1","GCAM","new",1.8685635249
2060,"C2F6_emissions","Gg","GCAM_SSP1","GCAM","new",1.8724591076
2065,"C2F6_emissions","Gg","GCAM_SSP1","GCAM","new",1.8691804785
2070,"C2F6_emissions","Gg","GCAM_SSP1","GCAM","new",1.8533730833
2075,"C2F6_emissions","Gg","GCAM_SSP1","GCAM","new",1.8302100052
2080,"C2F6_emissions","Gg","GCAM_SSP1","GCAM","new",1.7990335496
2085,"C2F6_emissions","Gg","GCAM_SSP1","GCAM","new",1.759825651
2090,"C2F6_emissions","Gg","GCAM_SSP1","GCAM","new",1.7164912408
2095,"C2F6_emissions","Gg","GCAM_SSP1","GCAM","new",1.6716814858
2100,"C2F6_emissions","Gg","GCAM_SSP1","GCAM","new",1.6202102566
2005,"CF4_emissions","Gg","GCAM_SSP1","GCAM","new",4.5595095224
2010,"CF4_emissions","Gg","GCAM_SSP1","GCAM","new",3.4908554511
2015,"CF4_emissions","Gg","GCAM_SSP1","GCAM","new",4.5419844727
2021,"CF4_emissions","Gg","GCAM_SSP1","GCAM","new",4.66616681119
2025,"CF4_emissions","Gg","GCAM_SSP1","GCAM","new",4.9208981436
2030,"CF4_emissions","Gg","GCAM_SSP1","GCAM","new",5.1791836395
2035,"CF4_emissions","Gg","GCAM_SSP1","GCAM","new",5.3853125048
2040,"CF4_emissions","Gg","GCAM_SSP1","GCAM","new",5.476492199
2045,"CF4_emissions","Gg","GCAM_SSP1","GCAM","new",5.55323451586
2050,"CF4_emissions","Gg","GCAM_SSP1","GCAM","new",5.64727962553
2055,"CF4_emissions","Gg","GCAM_SSP1","GCAM","new",5.70845599577
2060,"CF4_emissions","Gg","GCAM_SSP1","GCAM","new",5.74133722414
2065,"CF4_emissions","Gg","GCAM_SSP1","GCAM","new",5.7485110638
2070,"CF4_emissions","Gg","GCAM_SSP1","GCAM","new",5.71122102881
2075,"CF4_emissions","Gg","GCAM_SSP1","GCAM","new",5.65008803135
2080,"CF4_emissions","Gg","GCAM_SSP1","GCAM","new",5.56044579437
2085,"CF4_emissions","Gg","GCAM_SSP1","GCAM","new",5.44205859226
2090,"CF4_emissions","Gg","GCAM_SSP1","GCAM","new",5.31077974582
2095,"CF4_emissions","Gg","GCAM_SSP1","GCAM","new",5.17752868026
2100,"CF4_emissions","Gg","GCAM_SSP1","GCAM","new",5.02706986661
2005,"HFC125_emissions","Gg","GCAM_SSP1","GCAM","new",13.4736975439
2010,"HFC125_emissions","Gg","GCAM_SSP1","GCAM","new",25.754668812
2015,"HFC125_emissions","Gg","GCAM_SSP1","GCAM","new",39.522956612
2021,"HFC125_emissions","Gg","GCAM_SSP1","GCAM","new",76.34528554
2025,"HFC125_emissions","Gg","GCAM_SSP1","GCAM","new",98.35114588
2030,"HFC125_emissions","Gg","GCAM_SSP1","GCAM","new",129.575806145
2035,"HFC125_emissions","Gg","GCAM_SSP1","GCAM","new",149.177928967
2040,"HFC125_emissions","Gg","GCAM_SSP1","GCAM","new",167.530739005
2045,"HFC125_emissions","Gg","GCAM_SSP1","GCAM","new",188.32120172
2050,"HFC125_emissions","Gg","GCAM_SSP1","GCAM","new",210.24010183
2055,"HFC125_emissions","Gg","GCAM_SSP1","GCAM","new",231.41431715
2060,"HFC125_emissions","Gg","GCAM_SSP1","GCAM","new",252.73695856
2065,"HFC125_emissions","Gg","GCAM_SSP1","GCAM","new",273.6595293
2070,"HFC125_emissions","Gg","GCAM_SSP1","GCAM","new",292.51371567
2075,"HFC125_emissions","Gg","GCAM_SSP1","GCAM","new",309.3624859
2080,"HFC125_emissions","Gg","GCAM_SSP1","GCAM","new",323.51305657
2085,"HFC125_emissions","Gg","GCAM_SSP1","GCAM","new",334.50775415
2090,"HFC125_emissions","Gg","GCAM_SSP1","GCAM","new",342.59886865
2095,"HFC125_emissions","Gg","GCAM_SSP1","GCAM","new",347.89618074
2100,"HFC125_emissions","Gg","GCAM_SSP1","GCAM","new",349.53999351
2005,"HFC134a_emissions","Gg","GCAM_SSP1","GCAM","new",130.6109941672
2010,"HFC134a_emissions","Gg","GCAM_SSP1","GCAM","new",181.60389160285
2015,"HFC134a_emissions","Gg","GCAM_SSP1","GCAM","new",244.0811181717
2021,"HFC134a_emissions","Gg","GCAM_SSP1","GCAM","new",312.4545100584
2025,"HFC134a_emissions","Gg","GCAM_SSP1","GCAM","new",339.23249778155
2030,"HFC134a_emissions","Gg","GCAM_SSP1","GCAM","new",385.756540279
2035,"HFC134a_emissions","Gg","GCAM_SSP1","GCAM","new",435.1776950625
2040,"HFC134a_emissions","Gg","GCAM_SSP1","GCAM","new",484.3448201855
2045,"HFC134a_emissions","Gg","GCAM_SSP1","GCAM","new",543.744352247
2050,"HFC134a_emissions","Gg","GCAM_SSP1","GCAM","new",611.589671966
2055,"HFC134a_emissions","Gg","GCAM_SSP1","GCAM","new",682.1874543285
2060,"HFC134a_emissions","Gg","GCAM_SSP1","GCAM","new",758.936379575
2065,"HFC134a_emissions","Gg","GCAM_SSP1","GCAM","new",840.540407119
2070,"HFC134a_emissions","Gg","GCAM_SSP1","GCAM","new",921.5696084765
2075,"HFC134a_emissions","Gg","GCAM_SSP1","GCAM","new",1000.894345113
2080,"HFC134a_emissions","Gg","GCAM_SSP1","GCAM","new",1074.6821223705
2085,"HFC134a_emissions","Gg","GCAM_SSP1","GCAM","new",1139.743908707
2090,"HFC134a_emissions","Gg","GCAM_SSP1","GCAM","new",1195.6536070185
2095,"HFC134a_emissions","Gg","GCAM_SSP1","GCAM","new",1241.6002654135
2100,"HFC134a_emissions","Gg","GCAM_SSP1","GCAM","new",1273.177053237
2005,"HFC143a_emissions","Gg","GCAM_SSP1","GCAM","new",16.657881676495
2010,"HFC143a_emissions","Gg","GCAM_SSP1","GCAM","new",28.150171402278
2015,"HFC143a_emissions","Gg","GCAM_SSP1","GCAM","new",43.238085254551
2021,"HFC143a_emissions","Gg","GCAM_SSP1","GCAM","new",83.173213309551
2025,"HFC143a_emissions","Gg","GCAM_SSP1","GCAM","new",106.912117179995
2030,"HFC143a_emissions","Gg","GCAM_SSP1","GCAM","new",140.723303756703
2035,"HFC143a_emissions","Gg","GCAM_SSP1","GCAM","new",162.069325495974
2040,"HFC143a_emissions","Gg","GCAM_SSP1","GCAM","new",182.087203689276
2045,"HFC143a_emissions","Gg","GCAM_SSP1","GCAM","new",204.803349299735
2050,"HFC143a_emissions","Gg","GCAM_SSP1","GCAM","new",228.809660966508
2055,"HFC143a_emissions","Gg","GCAM_SSP1","GCAM","new",252.070519257259
2060,"HFC143a_emissions","Gg","GCAM_SSP1","GCAM","new",275.57000688416
2065,"HFC143a_emissions","Gg","GCAM_SSP1","GCAM","new",298.713642829607
2070,"HFC143a_emissions","Gg","GCAM_SSP1","GCAM","new",319.677824113675
2075,"HFC143a_emissions","Gg","GCAM_SSP1","GCAM","new",338.513255755618
2080,"HFC143a_emissions","Gg","GCAM_SSP1","GCAM","new",354.441082049152
2085,"HFC143a_emissions","Gg","GCAM_SSP1","GCAM","new",366.937919537485
2090,"HFC143a_emissions","Gg","GCAM_SSP1","GCAM","new",376.2600435709
2095,"HFC143a_emissions","Gg","GCAM_SSP1","GCAM","new",382.510018819425
2100,"HFC143a_emissions","Gg","GCAM_SSP1","GCAM","new",384.723581989672
2005,"HFC245fa_emissions","Gg","GCAM_SSP1","GCAM","new",3.426583998229
2010,"HFC245fa_emissions","Gg","GCAM_SSP1","GCAM","new",6.643179485242
2015,"HFC245fa_emissions","Gg","GCAM_SSP1","GCAM","new",8.489817647341
2021,"HFC245fa_emissions","Gg","GCAM_SSP1","GCAM","new",8.496387675183
2025,"HFC245fa_emissions","Gg","GCAM_SSP1","GCAM","new",8.921991129141
2030,"HFC245fa_emissions","Gg","GCAM_SSP1","GCAM","new",10.332525830753
2035,"HFC245fa_emissions","Gg","GCAM_SSP1","GCAM","new",10.305053803454
2040,"HFC245fa_emissions","Gg","GCAM_SSP1","GCAM","new",10.473330318708
2045,"HFC245fa_emissions","Gg","GCAM_SSP1","GCAM","new",10.657715199043
2050,"HFC245fa_emissions","Gg","GCAM_SSP1","GCAM","new",10.967931537596
2055,"HFC245fa_emissions","Gg","GCAM_SSP1","GCAM","new",11.260806167129
2060,"HFC245fa_emissions","Gg","GCAM_SSP1","GCAM","new",11.52736615051
2065,"HFC245fa_emissions","Gg","GCAM_SSP1","GCAM","new",11.758049352115
2070,"HFC245fa_emissions","Gg","GCAM_SSP1","GCAM","new",11.932692912378
2075,"HFC245fa_emissions","Gg","GCAM_SSP1","GCAM","new",12.060537710979
2080,"HFC245fa_emissions","Gg","GCAM_SSP1","GCAM","new",12.137251403279
2085,"HFC245fa_emissions","Gg","GCAM_SSP1","GCAM","new",12.145841899316
2090,"HFC245fa_emissions","Gg","GCAM_SSP1","GCAM","new",12.093842154811
2095,"HFC245fa_emissions","Gg","GCAM_SSP1","GCAM","new",11.988285103443
2100,"HFC245fa_emissions","Gg","GCAM_SSP1","GCAM","new",11.807961573635
2005,"HFC227ea_emissions","Gg","GCAM_SSP1","GCAM","new",2.128184574
2010,"HFC227ea_emissions","Gg","GCAM_SSP1","GCAM","new",3.69184179
2015,"HFC227ea_emissions","Gg","GCAM_SSP1","GCAM","new",6.00504143
2021,"HFC227ea_emissions","Gg","GCAM_SSP1","GCAM","new",6.00504143
2025,"HFC227ea_emissions","Gg","GCAM_SSP1","GCAM","new",3.74020471
2030,"HFC227ea_emissions","Gg","GCAM_SSP1","GCAM","new",4.0596623
2035,"HFC227ea_emissions","Gg","GCAM_SSP1","GCAM","new",4.0981028
2040,"HFC227ea_emissions","Gg","GCAM_SSP1","GCAM","new",4.13065493
2045,"HFC227ea_emissions","Gg","GCAM_SSP1","GCAM","new",4.00283387
2050,"HFC227ea_emissions","Gg","GCAM_SSP1","GCAM","new",4.03006562
2055,"HFC227ea_emissions","Gg","GCAM_SSP1","GCAM","new",4.0509283
2060,"HFC227ea_emissions","Gg","GCAM_SSP1","GCAM","new",4.05506768
2065,"HFC227ea_emissions","Gg","GCAM_SSP1","GCAM","new",4.04322606
2070,"HFC227ea_emissions","Gg","GCAM_SSP1","GCAM","new",4.01874077
2075,"HFC227ea_emissions","Gg","GCAM_SSP1","GCAM","new",3.98381856
2080,"HFC227ea_emissions","Gg","GCAM_SSP1","GCAM","new",3.93803542
2085,"HFC227ea_emissions","Gg","GCAM_SSP1","GCAM","new",3.87745551
2090,"HFC227ea_emissions","Gg","GCAM_SSP1","GCAM","new",3.79970111
2095,"HFC227ea_emissions","Gg","GCAM_SSP1","GCAM","new",3.70627439
2100,"HFC227ea_emissions","Gg","GCAM_SSP1","GCAM","new",3.59991153
2015,"HFC23_emissions","Gg","GCAM_SSP1","GCAM","new",10.3569308623802
2021,"HFC23_emissions","Gg","GCAM_SSP1","GCAM","new",10.991813302661
2025,"HFC23_emissions","Gg","GCAM_SSP1","GCAM","new",11.85982054527
2030,"HFC23_emissions","Gg","GCAM_SSP1","GCAM","new",12.624180048093
2035,"HFC23_emissions","Gg","GCAM_SSP1","GCAM","new",13.22161338678
2040,"HFC23_emissions","Gg","GCAM_SSP1","GCAM","new",13.469532586961
2045,"HFC23_emissions","Gg","GCAM_SSP1","GCAM","new",13.663398189738
2050,"HFC23_emissions","Gg","GCAM_SSP1","GCAM","new",13.725729253577
2055,"HFC23_emissions","Gg","GCAM_SSP1","GCAM","new",13.662896893174
2060,"HFC23_emissions","Gg","GCAM_SSP1","GCAM","new",13.534062452625
2065,"HFC23_emissions","Gg","GCAM_SSP1","GCAM","new",13.356775119192
2070,"HFC23_emissions","Gg","GCAM_SSP1","GCAM","new",13.072308115893
2075,"HFC23_emissions","Gg","GCAM_SSP1","GCAM","new",12.74600477575
2080,"HFC23_emissions","Gg","GCAM_SSP1","GCAM","new",12.36352120355
2085,"HFC23_emissions","Gg","GCAM_SSP1","GCAM","new",11.92856916096
2090,"HFC23_emissions","Gg","GCAM_SSP1","GCAM","new",11.48807606205
2095,"HFC23_emissions","Gg","GCAM_SSP1","GCAM","new",11.0760864241
2100,"HFC23_emissions","Gg","GCAM_SSP1","GCAM","new",10.6479098026
2005,"HFC32_emissions","Gg","GCAM_SSP1","GCAM","new",1.2060792957
2010,"HFC32_emissions","Gg","GCAM_SSP1","GCAM","new",2.0280780141
2015,"HFC32_emissions","Gg","GCAM_SSP1","GCAM","new",3.1124133134
2021,"HFC32_emissions","Gg","GCAM_SSP1","GCAM","new",6.0196014741
2025,"HFC32_emissions","Gg","GCAM_SSP1","GCAM","new",7.7585198193
2030,"HFC32_emissions","Gg","GCAM_SSP1","GCAM","new",10.2263329122
2035,"HFC32_emissions","Gg","GCAM_SSP1","GCAM","new",11.7729555837
2040,"HFC32_emissions","Gg","GCAM_SSP1","GCAM","new",13.2206685352
2045,"HFC32_emissions","Gg","GCAM_SSP1","GCAM","new",14.8601570912
2050,"HFC32_emissions","Gg","GCAM_SSP1","GCAM","new",16.588033873
2055,"HFC32_emissions","Gg","GCAM_SSP1","GCAM","new",18.256437964
2060,"HFC32_emissions","Gg","GCAM_SSP1","GCAM","new",19.935725412
2065,"HFC32_emissions","Gg","GCAM_SSP1","GCAM","new",21.582584627
2070,"HFC32_emissions","Gg","GCAM_SSP1","GCAM","new",23.065503822
2075,"HFC32_emissions","Gg","GCAM_SSP1","GCAM","new",24.389629822
2080,"HFC32_emissions","Gg","GCAM_SSP1","GCAM","new",25.500585868
2085,"HFC32_emissions","Gg","GCAM_SSP1","GCAM","new",26.362538841
2090,"HFC32_emissions","Gg","GCAM_SSP1","GCAM","new",26.995546669
2095,"HFC32_emissions","Gg","GCAM_SSP1","GCAM","new",27.408498016
2100,"HFC32_emissions","Gg","GCAM_SSP1","GCAM","new",27.533789379
1990,"SF6_emissions","Gg","GCAM_SSP1","GCAM","new",2.7646554195
2005,"SF6_emissions","Gg","GCAM_SSP1","GCAM","new",2.5740714763
2010,"SF6_emissions","Gg","GCAM_SSP1","GCAM","new",3.0635693566
2015,"SF6_emissions","Gg","GCAM_SSP1","GCAM","new",3.6045659027
2021,"SF6_emissions","Gg","GCAM_SSP1","GCAM","new",4.2902322408
2025,"SF6_emissions","Gg","GCAM_SSP1","GCAM","new",4.6453031206
2030,"SF6_emissions","Gg","GCAM_SSP1","GCAM","new",5.15950717084
2035,"SF6_emissions","Gg","GCAM_SSP1","GCAM","new",5.74732668621
2040,"SF6_emissions","Gg","GCAM_SSP1","GCAM","new",6.03336671088
2045,"SF6_emissions","Gg","GCAM_SSP1","GCAM","new",6.23279328857
2050,"SF6_emissions","Gg","GCAM_SSP1","GCAM","new",6.69335970629
2055,"SF6_emissions","Gg","GCAM_SSP1","GCAM","new",7.0912946686
2060,"SF6_emissions","Gg","GCAM_SSP1","GCAM","new",7.46195918147
2065,"SF6_emissions","Gg","GCAM_SSP1","GCAM","new",7.82943142669
2070,"SF6_emissions","Gg","GCAM_SSP1","GCAM","new",8.11859070036
2075,"SF6_emissions","Gg","GCAM_SSP1","GCAM","new",8.33401863351
2080,"SF6_emissions","Gg","GCAM_SSP1","GCAM","new",8.46577736605
2085,"SF6_emissions","Gg","GCAM_SSP1","GCAM","new",8.5150389645
2090,"SF6_emissions","Gg","GCAM_SSP1","GCAM","new",8.50214086176
2095,"SF6_emissions","Gg","GCAM_SSP1","GCAM","new",8.45236812181
2100,"SF6_emissions","Gg","GCAM_SSP1","GCAM","new",8.34700200605
1990,"CF4_emissions","Gg","GCAM_SSP1","GCAM","new",11.1037607851
2010,"HFC23_emissions","Gg","GCAM_SSP1","GCAM","new",9.0445387905
1990,"C2F6_emissions","Gg","GCAM_SSP1","GCAM","new",1.6781865058
2005,"HFC23_emissions","Gg","GCAM_SSP1","GCAM","new",6.8150399058
1990,"HFC23_emissions","Gg","GCAM_SSP1","GCAM","new",9.1995099459024
1990,"HFC134a_emissions","Gg","GCAM_SSP1","GCAM","new",0.00555238062543
1990,"HFC245fa_emissions","Gg","GCAM_SSP1","GCAM","new",9.010356e-06
1990,"HFC143a_emissions","Gg","GCAM_SSP1","GCAM","new",1.078794e-05
1990,"ffi_emissions","Pg C/yr","GCAM_SSP1","GCAM","new",6.06840647492851
2005,"ffi_emissions","Pg C/yr","GCAM_SSP1","GCAM","new",8.03407247058697
2010,"ffi_emissions","Pg C/yr","GCAM_SSP1","GCAM","new",9.12766818353557
2015,"ffi_emissions","Pg C/yr","GCAM_SSP1","GCAM","new",9.7579286220489
2021,"ffi_emissions","Pg C/yr","GCAM_SSP1","GCAM","new",10.1203471154083
2025,"ffi_emissions","Pg C/yr","GCAM_SSP1","GCAM","new",10.7238495234972
2030,"ffi_emissions","Pg C/yr","GCAM_SSP1","GCAM","new",10.8668090807735
2035,"ffi_emissions","Pg C/yr","GCAM_SSP1","GCAM","new",10.6706515205858
2040,"ffi_emissions","Pg C/yr","GCAM_SSP1","GCAM","new",10.483669909934
2045,"ffi_emissions","Pg C/yr","GCAM_SSP1","GCAM","new",10.2470950418637
2050,"ffi_emissions","Pg C/yr","GCAM_SSP1","GCAM","new",9.94381754302341
2055,"ffi_emissions","Pg C/yr","GCAM_SSP1","GCAM","new",9.69318158586418
2060,"ffi_emissions","Pg C/yr","GCAM_SSP1","GCAM","new",9.47971580994158
2065,"ffi_emissions","Pg C/yr","GCAM_SSP1","GCAM","new",9.27392121993385
2070,"ffi_emissions","Pg C/yr","GCAM_SSP1","GCAM","new",9.08463965728591
2075,"ffi_emissions","Pg C/yr","GCAM_SSP1","GCAM","new",8.92975057487382
2080,"ffi_emissions","Pg C/yr","GCAM_SSP1","GCAM","new",8.72028374772124
2085,"ffi_emissions","Pg C/yr","GCAM_SSP1","GCAM","new",8.46001092728896
2090,"ffi_emissions","Pg C/yr","GCAM_SSP1","GCAM","new",8.15816557798267
2095,"ffi_emissions","Pg C/yr","GCAM_SSP1","GCAM","new",7.81628534374925
2100,"ffi_emissions","Pg C/yr","GCAM_SSP1","GCAM","new",7.48505918908605
1990,"BC_emissions","Tg","GCAM_SSP1","GCAM","new",7.12704585714481
2005,"BC_emissions","Tg","GCAM_SSP1","GCAM","new",7.41362502820224
2010,"BC_emissions","Tg","GCAM_SSP1","GCAM","new",7.49797938684743
2015,"BC_emissions","Tg","GCAM_SSP1","GCAM","new",7.08983568659347
2021,"BC_emissions","Tg","GCAM_SSP1","GCAM","new",6.64435063494617
2025,"BC_emissions","Tg","GCAM_SSP1","GCAM","new",6.56422040611282
2030,"BC_emissions","Tg","GCAM_SSP1","GCAM","new",5.92988641955364
2035,"BC_emissions","Tg","GCAM_SSP1","GCAM","new",5.29121985428916
2040,"BC_emissions","Tg","GCAM_SSP1","GCAM","new",4.68383071341659
2045,"BC_emissions","Tg","GCAM_SSP1","GCAM","new",4.28608775702244
2050,"BC_emissions","Tg","GCAM_SSP1","GCAM","new",3.89985481298414
2055,"BC_emissions","Tg","GCAM_SSP1","GCAM","new",3.7220006594394
2060,"BC_emissions","Tg","GCAM_SSP1","GCAM","new",3.55128786537958
2065,"BC_emissions","Tg","GCAM_SSP1","GCAM","new",3.38239454502653
2070,"BC_emissions","Tg","GCAM_SSP1","GCAM","new",3.22413282436183
2075,"BC_emissions","Tg","GCAM_SSP1","GCAM","new",3.06881873281468
2080,"BC_emissions","Tg","GCAM_SSP1","GCAM","new",2.91615112670991
2085,"BC_emissions","Tg","GCAM_SSP1","GCAM","new",2.77544541964163
2090,"BC_emissions","Tg","GCAM_SSP1","GCAM","new",2.64119519426113
2095,"BC_emissions","Tg","GCAM_SSP1","GCAM","new",2.51724508099637
2100,"BC_emissions","Tg","GCAM_SSP1","GCAM","new",2.40970193681859
1990,"CH4_emissions","Tg CH4","GCAM_SSP1","GCAM","new",294.342154312468
2005,"CH4_emissions","Tg CH4","GCAM_SSP1","GCAM","new",307.732599028375
2010,"CH4_emissions","Tg CH4","GCAM_SSP1","GCAM","new",318.260219909313
2015,"CH4_emissions","Tg CH4","GCAM_SSP1","GCAM","new",330.271719137233
2021,"CH4_emissions","Tg CH4","GCAM_SSP1","GCAM","new",343.678021211937
2025,"CH4_emissions","Tg CH4","GCAM_SSP1","GCAM","new",361.281339603646
2030,"CH4_emissions","Tg CH4","GCAM_SSP1","GCAM","new",368.609578234643
2035,"CH4_emissions","Tg CH4","GCAM_SSP1","GCAM","new",372.109715301504
2040,"CH4_emissions","Tg CH4","GCAM_SSP1","GCAM","new",376.890945016964
2045,"CH4_emissions","Tg CH4","GCAM_SSP1","GCAM","new",380.158763438744
2050,"CH4_emissions","Tg CH4","GCAM_SSP1","GCAM","new",384.429945845895
2055,"CH4_emissions","Tg CH4","GCAM_SSP1","GCAM","new",387.783614691808
2060,"CH4_emissions","Tg CH4","GCAM_SSP1","GCAM","new",389.989923212162
2065,"CH4_emissions","Tg CH4","GCAM_SSP1","GCAM","new",390.028948685598
2070,"CH4_emissions","Tg CH4","GCAM_SSP1","GCAM","new",387.747459085381
2075,"CH4_emissions","Tg CH4","GCAM_SSP1","GCAM","new",383.985367425908
2080,"CH4_emissions","Tg CH4","GCAM_SSP1","GCAM","new",378.559506393921
2085,"CH4_emissions","Tg CH4","GCAM_SSP1","GCAM","new",371.39362977721
2090,"CH4_emissions","Tg CH4","GCAM_SSP1","GCAM","new",362.211025204413
2095,"CH4_emissions","Tg CH4","GCAM_SSP1","GCAM","new",351.66718459561
2100,"CH4_emissions","Tg CH4","GCAM_SSP1","GCAM","new",340.105503941313
1990,"CO_emissions","Tg CO","GCAM_SSP1","GCAM","new",817.214574353959
2005,"CO_emissions","Tg CO","GCAM_SSP1","GCAM","new",777.587321036216
2010,"CO_emissions","Tg CO","GCAM_SSP1","GCAM","new",754.830819604958
2015,"CO_emissions","Tg CO","GCAM_SSP1","GCAM","new",730.713946294208
2021,"CO_emissions","Tg CO","GCAM_SSP1","GCAM","new",667.826072449386
2025,"CO_emissions","Tg CO","GCAM_SSP1","GCAM","new",663.261741373408
2030,"CO_emissions","Tg CO","GCAM_SSP1","GCAM","new",603.139744025216
2035,"CO_emissions","Tg CO","GCAM_SSP1","GCAM","new",555.667179948554
2040,"CO_emissions","Tg CO","GCAM_SSP1","GCAM","new",513.943442462353
2045,"CO_emissions","Tg CO","GCAM_SSP1","GCAM","new",477.686837308165
2050,"CO_emissions","Tg CO","GCAM_SSP1","GCAM","new",449.851872374728
2055,"CO_emissions","Tg CO","GCAM_SSP1","GCAM","new",435.471288760618
2060,"CO_emissions","Tg CO","GCAM_SSP1","GCAM","new",420.050396449194
2065,"CO_emissions","Tg CO","GCAM_SSP1","GCAM","new",404.188444076929
2070,"CO_emissions","Tg CO","GCAM_SSP1","GCAM","new",389.501260138272
2075,"CO_emissions","Tg CO","GCAM_SSP1","GCAM","new",375.262727306486
2080,"CO_emissions","Tg CO","GCAM_SSP1","GCAM","new",361.688705252197
2085,"CO_emissions","Tg CO","GCAM_SSP1","GCAM","new",351.936686525702
2090,"CO_emissions","Tg CO","GCAM_SSP1","GCAM","new",342.807447486112
2095,"CO_emissions","Tg CO","GCAM_SSP1","GCAM","new",334.854440902978
2100,"CO_emissions","Tg CO","GCAM_SSP1","GCAM","new",328.709102320881
1990,NA,NA,"GCAM_SSP1","GCAM","new",NA
2005,NA,NA,"GCAM_SSP1","GCAM","new",NA
2010,NA,NA,"GCAM_SSP1","GCAM","new",NA
2015,NA,NA,"GCAM_SSP1","GCAM","new",NA
2021,NA,NA,"GCAM_SSP1","GCAM","new",NA
2025,NA,NA,"GCAM_SSP1","GCAM","new",NA
2030,NA,NA,"GCAM_SSP1","GCAM","new",NA
2035,NA,NA,"GCAM_SSP1","GCAM","new",NA
2040,NA,NA,"GCAM_SSP1","GCAM","new",NA
2045,NA,NA,"GCAM_SSP1","GCAM","new",NA
2050,NA,NA,"GCAM_SSP1","GCAM","new",NA
2055,NA,NA,"GCAM_SSP1","GCAM","new",NA
2060,NA,NA,"GCAM_SSP1","GCAM","new",NA
2065,NA,NA,"GCAM_SSP1","GCAM","new",NA
2070,NA,NA,"GCAM_SSP1","GCAM","new",NA
2075,NA,NA,"GCAM_SSP1","GCAM","new",NA
2080,NA,NA,"GCAM_SSP1","GCAM","new",NA
2085,NA,NA,"GCAM_SSP1","GCAM","new",NA
2090,NA,NA,"GCAM_SSP1","GCAM","new",NA
2095,NA,NA,"GCAM_SSP1","GCAM","new",NA
2100,NA,NA,"GCAM_SSP1","GCAM","new",NA
1990,"N2O_emissions","Tg N","GCAM_SSP1","GCAM","new",5.37350448854038
2005,"N2O_emissions","Tg N","GCAM_SSP1","GCAM","new",5.94641244075274
2010,"N2O_emissions","Tg N","GCAM_SSP1","GCAM","new",6.26240471711584
2015,"N2O_emissions","Tg N","GCAM_SSP1","GCAM","new",6.60579978407251
2021,"N2O_emissions","Tg N","GCAM_SSP1","GCAM","new",6.91180050326436
2025,"N2O_emissions","Tg N","GCAM_SSP1","GCAM","new",7.38087880836761
2030,"N2O_emissions","Tg N","GCAM_SSP1","GCAM","new",7.67206629470358
2035,"N2O_emissions","Tg N","GCAM_SSP1","GCAM","new",7.93113534936736
2040,"N2O_emissions","Tg N","GCAM_SSP1","GCAM","new",8.16848826619012
2045,"N2O_emissions","Tg N","GCAM_SSP1","GCAM","new",8.38371595338403
2050,"N2O_emissions","Tg N","GCAM_SSP1","GCAM","new",8.64365250725804
2055,"N2O_emissions","Tg N","GCAM_SSP1","GCAM","new",8.87230706018886
2060,"N2O_emissions","Tg N","GCAM_SSP1","GCAM","new",9.06930218962964
2065,"N2O_emissions","Tg N","GCAM_SSP1","GCAM","new",9.19623986212652
2070,"N2O_emissions","Tg N","GCAM_SSP1","GCAM","new",9.2495163728014
2075,"N2O_emissions","Tg N","GCAM_SSP1","GCAM","new",9.23809677414562
2080,"N2O_emissions","Tg N","GCAM_SSP1","GCAM","new",9.18847695595211
2085,"N2O_emissions","Tg N","GCAM_SSP1","GCAM","new",9.09530553240834
2090,"N2O_emissions","Tg N","GCAM_SSP1","GCAM","new",8.960171243277
2095,"N2O_emissions","Tg N","GCAM_SSP1","GCAM","new",8.78856041801605
2100,"N2O_emissions","Tg N","GCAM_SSP1","GCAM","new",8.56833464803918
1990,"NH3_emissions","Tg","GCAM_SSP1","GCAM","new",49.4266975210743
2005,"NH3_emissions","Tg","GCAM_SSP1","GCAM","new",54.918472430314
2010,"NH3_emissions","Tg","GCAM_SSP1","GCAM","new",58.7894841667932
2015,"NH3_emissions","Tg","GCAM_SSP1","GCAM","new",62.0021472424888
2021,"NH3_emissions","Tg","GCAM_SSP1","GCAM","new",66.007265855772
2025,"NH3_emissions","Tg","GCAM_SSP1","GCAM","new",70.7480313616047
2030,"NH3_emissions","Tg","GCAM_SSP1","GCAM","new",74.1174389725622
2035,"NH3_emissions","Tg","GCAM_SSP1","GCAM","new",77.8599074785498
2040,"NH3_emissions","Tg","GCAM_SSP1","GCAM","new",81.4421771221825
2045,"NH3_emissions","Tg","GCAM_SSP1","GCAM","new",84.8158819125954
2050,"NH3_emissions","Tg","GCAM_SSP1","GCAM","new",87.5508323718035
2055,"NH3_emissions","Tg","GCAM_SSP1","GCAM","new",89.4540731993816
2060,"NH3_emissions","Tg","GCAM_SSP1","GCAM","new",91.1598589446372
2065,"NH3_emissions","Tg","GCAM_SSP1","GCAM","new",92.2326550713206
2070,"NH3_emissions","Tg","GCAM_SSP1","GCAM","new",92.6550287944393
2075,"NH3_emissions","Tg","GCAM_SSP1","GCAM","new",92.442384338396
2080,"NH3_emissions","Tg","GCAM_SSP1","GCAM","new",91.7082998506553
2085,"NH3_emissions","Tg","GCAM_SSP1","GCAM","new",90.6266882943078
2090,"NH3_emissions","Tg","GCAM_SSP1","GCAM","new",89.222031683959
2095,"NH3_emissions","Tg","GCAM_SSP1","GCAM","new",87.5416028873038
2100,"NH3_emissions","Tg","GCAM_SSP1","GCAM","new",85.4622764283678
1990,"NMVOC_emissions","Tg NMVOC","GCAM_SSP1","GCAM","new",157.402670020465
2005,"NMVOC_emissions","Tg NMVOC","GCAM_SSP1","GCAM","new",162.071074186517
2010,"NMVOC_emissions","Tg NMVOC","GCAM_SSP1","GCAM","new",166.435884584333
2015,"NMVOC_emissions","Tg NMVOC","GCAM_SSP1","GCAM","new",174.592108656923
2021,"NMVOC_emissions","Tg NMVOC","GCAM_SSP1","GCAM","new",171.781634627689
2025,"NMVOC_emissions","Tg NMVOC","GCAM_SSP1","GCAM","new",169.056074912033
2030,"NMVOC_emissions","Tg NMVOC","GCAM_SSP1","GCAM","new",157.883801982265
2035,"NMVOC_emissions","Tg NMVOC","GCAM_SSP1","GCAM","new",148.933031373474
2040,"NMVOC_emissions","Tg NMVOC","GCAM_SSP1","GCAM","new",141.295823008277
2045,"NMVOC_emissions","Tg NMVOC","GCAM_SSP1","GCAM","new",134.023591543013
2050,"NMVOC_emissions","Tg NMVOC","GCAM_SSP1","GCAM","new",128.466535085271
2055,"NMVOC_emissions","Tg NMVOC","GCAM_SSP1","GCAM","new",125.409595289814
2060,"NMVOC_emissions","Tg NMVOC","GCAM_SSP1","GCAM","new",122.384985680002
2065,"NMVOC_emissions","Tg NMVOC","GCAM_SSP1","GCAM","new",119.2098730673
2070,"NMVOC_emissions","Tg NMVOC","GCAM_SSP1","GCAM","new",115.818335687223
2075,"NMVOC_emissions","Tg NMVOC","GCAM_SSP1","GCAM","new",112.28193838996
2080,"NMVOC_emissions","Tg NMVOC","GCAM_SSP1","GCAM","new",108.827190156016
2085,"NMVOC_emissions","Tg NMVOC","GCAM_SSP1","GCAM","new",106.896083155923
2090,"NMVOC_emissions","Tg NMVOC","GCAM_SSP1","GCAM","new",105.096035767188
2095,"NMVOC_emissions","Tg NMVOC","GCAM_SSP1","GCAM","new",103.403931582554
2100,"NMVOC_emissions","Tg NMVOC","GCAM_SSP1","GCAM","new",101.806315612513
1990,"NOX_emissions","Tg N","GCAM_SSP1","GCAM","new",36.4774433565084
2005,"NOX_emissions","Tg N","GCAM_SSP1","GCAM","new",41.4538102109759
2010,"NOX_emissions","Tg N","GCAM_SSP1","GCAM","new",40.6557539536
2015,"NOX_emissions","Tg N","GCAM_SSP1","GCAM","new",39.4644054846393
2021,"NOX_emissions","Tg N","GCAM_SSP1","GCAM","new",35.6818572836313
2025,"NOX_emissions","Tg N","GCAM_SSP1","GCAM","new",35.1365855604749
2030,"NOX_emissions","Tg N","GCAM_SSP1","GCAM","new",30.2469735144828
2035,"NOX_emissions","Tg N","GCAM_SSP1","GCAM","new",25.8087320920802
2040,"NOX_emissions","Tg N","GCAM_SSP1","GCAM","new",21.5574017907367
2045,"NOX_emissions","Tg N","GCAM_SSP1","GCAM","new",19.4613303234141
2050,"NOX_emissions","Tg N","GCAM_SSP1","GCAM","new",17.5619141356882
2055,"NOX_emissions","Tg N","GCAM_SSP1","GCAM","new",16.7206899056976
2060,"NOX_emissions","Tg N","GCAM_SSP1","GCAM","new",16.0313855538465
2065,"NOX_emissions","Tg N","GCAM_SSP1","GCAM","new",15.3818094159461
2070,"NOX_emissions","Tg N","GCAM_SSP1","GCAM","new",14.7585056099727
2075,"NOX_emissions","Tg N","GCAM_SSP1","GCAM","new",14.1755227604233
2080,"NOX_emissions","Tg N","GCAM_SSP1","GCAM","new",13.5902982561987
2085,"NOX_emissions","Tg N","GCAM_SSP1","GCAM","new",12.9981037705268
2090,"NOX_emissions","Tg N","GCAM_SSP1","GCAM","new",12.416641389508
2095,"NOX_emissions","Tg N","GCAM_SSP1","GCAM","new",11.8319022566221
2100,"NOX_emissions","Tg N","GCAM_SSP1","GCAM","new",11.2601702314446
1990,"OC_emissions","Tg","GCAM_SSP1","GCAM","new",22.2724865780082
2005,"OC_emissions","Tg","GCAM_SSP1","GCAM","new",23.6016893183934
2010,"OC_emissions","Tg","GCAM_SSP1","GCAM","new",24.3908850007195
2015,"OC_emissions","Tg","GCAM_SSP1","GCAM","new",24.2776259448052
2021,"OC_emissions","Tg","GCAM_SSP1","GCAM","new",23.9748202562535
2025,"OC_emissions","Tg","GCAM_SSP1","GCAM","new",24.1991139959235
2030,"OC_emissions","Tg","GCAM_SSP1","GCAM","new",22.6568918076295
2035,"OC_emissions","Tg","GCAM_SSP1","GCAM","new",21.4653493750201
2040,"OC_emissions","Tg","GCAM_SSP1","GCAM","new",20.8506214747602
2045,"OC_emissions","Tg","GCAM_SSP1","GCAM","new",20.0598825737221
2050,"OC_emissions","Tg","GCAM_SSP1","GCAM","new",19.1569054572356
2055,"OC_emissions","Tg","GCAM_SSP1","GCAM","new",18.5896724966259
2060,"OC_emissions","Tg","GCAM_SSP1","GCAM","new",17.8795043879242
2065,"OC_emissions","Tg","GCAM_SSP1","GCAM","new",17.1179791913224
2070,"OC_emissions","Tg","GCAM_SSP1","GCAM","new",16.4299229719349
2075,"OC_emissions","Tg","GCAM_SSP1","GCAM","new",15.7653462503954
2080,"OC_emissions","Tg","GCAM_SSP1","GCAM","new",15.1421569886765
2085,"OC_emissions","Tg","GCAM_SSP1","GCAM","new",14.5974393173439
2090,"OC_emissions","Tg","GCAM_SSP1","GCAM","new",14.08519507839
2095,"OC_emissions","Tg","GCAM_SSP1","GCAM","new",13.6417962713122
2100,"OC_emissions","Tg","GCAM_SSP1","GCAM","new",13.2816699073464
1990,"SO2_emissions","Gg S","GCAM_SSP1","GCAM","new",66724.2006252781
2005,"SO2_emissions","Gg S","GCAM_SSP1","GCAM","new",61883.3155686425
2010,"SO2_emissions","Gg S","GCAM_SSP1","GCAM","new",52801.1196889706
2015,"SO2_emissions","Gg S","GCAM_SSP1","GCAM","new",44762.2210340626
2021,"SO2_emissions","Gg S","GCAM_SSP1","GCAM","new",34077.0545924128
2025,"SO2_emissions","Gg S","GCAM_SSP1","GCAM","new",31148.8263656952
2030,"SO2_emissions","Gg S","GCAM_SSP1","GCAM","new",26246.3670183068
2035,"SO2_emissions","Gg S","GCAM_SSP1","GCAM","new",22660.1298546142
2040,"SO2_emissions","Gg S","GCAM_SSP1","GCAM","new",19565.4427079017
2045,"SO2_emissions","Gg S","GCAM_SSP1","GCAM","new",16698.3122219379
2050,"SO2_emissions","Gg S","GCAM_SSP1","GCAM","new",14156.9144658295
2055,"SO2_emissions","Gg S","GCAM_SSP1","GCAM","new",13084.1379755938
2060,"SO2_emissions","Gg S","GCAM_SSP1","GCAM","new",12134.8318457528
2065,"SO2_emissions","Gg S","GCAM_SSP1","GCAM","new",11233.365928174
2070,"SO2_emissions","Gg S","GCAM_SSP1","GCAM","new",10372.2923992911
2075,"SO2_emissions","Gg S","GCAM_SSP1","GCAM","new",9594.8219206756
2080,"SO2_emissions","Gg S","GCAM_SSP1","GCAM","new",8890.03732004629
2085,"SO2_emissions","Gg S","GCAM_SSP1","GCAM","new",8210.55151471722
2090,"SO2_emissions","Gg S","GCAM_SSP1","GCAM","new",7569.39580551209
2095,"SO2_emissions","Gg S","GCAM_SSP1","GCAM","new",6964.71732340986
2100,"SO2_emissions","Gg S","GCAM_SSP1","GCAM","new",6389.78815467279
2005,"C2F6_emissions","Gg","GCAM_SSP2","GCAM","new",1.3326894438
2010,"C2F6_emissions","Gg","GCAM_SSP2","GCAM","new",1.1421159114
2015,"C2F6_emissions","Gg","GCAM_SSP2","GCAM","new",1.4890217964
2021,"C2F6_emissions","Gg","GCAM_SSP2","GCAM","new",1.5013436056
2025,"C2F6_emissions","Gg","GCAM_SSP2","GCAM","new",1.5949416218
2030,"C2F6_emissions","Gg","GCAM_SSP2","GCAM","new",1.7070790462
2035,"C2F6_emissions","Gg","GCAM_SSP2","GCAM","new",1.7998243113
2040,"C2F6_emissions","Gg","GCAM_SSP2","GCAM","new",1.8568851834
2045,"C2F6_emissions","Gg","GCAM_SSP2","GCAM","new",1.9028294918
2050,"C2F6_emissions","Gg","GCAM_SSP2","GCAM","new",1.943349154
2055,"C2F6_emissions","Gg","GCAM_SSP2","GCAM","new",1.9647846254
2060,"C2F6_emissions","Gg","GCAM_SSP2","GCAM","new",1.9807381459
2065,"C2F6_emissions","Gg","GCAM_SSP2","GCAM","new",1.9899334237
2070,"C2F6_emissions","Gg","GCAM_SSP2","GCAM","new",1.9920306586
2075,"C2F6_emissions","Gg","GCAM_SSP2","GCAM","new",1.9882021011
2080,"C2F6_emissions","Gg","GCAM_SSP2","GCAM","new",1.9775918309
2085,"C2F6_emissions","Gg","GCAM_SSP2","GCAM","new",1.9597941051
2090,"C2F6_emissions","Gg","GCAM_SSP2","GCAM","new",1.9412188719
2095,"C2F6_emissions","Gg","GCAM_SSP2","GCAM","new",1.9210072212
2100,"C2F6_emissions","Gg","GCAM_SSP2","GCAM","new",1.8964338963
2005,"CF4_emissions","Gg","GCAM_SSP2","GCAM","new",4.5595095224
2010,"CF4_emissions","Gg","GCAM_SSP2","GCAM","new",3.4908554511
2015,"CF4_emissions","Gg","GCAM_SSP2","GCAM","new",4.5419844727
2021,"CF4_emissions","Gg","GCAM_SSP2","GCAM","new",4.66616681119
2025,"CF4_emissions","Gg","GCAM_SSP2","GCAM","new",4.9610251152
2030,"CF4_emissions","Gg","GCAM_SSP2","GCAM","new",5.2805708076
2035,"CF4_emissions","Gg","GCAM_SSP2","GCAM","new",5.5288720623
2040,"CF4_emissions","Gg","GCAM_SSP2","GCAM","new",5.674560838
2045,"CF4_emissions","Gg","GCAM_SSP2","GCAM","new",5.79365840212
2050,"CF4_emissions","Gg","GCAM_SSP2","GCAM","new",5.93565118765
2055,"CF4_emissions","Gg","GCAM_SSP2","GCAM","new",6.03583766876
2060,"CF4_emissions","Gg","GCAM_SSP2","GCAM","new",6.11828085023
2065,"CF4_emissions","Gg","GCAM_SSP2","GCAM","new",6.17892917289
2070,"CF4_emissions","Gg","GCAM_SSP2","GCAM","new",6.21385911504
2075,"CF4_emissions","Gg","GCAM_SSP2","GCAM","new",6.22804525676
2080,"CF4_emissions","Gg","GCAM_SSP2","GCAM","new",6.21689876416
2085,"CF4_emissions","Gg","GCAM_SSP2","GCAM","new",6.1790080665
2090,"CF4_emissions","Gg","GCAM_SSP2","GCAM","new",6.13941081026
2095,"CF4_emissions","Gg","GCAM_SSP2","GCAM","new",6.09419621353
2100,"CF4_emissions","Gg","GCAM_SSP2","GCAM","new",6.03366776825
2005,"HFC125_emissions","Gg","GCAM_SSP2","GCAM","new",13.4736975439
2010,"HFC125_emissions","Gg","GCAM_SSP2","GCAM","new",25.754668812
2015,"HFC125_emissions","Gg","GCAM_SSP2","GCAM","new",39.522956612
2021,"HFC125_emissions","Gg","GCAM_SSP2","GCAM","new",76.34528554
2025,"HFC125_emissions","Gg","GCAM_SSP2","GCAM","new",98.961458446
2030,"HFC125_emissions","Gg","GCAM_SSP2","GCAM","new",130.268562054
2035,"HFC125_emissions","Gg","GCAM_SSP2","GCAM","new",147.688384915
2040,"HFC125_emissions","Gg","GCAM_SSP2","GCAM","new",163.455948133
2045,"HFC125_emissions","Gg","GCAM_SSP2","GCAM","new",180.443768194
2050,"HFC125_emissions","Gg","GCAM_SSP2","GCAM","new",198.66286012
2055,"HFC125_emissions","Gg","GCAM_SSP2","GCAM","new",216.74065496
2060,"HFC125_emissions","Gg","GCAM_SSP2","GCAM","new",236.12010782
2065,"HFC125_emissions","Gg","GCAM_SSP2","GCAM","new",256.17057568
2070,"HFC125_emissions","Gg","GCAM_SSP2","GCAM","new",276.05776492
2075,"HFC125_emissions","Gg","GCAM_SSP2","GCAM","new",295.66737605
2080,"HFC125_emissions","Gg","GCAM_SSP2","GCAM","new",314.45793267
2085,"HFC125_emissions","Gg","GCAM_SSP2","GCAM","new",331.94987528
2090,"HFC125_emissions","Gg","GCAM_SSP2","GCAM","new",348.56544966
2095,"HFC125_emissions","Gg","GCAM_SSP2","GCAM","new",363.95706078
2100,"HFC125_emissions","Gg","GCAM_SSP2","GCAM","new",377.25587101
2005,"HFC134a_emissions","Gg","GCAM_SSP2","GCAM","new",130.6109941672
2010,"HFC134a_emissions","Gg","GCAM_SSP2","GCAM","new",181.60389160285
2015,"HFC134a_emissions","Gg","GCAM_SSP2","GCAM","new",244.0811181717
2021,"HFC134a_emissions","Gg","GCAM_SSP2","GCAM","new",312.4545100584
2025,"HFC134a_emissions","Gg","GCAM_SSP2","GCAM","new",341.26366561065
2030,"HFC134a_emissions","Gg","GCAM_SSP2","GCAM","new",387.5054268535
2035,"HFC134a_emissions","Gg","GCAM_SSP2","GCAM","new",430.524402372
2040,"HFC134a_emissions","Gg","GCAM_SSP2","GCAM","new",471.8702379905
2045,"HFC134a_emissions","Gg","GCAM_SSP2","GCAM","new",519.073690225
2050,"HFC134a_emissions","Gg","GCAM_SSP2","GCAM","new",573.9770180095
2055,"HFC134a_emissions","Gg","GCAM_SSP2","GCAM","new",631.8771319675
2060,"HFC134a_emissions","Gg","GCAM_SSP2","GCAM","new",697.8995150545
2065,"HFC134a_emissions","Gg","GCAM_SSP2","GCAM","new",770.94501948
2070,"HFC134a_emissions","Gg","GCAM_SSP2","GCAM","new",849.2142765175
2075,"HFC134a_emissions","Gg","GCAM_SSP2","GCAM","new",932.235566933
2080,"HFC134a_emissions","Gg","GCAM_SSP2","GCAM","new",1017.9217435025
2085,"HFC134a_emissions","Gg","GCAM_SSP2","GCAM","new",1103.9283489125
2090,"HFC134a_emissions","Gg","GCAM_SSP2","GCAM","new",1190.85259139
2095,"HFC134a_emissions","Gg","GCAM_SSP2","GCAM","new",1276.442844028
2100,"HFC134a_emissions","Gg","GCAM_SSP2","GCAM","new",1356.2766479235
2005,"HFC143a_emissions","Gg","GCAM_SSP2","GCAM","new",16.657881676495
2010,"HFC143a_emissions","Gg","GCAM_SSP2","GCAM","new",28.150171402278
2015,"HFC143a_emissions","Gg","GCAM_SSP2","GCAM","new",43.238085254551
2021,"HFC143a_emissions","Gg","GCAM_SSP2","GCAM","new",83.173213309551
2025,"HFC143a_emissions","Gg","GCAM_SSP2","GCAM","new",107.576843353995
2030,"HFC143a_emissions","Gg","GCAM_SSP2","GCAM","new",141.472360656709
2035,"HFC143a_emissions","Gg","GCAM_SSP2","GCAM","new",160.437043880102
2040,"HFC143a_emissions","Gg","GCAM_SSP2","GCAM","new",177.629611407758
2045,"HFC143a_emissions","Gg","GCAM_SSP2","GCAM","new",196.181149794309
2050,"HFC143a_emissions","Gg","GCAM_SSP2","GCAM","new",216.118552883268
2055,"HFC143a_emissions","Gg","GCAM_SSP2","GCAM","new",235.950328828145
2060,"HFC143a_emissions","Gg","GCAM_SSP2","GCAM","new",257.260282920812
2065,"HFC143a_emissions","Gg","GCAM_SSP2","GCAM","new",279.369020398908
2070,"HFC143a_emissions","Gg","GCAM_SSP2","GCAM","new",301.37636271597
2075,"HFC143a_emissions","Gg","GCAM_SSP2","GCAM","new",323.156580459807
2080,"HFC143a_emissions","Gg","GCAM_SSP2","GCAM","new",344.114728496602
2085,"HFC143a_emissions","Gg","GCAM_SSP2","GCAM","new",363.718797900331
2090,"HFC143a_emissions","Gg","GCAM_SSP2","GCAM","new",382.417263595539
2095,"HFC143a_emissions","Gg","GCAM_SSP2","GCAM","new",399.813858180859
2100,"HFC143a_emissions","Gg","GCAM_SSP2","GCAM","new",414.935944441995
2005,"HFC245fa_emissions","Gg","GCAM_SSP2","GCAM","new",3.426583998229
2010,"HFC245fa_emissions","Gg","GCAM_SSP2","GCAM","new",6.643179485242
2015,"HFC245fa_emissions","Gg","GCAM_SSP2","GCAM","new",8.489817647341
2021,"HFC245fa_emissions","Gg","GCAM_SSP2","GCAM","new",8.496387675183
2025,"HFC245fa_emissions","Gg","GCAM_SSP2","GCAM","new",8.948238925348
2030,"HFC245fa_emissions","Gg","GCAM_SSP2","GCAM","new",10.409837284654
2035,"HFC245fa_emissions","Gg","GCAM_SSP2","GCAM","new",10.41416585883
2040,"HFC245fa_emissions","Gg","GCAM_SSP2","GCAM","new",10.650848575122
2045,"HFC245fa_emissions","Gg","GCAM_SSP2","GCAM","new",10.896233820765
2050,"HFC245fa_emissions","Gg","GCAM_SSP2","GCAM","new",11.290112035922
2055,"HFC245fa_emissions","Gg","GCAM_SSP2","GCAM","new",11.687032978575
2060,"HFC245fa_emissions","Gg","GCAM_SSP2","GCAM","new",12.097512912527
2065,"HFC245fa_emissions","Gg","GCAM_SSP2","GCAM","new",12.503893416111
2070,"HFC245fa_emissions","Gg","GCAM_SSP2","GCAM","new",12.893882556556
2075,"HFC245fa_emissions","Gg","GCAM_SSP2","GCAM","new",13.26373593258
2080,"HFC245fa_emissions","Gg","GCAM_SSP2","GCAM","new",13.60629286687
2085,"HFC245fa_emissions","Gg","GCAM_SSP2","GCAM","new",13.906249462386
2090,"HFC245fa_emissions","Gg","GCAM_SSP2","GCAM","new",14.173778586357
2095,"HFC245fa_emissions","Gg","GCAM_SSP2","GCAM","new",14.401960305083
2100,"HFC245fa_emissions","Gg","GCAM_SSP2","GCAM","new",14.577856735865
2005,"HFC227ea_emissions","Gg","GCAM_SSP2","GCAM","new",2.128184574
2010,"HFC227ea_emissions","Gg","GCAM_SSP2","GCAM","new",3.69184179
2015,"HFC227ea_emissions","Gg","GCAM_SSP2","GCAM","new",6.00504143
2021,"HFC227ea_emissions","Gg","GCAM_SSP2","GCAM","new",6.00504143
2025,"HFC227ea_emissions","Gg","GCAM_SSP2","GCAM","new",3.74020471
2030,"HFC227ea_emissions","Gg","GCAM_SSP2","GCAM","new",4.06308093
2035,"HFC227ea_emissions","Gg","GCAM_SSP2","GCAM","new",4.10927786
2040,"HFC227ea_emissions","Gg","GCAM_SSP2","GCAM","new",4.15321846
2045,"HFC227ea_emissions","Gg","GCAM_SSP2","GCAM","new",4.03621554
2050,"HFC227ea_emissions","Gg","GCAM_SSP2","GCAM","new",4.07506139
2055,"HFC227ea_emissions","Gg","GCAM_SSP2","GCAM","new",4.11089644
2060,"HFC227ea_emissions","Gg","GCAM_SSP2","GCAM","new",4.13548234
2065,"HFC227ea_emissions","Gg","GCAM_SSP2","GCAM","new",4.14853662
2070,"HFC227ea_emissions","Gg","GCAM_SSP2","GCAM","new",4.15286709
2075,"HFC227ea_emissions","Gg","GCAM_SSP2","GCAM","new",4.15007499
2080,"HFC227ea_emissions","Gg","GCAM_SSP2","GCAM","new",4.14027498
2085,"HFC227ea_emissions","Gg","GCAM_SSP2","GCAM","new",4.12318158
2090,"HFC227ea_emissions","Gg","GCAM_SSP2","GCAM","new",4.099156
2095,"HFC227ea_emissions","Gg","GCAM_SSP2","GCAM","new",4.06889557
2100,"HFC227ea_emissions","Gg","GCAM_SSP2","GCAM","new",4.03225898
2015,"HFC23_emissions","Gg","GCAM_SSP2","GCAM","new",10.3569308623802
2021,"HFC23_emissions","Gg","GCAM_SSP2","GCAM","new",10.991813302661
2025,"HFC23_emissions","Gg","GCAM_SSP2","GCAM","new",11.941540301973
2030,"HFC23_emissions","Gg","GCAM_SSP2","GCAM","new",12.885629503198
2035,"HFC23_emissions","Gg","GCAM_SSP2","GCAM","new",13.575290454319
2040,"HFC23_emissions","Gg","GCAM_SSP2","GCAM","new",13.935837730302
2045,"HFC23_emissions","Gg","GCAM_SSP2","GCAM","new",14.202256262139
2050,"HFC23_emissions","Gg","GCAM_SSP2","GCAM","new",14.327283799324
2055,"HFC23_emissions","Gg","GCAM_SSP2","GCAM","new",14.272283080778
2060,"HFC23_emissions","Gg","GCAM_SSP2","GCAM","new",14.158169274575
2065,"HFC23_emissions","Gg","GCAM_SSP2","GCAM","new",13.989278674873
2070,"HFC23_emissions","Gg","GCAM_SSP2","GCAM","new",13.75985586889
2075,"HFC23_emissions","Gg","GCAM_SSP2","GCAM","new",13.490869438239
2080,"HFC23_emissions","Gg","GCAM_SSP2","GCAM","new",13.168184957718
2085,"HFC23_emissions","Gg","GCAM_SSP2","GCAM","new",12.791225517603
2090,"HFC23_emissions","Gg","GCAM_SSP2","GCAM","new",12.445554424175
2095,"HFC23_emissions","Gg","GCAM_SSP2","GCAM","new",12.116745281733
2100,"HFC23_emissions","Gg","GCAM_SSP2","GCAM","new",11.770701572528
2005,"HFC32_emissions","Gg","GCAM_SSP2","GCAM","new",1.2060792957
2010,"HFC32_emissions","Gg","GCAM_SSP2","GCAM","new",2.0280780141
2015,"HFC32_emissions","Gg","GCAM_SSP2","GCAM","new",3.1124133134
2021,"HFC32_emissions","Gg","GCAM_SSP2","GCAM","new",6.0196014741
2025,"HFC32_emissions","Gg","GCAM_SSP2","GCAM","new",7.8066293865
2030,"HFC32_emissions","Gg","GCAM_SSP2","GCAM","new",10.2810184205
2035,"HFC32_emissions","Gg","GCAM_SSP2","GCAM","new",11.6555332852
2040,"HFC32_emissions","Gg","GCAM_SSP2","GCAM","new",12.8993792926
2045,"HFC32_emissions","Gg","GCAM_SSP2","GCAM","new",14.2391315924
2050,"HFC32_emissions","Gg","GCAM_SSP2","GCAM","new",15.6755502829
2055,"HFC32_emissions","Gg","GCAM_SSP2","GCAM","new",17.1002951925
2060,"HFC32_emissions","Gg","GCAM_SSP2","GCAM","new",18.6270756304
2065,"HFC32_emissions","Gg","GCAM_SSP2","GCAM","new",20.206048135
2070,"HFC32_emissions","Gg","GCAM_SSP2","GCAM","new",21.771318525
2075,"HFC32_emissions","Gg","GCAM_SSP2","GCAM","new",23.313880091
2080,"HFC32_emissions","Gg","GCAM_SSP2","GCAM","new",24.791105176
2085,"HFC32_emissions","Gg","GCAM_SSP2","GCAM","new",26.165285778
2090,"HFC32_emissions","Gg","GCAM_SSP2","GCAM","new",27.469825364
2095,"HFC32_emissions","Gg","GCAM_SSP2","GCAM","new",28.677474267
2100,"HFC32_emissions","Gg","GCAM_SSP2","GCAM","new",29.720023154
1990,"SF6_emissions","Gg","GCAM_SSP2","GCAM","new",2.7646554195
2005,"SF6_emissions","Gg","GCAM_SSP2","GCAM","new",2.5740714763
2010,"SF6_emissions","Gg","GCAM_SSP2","GCAM","new",3.0635693566
2015,"SF6_emissions","Gg","GCAM_SSP2","GCAM","new",3.6045659027
2021,"SF6_emissions","Gg","GCAM_SSP2","GCAM","new",4.2902322408
2025,"SF6_emissions","Gg","GCAM_SSP2","GCAM","new",4.69548984147
2030,"SF6_emissions","Gg","GCAM_SSP2","GCAM","new",5.23446846818
2035,"SF6_emissions","Gg","GCAM_SSP2","GCAM","new",5.7392521966
2040,"SF6_emissions","Gg","GCAM_SSP2","GCAM","new",6.02938477479
2045,"SF6_emissions","Gg","GCAM_SSP2","GCAM","new",6.22660228225
2050,"SF6_emissions","Gg","GCAM_SSP2","GCAM","new",6.6845453254
2055,"SF6_emissions","Gg","GCAM_SSP2","GCAM","new",7.07154904995
2060,"SF6_emissions","Gg","GCAM_SSP2","GCAM","new",7.46085807433
2065,"SF6_emissions","Gg","GCAM_SSP2","GCAM","new",7.84658158683
2070,"SF6_emissions","Gg","GCAM_SSP2","GCAM","new",8.21152449725
2075,"SF6_emissions","Gg","GCAM_SSP2","GCAM","new",8.5416364747
2080,"SF6_emissions","Gg","GCAM_SSP2","GCAM","new",8.83790514095
2085,"SF6_emissions","Gg","GCAM_SSP2","GCAM","new",9.07076937737
2090,"SF6_emissions","Gg","GCAM_SSP2","GCAM","new",9.28719841602
2095,"SF6_emissions","Gg","GCAM_SSP2","GCAM","new",9.49325044581
2100,"SF6_emissions","Gg","GCAM_SSP2","GCAM","new",9.67948659637
1990,"CF4_emissions","Gg","GCAM_SSP2","GCAM","new",11.1037607851
2010,"HFC23_emissions","Gg","GCAM_SSP2","GCAM","new",9.0445387905
1990,"C2F6_emissions","Gg","GCAM_SSP2","GCAM","new",1.6781865058
2005,"HFC23_emissions","Gg","GCAM_SSP2","GCAM","new",6.8150399058
1990,"HFC23_emissions","Gg","GCAM_SSP2","GCAM","new",9.1995099459024
1990,"HFC134a_emissions","Gg","GCAM_SSP2","GCAM","new",0.00555238062543
1990,"HFC245fa_emissions","Gg","GCAM_SSP2","GCAM","new",9.010356e-06
1990,"HFC143a_emissions","Gg","GCAM_SSP2","GCAM","new",1.078794e-05
1990,"ffi_emissions","Pg C/yr","GCAM_SSP2","GCAM","new",6.06840647492851
2005,"ffi_emissions","Pg C/yr","GCAM_SSP2","GCAM","new",8.03407247058697
2010,"ffi_emissions","Pg C/yr","GCAM_SSP2","GCAM","new",9.12766818353557
2015,"ffi_emissions","Pg C/yr","GCAM_SSP2","GCAM","new",9.7579286220489
2021,"ffi_emissions","Pg C/yr","GCAM_SSP2","GCAM","new",10.1203471154083
2025,"ffi_emissions","Pg C/yr","GCAM_SSP2","GCAM","new",10.6498343505992
2030,"ffi_emissions","Pg C/yr","GCAM_SSP2","GCAM","new",10.9211255101197
2035,"ffi_emissions","Pg C/yr","GCAM_SSP2","GCAM","new",10.948237088885
2040,"ffi_emissions","Pg C/yr","GCAM_SSP2","GCAM","new",10.8559253411402
2045,"ffi_emissions","Pg C/yr","GCAM_SSP2","GCAM","new",10.7163649677745
2050,"ffi_emissions","Pg C/yr","GCAM_SSP2","GCAM","new",10.5766364340122
2055,"ffi_emissions","Pg C/yr","GCAM_SSP2","GCAM","new",10.4990819208761
2060,"ffi_emissions","Pg C/yr","GCAM_SSP2","GCAM","new",10.5582163583093
2065,"ffi_emissions","Pg C/yr","GCAM_SSP2","GCAM","new",10.6733545226109
2070,"ffi_emissions","Pg C/yr","GCAM_SSP2","GCAM","new",10.8012113694038
2075,"ffi_emissions","Pg C/yr","GCAM_SSP2","GCAM","new",10.9940653892706
2080,"ffi_emissions","Pg C/yr","GCAM_SSP2","GCAM","new",11.103317459625
2085,"ffi_emissions","Pg C/yr","GCAM_SSP2","GCAM","new",11.1030395413706
2090,"ffi_emissions","Pg C/yr","GCAM_SSP2","GCAM","new",11.1721236114089
2095,"ffi_emissions","Pg C/yr","GCAM_SSP2","GCAM","new",11.2333516903393
2100,"ffi_emissions","Pg C/yr","GCAM_SSP2","GCAM","new",11.2897084786939
1990,"BC_emissions","Tg","GCAM_SSP2","GCAM","new",7.12704585714481
2005,"BC_emissions","Tg","GCAM_SSP2","GCAM","new",7.41362502520224
2010,"BC_emissions","Tg","GCAM_SSP2","GCAM","new",7.49797938684743
2015,"BC_emissions","Tg","GCAM_SSP2","GCAM","new",7.08983568659347
2021,"BC_emissions","Tg","GCAM_SSP2","GCAM","new",6.64435063493616
2025,"BC_emissions","Tg","GCAM_SSP2","GCAM","new",6.67987931248485
2030,"BC_emissions","Tg","GCAM_SSP2","GCAM","new",6.12899496775751
2035,"BC_emissions","Tg","GCAM_SSP2","GCAM","new",5.59419063312347
2040,"BC_emissions","Tg","GCAM_SSP2","GCAM","new",5.0430831200502
2045,"BC_emissions","Tg","GCAM_SSP2","GCAM","new",4.64974769689821
2050,"BC_emissions","Tg","GCAM_SSP2","GCAM","new",4.2646586358005
2055,"BC_emissions","Tg","GCAM_SSP2","GCAM","new",4.0485661306805
2060,"BC_emissions","Tg","GCAM_SSP2","GCAM","new",3.87258373510136
2065,"BC_emissions","Tg","GCAM_SSP2","GCAM","new",3.72480695645988
2070,"BC_emissions","Tg","GCAM_SSP2","GCAM","new",3.58656288211939
2075,"BC_emissions","Tg","GCAM_SSP2","GCAM","new",3.44974986880783
2080,"BC_emissions","Tg","GCAM_SSP2","GCAM","new",3.30405866943241
2085,"BC_emissions","Tg","GCAM_SSP2","GCAM","new",3.16365487755318
2090,"BC_emissions","Tg","GCAM_SSP2","GCAM","new",3.02679353014603
2095,"BC_emissions","Tg","GCAM_SSP2","GCAM","new",2.89043646414168
2100,"BC_emissions","Tg","GCAM_SSP2","GCAM","new",2.76050757343947
1990,"CH4_emissions","Tg CH4","GCAM_SSP2","GCAM","new",294.342154311368
2005,"CH4_emissions","Tg CH4","GCAM_SSP2","GCAM","new",307.732599027375
2010,"CH4_emissions","Tg CH4","GCAM_SSP2","GCAM","new",318.260219919313
2015,"CH4_emissions","Tg CH4","GCAM_SSP2","GCAM","new",330.271719137233
2021,"CH4_emissions","Tg CH4","GCAM_SSP2","GCAM","new",343.678021211937
2025,"CH4_emissions","Tg CH4","GCAM_SSP2","GCAM","new",362.638909049934
2030,"CH4_emissions","Tg CH4","GCAM_SSP2","GCAM","new",375.451265370272
2035,"CH4_emissions","Tg CH4","GCAM_SSP2","GCAM","new",386.711118040901
2040,"CH4_emissions","Tg CH4","GCAM_SSP2","GCAM","new",398.328593464472
2045,"CH4_emissions","Tg CH4","GCAM_SSP2","GCAM","new",409.105505730607
2050,"CH4_emissions","Tg CH4","GCAM_SSP2","GCAM","new",422.76014638239
2055,"CH4_emissions","Tg CH4","GCAM_SSP2","GCAM","new",437.516921309004
2060,"CH4_emissions","Tg CH4","GCAM_SSP2","GCAM","new",453.558658631926
2065,"CH4_emissions","Tg CH4","GCAM_SSP2","GCAM","new",468.797158959546
2070,"CH4_emissions","Tg CH4","GCAM_SSP2","GCAM","new",482.191977288689
2075,"CH4_emissions","Tg CH4","GCAM_SSP2","GCAM","new",494.714757943954
2080,"CH4_emissions","Tg CH4","GCAM_SSP2","GCAM","new",505.159847916398
2085,"CH4_emissions","Tg CH4","GCAM_SSP2","GCAM","new",514.083315767605
2090,"CH4_emissions","Tg CH4","GCAM_SSP2","GCAM","new",522.120767948521
2095,"CH4_emissions","Tg CH4","GCAM_SSP2","GCAM","new",527.043918033126
2100,"CH4_emissions","Tg CH4","GCAM_SSP2","GCAM","new",531.089310294633
1990,"CO_emissions","Tg CO","GCAM_SSP2","GCAM","new",817.214574352359
2005,"CO_emissions","Tg CO","GCAM_SSP2","GCAM","new",777.587321035216
2010,"CO_emissions","Tg CO","GCAM_SSP2","GCAM","new",754.830819504959
2015,"CO_emissions","Tg CO","GCAM_SSP2","GCAM","new",730.713946294208
2021,"CO_emissions","Tg CO","GCAM_SSP2","GCAM","new",667.826072449386
2025,"CO_emissions","Tg CO","GCAM_SSP2","GCAM","new",677.065767237549
2030,"CO_emissions","Tg CO","GCAM_SSP2","GCAM","new",619.179238024087
2035,"CO_emissions","Tg CO","GCAM_SSP2","GCAM","new",574.383214922327
2040,"CO_emissions","Tg CO","GCAM_SSP2","GCAM","new",533.222468822877
2045,"CO_emissions","Tg CO","GCAM_SSP2","GCAM","new",494.028239476845
2050,"CO_emissions","Tg CO","GCAM_SSP2","GCAM","new",463.322760077852
2055,"CO_emissions","Tg CO","GCAM_SSP2","GCAM","new",444.941981380227
2060,"CO_emissions","Tg CO","GCAM_SSP2","GCAM","new",427.113996855696
2065,"CO_emissions","Tg CO","GCAM_SSP2","GCAM","new",410.092123502423
2070,"CO_emissions","Tg CO","GCAM_SSP2","GCAM","new",395.048152287845
2075,"CO_emissions","Tg CO","GCAM_SSP2","GCAM","new",380.526516545651
2080,"CO_emissions","Tg CO","GCAM_SSP2","GCAM","new",365.760130461599
2085,"CO_emissions","Tg CO","GCAM_SSP2","GCAM","new",351.873420416981
2090,"CO_emissions","Tg CO","GCAM_SSP2","GCAM","new",338.398990752342
2095,"CO_emissions","Tg CO","GCAM_SSP2","GCAM","new",327.626269046236
2100,"CO_emissions","Tg CO","GCAM_SSP2","GCAM","new",319.132590175866
1990,NA,NA,"GCAM_SSP2","GCAM","new",NA
2005,NA,NA,"GCAM_SSP2","GCAM","new",NA
2010,NA,NA,"GCAM_SSP2","GCAM","new",NA
2015,NA,NA,"GCAM_SSP2","GCAM","new",NA
2021,NA,NA,"GCAM_SSP2","GCAM","new",NA
2025,NA,NA,"GCAM_SSP2","GCAM","new",NA
2030,NA,NA,"GCAM_SSP2","GCAM","new",NA
2035,NA,NA,"GCAM_SSP2","GCAM","new",NA
2040,NA,NA,"GCAM_SSP2","GCAM","new",NA
2045,NA,NA,"GCAM_SSP2","GCAM","new",NA
2050,NA,NA,"GCAM_SSP2","GCAM","new",NA
2055,NA,NA,"GCAM_SSP2","GCAM","new",NA
2060,NA,NA,"GCAM_SSP2","GCAM","new",NA
2065,NA,NA,"GCAM_SSP2","GCAM","new",NA
2070,NA,NA,"GCAM_SSP2","GCAM","new",NA
2075,NA,NA,"GCAM_SSP2","GCAM","new",NA
2080,NA,NA,"GCAM_SSP2","GCAM","new",NA
2085,NA,NA,"GCAM_SSP2","GCAM","new",NA
2090,NA,NA,"GCAM_SSP2","GCAM","new",NA
2095,NA,NA,"GCAM_SSP2","GCAM","new",NA
2100,NA,NA,"GCAM_SSP2","GCAM","new",NA
1990,"N2O_emissions","Tg N","GCAM_SSP2","GCAM","new",5.37350448854038
2005,"N2O_emissions","Tg N","GCAM_SSP2","GCAM","new",5.9464124400595
2010,"N2O_emissions","Tg N","GCAM_SSP2","GCAM","new",6.26240473066264
2015,"N2O_emissions","Tg N","GCAM_SSP2","GCAM","new",6.60579978267267
2021,"N2O_emissions","Tg N","GCAM_SSP2","GCAM","new",6.91180050428196
2025,"N2O_emissions","Tg N","GCAM_SSP2","GCAM","new",7.39732972882676
2030,"N2O_emissions","Tg N","GCAM_SSP2","GCAM","new",7.78626483013096
2035,"N2O_emissions","Tg N","GCAM_SSP2","GCAM","new",8.17951452128687
2040,"N2O_emissions","Tg N","GCAM_SSP2","GCAM","new",8.55334440936912
2045,"N2O_emissions","Tg N","GCAM_SSP2","GCAM","new",8.92640529031564
2050,"N2O_emissions","Tg N","GCAM_SSP2","GCAM","new",9.39451065206084
2055,"N2O_emissions","Tg N","GCAM_SSP2","GCAM","new",9.8860997701153
2060,"N2O_emissions","Tg N","GCAM_SSP2","GCAM","new",10.402818098169
2065,"N2O_emissions","Tg N","GCAM_SSP2","GCAM","new",10.8900847695902
2070,"N2O_emissions","Tg N","GCAM_SSP2","GCAM","new",11.3320663017752
2075,"N2O_emissions","Tg N","GCAM_SSP2","GCAM","new",11.7300171390365
2080,"N2O_emissions","Tg N","GCAM_SSP2","GCAM","new",12.0966032694307
2085,"N2O_emissions","Tg N","GCAM_SSP2","GCAM","new",12.4167535650906
2090,"N2O_emissions","Tg N","GCAM_SSP2","GCAM","new",12.7192894007766
2095,"N2O_emissions","Tg N","GCAM_SSP2","GCAM","new",12.9630636546036
2100,"N2O_emissions","Tg N","GCAM_SSP2","GCAM","new",13.1548290141718
1990,"NH3_emissions","Tg","GCAM_SSP2","GCAM","new",49.4266975209643
2005,"NH3_emissions","Tg","GCAM_SSP2","GCAM","new",54.9184724313139
2010,"NH3_emissions","Tg","GCAM_SSP2","GCAM","new",58.7894841667832
2015,"NH3_emissions","Tg","GCAM_SSP2","GCAM","new",62.0021472394888
2021,"NH3_emissions","Tg","GCAM_SSP2","GCAM","new",66.007265857862
2025,"NH3_emissions","Tg","GCAM_SSP2","GCAM","new",70.9799114106231
2030,"NH3_emissions","Tg","GCAM_SSP2","GCAM","new",75.0037941723118
2035,"NH3_emissions","Tg","GCAM_SSP2","GCAM","new",79.6344905461358
2040,"NH3_emissions","Tg","GCAM_SSP2","GCAM","new",84.1455495395732
2045,"NH3_emissions","Tg","GCAM_SSP2","GCAM","new",88.5143917441227
2050,"NH3_emissions","Tg","GCAM_SSP2","GCAM","new",92.6194632808432
2055,"NH3_emissions","Tg","GCAM_SSP2","GCAM","new",96.4518193832582
2060,"NH3_emissions","Tg","GCAM_SSP2","GCAM","new",100.502275227168
2065,"NH3_emissions","Tg","GCAM_SSP2","GCAM","new",104.291292777952
2070,"NH3_emissions","Tg","GCAM_SSP2","GCAM","new",107.68546958143
2075,"NH3_emissions","Tg","GCAM_SSP2","GCAM","new",110.620596200464
2080,"NH3_emissions","Tg","GCAM_SSP2","GCAM","new",113.150724742226
2085,"NH3_emissions","Tg","GCAM_SSP2","GCAM","new",115.405132101664
2090,"NH3_emissions","Tg","GCAM_SSP2","GCAM","new",117.547962152931
2095,"NH3_emissions","Tg","GCAM_SSP2","GCAM","new",119.142262239593
2100,"NH3_emissions","Tg","GCAM_SSP2","GCAM","new",120.333243585794
1990,"NMVOC_emissions","Tg NMVOC","GCAM_SSP2","GCAM","new",157.402670021365
2005,"NMVOC_emissions","Tg NMVOC","GCAM_SSP2","GCAM","new",162.071074186817
2010,"NMVOC_emissions","Tg NMVOC","GCAM_SSP2","GCAM","new",166.435884584333
2015,"NMVOC_emissions","Tg NMVOC","GCAM_SSP2","GCAM","new",174.592108658923
2021,"NMVOC_emissions","Tg NMVOC","GCAM_SSP2","GCAM","new",171.781634626689
2025,"NMVOC_emissions","Tg NMVOC","GCAM_SSP2","GCAM","new",171.022823764567
2030,"NMVOC_emissions","Tg NMVOC","GCAM_SSP2","GCAM","new",160.85918080413
2035,"NMVOC_emissions","Tg NMVOC","GCAM_SSP2","GCAM","new",153.628707926846
2040,"NMVOC_emissions","Tg NMVOC","GCAM_SSP2","GCAM","new",147.038099714142
2045,"NMVOC_emissions","Tg NMVOC","GCAM_SSP2","GCAM","new",140.465181979727
2050,"NMVOC_emissions","Tg NMVOC","GCAM_SSP2","GCAM","new",136.135187090783
2055,"NMVOC_emissions","Tg NMVOC","GCAM_SSP2","GCAM","new",133.805793508787
2060,"NMVOC_emissions","Tg NMVOC","GCAM_SSP2","GCAM","new",132.212253799032
2065,"NMVOC_emissions","Tg NMVOC","GCAM_SSP2","GCAM","new",130.771139209139
2070,"NMVOC_emissions","Tg NMVOC","GCAM_SSP2","GCAM","new",129.052807168516
2075,"NMVOC_emissions","Tg NMVOC","GCAM_SSP2","GCAM","new",127.171982747569
2080,"NMVOC_emissions","Tg NMVOC","GCAM_SSP2","GCAM","new",124.92822389433
2085,"NMVOC_emissions","Tg NMVOC","GCAM_SSP2","GCAM","new",122.948736853701
2090,"NMVOC_emissions","Tg NMVOC","GCAM_SSP2","GCAM","new",120.881505349943
2095,"NMVOC_emissions","Tg NMVOC","GCAM_SSP2","GCAM","new",119.87907693654
2100,"NMVOC_emissions","Tg NMVOC","GCAM_SSP2","GCAM","new",119.700603821088
1990,"NOX_emissions","Tg N","GCAM_SSP2","GCAM","new",36.4774433565388
2005,"NOX_emissions","Tg N","GCAM_SSP2","GCAM","new",41.4538102110033
2010,"NOX_emissions","Tg N","GCAM_SSP2","GCAM","new",40.6557539530832
2015,"NOX_emissions","Tg N","GCAM_SSP2","GCAM","new",39.4644054843049
2021,"NOX_emissions","Tg N","GCAM_SSP2","GCAM","new",35.6818572829017
2025,"NOX_emissions","Tg N","GCAM_SSP2","GCAM","new",37.4065364791547
2030,"NOX_emissions","Tg N","GCAM_SSP2","GCAM","new",33.5792875764636
2035,"NOX_emissions","Tg N","GCAM_SSP2","GCAM","new",28.4034529958365
2040,"NOX_emissions","Tg N","GCAM_SSP2","GCAM","new",23.4266694437133
2045,"NOX_emissions","Tg N","GCAM_SSP2","GCAM","new",20.4399597407755
2050,"NOX_emissions","Tg N","GCAM_SSP2","GCAM","new",17.745610429115
2055,"NOX_emissions","Tg N","GCAM_SSP2","GCAM","new",16.9067022670257
2060,"NOX_emissions","Tg N","GCAM_SSP2","GCAM","new",16.4032047913076
2065,"NOX_emissions","Tg N","GCAM_SSP2","GCAM","new",16.0587441657766
2070,"NOX_emissions","Tg N","GCAM_SSP2","GCAM","new",15.76889044406
2075,"NOX_emissions","Tg N","GCAM_SSP2","GCAM","new",15.5404425035345
2080,"NOX_emissions","Tg N","GCAM_SSP2","GCAM","new",15.2867788339708
2085,"NOX_emissions","Tg N","GCAM_SSP2","GCAM","new",14.9719494773816
2090,"NOX_emissions","Tg N","GCAM_SSP2","GCAM","new",14.7224568562757
2095,"NOX_emissions","Tg N","GCAM_SSP2","GCAM","new",14.4759416665595
2100,"NOX_emissions","Tg N","GCAM_SSP2","GCAM","new",14.230039630396
1990,"OC_emissions","Tg","GCAM_SSP2","GCAM","new",22.2724865780082
2005,"OC_emissions","Tg","GCAM_SSP2","GCAM","new",23.6016893203934
2010,"OC_emissions","Tg","GCAM_SSP2","GCAM","new",24.3908850007095
2015,"OC_emissions","Tg","GCAM_SSP2","GCAM","new",24.2776259447052
2021,"OC_emissions","Tg","GCAM_SSP2","GCAM","new",23.9748202562535
2025,"OC_emissions","Tg","GCAM_SSP2","GCAM","new",24.93122946889
2030,"OC_emissions","Tg","GCAM_SSP2","GCAM","new",23.3689355426192
2035,"OC_emissions","Tg","GCAM_SSP2","GCAM","new",22.0982910869518
2040,"OC_emissions","Tg","GCAM_SSP2","GCAM","new",21.3236823882142
2045,"OC_emissions","Tg","GCAM_SSP2","GCAM","new",20.3557236932113
2050,"OC_emissions","Tg","GCAM_SSP2","GCAM","new",19.360652792226
2055,"OC_emissions","Tg","GCAM_SSP2","GCAM","new",18.8542032984712
2060,"OC_emissions","Tg","GCAM_SSP2","GCAM","new",18.2503734887613
2065,"OC_emissions","Tg","GCAM_SSP2","GCAM","new",17.6307281699677
2070,"OC_emissions","Tg","GCAM_SSP2","GCAM","new",17.0287086780301
2075,"OC_emissions","Tg","GCAM_SSP2","GCAM","new",16.4215778207682
2080,"OC_emissions","Tg","GCAM_SSP2","GCAM","new",15.7857709753648
2085,"OC_emissions","Tg","GCAM_SSP2","GCAM","new",15.1878609310596
2090,"OC_emissions","Tg","GCAM_SSP2","GCAM","new",14.6118959685563
2095,"OC_emissions","Tg","GCAM_SSP2","GCAM","new",14.0768682564389
2100,"OC_emissions","Tg","GCAM_SSP2","GCAM","new",13.577437529066
1990,"SO2_emissions","Gg S","GCAM_SSP2","GCAM","new",66724.2005752731
2005,"SO2_emissions","Gg S","GCAM_SSP2","GCAM","new",61883.3155676425
2010,"SO2_emissions","Gg S","GCAM_SSP2","GCAM","new",52801.1196889706
2015,"SO2_emissions","Gg S","GCAM_SSP2","GCAM","new",44762.2210345626
2021,"SO2_emissions","Gg S","GCAM_SSP2","GCAM","new",34077.0545924128
2025,"SO2_emissions","Gg S","GCAM_SSP2","GCAM","new",33961.69929225
2030,"SO2_emissions","Gg S","GCAM_SSP2","GCAM","new",29974.612693443
2035,"SO2_emissions","Gg S","GCAM_SSP2","GCAM","new",26484.3591582399
2040,"SO2_emissions","Gg S","GCAM_SSP2","GCAM","new",23476.8489000557
2045,"SO2_emissions","Gg S","GCAM_SSP2","GCAM","new",20571.6739702576
2050,"SO2_emissions","Gg S","GCAM_SSP2","GCAM","new",18012.5768140349
2055,"SO2_emissions","Gg S","GCAM_SSP2","GCAM","new",16989.3812660138
2060,"SO2_emissions","Gg S","GCAM_SSP2","GCAM","new",16241.5510055784
2065,"SO2_emissions","Gg S","GCAM_SSP2","GCAM","new",15641.4951429901
2070,"SO2_emissions","Gg S","GCAM_SSP2","GCAM","new",15088.0135527949
2075,"SO2_emissions","Gg S","GCAM_SSP2","GCAM","new",14594.7718893024
2080,"SO2_emissions","Gg S","GCAM_SSP2","GCAM","new",14102.4084061976
2085,"SO2_emissions","Gg S","GCAM_SSP2","GCAM","new",13489.3922285534
2090,"SO2_emissions","Gg S","GCAM_SSP2","GCAM","new",12925.3123702801
2095,"SO2_emissions","Gg S","GCAM_SSP2","GCAM","new",12359.2173477846
2100,"SO2_emissions","Gg S","GCAM_SSP2","GCAM","new",11722.5357922206
2005,"C2F6_emissions","Gg","GCAM_SSP3","GCAM","new",1.3326894438
2010,"C2F6_emissions","Gg","GCAM_SSP3","GCAM","new",1.1421159114
2015,"C2F6_emissions","Gg","GCAM_SSP3","GCAM","new",1.4890217964
2021,"C2F6_emissions","Gg","GCAM_SSP3","GCAM","new",1.5013436056
2025,"C2F6_emissions","Gg","GCAM_SSP3","GCAM","new",1.5858315704
2030,"C2F6_emissions","Gg","GCAM_SSP3","GCAM","new",1.7003356312
2035,"C2F6_emissions","Gg","GCAM_SSP3","GCAM","new",1.7834238681
2040,"C2F6_emissions","Gg","GCAM_SSP3","GCAM","new",1.8315371564
2045,"C2F6_emissions","Gg","GCAM_SSP3","GCAM","new",1.8607483898
2050,"C2F6_emissions","Gg","GCAM_SSP3","GCAM","new",1.881543109
2055,"C2F6_emissions","Gg","GCAM_SSP3","GCAM","new",1.8868539698
2060,"C2F6_emissions","Gg","GCAM_SSP3","GCAM","new",1.888509483
2065,"C2F6_emissions","Gg","GCAM_SSP3","GCAM","new",1.8871098101
2070,"C2F6_emissions","Gg","GCAM_SSP3","GCAM","new",1.8839089922
2075,"C2F6_emissions","Gg","GCAM_SSP3","GCAM","new",1.8799401717
2080,"C2F6_emissions","Gg","GCAM_SSP3","GCAM","new",1.8745021861
2085,"C2F6_emissions","Gg","GCAM_SSP3","GCAM","new",1.8687194343
2090,"C2F6_emissions","Gg","GCAM_SSP3","GCAM","new",1.867234819
2095,"C2F6_emissions","Gg","GCAM_SSP3","GCAM","new",1.8681592337
2100,"C2F6_emissions","Gg","GCAM_SSP3","GCAM","new",1.8711606276
2005,"CF4_emissions","Gg","GCAM_SSP3","GCAM","new",4.5595095224
2010,"CF4_emissions","Gg","GCAM_SSP3","GCAM","new",3.4908554511
2015,"CF4_emissions","Gg","GCAM_SSP3","GCAM","new",4.5419844727
2021,"CF4_emissions","Gg","GCAM_SSP3","GCAM","new",4.66616681119
2025,"CF4_emissions","Gg","GCAM_SSP3","GCAM","new",4.9357667938
2030,"CF4_emissions","Gg","GCAM_SSP3","GCAM","new",5.2622751017
2035,"CF4_emissions","Gg","GCAM_SSP3","GCAM","new",5.485184792
2040,"CF4_emissions","Gg","GCAM_SSP3","GCAM","new",5.60627989483
2045,"CF4_emissions","Gg","GCAM_SSP3","GCAM","new",5.67623520564
2050,"CF4_emissions","Gg","GCAM_SSP3","GCAM","new",5.75401563777
2055,"CF4_emissions","Gg","GCAM_SSP3","GCAM","new",5.79416921905
2060,"CF4_emissions","Gg","GCAM_SSP3","GCAM","new",5.82111250577
2065,"CF4_emissions","Gg","GCAM_SSP3","GCAM","new",5.83703806206
2070,"CF4_emissions","Gg","GCAM_SSP3","GCAM","new",5.84443366043
2075,"CF4_emissions","Gg","GCAM_SSP3","GCAM","new",5.847461932
2080,"CF4_emissions","Gg","GCAM_SSP3","GCAM","new",5.84182221892
2085,"CF4_emissions","Gg","GCAM_SSP3","GCAM","new",5.83216405421
2090,"CF4_emissions","Gg","GCAM_SSP3","GCAM","new",5.83729093262
2095,"CF4_emissions","Gg","GCAM_SSP3","GCAM","new",5.84903348267
2100,"CF4_emissions","Gg","GCAM_SSP3","GCAM","new",5.86476987893
2005,"HFC125_emissions","Gg","GCAM_SSP3","GCAM","new",13.4736975439
2010,"HFC125_emissions","Gg","GCAM_SSP3","GCAM","new",25.754668812
2015,"HFC125_emissions","Gg","GCAM_SSP3","GCAM","new",39.522956612
2021,"HFC125_emissions","Gg","GCAM_SSP3","GCAM","new",76.34528554
2025,"HFC125_emissions","Gg","GCAM_SSP3","GCAM","new",98.403044795
2030,"HFC125_emissions","Gg","GCAM_SSP3","GCAM","new",129.065576723
2035,"HFC125_emissions","Gg","GCAM_SSP3","GCAM","new",143.701701269
2040,"HFC125_emissions","Gg","GCAM_SSP3","GCAM","new",155.328579113
2045,"HFC125_emissions","Gg","GCAM_SSP3","GCAM","new",165.638320723
2050,"HFC125_emissions","Gg","GCAM_SSP3","GCAM","new",175.109786519
2055,"HFC125_emissions","Gg","GCAM_SSP3","GCAM","new",182.810623794
2060,"HFC125_emissions","Gg","GCAM_SSP3","GCAM","new",190.161276385
2065,"HFC125_emissions","Gg","GCAM_SSP3","GCAM","new",196.711419801
2070,"HFC125_emissions","Gg","GCAM_SSP3","GCAM","new",202.298125428
2075,"HFC125_emissions","Gg","GCAM_SSP3","GCAM","new",207.213261133
2080,"HFC125_emissions","Gg","GCAM_SSP3","GCAM","new",211.239818968
2085,"HFC125_emissions","Gg","GCAM_SSP3","GCAM","new",214.383024571
2090,"HFC125_emissions","Gg","GCAM_SSP3","GCAM","new",217.034261091
2095,"HFC125_emissions","Gg","GCAM_SSP3","GCAM","new",219.089381987
2100,"HFC125_emissions","Gg","GCAM_SSP3","GCAM","new",220.394559572
2005,"HFC134a_emissions","Gg","GCAM_SSP3","GCAM","new",130.6109941672
2010,"HFC134a_emissions","Gg","GCAM_SSP3","GCAM","new",181.60389160285
2015,"HFC134a_emissions","Gg","GCAM_SSP3","GCAM","new",244.0811181717
2021,"HFC134a_emissions","Gg","GCAM_SSP3","GCAM","new",312.4545100584
2025,"HFC134a_emissions","Gg","GCAM_SSP3","GCAM","new",339.4580173695
2030,"HFC134a_emissions","Gg","GCAM_SSP3","GCAM","new",383.88744635
2035,"HFC134a_emissions","Gg","GCAM_SSP3","GCAM","new",418.969041632
2040,"HFC134a_emissions","Gg","GCAM_SSP3","GCAM","new",448.3996944885
2045,"HFC134a_emissions","Gg","GCAM_SSP3","GCAM","new",475.93198025
2050,"HFC134a_emissions","Gg","GCAM_SSP3","GCAM","new",503.9656414725
2055,"HFC134a_emissions","Gg","GCAM_SSP3","GCAM","new",528.518133603
2060,"HFC134a_emissions","Gg","GCAM_SSP3","GCAM","new",553.6161790445
2065,"HFC134a_emissions","Gg","GCAM_SSP3","GCAM","new",577.855760435
2070,"HFC134a_emissions","Gg","GCAM_SSP3","GCAM","new",600.7211757685
2075,"HFC134a_emissions","Gg","GCAM_SSP3","GCAM","new",622.7758572725
2080,"HFC134a_emissions","Gg","GCAM_SSP3","GCAM","new",642.9012212975
2085,"HFC134a_emissions","Gg","GCAM_SSP3","GCAM","new",660.8045381235
2090,"HFC134a_emissions","Gg","GCAM_SSP3","GCAM","new",677.2895101945
2095,"HFC134a_emissions","Gg","GCAM_SSP3","GCAM","new",691.941965571
2100,"HFC134a_emissions","Gg","GCAM_SSP3","GCAM","new",704.031635177
2005,"HFC143a_emissions","Gg","GCAM_SSP3","GCAM","new",16.657881676495
2010,"HFC143a_emissions","Gg","GCAM_SSP3","GCAM","new",28.150171402278
2015,"HFC143a_emissions","Gg","GCAM_SSP3","GCAM","new",43.238085254551
2021,"HFC143a_emissions","Gg","GCAM_SSP3","GCAM","new",83.173213309551
2025,"HFC143a_emissions","Gg","GCAM_SSP3","GCAM","new",106.967625326995
2030,"HFC143a_emissions","Gg","GCAM_SSP3","GCAM","new",140.163971316906
2035,"HFC143a_emissions","Gg","GCAM_SSP3","GCAM","new",156.100651210911
2040,"HFC143a_emissions","Gg","GCAM_SSP3","GCAM","new",168.783550211463
2045,"HFC143a_emissions","Gg","GCAM_SSP3","GCAM","new",180.050453339335
2050,"HFC143a_emissions","Gg","GCAM_SSP3","GCAM","new",190.427004622622
2055,"HFC143a_emissions","Gg","GCAM_SSP3","GCAM","new",198.892635855592
2060,"HFC143a_emissions","Gg","GCAM_SSP3","GCAM","new",206.994987437523
2065,"HFC143a_emissions","Gg","GCAM_SSP3","GCAM","new",214.240598164851
2070,"HFC143a_emissions","Gg","GCAM_SSP3","GCAM","new",220.45112855722
2075,"HFC143a_emissions","Gg","GCAM_SSP3","GCAM","new",225.94149386498
2080,"HFC143a_emissions","Gg","GCAM_SSP3","GCAM","new",230.468416501389
2085,"HFC143a_emissions","Gg","GCAM_SSP3","GCAM","new",234.035387704284
2090,"HFC143a_emissions","Gg","GCAM_SSP3","GCAM","new",237.062595513601
2095,"HFC143a_emissions","Gg","GCAM_SSP3","GCAM","new",239.434591199176
2100,"HFC143a_emissions","Gg","GCAM_SSP3","GCAM","new",240.979584500405
2005,"HFC245fa_emissions","Gg","GCAM_SSP3","GCAM","new",3.426583998229
2010,"HFC245fa_emissions","Gg","GCAM_SSP3","GCAM","new",6.643179485242
2015,"HFC245fa_emissions","Gg","GCAM_SSP3","GCAM","new",8.489817647341
2021,"HFC245fa_emissions","Gg","GCAM_SSP3","GCAM","new",8.496387675183
2025,"HFC245fa_emissions","Gg","GCAM_SSP3","GCAM","new",8.926849249656
2030,"HFC245fa_emissions","Gg","GCAM_SSP3","GCAM","new",10.374684441735
2035,"HFC245fa_emissions","Gg","GCAM_SSP3","GCAM","new",10.327882963263
2040,"HFC245fa_emissions","Gg","GCAM_SSP3","GCAM","new",10.495852606114
2045,"HFC245fa_emissions","Gg","GCAM_SSP3","GCAM","new",10.630676346057
2050,"HFC245fa_emissions","Gg","GCAM_SSP3","GCAM","new",10.884338179702
2055,"HFC245fa_emissions","Gg","GCAM_SSP3","GCAM","new",11.149536377765
2060,"HFC245fa_emissions","Gg","GCAM_SSP3","GCAM","new",11.426870923056
2065,"HFC245fa_emissions","Gg","GCAM_SSP3","GCAM","new",11.71282074832
2070,"HFC245fa_emissions","Gg","GCAM_SSP3","GCAM","new",12.006222617848
2075,"HFC245fa_emissions","Gg","GCAM_SSP3","GCAM","new",12.305671505366
2080,"HFC245fa_emissions","Gg","GCAM_SSP3","GCAM","new",12.606369208566
2085,"HFC245fa_emissions","Gg","GCAM_SSP3","GCAM","new",12.909495857466
2090,"HFC245fa_emissions","Gg","GCAM_SSP3","GCAM","new",13.223332042535
2095,"HFC245fa_emissions","Gg","GCAM_SSP3","GCAM","new",13.544335072218
2100,"HFC245fa_emissions","Gg","GCAM_SSP3","GCAM","new",13.867412864497
2005,"HFC227ea_emissions","Gg","GCAM_SSP3","GCAM","new",2.128184574
2010,"HFC227ea_emissions","Gg","GCAM_SSP3","GCAM","new",3.69184179
2015,"HFC227ea_emissions","Gg","GCAM_SSP3","GCAM","new",6.00504143
2021,"HFC227ea_emissions","Gg","GCAM_SSP3","GCAM","new",6.00504143
2025,"HFC227ea_emissions","Gg","GCAM_SSP3","GCAM","new",3.74020471
2030,"HFC227ea_emissions","Gg","GCAM_SSP3","GCAM","new",4.06360986
2035,"HFC227ea_emissions","Gg","GCAM_SSP3","GCAM","new",4.11674784
2040,"HFC227ea_emissions","Gg","GCAM_SSP3","GCAM","new",4.1742338
2045,"HFC227ea_emissions","Gg","GCAM_SSP3","GCAM","new",4.07112248
2050,"HFC227ea_emissions","Gg","GCAM_SSP3","GCAM","new",4.12558612
2055,"HFC227ea_emissions","Gg","GCAM_SSP3","GCAM","new",4.1826386
2060,"HFC227ea_emissions","Gg","GCAM_SSP3","GCAM","new",4.23863265
2065,"HFC227ea_emissions","Gg","GCAM_SSP3","GCAM","new",4.29478132
2070,"HFC227ea_emissions","Gg","GCAM_SSP3","GCAM","new",4.35396365
2075,"HFC227ea_emissions","Gg","GCAM_SSP3","GCAM","new",4.41626226
2080,"HFC227ea_emissions","Gg","GCAM_SSP3","GCAM","new",4.48108175
2085,"HFC227ea_emissions","Gg","GCAM_SSP3","GCAM","new",4.54851651
2090,"HFC227ea_emissions","Gg","GCAM_SSP3","GCAM","new",4.61949629
2095,"HFC227ea_emissions","Gg","GCAM_SSP3","GCAM","new",4.69431284
2100,"HFC227ea_emissions","Gg","GCAM_SSP3","GCAM","new",4.77224855
2015,"HFC23_emissions","Gg","GCAM_SSP3","GCAM","new",10.3569308623802
2021,"HFC23_emissions","Gg","GCAM_SSP3","GCAM","new",10.991813302661
2025,"HFC23_emissions","Gg","GCAM_SSP3","GCAM","new",11.901679392174
2030,"HFC23_emissions","Gg","GCAM_SSP3","GCAM","new",12.844884624717
2035,"HFC23_emissions","Gg","GCAM_SSP3","GCAM","new",13.465366343072
2040,"HFC23_emissions","Gg","GCAM_SSP3","GCAM","new",13.785897533808
2045,"HFC23_emissions","Gg","GCAM_SSP3","GCAM","new",13.959257230461
2050,"HFC23_emissions","Gg","GCAM_SSP3","GCAM","new",13.967459360998
2055,"HFC23_emissions","Gg","GCAM_SSP3","GCAM","new",13.80876876486
2060,"HFC23_emissions","Gg","GCAM_SSP3","GCAM","new",13.612471389633
2065,"HFC23_emissions","Gg","GCAM_SSP3","GCAM","new",13.389699135395
2070,"HFC23_emissions","Gg","GCAM_SSP3","GCAM","new",13.150106597375
2075,"HFC23_emissions","Gg","GCAM_SSP3","GCAM","new",12.902743230022
2080,"HFC23_emissions","Gg","GCAM_SSP3","GCAM","new",12.636065619936
2085,"HFC23_emissions","Gg","GCAM_SSP3","GCAM","new",12.363080414821
2090,"HFC23_emissions","Gg","GCAM_SSP3","GCAM","new",12.145522201117
2095,"HFC23_emissions","Gg","GCAM_SSP3","GCAM","new",11.956858578143
2100,"HFC23_emissions","Gg","GCAM_SSP3","GCAM","new",11.787392114075
2005,"HFC32_emissions","Gg","GCAM_SSP3","GCAM","new",1.2060792957
2010,"HFC32_emissions","Gg","GCAM_SSP3","GCAM","new",2.0280780141
2015,"HFC32_emissions","Gg","GCAM_SSP3","GCAM","new",3.1124133134
2021,"HFC32_emissions","Gg","GCAM_SSP3","GCAM","new",6.0196014741
2025,"HFC32_emissions","Gg","GCAM_SSP3","GCAM","new",7.7626260722
2030,"HFC32_emissions","Gg","GCAM_SSP3","GCAM","new",10.1861100886
2035,"HFC32_emissions","Gg","GCAM_SSP3","GCAM","new",11.3409945074
2040,"HFC32_emissions","Gg","GCAM_SSP3","GCAM","new",12.2581861001
2045,"HFC32_emissions","Gg","GCAM_SSP3","GCAM","new",13.0712302043
2050,"HFC32_emissions","Gg","GCAM_SSP3","GCAM","new",13.8179308669
2055,"HFC32_emissions","Gg","GCAM_SSP3","GCAM","new",14.4247431792
2060,"HFC32_emissions","Gg","GCAM_SSP3","GCAM","new",15.0037126081
2065,"HFC32_emissions","Gg","GCAM_SSP3","GCAM","new",15.5193761936
2070,"HFC32_emissions","Gg","GCAM_SSP3","GCAM","new",15.9588592228
2075,"HFC32_emissions","Gg","GCAM_SSP3","GCAM","new",16.3452381534
2080,"HFC32_emissions","Gg","GCAM_SSP3","GCAM","new",16.6614545207
2085,"HFC32_emissions","Gg","GCAM_SSP3","GCAM","new",16.9079682853
2090,"HFC32_emissions","Gg","GCAM_SSP3","GCAM","new",17.1157063321
2095,"HFC32_emissions","Gg","GCAM_SSP3","GCAM","new",17.2764809776
2100,"HFC32_emissions","Gg","GCAM_SSP3","GCAM","new",17.3781886963
1990,"SF6_emissions","Gg","GCAM_SSP3","GCAM","new",2.7646554195
2005,"SF6_emissions","Gg","GCAM_SSP3","GCAM","new",2.5740714763
2010,"SF6_emissions","Gg","GCAM_SSP3","GCAM","new",3.0635693566
2015,"SF6_emissions","Gg","GCAM_SSP3","GCAM","new",3.6045659027
2021,"SF6_emissions","Gg","GCAM_SSP3","GCAM","new",4.2902322408
2025,"SF6_emissions","Gg","GCAM_SSP3","GCAM","new",4.63956958211
2030,"SF6_emissions","Gg","GCAM_SSP3","GCAM","new",5.12960741996
2035,"SF6_emissions","Gg","GCAM_SSP3","GCAM","new",5.4809875342
2040,"SF6_emissions","Gg","GCAM_SSP3","GCAM","new",5.67684590198
2045,"SF6_emissions","Gg","GCAM_SSP3","GCAM","new",5.74864581485
2050,"SF6_emissions","Gg","GCAM_SSP3","GCAM","new",6.03813203441
2055,"SF6_emissions","Gg","GCAM_SSP3","GCAM","new",6.23119630763
2060,"SF6_emissions","Gg","GCAM_SSP3","GCAM","new",6.41689350166
2065,"SF6_emissions","Gg","GCAM_SSP3","GCAM","new",6.57536325061
2070,"SF6_emissions","Gg","GCAM_SSP3","GCAM","new",6.7074144341
2075,"SF6_emissions","Gg","GCAM_SSP3","GCAM","new",6.82567247467
2080,"SF6_emissions","Gg","GCAM_SSP3","GCAM","new",6.91718930938
2085,"SF6_emissions","Gg","GCAM_SSP3","GCAM","new",6.97350945878
2090,"SF6_emissions","Gg","GCAM_SSP3","GCAM","new",7.03568890764
2095,"SF6_emissions","Gg","GCAM_SSP3","GCAM","new",7.09443949393
2100,"SF6_emissions","Gg","GCAM_SSP3","GCAM","new",7.16971162895
1990,"CF4_emissions","Gg","GCAM_SSP3","GCAM","new",11.1037607851
2010,"HFC23_emissions","Gg","GCAM_SSP3","GCAM","new",9.0445387905
1990,"C2F6_emissions","Gg","GCAM_SSP3","GCAM","new",1.6781865058
2005,"HFC23_emissions","Gg","GCAM_SSP3","GCAM","new",6.8150399058
1990,"HFC23_emissions","Gg","GCAM_SSP3","GCAM","new",9.1995099459024
1990,"HFC134a_emissions","Gg","GCAM_SSP3","GCAM","new",0.00555238062543
1990,"HFC245fa_emissions","Gg","GCAM_SSP3","GCAM","new",9.010356e-06
1990,"HFC143a_emissions","Gg","GCAM_SSP3","GCAM","new",1.078794e-05
1990,"ffi_emissions","Pg C/yr","GCAM_SSP3","GCAM","new",6.06840647492851
2005,"ffi_emissions","Pg C/yr","GCAM_SSP3","GCAM","new",8.03407247058697
2010,"ffi_emissions","Pg C/yr","GCAM_SSP3","GCAM","new",9.12766818353557
2015,"ffi_emissions","Pg C/yr","GCAM_SSP3","GCAM","new",9.7579286220489
2021,"ffi_emissions","Pg C/yr","GCAM_SSP3","GCAM","new",10.1203471154083
2025,"ffi_emissions","Pg C/yr","GCAM_SSP3","GCAM","new",11.0054980191294
2030,"ffi_emissions","Pg C/yr","GCAM_SSP3","GCAM","new",11.430358827236
2035,"ffi_emissions","Pg C/yr","GCAM_SSP3","GCAM","new",11.6721074803967
2040,"ffi_emissions","Pg C/yr","GCAM_SSP3","GCAM","new",11.6964945785277
2045,"ffi_emissions","Pg C/yr","GCAM_SSP3","GCAM","new",11.5993471846971
2050,"ffi_emissions","Pg C/yr","GCAM_SSP3","GCAM","new",11.4761749895393
2055,"ffi_emissions","Pg C/yr","GCAM_SSP3","GCAM","new",11.3999434223353
2060,"ffi_emissions","Pg C/yr","GCAM_SSP3","GCAM","new",11.4477381248686
2065,"ffi_emissions","Pg C/yr","GCAM_SSP3","GCAM","new",11.5363798547589
2070,"ffi_emissions","Pg C/yr","GCAM_SSP3","GCAM","new",11.6695980952603
2075,"ffi_emissions","Pg C/yr","GCAM_SSP3","GCAM","new",11.8530070128838
2080,"ffi_emissions","Pg C/yr","GCAM_SSP3","GCAM","new",12.0064730413242
2085,"ffi_emissions","Pg C/yr","GCAM_SSP3","GCAM","new",12.0345257328489
2090,"ffi_emissions","Pg C/yr","GCAM_SSP3","GCAM","new",12.1510679364708
2095,"ffi_emissions","Pg C/yr","GCAM_SSP3","GCAM","new",12.2721655881352
2100,"ffi_emissions","Pg C/yr","GCAM_SSP3","GCAM","new",12.4070620487131
1990,"BC_emissions","Tg","GCAM_SSP3","GCAM","new",7.12704585714481
2005,"BC_emissions","Tg","GCAM_SSP3","GCAM","new",7.41362502520224
2010,"BC_emissions","Tg","GCAM_SSP3","GCAM","new",7.49797938685743
2015,"BC_emissions","Tg","GCAM_SSP3","GCAM","new",7.08983568659347
2021,"BC_emissions","Tg","GCAM_SSP3","GCAM","new",6.64435063493616
2025,"BC_emissions","Tg","GCAM_SSP3","GCAM","new",6.97190986918671
2030,"BC_emissions","Tg","GCAM_SSP3","GCAM","new",6.52270285467325
2035,"BC_emissions","Tg","GCAM_SSP3","GCAM","new",6.18227614795458
2040,"BC_emissions","Tg","GCAM_SSP3","GCAM","new",5.80955746555958
2045,"BC_emissions","Tg","GCAM_SSP3","GCAM","new",5.56792435348299
2050,"BC_emissions","Tg","GCAM_SSP3","GCAM","new",5.32601371727217
2055,"BC_emissions","Tg","GCAM_SSP3","GCAM","new",5.09757543068445
2060,"BC_emissions","Tg","GCAM_SSP3","GCAM","new",4.90492499831926
2065,"BC_emissions","Tg","GCAM_SSP3","GCAM","new",4.72254375590701
2070,"BC_emissions","Tg","GCAM_SSP3","GCAM","new",4.55049533879535
2075,"BC_emissions","Tg","GCAM_SSP3","GCAM","new",4.37182570484015
2080,"BC_emissions","Tg","GCAM_SSP3","GCAM","new",4.20018256485235
2085,"BC_emissions","Tg","GCAM_SSP3","GCAM","new",4.04069100872356
2090,"BC_emissions","Tg","GCAM_SSP3","GCAM","new",3.89262832065466
2095,"BC_emissions","Tg","GCAM_SSP3","GCAM","new",3.73359077648885
2100,"BC_emissions","Tg","GCAM_SSP3","GCAM","new",3.57715004222596
1990,"CH4_emissions","Tg CH4","GCAM_SSP3","GCAM","new",294.342154312368
2005,"CH4_emissions","Tg CH4","GCAM_SSP3","GCAM","new",307.732599028375
2010,"CH4_emissions","Tg CH4","GCAM_SSP3","GCAM","new",318.260219909323
2015,"CH4_emissions","Tg CH4","GCAM_SSP3","GCAM","new",330.271719137243
2021,"CH4_emissions","Tg CH4","GCAM_SSP3","GCAM","new",343.678021211848
2025,"CH4_emissions","Tg CH4","GCAM_SSP3","GCAM","new",366.688478398563
2030,"CH4_emissions","Tg CH4","GCAM_SSP3","GCAM","new",382.282102899093
2035,"CH4_emissions","Tg CH4","GCAM_SSP3","GCAM","new",396.26934739904
2040,"CH4_emissions","Tg CH4","GCAM_SSP3","GCAM","new",408.346135305539
2045,"CH4_emissions","Tg CH4","GCAM_SSP3","GCAM","new",418.399496674065
2050,"CH4_emissions","Tg CH4","GCAM_SSP3","GCAM","new",430.800115353349
2055,"CH4_emissions","Tg CH4","GCAM_SSP3","GCAM","new",443.484727979379
2060,"CH4_emissions","Tg CH4","GCAM_SSP3","GCAM","new",457.859339821907
2065,"CH4_emissions","Tg CH4","GCAM_SSP3","GCAM","new",471.858359248656
2070,"CH4_emissions","Tg CH4","GCAM_SSP3","GCAM","new",485.028829107235
2075,"CH4_emissions","Tg CH4","GCAM_SSP3","GCAM","new",498.13922695795
2080,"CH4_emissions","Tg CH4","GCAM_SSP3","GCAM","new",510.452908200219
2085,"CH4_emissions","Tg CH4","GCAM_SSP3","GCAM","new",521.469040063769
2090,"CH4_emissions","Tg CH4","GCAM_SSP3","GCAM","new",533.053393479221
2095,"CH4_emissions","Tg CH4","GCAM_SSP3","GCAM","new",543.211945106049
2100,"CH4_emissions","Tg CH4","GCAM_SSP3","GCAM","new",553.784243219603
1990,"CO_emissions","Tg CO","GCAM_SSP3","GCAM","new",817.214574352958
2005,"CO_emissions","Tg CO","GCAM_SSP3","GCAM","new",777.587321035316
2010,"CO_emissions","Tg CO","GCAM_SSP3","GCAM","new",754.830819504959
2015,"CO_emissions","Tg CO","GCAM_SSP3","GCAM","new",730.713946295208
2021,"CO_emissions","Tg CO","GCAM_SSP3","GCAM","new",667.826072449386
2025,"CO_emissions","Tg CO","GCAM_SSP3","GCAM","new",697.864543654791
2030,"CO_emissions","Tg CO","GCAM_SSP3","GCAM","new",648.935082273561
2035,"CO_emissions","Tg CO","GCAM_SSP3","GCAM","new",613.699764562866
2040,"CO_emissions","Tg CO","GCAM_SSP3","GCAM","new",582.282621849209
2045,"CO_emissions","Tg CO","GCAM_SSP3","GCAM","new",554.406681379618
2050,"CO_emissions","Tg CO","GCAM_SSP3","GCAM","new",534.237452258147
2055,"CO_emissions","Tg CO","GCAM_SSP3","GCAM","new",520.337765551073
2060,"CO_emissions","Tg CO","GCAM_SSP3","GCAM","new",507.531306791586
2065,"CO_emissions","Tg CO","GCAM_SSP3","GCAM","new",494.52399126481
2070,"CO_emissions","Tg CO","GCAM_SSP3","GCAM","new",483.138066554833
2075,"CO_emissions","Tg CO","GCAM_SSP3","GCAM","new",471.241316220766
2080,"CO_emissions","Tg CO","GCAM_SSP3","GCAM","new",460.109512253345
2085,"CO_emissions","Tg CO","GCAM_SSP3","GCAM","new",450.179282439422
2090,"CO_emissions","Tg CO","GCAM_SSP3","GCAM","new",441.268576674632
2095,"CO_emissions","Tg CO","GCAM_SSP3","GCAM","new",431.186025514448
2100,"CO_emissions","Tg CO","GCAM_SSP3","GCAM","new",421.398545800022
1990,NA,NA,"GCAM_SSP3","GCAM","new",NA
2005,NA,NA,"GCAM_SSP3","GCAM","new",NA
2010,NA,NA,"GCAM_SSP3","GCAM","new",NA
2015,NA,NA,"GCAM_SSP3","GCAM","new",NA
2021,NA,NA,"GCAM_SSP3","GCAM","new",NA
2025,NA,NA,"GCAM_SSP3","GCAM","new",NA
2030,NA,NA,"GCAM_SSP3","GCAM","new",NA
2035,NA,NA,"GCAM_SSP3","GCAM","new",NA
2040,NA,NA,"GCAM_SSP3","GCAM","new",NA
2045,NA,NA,"GCAM_SSP3","GCAM","new",NA
2050,NA,NA,"GCAM_SSP3","GCAM","new",NA
2055,NA,NA,"GCAM_SSP3","GCAM","new",NA
2060,NA,NA,"GCAM_SSP3","GCAM","new",NA
2065,NA,NA,"GCAM_SSP3","GCAM","new",NA
2070,NA,NA,"GCAM_SSP3","GCAM","new",NA
2075,NA,NA,"GCAM_SSP3","GCAM","new",NA
2080,NA,NA,"GCAM_SSP3","GCAM","new",NA
2085,NA,NA,"GCAM_SSP3","GCAM","new",NA
2090,NA,NA,"GCAM_SSP3","GCAM","new",NA
2095,NA,NA,"GCAM_SSP3","GCAM","new",NA
2100,NA,NA,"GCAM_SSP3","GCAM","new",NA
1990,"N2O_emissions","Tg N","GCAM_SSP3","GCAM","new",5.37350448726838
2005,"N2O_emissions","Tg N","GCAM_SSP3","GCAM","new",5.9464124420311
2010,"N2O_emissions","Tg N","GCAM_SSP3","GCAM","new",6.26240472474784
2015,"N2O_emissions","Tg N","GCAM_SSP3","GCAM","new",6.60579978190311
2021,"N2O_emissions","Tg N","GCAM_SSP3","GCAM","new",6.91180050395123
2025,"N2O_emissions","Tg N","GCAM_SSP3","GCAM","new",7.42830640491393
2030,"N2O_emissions","Tg N","GCAM_SSP3","GCAM","new",7.85647580649585
2035,"N2O_emissions","Tg N","GCAM_SSP3","GCAM","new",8.24571300958303
2040,"N2O_emissions","Tg N","GCAM_SSP3","GCAM","new",8.58659521841081
2045,"N2O_emissions","Tg N","GCAM_SSP3","GCAM","new",8.88815830186608
2050,"N2O_emissions","Tg N","GCAM_SSP3","GCAM","new",9.28020321229564
2055,"N2O_emissions","Tg N","GCAM_SSP3","GCAM","new",9.7008590780935
2060,"N2O_emissions","Tg N","GCAM_SSP3","GCAM","new",10.1507655135755
2065,"N2O_emissions","Tg N","GCAM_SSP3","GCAM","new",10.5778932702886
2070,"N2O_emissions","Tg N","GCAM_SSP3","GCAM","new",10.9828307725642
2075,"N2O_emissions","Tg N","GCAM_SSP3","GCAM","new",11.3643478376371
2080,"N2O_emissions","Tg N","GCAM_SSP3","GCAM","new",11.7482478050154
2085,"N2O_emissions","Tg N","GCAM_SSP3","GCAM","new",12.1037788529173
2090,"N2O_emissions","Tg N","GCAM_SSP3","GCAM","new",12.4744324602711
2095,"N2O_emissions","Tg N","GCAM_SSP3","GCAM","new",12.8161629514762
2100,"N2O_emissions","Tg N","GCAM_SSP3","GCAM","new",13.1478927572349
1990,"NH3_emissions","Tg","GCAM_SSP3","GCAM","new",49.4266975221643
2005,"NH3_emissions","Tg","GCAM_SSP3","GCAM","new",54.918472431414
2010,"NH3_emissions","Tg","GCAM_SSP3","GCAM","new",58.7894841687932
2015,"NH3_emissions","Tg","GCAM_SSP3","GCAM","new",62.0021472414788
2021,"NH3_emissions","Tg","GCAM_SSP3","GCAM","new",66.007265856871
2025,"NH3_emissions","Tg","GCAM_SSP3","GCAM","new",71.0147760692178
2030,"NH3_emissions","Tg","GCAM_SSP3","GCAM","new",75.4709855553446
2035,"NH3_emissions","Tg","GCAM_SSP3","GCAM","new",80.110335312245
2040,"NH3_emissions","Tg","GCAM_SSP3","GCAM","new",84.4009563544445
2045,"NH3_emissions","Tg","GCAM_SSP3","GCAM","new",88.2475624820943
2050,"NH3_emissions","Tg","GCAM_SSP3","GCAM","new",91.7859086153405
2055,"NH3_emissions","Tg","GCAM_SSP3","GCAM","new",95.2439602877809
2060,"NH3_emissions","Tg","GCAM_SSP3","GCAM","new",98.9939860301162
2065,"NH3_emissions","Tg","GCAM_SSP3","GCAM","new",102.613694864924
2070,"NH3_emissions","Tg","GCAM_SSP3","GCAM","new",106.026558375041
2075,"NH3_emissions","Tg","GCAM_SSP3","GCAM","new",109.186929845599
2080,"NH3_emissions","Tg","GCAM_SSP3","GCAM","new",112.26326069265
2085,"NH3_emissions","Tg","GCAM_SSP3","GCAM","new",115.351417919143
2090,"NH3_emissions","Tg","GCAM_SSP3","GCAM","new",118.601579527826
2095,"NH3_emissions","Tg","GCAM_SSP3","GCAM","new",121.549585214649
2100,"NH3_emissions","Tg","GCAM_SSP3","GCAM","new",124.449257185688
1990,"NMVOC_emissions","Tg NMVOC","GCAM_SSP3","GCAM","new",157.402670021475
2005,"NMVOC_emissions","Tg NMVOC","GCAM_SSP3","GCAM","new",162.071074188907
2010,"NMVOC_emissions","Tg NMVOC","GCAM_SSP3","GCAM","new",166.435884586333
2015,"NMVOC_emissions","Tg NMVOC","GCAM_SSP3","GCAM","new",174.592108657923
2021,"NMVOC_emissions","Tg NMVOC","GCAM_SSP3","GCAM","new",171.781634627689
2025,"NMVOC_emissions","Tg NMVOC","GCAM_SSP3","GCAM","new",174.921695698417
2030,"NMVOC_emissions","Tg NMVOC","GCAM_SSP3","GCAM","new",166.8809563799
2035,"NMVOC_emissions","Tg NMVOC","GCAM_SSP3","GCAM","new",161.590862282199
2040,"NMVOC_emissions","Tg NMVOC","GCAM_SSP3","GCAM","new",156.383922914298
2045,"NMVOC_emissions","Tg NMVOC","GCAM_SSP3","GCAM","new",151.918225014252
2050,"NMVOC_emissions","Tg NMVOC","GCAM_SSP3","GCAM","new",149.47356004945
2055,"NMVOC_emissions","Tg NMVOC","GCAM_SSP3","GCAM","new",148.420778472339
2060,"NMVOC_emissions","Tg NMVOC","GCAM_SSP3","GCAM","new",148.111094528458
2065,"NMVOC_emissions","Tg NMVOC","GCAM_SSP3","GCAM","new",147.877334226626
2070,"NMVOC_emissions","Tg NMVOC","GCAM_SSP3","GCAM","new",147.541241615329
2075,"NMVOC_emissions","Tg NMVOC","GCAM_SSP3","GCAM","new",146.931868698346
2080,"NMVOC_emissions","Tg NMVOC","GCAM_SSP3","GCAM","new",146.43783207295
2085,"NMVOC_emissions","Tg NMVOC","GCAM_SSP3","GCAM","new",146.225499861073
2090,"NMVOC_emissions","Tg NMVOC","GCAM_SSP3","GCAM","new",146.17844500122
2095,"NMVOC_emissions","Tg NMVOC","GCAM_SSP3","GCAM","new",145.654537714751
2100,"NMVOC_emissions","Tg NMVOC","GCAM_SSP3","GCAM","new",145.150181817249
1990,"NOX_emissions","Tg N","GCAM_SSP3","GCAM","new",36.4774433565084
2005,"NOX_emissions","Tg N","GCAM_SSP3","GCAM","new",41.4538102117055
2010,"NOX_emissions","Tg N","GCAM_SSP3","GCAM","new",40.6557539536304
2015,"NOX_emissions","Tg N","GCAM_SSP3","GCAM","new",39.4644054842137
2021,"NOX_emissions","Tg N","GCAM_SSP3","GCAM","new",35.6818572830841
2025,"NOX_emissions","Tg N","GCAM_SSP3","GCAM","new",40.6375793893486
2030,"NOX_emissions","Tg N","GCAM_SSP3","GCAM","new",38.0086426632136
2035,"NOX_emissions","Tg N","GCAM_SSP3","GCAM","new",34.8519880006757
2040,"NOX_emissions","Tg N","GCAM_SSP3","GCAM","new",31.6584300032343
2045,"NOX_emissions","Tg N","GCAM_SSP3","GCAM","new",30.2688184449282
2050,"NOX_emissions","Tg N","GCAM_SSP3","GCAM","new",28.9407093146899
2055,"NOX_emissions","Tg N","GCAM_SSP3","GCAM","new",27.7896635019961
2060,"NOX_emissions","Tg N","GCAM_SSP3","GCAM","new",26.9956179952542
2065,"NOX_emissions","Tg N","GCAM_SSP3","GCAM","new",26.2519324846902
2070,"NOX_emissions","Tg N","GCAM_SSP3","GCAM","new",25.5430382257302
2075,"NOX_emissions","Tg N","GCAM_SSP3","GCAM","new",24.8370605527414
2080,"NOX_emissions","Tg N","GCAM_SSP3","GCAM","new",24.0985427524904
2085,"NOX_emissions","Tg N","GCAM_SSP3","GCAM","new",23.1521179716327
2090,"NOX_emissions","Tg N","GCAM_SSP3","GCAM","new",22.3806246238703
2095,"NOX_emissions","Tg N","GCAM_SSP3","GCAM","new",21.5897565029672
2100,"NOX_emissions","Tg N","GCAM_SSP3","GCAM","new",20.8120690601452
1990,"OC_emissions","Tg","GCAM_SSP3","GCAM","new",22.2724865780082
2005,"OC_emissions","Tg","GCAM_SSP3","GCAM","new",23.6016893203934
2010,"OC_emissions","Tg","GCAM_SSP3","GCAM","new",24.3908849996095
2015,"OC_emissions","Tg","GCAM_SSP3","GCAM","new",24.2776259448052
2021,"OC_emissions","Tg","GCAM_SSP3","GCAM","new",23.9748202563635
2025,"OC_emissions","Tg","GCAM_SSP3","GCAM","new",25.2729035538885
2030,"OC_emissions","Tg","GCAM_SSP3","GCAM","new",23.9260753078649
2035,"OC_emissions","Tg","GCAM_SSP3","GCAM","new",22.8702433693875
2040,"OC_emissions","Tg","GCAM_SSP3","GCAM","new",22.2985141032015
2045,"OC_emissions","Tg","GCAM_SSP3","GCAM","new",21.5927477015453
2050,"OC_emissions","Tg","GCAM_SSP3","GCAM","new",20.9977488249967
2055,"OC_emissions","Tg","GCAM_SSP3","GCAM","new",20.4869800267595
2060,"OC_emissions","Tg","GCAM_SSP3","GCAM","new",19.9855627098618
2065,"OC_emissions","Tg","GCAM_SSP3","GCAM","new",19.4430163294997
2070,"OC_emissions","Tg","GCAM_SSP3","GCAM","new",18.9450090305684
2075,"OC_emissions","Tg","GCAM_SSP3","GCAM","new",18.4058337070302
2080,"OC_emissions","Tg","GCAM_SSP3","GCAM","new",17.9273334036527
2085,"OC_emissions","Tg","GCAM_SSP3","GCAM","new",17.5241617446266
2090,"OC_emissions","Tg","GCAM_SSP3","GCAM","new",17.1869218365604
2095,"OC_emissions","Tg","GCAM_SSP3","GCAM","new",16.8036447005225
2100,"OC_emissions","Tg","GCAM_SSP3","GCAM","new",16.4257786369114
1990,"SO2_emissions","Gg S","GCAM_SSP3","GCAM","new",66724.2005752731
2005,"SO2_emissions","Gg S","GCAM_SSP3","GCAM","new",61883.3155681425
2010,"SO2_emissions","Gg S","GCAM_SSP3","GCAM","new",52801.1196889706
2015,"SO2_emissions","Gg S","GCAM_SSP3","GCAM","new",44762.2210340576
2021,"SO2_emissions","Gg S","GCAM_SSP3","GCAM","new",34077.0545924128
2025,"SO2_emissions","Gg S","GCAM_SSP3","GCAM","new",37048.3795158662
2030,"SO2_emissions","Gg S","GCAM_SSP3","GCAM","new",34533.5021112432
2035,"SO2_emissions","Gg S","GCAM_SSP3","GCAM","new",32233.1702858501
2040,"SO2_emissions","Gg S","GCAM_SSP3","GCAM","new",30610.7447326317
2045,"SO2_emissions","Gg S","GCAM_SSP3","GCAM","new",29299.5264321807
2050,"SO2_emissions","Gg S","GCAM_SSP3","GCAM","new",28226.9689458243
2055,"SO2_emissions","Gg S","GCAM_SSP3","GCAM","new",27261.2361348987
2060,"SO2_emissions","Gg S","GCAM_SSP3","GCAM","new",26601.2760330722
2065,"SO2_emissions","Gg S","GCAM_SSP3","GCAM","new",25977.8334071619
2070,"SO2_emissions","Gg S","GCAM_SSP3","GCAM","new",25298.0431872898
2075,"SO2_emissions","Gg S","GCAM_SSP3","GCAM","new",24568.6941039611
2080,"SO2_emissions","Gg S","GCAM_SSP3","GCAM","new",23776.4226683568
2085,"SO2_emissions","Gg S","GCAM_SSP3","GCAM","new",22622.1898324829
2090,"SO2_emissions","Gg S","GCAM_SSP3","GCAM","new",21535.8817329792
2095,"SO2_emissions","Gg S","GCAM_SSP3","GCAM","new",20394.2954396031
2100,"SO2_emissions","Gg S","GCAM_SSP3","GCAM","new",19106.8111036961
1990,"luc_emissions","Pg C/yr","Reference","GCAM","new",0.554913563822261
2005,"luc_emissions","Pg C/yr","Reference","GCAM","new",0.207170029746669
2010,"luc_emissions","Pg C/yr","Reference","GCAM","new",0.488630451647675
2015,"luc_emissions","Pg C/yr","Reference","GCAM","new",0.545609326058265
2021,"luc_emissions","Pg C/yr","Reference","GCAM","new",0.208970821606655
2025,"luc_emissions","Pg C/yr","Reference","GCAM","new",1.06447417896991
2030,"luc_emissions","Pg C/yr","Reference","GCAM","new",0.994957335842722
2035,"luc_emissions","Pg C/yr","Reference","GCAM","new",1.01619938143888
2040,"luc_emissions","Pg C/yr","Reference","GCAM","new",1.11502598548185
2045,"luc_emissions","Pg C/yr","Reference","GCAM","new",1.05955017550557
2050,"luc_emissions","Pg C/yr","Reference","GCAM","new",1.0314976218192
2055,"luc_emissions","Pg C/yr","Reference","GCAM","new",1.17064322201166
2060,"luc_emissions","Pg C/yr","Reference","GCAM","new",1.14554324192448
2065,"luc_emissions","Pg C/yr","Reference","GCAM","new",1.02921282063604
2070,"luc_emissions","Pg C/yr","Reference","GCAM","new",0.954124664052928
2075,"luc_emissions","Pg C/yr","Reference","GCAM","new",0.866856557414712
2080,"luc_emissions","Pg C/yr","Reference","GCAM","new",0.795398142202547
2085,"luc_emissions","Pg C/yr","Reference","GCAM","new",0.693610269930424
2090,"luc_emissions","Pg C/yr","Reference","GCAM","new",0.575204580580936
2095,"luc_emissions","Pg C/yr","Reference","GCAM","new",0.473702413760662
2100,"luc_emissions","Pg C/yr","Reference","GCAM","new",0.3901361518624
1990,"luc_emissions","Pg C/yr","GCAM_SSP4","GCAM","new",0.560385279595471
2005,"luc_emissions","Pg C/yr","GCAM_SSP4","GCAM","new",0.179254430720199
2010,"luc_emissions","Pg C/yr","GCAM_SSP4","GCAM","new",0.459514974670875
2015,"luc_emissions","Pg C/yr","GCAM_SSP4","GCAM","new",0.539649440328446
2021,"luc_emissions","Pg C/yr","GCAM_SSP4","GCAM","new",0.22192798580059
2025,"luc_emissions","Pg C/yr","GCAM_SSP4","GCAM","new",1.4278333572988
2030,"luc_emissions","Pg C/yr","GCAM_SSP4","GCAM","new",1.54244786522269
2035,"luc_emissions","Pg C/yr","GCAM_SSP4","GCAM","new",1.50330096409494
2040,"luc_emissions","Pg C/yr","GCAM_SSP4","GCAM","new",1.65627733315021
2045,"luc_emissions","Pg C/yr","GCAM_SSP4","GCAM","new",1.57895752541124
2050,"luc_emissions","Pg C/yr","GCAM_SSP4","GCAM","new",1.5609328323072
2055,"luc_emissions","Pg C/yr","GCAM_SSP4","GCAM","new",1.73329196377327
2060,"luc_emissions","Pg C/yr","GCAM_SSP4","GCAM","new",1.71118596213449
2065,"luc_emissions","Pg C/yr","GCAM_SSP4","GCAM","new",1.55035699742685
2070,"luc_emissions","Pg C/yr","GCAM_SSP4","GCAM","new",1.46304107850995
2075,"luc_emissions","Pg C/yr","GCAM_SSP4","GCAM","new",1.32255585722444
2080,"luc_emissions","Pg C/yr","GCAM_SSP4","GCAM","new",1.21844850813406
2085,"luc_emissions","Pg C/yr","GCAM_SSP4","GCAM","new",1.1060292374246
2090,"luc_emissions","Pg C/yr","GCAM_SSP4","GCAM","new",0.96579126598773
2095,"luc_emissions","Pg C/yr","GCAM_SSP4","GCAM","new",0.840602292928421
2100,"luc_emissions","Pg C/yr","GCAM_SSP4","GCAM","new",0.770446898181497
1990,"luc_emissions","Pg C/yr","GCAM_SSP5","GCAM","new",0.563518302907909
2005,"luc_emissions","Pg C/yr","GCAM_SSP5","GCAM","new",0.210869629720399
2010,"luc_emissions","Pg C/yr","GCAM_SSP5","GCAM","new",0.492800075014875
2015,"luc_emissions","Pg C/yr","GCAM_SSP5","GCAM","new",0.551397506390166
2021,"luc_emissions","Pg C/yr","GCAM_SSP5","GCAM","new",0.211212036851328
2025,"luc_emissions","Pg C/yr","GCAM_SSP5","GCAM","new",1.02428862571104
2030,"luc_emissions","Pg C/yr","GCAM_SSP5","GCAM","new",0.970478588189534
2035,"luc_emissions","Pg C/yr","GCAM_SSP5","GCAM","new",1.16691693046212
2040,"luc_emissions","Pg C/yr","GCAM_SSP5","GCAM","new",1.44635117184724
2045,"luc_emissions","Pg C/yr","GCAM_SSP5","GCAM","new",1.44325530171693
2050,"luc_emissions","Pg C/yr","GCAM_SSP5","GCAM","new",1.29441844959049
2055,"luc_emissions","Pg C/yr","GCAM_SSP5","GCAM","new",1.35190804541684
2060,"luc_emissions","Pg C/yr","GCAM_SSP5","GCAM","new",1.24305665137463
2065,"luc_emissions","Pg C/yr","GCAM_SSP5","GCAM","new",1.08633093822186
2070,"luc_emissions","Pg C/yr","GCAM_SSP5","GCAM","new",0.96087584177474
2075,"luc_emissions","Pg C/yr","GCAM_SSP5","GCAM","new",0.839737631490819
2080,"luc_emissions","Pg C/yr","GCAM_SSP5","GCAM","new",0.745406290984399
2085,"luc_emissions","Pg C/yr","GCAM_SSP5","GCAM","new",0.612436131441034
2090,"luc_emissions","Pg C/yr","GCAM_SSP5","GCAM","new",0.411952796786969
2095,"luc_emissions","Pg C/yr","GCAM_SSP5","GCAM","new",0.311790697110071
2100,"luc_emissions","Pg C/yr","GCAM_SSP5","GCAM","new",0.139769656694094
1990,"luc_emissions","Pg C/yr","GCAM_SSP1","GCAM","new",0.563518302907909
2005,"luc_emissions","Pg C/yr","GCAM_SSP1","GCAM","new",0.210869629720399
2010,"luc_emissions","Pg C/yr","GCAM_SSP1","GCAM","new",0.492800075014875
2015,"luc_emissions","Pg C/yr","GCAM_SSP1","GCAM","new",0.551397506390166
2021,"luc_emissions","Pg C/yr","GCAM_SSP1","GCAM","new",0.211212036851328
2025,"luc_emissions","Pg C/yr","GCAM_SSP1","GCAM","new",0.924651936535769
2030,"luc_emissions","Pg C/yr","GCAM_SSP1","GCAM","new",0.775822919462317
2035,"luc_emissions","Pg C/yr","GCAM_SSP1","GCAM","new",0.754941328254907
2040,"luc_emissions","Pg C/yr","GCAM_SSP1","GCAM","new",0.845767853939142
2045,"luc_emissions","Pg C/yr","GCAM_SSP1","GCAM","new",0.749913950968753
2050,"luc_emissions","Pg C/yr","GCAM_SSP1","GCAM","new",0.636731005783134
2055,"luc_emissions","Pg C/yr","GCAM_SSP1","GCAM","new",0.7273813527829
2060,"luc_emissions","Pg C/yr","GCAM_SSP1","GCAM","new",0.597272541896944
2065,"luc_emissions","Pg C/yr","GCAM_SSP1","GCAM","new",0.392306934429935
2070,"luc_emissions","Pg C/yr","GCAM_SSP1","GCAM","new",0.27442645555131
2075,"luc_emissions","Pg C/yr","GCAM_SSP1","GCAM","new",0.156047877754781
2080,"luc_emissions","Pg C/yr","GCAM_SSP1","GCAM","new",0.0699798687631309
2085,"luc_emissions","Pg C/yr","GCAM_SSP1","GCAM","new",-0.0287838106158968
2090,"luc_emissions","Pg C/yr","GCAM_SSP1","GCAM","new",-0.161417240865691
2095,"luc_emissions","Pg C/yr","GCAM_SSP1","GCAM","new",-0.238815596996223
2100,"luc_emissions","Pg C/yr","GCAM_SSP1","GCAM","new",-0.316886003789544
1990,"luc_emissions","Pg C/yr","GCAM_SSP2","GCAM","new",0.563518302907909
2005,"luc_emissions","Pg C/yr","GCAM_SSP2","GCAM","new",0.210869629720399
2010,"luc_emissions","Pg C/yr","GCAM_SSP2","GCAM","new",0.492800075014875
2015,"luc_emissions","Pg C/yr","GCAM_SSP2","GCAM","new",0.551397506390166
2021,"luc_emissions","Pg C/yr","GCAM_SSP2","GCAM","new",0.211212036851328
2025,"luc_emissions","Pg C/yr","GCAM_SSP2","GCAM","new",1.1743955654214
2030,"luc_emissions","Pg C/yr","GCAM_SSP2","GCAM","new",1.14142854322238
2035,"luc_emissions","Pg C/yr","GCAM_SSP2","GCAM","new",1.13059033889694
2040,"luc_emissions","Pg C/yr","GCAM_SSP2","GCAM","new",1.25786111200537
2045,"luc_emissions","Pg C/yr","GCAM_SSP2","GCAM","new",1.20062490725038
2050,"luc_emissions","Pg C/yr","GCAM_SSP2","GCAM","new",1.18099877197785
2055,"luc_emissions","Pg C/yr","GCAM_SSP2","GCAM","new",1.34414947216102
2060,"luc_emissions","Pg C/yr","GCAM_SSP2","GCAM","new",1.31829472749155
2065,"luc_emissions","Pg C/yr","GCAM_SSP2","GCAM","new",1.19560752888061
2070,"luc_emissions","Pg C/yr","GCAM_SSP2","GCAM","new",1.12207917188188
2075,"luc_emissions","Pg C/yr","GCAM_SSP2","GCAM","new",1.03202720734209
2080,"luc_emissions","Pg C/yr","GCAM_SSP2","GCAM","new",0.959400928065845
2085,"luc_emissions","Pg C/yr","GCAM_SSP2","GCAM","new",0.846024497194469
2090,"luc_emissions","Pg C/yr","GCAM_SSP2","GCAM","new",0.702226683235414
2095,"luc_emissions","Pg C/yr","GCAM_SSP2","GCAM","new",0.595357799994895
2100,"luc_emissions","Pg C/yr","GCAM_SSP2","GCAM","new",0.493756173996051
1990,"luc_emissions","Pg C/yr","GCAM_SSP3","GCAM","new",0.560385279595471
2005,"luc_emissions","Pg C/yr","GCAM_SSP3","GCAM","new",0.179254430720199
2010,"luc_emissions","Pg C/yr","GCAM_SSP3","GCAM","new",0.459514974670875
2015,"luc_emissions","Pg C/yr","GCAM_SSP3","GCAM","new",0.539649440328446
2021,"luc_emissions","Pg C/yr","GCAM_SSP3","GCAM","new",0.22192798580059
2025,"luc_emissions","Pg C/yr","GCAM_SSP3","GCAM","new",1.5338230260596
2030,"luc_emissions","Pg C/yr","GCAM_SSP3","GCAM","new",1.67338160425798
2035,"luc_emissions","Pg C/yr","GCAM_SSP3","GCAM","new",1.57108313010396
2040,"luc_emissions","Pg C/yr","GCAM_SSP3","GCAM","new",1.60673736618658
2045,"luc_emissions","Pg C/yr","GCAM_SSP3","GCAM","new",1.44249183116557
2050,"luc_emissions","Pg C/yr","GCAM_SSP3","GCAM","new",1.38849055785366
2055,"luc_emissions","Pg C/yr","GCAM_SSP3","GCAM","new",1.49259373457348
2060,"luc_emissions","Pg C/yr","GCAM_SSP3","GCAM","new",1.45666869446572
2065,"luc_emissions","Pg C/yr","GCAM_SSP3","GCAM","new",1.31515944708707
2070,"luc_emissions","Pg C/yr","GCAM_SSP3","GCAM","new",1.22339486858955
2075,"luc_emissions","Pg C/yr","GCAM_SSP3","GCAM","new",1.10882911060732
2080,"luc_emissions","Pg C/yr","GCAM_SSP3","GCAM","new",1.04413839693286
2085,"luc_emissions","Pg C/yr","GCAM_SSP3","GCAM","new",0.984494786982617
2090,"luc_emissions","Pg C/yr","GCAM_SSP3","GCAM","new",0.93951238661829
2095,"luc_emissions","Pg C/yr","GCAM_SSP3","GCAM","new",0.879485790989358
2100,"luc_emissions","Pg C/yr","GCAM_SSP3","GCAM","new",0.831355270063146
1976,"CO2_concentration","PPM","Reference","GCAM","new",339.861
1977,"CO2_concentration","PPM","Reference","GCAM","new",341.134
1978,"CO2_concentration","PPM","Reference","GCAM","new",342.527
1979,"CO2_concentration","PPM","Reference","GCAM","new",343.954
1980,"CO2_concentration","PPM","Reference","GCAM","new",345.323
1981,"CO2_concentration","PPM","Reference","GCAM","new",346.655
1982,"CO2_concentration","PPM","Reference","GCAM","new",347.911
1983,"CO2_concentration","PPM","Reference","GCAM","new",349.08
1984,"CO2_concentration","PPM","Reference","GCAM","new",350.253
1985,"CO2_concentration","PPM","Reference","GCAM","new",351.576
1986,"CO2_concentration","PPM","Reference","GCAM","new",352.978
1987,"CO2_concentration","PPM","Reference","GCAM","new",354.432
1988,"CO2_concentration","PPM","Reference","GCAM","new",355.891
1989,"CO2_concentration","PPM","Reference","GCAM","new",357.375
1990,"CO2_concentration","PPM","Reference","GCAM","new",358.863
1991,"CO2_concentration","PPM","Reference","GCAM","new",360.385
1992,"CO2_concentration","PPM","Reference","GCAM","new",361.824
1993,"CO2_concentration","PPM","Reference","GCAM","new",363.159
1994,"CO2_concentration","PPM","Reference","GCAM","new",364.491
1995,"CO2_concentration","PPM","Reference","GCAM","new",366.011
1996,"CO2_concentration","PPM","Reference","GCAM","new",367.57
1997,"CO2_concentration","PPM","Reference","GCAM","new",369.225
1998,"CO2_concentration","PPM","Reference","GCAM","new",371.075
1999,"CO2_concentration","PPM","Reference","GCAM","new",372.748
2000,"CO2_concentration","PPM","Reference","GCAM","new",374.42
2001,"CO2_concentration","PPM","Reference","GCAM","new",376.122
2002,"CO2_concentration","PPM","Reference","GCAM","new",377.75
2003,"CO2_concentration","PPM","Reference","GCAM","new",379.486
2004,"CO2_concentration","PPM","Reference","GCAM","new",381.488
2005,"CO2_concentration","PPM","Reference","GCAM","new",383.498
2006,"CO2_concentration","PPM","Reference","GCAM","new",385.52
2007,"CO2_concentration","PPM","Reference","GCAM","new",387.64
2008,"CO2_concentration","PPM","Reference","GCAM","new",389.813
2009,"CO2_concentration","PPM","Reference","GCAM","new",392.028
2010,"CO2_concentration","PPM","Reference","GCAM","new",394.201
2011,"CO2_concentration","PPM","Reference","GCAM","new",396.586
2012,"CO2_concentration","PPM","Reference","GCAM","new",399.03
2013,"CO2_concentration","PPM","Reference","GCAM","new",401.516
2014,"CO2_concentration","PPM","Reference","GCAM","new",404.01
2015,"CO2_concentration","PPM","Reference","GCAM","new",406.513
2016,"CO2_concentration","PPM","Reference","GCAM","new",408.982
2017,"CO2_concentration","PPM","Reference","GCAM","new",411.299
2018,"CO2_concentration","PPM","Reference","GCAM","new",413.667
2019,"CO2_concentration","PPM","Reference","GCAM","new",416.045
2020,"CO2_concentration","PPM","Reference","GCAM","new",418.393
2021,"CO2_concentration","PPM","Reference","GCAM","new",420.484
2022,"CO2_concentration","PPM","Reference","GCAM","new",422.83
2023,"CO2_concentration","PPM","Reference","GCAM","new",425.215
2024,"CO2_concentration","PPM","Reference","GCAM","new",427.643
2025,"CO2_concentration","PPM","Reference","GCAM","new",429.952
2026,"CO2_concentration","PPM","Reference","GCAM","new",432.325
2027,"CO2_concentration","PPM","Reference","GCAM","new",434.606
2028,"CO2_concentration","PPM","Reference","GCAM","new",436.922
2029,"CO2_concentration","PPM","Reference","GCAM","new",439.265
2030,"CO2_concentration","PPM","Reference","GCAM","new",441.631
2031,"CO2_concentration","PPM","Reference","GCAM","new",444.019
2032,"CO2_concentration","PPM","Reference","GCAM","new",446.372
2033,"CO2_concentration","PPM","Reference","GCAM","new",448.726
2034,"CO2_concentration","PPM","Reference","GCAM","new",451.083
2035,"CO2_concentration","PPM","Reference","GCAM","new",453.442
2036,"CO2_concentration","PPM","Reference","GCAM","new",455.801
2037,"CO2_concentration","PPM","Reference","GCAM","new",458.176
2038,"CO2_concentration","PPM","Reference","GCAM","new",460.54
2039,"CO2_concentration","PPM","Reference","GCAM","new",462.895
2040,"CO2_concentration","PPM","Reference","GCAM","new",465.241
2041,"CO2_concentration","PPM","Reference","GCAM","new",467.578
2042,"CO2_concentration","PPM","Reference","GCAM","new",469.871
2043,"CO2_concentration","PPM","Reference","GCAM","new",472.155
2044,"CO2_concentration","PPM","Reference","GCAM","new",474.429
2045,"CO2_concentration","PPM","Reference","GCAM","new",476.694
2046,"CO2_concentration","PPM","Reference","GCAM","new",478.95
2047,"CO2_concentration","PPM","Reference","GCAM","new",481.192
2048,"CO2_concentration","PPM","Reference","GCAM","new",483.426
2049,"CO2_concentration","PPM","Reference","GCAM","new",485.652
2050,"CO2_concentration","PPM","Reference","GCAM","new",487.872
2051,"CO2_concentration","PPM","Reference","GCAM","new",490.087
2052,"CO2_concentration","PPM","Reference","GCAM","new",492.373
2053,"CO2_concentration","PPM","Reference","GCAM","new",494.655
2054,"CO2_concentration","PPM","Reference","GCAM","new",496.937
2055,"CO2_concentration","PPM","Reference","GCAM","new",499.218
2056,"CO2_concentration","PPM","Reference","GCAM","new",501.499
2057,"CO2_concentration","PPM","Reference","GCAM","new",503.782
2058,"CO2_concentration","PPM","Reference","GCAM","new",506.081
2059,"CO2_concentration","PPM","Reference","GCAM","new",508.397
2060,"CO2_concentration","PPM","Reference","GCAM","new",510.73
2061,"CO2_concentration","PPM","Reference","GCAM","new",513.08
2062,"CO2_concentration","PPM","Reference","GCAM","new",515.389
2063,"CO2_concentration","PPM","Reference","GCAM","new",517.723
2064,"CO2_concentration","PPM","Reference","GCAM","new",520.081
2065,"CO2_concentration","PPM","Reference","GCAM","new",522.463
2066,"CO2_concentration","PPM","Reference","GCAM","new",524.87
2067,"CO2_concentration","PPM","Reference","GCAM","new",527.258
2068,"CO2_concentration","PPM","Reference","GCAM","new",529.673
2069,"CO2_concentration","PPM","Reference","GCAM","new",532.113
2070,"CO2_concentration","PPM","Reference","GCAM","new",534.577
2071,"CO2_concentration","PPM","Reference","GCAM","new",537.067
2072,"CO2_concentration","PPM","Reference","GCAM","new",539.546
2073,"CO2_concentration","PPM","Reference","GCAM","new",542.055
2074,"CO2_concentration","PPM","Reference","GCAM","new",544.592
2075,"CO2_concentration","PPM","Reference","GCAM","new",547.157
2076,"CO2_concentration","PPM","Reference","GCAM","new",549.75
2077,"CO2_concentration","PPM","Reference","GCAM","new",552.339
2078,"CO2_concentration","PPM","Reference","GCAM","new",554.948
2079,"CO2_concentration","PPM","Reference","GCAM","new",557.575
2080,"CO2_concentration","PPM","Reference","GCAM","new",560.222
2081,"CO2_concentration","PPM","Reference","GCAM","new",562.889
2082,"CO2_concentration","PPM","Reference","GCAM","new",565.525
2083,"CO2_concentration","PPM","Reference","GCAM","new",568.171
2084,"CO2_concentration","PPM","Reference","GCAM","new",570.826
2085,"CO2_concentration","PPM","Reference","GCAM","new",573.493
2086,"CO2_concentration","PPM","Reference","GCAM","new",576.17
2087,"CO2_concentration","PPM","Reference","GCAM","new",578.804
2088,"CO2_concentration","PPM","Reference","GCAM","new",581.461
2089,"CO2_concentration","PPM","Reference","GCAM","new",584.138
2090,"CO2_concentration","PPM","Reference","GCAM","new",586.838
2091,"CO2_concentration","PPM","Reference","GCAM","new",589.558
2092,"CO2_concentration","PPM","Reference","GCAM","new",592.245
2093,"CO2_concentration","PPM","Reference","GCAM","new",594.953
2094,"CO2_concentration","PPM","Reference","GCAM","new",597.68
2095,"CO2_concentration","PPM","Reference","GCAM","new",600.427
2096,"CO2_concentration","PPM","Reference","GCAM","new",603.191
2097,"CO2_concentration","PPM","Reference","GCAM","new",605.937
2098,"CO2_concentration","PPM","Reference","GCAM","new",608.701
2099,"CO2_concentration","PPM","Reference","GCAM","new",611.481
2100,"CO2_concentration","PPM","Reference","GCAM","new",614.278
1976,"CO2_concentration","PPM","GCAM_SSP4","GCAM","new",339.861
1977,"CO2_concentration","PPM","GCAM_SSP4","GCAM","new",341.134
1978,"CO2_concentration","PPM","GCAM_SSP4","GCAM","new",342.527
1979,"CO2_concentration","PPM","GCAM_SSP4","GCAM","new",343.954
1980,"CO2_concentration","PPM","GCAM_SSP4","GCAM","new",345.323
1981,"CO2_concentration","PPM","GCAM_SSP4","GCAM","new",346.655
1982,"CO2_concentration","PPM","GCAM_SSP4","GCAM","new",347.911
1983,"CO2_concentration","PPM","GCAM_SSP4","GCAM","new",349.08
1984,"CO2_concentration","PPM","GCAM_SSP4","GCAM","new",350.253
1985,"CO2_concentration","PPM","GCAM_SSP4","GCAM","new",351.576
1986,"CO2_concentration","PPM","GCAM_SSP4","GCAM","new",352.978
1987,"CO2_concentration","PPM","GCAM_SSP4","GCAM","new",354.432
1988,"CO2_concentration","PPM","GCAM_SSP4","GCAM","new",355.891
1989,"CO2_concentration","PPM","GCAM_SSP4","GCAM","new",357.375
1990,"CO2_concentration","PPM","GCAM_SSP4","GCAM","new",358.863
1991,"CO2_concentration","PPM","GCAM_SSP4","GCAM","new",360.385
1992,"CO2_concentration","PPM","GCAM_SSP4","GCAM","new",361.824
1993,"CO2_concentration","PPM","GCAM_SSP4","GCAM","new",363.159
1994,"CO2_concentration","PPM","GCAM_SSP4","GCAM","new",364.491
1995,"CO2_concentration","PPM","GCAM_SSP4","GCAM","new",366.011
1996,"CO2_concentration","PPM","GCAM_SSP4","GCAM","new",367.57
1997,"CO2_concentration","PPM","GCAM_SSP4","GCAM","new",369.225
1998,"CO2_concentration","PPM","GCAM_SSP4","GCAM","new",371.075
1999,"CO2_concentration","PPM","GCAM_SSP4","GCAM","new",372.748
2000,"CO2_concentration","PPM","GCAM_SSP4","GCAM","new",374.42
2001,"CO2_concentration","PPM","GCAM_SSP4","GCAM","new",376.122
2002,"CO2_concentration","PPM","GCAM_SSP4","GCAM","new",377.75
2003,"CO2_concentration","PPM","GCAM_SSP4","GCAM","new",379.486
2004,"CO2_concentration","PPM","GCAM_SSP4","GCAM","new",381.488
2005,"CO2_concentration","PPM","GCAM_SSP4","GCAM","new",383.498
2006,"CO2_concentration","PPM","GCAM_SSP4","GCAM","new",385.52
2007,"CO2_concentration","PPM","GCAM_SSP4","GCAM","new",387.64
2008,"CO2_concentration","PPM","GCAM_SSP4","GCAM","new",389.813
2009,"CO2_concentration","PPM","GCAM_SSP4","GCAM","new",392.028
2010,"CO2_concentration","PPM","GCAM_SSP4","GCAM","new",394.201
2011,"CO2_concentration","PPM","GCAM_SSP4","GCAM","new",396.586
2012,"CO2_concentration","PPM","GCAM_SSP4","GCAM","new",399.03
2013,"CO2_concentration","PPM","GCAM_SSP4","GCAM","new",401.516
2014,"CO2_concentration","PPM","GCAM_SSP4","GCAM","new",404.01
2015,"CO2_concentration","PPM","GCAM_SSP4","GCAM","new",406.513
2016,"CO2_concentration","PPM","GCAM_SSP4","GCAM","new",408.982
2017,"CO2_concentration","PPM","GCAM_SSP4","GCAM","new",411.299
2018,"CO2_concentration","PPM","GCAM_SSP4","GCAM","new",413.667
2019,"CO2_concentration","PPM","GCAM_SSP4","GCAM","new",416.045
2020,"CO2_concentration","PPM","GCAM_SSP4","GCAM","new",418.393
2021,"CO2_concentration","PPM","GCAM_SSP4","GCAM","new",420.484
2022,"CO2_concentration","PPM","GCAM_SSP4","GCAM","new",422.83
2023,"CO2_concentration","PPM","GCAM_SSP4","GCAM","new",425.215
2024,"CO2_concentration","PPM","GCAM_SSP4","GCAM","new",427.643
2025,"CO2_concentration","PPM","GCAM_SSP4","GCAM","new",430.166
2026,"CO2_concentration","PPM","GCAM_SSP4","GCAM","new",432.789
2027,"CO2_concentration","PPM","GCAM_SSP4","GCAM","new",435.381
2028,"CO2_concentration","PPM","GCAM_SSP4","GCAM","new",437.993
2029,"CO2_concentration","PPM","GCAM_SSP4","GCAM","new",440.619
2030,"CO2_concentration","PPM","GCAM_SSP4","GCAM","new",443.257
2031,"CO2_concentration","PPM","GCAM_SSP4","GCAM","new",445.906
2032,"CO2_concentration","PPM","GCAM_SSP4","GCAM","new",448.472
2033,"CO2_concentration","PPM","GCAM_SSP4","GCAM","new",451.022
2034,"CO2_concentration","PPM","GCAM_SSP4","GCAM","new",453.555
2035,"CO2_concentration","PPM","GCAM_SSP4","GCAM","new",456.072
2036,"CO2_concentration","PPM","GCAM_SSP4","GCAM","new",458.571
2037,"CO2_concentration","PPM","GCAM_SSP4","GCAM","new",461.098
2038,"CO2_concentration","PPM","GCAM_SSP4","GCAM","new",463.596
2039,"CO2_concentration","PPM","GCAM_SSP4","GCAM","new",466.07
2040,"CO2_concentration","PPM","GCAM_SSP4","GCAM","new",468.519
2041,"CO2_concentration","PPM","GCAM_SSP4","GCAM","new",470.946
2042,"CO2_concentration","PPM","GCAM_SSP4","GCAM","new",473.305
2043,"CO2_concentration","PPM","GCAM_SSP4","GCAM","new",475.638
2044,"CO2_concentration","PPM","GCAM_SSP4","GCAM","new",477.946
2045,"CO2_concentration","PPM","GCAM_SSP4","GCAM","new",480.23
2046,"CO2_concentration","PPM","GCAM_SSP4","GCAM","new",482.491
2047,"CO2_concentration","PPM","GCAM_SSP4","GCAM","new",484.724
2048,"CO2_concentration","PPM","GCAM_SSP4","GCAM","new",486.926
2049,"CO2_concentration","PPM","GCAM_SSP4","GCAM","new",489.101
2050,"CO2_concentration","PPM","GCAM_SSP4","GCAM","new",491.25
2051,"CO2_concentration","PPM","GCAM_SSP4","GCAM","new",493.374
2052,"CO2_concentration","PPM","GCAM_SSP4","GCAM","new",495.572
2053,"CO2_concentration","PPM","GCAM_SSP4","GCAM","new",497.755
2054,"CO2_concentration","PPM","GCAM_SSP4","GCAM","new",499.926
2055,"CO2_concentration","PPM","GCAM_SSP4","GCAM","new",502.085
2056,"CO2_concentration","PPM","GCAM_SSP4","GCAM","new",504.235
2057,"CO2_concentration","PPM","GCAM_SSP4","GCAM","new",506.369
2058,"CO2_concentration","PPM","GCAM_SSP4","GCAM","new",508.505
2059,"CO2_concentration","PPM","GCAM_SSP4","GCAM","new",510.642
2060,"CO2_concentration","PPM","GCAM_SSP4","GCAM","new",512.782
2061,"CO2_concentration","PPM","GCAM_SSP4","GCAM","new",514.925
2062,"CO2_concentration","PPM","GCAM_SSP4","GCAM","new",516.994
2063,"CO2_concentration","PPM","GCAM_SSP4","GCAM","new",519.075
2064,"CO2_concentration","PPM","GCAM_SSP4","GCAM","new",521.165
2065,"CO2_concentration","PPM","GCAM_SSP4","GCAM","new",523.267
2066,"CO2_concentration","PPM","GCAM_SSP4","GCAM","new",525.378
2067,"CO2_concentration","PPM","GCAM_SSP4","GCAM","new",527.46
2068,"CO2_concentration","PPM","GCAM_SSP4","GCAM","new",529.558
2069,"CO2_concentration","PPM","GCAM_SSP4","GCAM","new",531.669
2070,"CO2_concentration","PPM","GCAM_SSP4","GCAM","new",533.796
2071,"CO2_concentration","PPM","GCAM_SSP4","GCAM","new",535.936
2072,"CO2_concentration","PPM","GCAM_SSP4","GCAM","new",538.039
2073,"CO2_concentration","PPM","GCAM_SSP4","GCAM","new",540.162
2074,"CO2_concentration","PPM","GCAM_SSP4","GCAM","new",542.302
2075,"CO2_concentration","PPM","GCAM_SSP4","GCAM","new",544.46
2076,"CO2_concentration","PPM","GCAM_SSP4","GCAM","new",546.637
2077,"CO2_concentration","PPM","GCAM_SSP4","GCAM","new",548.792
2078,"CO2_concentration","PPM","GCAM_SSP4","GCAM","new",550.958
2079,"CO2_concentration","PPM","GCAM_SSP4","GCAM","new",553.133
2080,"CO2_concentration","PPM","GCAM_SSP4","GCAM","new",555.319
2081,"CO2_concentration","PPM","GCAM_SSP4","GCAM","new",557.514
2082,"CO2_concentration","PPM","GCAM_SSP4","GCAM","new",559.675
2083,"CO2_concentration","PPM","GCAM_SSP4","GCAM","new",561.841
2084,"CO2_concentration","PPM","GCAM_SSP4","GCAM","new",564.013
2085,"CO2_concentration","PPM","GCAM_SSP4","GCAM","new",566.192
2086,"CO2_concentration","PPM","GCAM_SSP4","GCAM","new",568.377
2087,"CO2_concentration","PPM","GCAM_SSP4","GCAM","new",570.508
2088,"CO2_concentration","PPM","GCAM_SSP4","GCAM","new",572.659
2089,"CO2_concentration","PPM","GCAM_SSP4","GCAM","new",574.827
2090,"CO2_concentration","PPM","GCAM_SSP4","GCAM","new",577.014
2091,"CO2_concentration","PPM","GCAM_SSP4","GCAM","new",579.218
2092,"CO2_concentration","PPM","GCAM_SSP4","GCAM","new",581.379
2093,"CO2_concentration","PPM","GCAM_SSP4","GCAM","new",583.565
2094,"CO2_concentration","PPM","GCAM_SSP4","GCAM","new",585.772
2095,"CO2_concentration","PPM","GCAM_SSP4","GCAM","new",588.001
2096,"CO2_concentration","PPM","GCAM_SSP4","GCAM","new",590.252
2097,"CO2_concentration","PPM","GCAM_SSP4","GCAM","new",592.496
2098,"CO2_concentration","PPM","GCAM_SSP4","GCAM","new",594.763
2099,"CO2_concentration","PPM","GCAM_SSP4","GCAM","new",597.054
2100,"CO2_concentration","PPM","GCAM_SSP4","GCAM","new",599.367
1976,"CO2_concentration","PPM","GCAM_SSP5","GCAM","new",339.861
1977,"CO2_concentration","PPM","GCAM_SSP5","GCAM","new",341.134
1978,"CO2_concentration","PPM","GCAM_SSP5","GCAM","new",342.527
1979,"CO2_concentration","PPM","GCAM_SSP5","GCAM","new",343.954
1980,"CO2_concentration","PPM","GCAM_SSP5","GCAM","new",345.323
1981,"CO2_concentration","PPM","GCAM_SSP5","GCAM","new",346.655
1982,"CO2_concentration","PPM","GCAM_SSP5","GCAM","new",347.911
1983,"CO2_concentration","PPM","GCAM_SSP5","GCAM","new",349.08
1984,"CO2_concentration","PPM","GCAM_SSP5","GCAM","new",350.253
1985,"CO2_concentration","PPM","GCAM_SSP5","GCAM","new",351.576
1986,"CO2_concentration","PPM","GCAM_SSP5","GCAM","new",352.978
1987,"CO2_concentration","PPM","GCAM_SSP5","GCAM","new",354.432
1988,"CO2_concentration","PPM","GCAM_SSP5","GCAM","new",355.891
1989,"CO2_concentration","PPM","GCAM_SSP5","GCAM","new",357.375
1990,"CO2_concentration","PPM","GCAM_SSP5","GCAM","new",358.863
1991,"CO2_concentration","PPM","GCAM_SSP5","GCAM","new",360.385
1992,"CO2_concentration","PPM","GCAM_SSP5","GCAM","new",361.824
1993,"CO2_concentration","PPM","GCAM_SSP5","GCAM","new",363.159
1994,"CO2_concentration","PPM","GCAM_SSP5","GCAM","new",364.491
1995,"CO2_concentration","PPM","GCAM_SSP5","GCAM","new",366.011
1996,"CO2_concentration","PPM","GCAM_SSP5","GCAM","new",367.57
1997,"CO2_concentration","PPM","GCAM_SSP5","GCAM","new",369.225
1998,"CO2_concentration","PPM","GCAM_SSP5","GCAM","new",371.075
1999,"CO2_concentration","PPM","GCAM_SSP5","GCAM","new",372.748
2000,"CO2_concentration","PPM","GCAM_SSP5","GCAM","new",374.42
2001,"CO2_concentration","PPM","GCAM_SSP5","GCAM","new",376.122
2002,"CO2_concentration","PPM","GCAM_SSP5","GCAM","new",377.75
2003,"CO2_concentration","PPM","GCAM_SSP5","GCAM","new",379.486
2004,"CO2_concentration","PPM","GCAM_SSP5","GCAM","new",381.488
2005,"CO2_concentration","PPM","GCAM_SSP5","GCAM","new",383.498
2006,"CO2_concentration","PPM","GCAM_SSP5","GCAM","new",385.52
2007,"CO2_concentration","PPM","GCAM_SSP5","GCAM","new",387.64
2008,"CO2_concentration","PPM","GCAM_SSP5","GCAM","new",389.813
2009,"CO2_concentration","PPM","GCAM_SSP5","GCAM","new",392.028
2010,"CO2_concentration","PPM","GCAM_SSP5","GCAM","new",394.201
2011,"CO2_concentration","PPM","GCAM_SSP5","GCAM","new",396.586
2012,"CO2_concentration","PPM","GCAM_SSP5","GCAM","new",399.03
2013,"CO2_concentration","PPM","GCAM_SSP5","GCAM","new",401.516
2014,"CO2_concentration","PPM","GCAM_SSP5","GCAM","new",404.01
2015,"CO2_concentration","PPM","GCAM_SSP5","GCAM","new",406.513
2016,"CO2_concentration","PPM","GCAM_SSP5","GCAM","new",408.982
2017,"CO2_concentration","PPM","GCAM_SSP5","GCAM","new",411.299
2018,"CO2_concentration","PPM","GCAM_SSP5","GCAM","new",413.667
2019,"CO2_concentration","PPM","GCAM_SSP5","GCAM","new",416.045
2020,"CO2_concentration","PPM","GCAM_SSP5","GCAM","new",418.393
2021,"CO2_concentration","PPM","GCAM_SSP5","GCAM","new",420.484
2022,"CO2_concentration","PPM","GCAM_SSP5","GCAM","new",422.83
2023,"CO2_concentration","PPM","GCAM_SSP5","GCAM","new",425.215
2024,"CO2_concentration","PPM","GCAM_SSP5","GCAM","new",427.643
2025,"CO2_concentration","PPM","GCAM_SSP5","GCAM","new",430.009
2026,"CO2_concentration","PPM","GCAM_SSP5","GCAM","new",432.515
2027,"CO2_concentration","PPM","GCAM_SSP5","GCAM","new",434.941
2028,"CO2_concentration","PPM","GCAM_SSP5","GCAM","new",437.412
2029,"CO2_concentration","PPM","GCAM_SSP5","GCAM","new",439.917
2030,"CO2_concentration","PPM","GCAM_SSP5","GCAM","new",442.457
2031,"CO2_concentration","PPM","GCAM_SSP5","GCAM","new",445.026
2032,"CO2_concentration","PPM","GCAM_SSP5","GCAM","new",447.657
2033,"CO2_concentration","PPM","GCAM_SSP5","GCAM","new",450.31
2034,"CO2_concentration","PPM","GCAM_SSP5","GCAM","new",452.986
2035,"CO2_concentration","PPM","GCAM_SSP5","GCAM","new",455.683
2036,"CO2_concentration","PPM","GCAM_SSP5","GCAM","new",458.401
2037,"CO2_concentration","PPM","GCAM_SSP5","GCAM","new",461.24
2038,"CO2_concentration","PPM","GCAM_SSP5","GCAM","new",464.097
2039,"CO2_concentration","PPM","GCAM_SSP5","GCAM","new",466.975
2040,"CO2_concentration","PPM","GCAM_SSP5","GCAM","new",469.874
2041,"CO2_concentration","PPM","GCAM_SSP5","GCAM","new",472.792
2042,"CO2_concentration","PPM","GCAM_SSP5","GCAM","new",475.724
2043,"CO2_concentration","PPM","GCAM_SSP5","GCAM","new",478.68
2044,"CO2_concentration","PPM","GCAM_SSP5","GCAM","new",481.66
2045,"CO2_concentration","PPM","GCAM_SSP5","GCAM","new",484.664
2046,"CO2_concentration","PPM","GCAM_SSP5","GCAM","new",487.693
2047,"CO2_concentration","PPM","GCAM_SSP5","GCAM","new",490.695
2048,"CO2_concentration","PPM","GCAM_SSP5","GCAM","new",493.72
2049,"CO2_concentration","PPM","GCAM_SSP5","GCAM","new",496.768
2050,"CO2_concentration","PPM","GCAM_SSP5","GCAM","new",499.84
2051,"CO2_concentration","PPM","GCAM_SSP5","GCAM","new",502.938
2052,"CO2_concentration","PPM","GCAM_SSP5","GCAM","new",506.11
2053,"CO2_concentration","PPM","GCAM_SSP5","GCAM","new",509.304
2054,"CO2_concentration","PPM","GCAM_SSP5","GCAM","new",512.523
2055,"CO2_concentration","PPM","GCAM_SSP5","GCAM","new",515.766
2056,"CO2_concentration","PPM","GCAM_SSP5","GCAM","new",519.037
2057,"CO2_concentration","PPM","GCAM_SSP5","GCAM","new",522.305
2058,"CO2_concentration","PPM","GCAM_SSP5","GCAM","new",525.613
2059,"CO2_concentration","PPM","GCAM_SSP5","GCAM","new",528.961
2060,"CO2_concentration","PPM","GCAM_SSP5","GCAM","new",532.349
2061,"CO2_concentration","PPM","GCAM_SSP5","GCAM","new",535.778
2062,"CO2_concentration","PPM","GCAM_SSP5","GCAM","new",539.177
2063,"CO2_concentration","PPM","GCAM_SSP5","GCAM","new",542.622
2064,"CO2_concentration","PPM","GCAM_SSP5","GCAM","new",546.109
2065,"CO2_concentration","PPM","GCAM_SSP5","GCAM","new",549.642
2066,"CO2_concentration","PPM","GCAM_SSP5","GCAM","new",553.219
2067,"CO2_concentration","PPM","GCAM_SSP5","GCAM","new",556.783
2068,"CO2_concentration","PPM","GCAM_SSP5","GCAM","new",560.39
2069,"CO2_concentration","PPM","GCAM_SSP5","GCAM","new",564.038
2070,"CO2_concentration","PPM","GCAM_SSP5","GCAM","new",567.728
2071,"CO2_concentration","PPM","GCAM_SSP5","GCAM","new",571.461
2072,"CO2_concentration","PPM","GCAM_SSP5","GCAM","new",575.191
2073,"CO2_concentration","PPM","GCAM_SSP5","GCAM","new",578.962
2074,"CO2_concentration","PPM","GCAM_SSP5","GCAM","new",582.771
2075,"CO2_concentration","PPM","GCAM_SSP5","GCAM","new",586.619
2076,"CO2_concentration","PPM","GCAM_SSP5","GCAM","new",590.507
2077,"CO2_concentration","PPM","GCAM_SSP5","GCAM","new",594.404
2078,"CO2_concentration","PPM","GCAM_SSP5","GCAM","new",598.328
2079,"CO2_concentration","PPM","GCAM_SSP5","GCAM","new",602.279
2080,"CO2_concentration","PPM","GCAM_SSP5","GCAM","new",606.259
2081,"CO2_concentration","PPM","GCAM_SSP5","GCAM","new",610.267
2082,"CO2_concentration","PPM","GCAM_SSP5","GCAM","new",614.247
2083,"CO2_concentration","PPM","GCAM_SSP5","GCAM","new",618.239
2084,"CO2_concentration","PPM","GCAM_SSP5","GCAM","new",622.244
2085,"CO2_concentration","PPM","GCAM_SSP5","GCAM","new",626.264
2086,"CO2_concentration","PPM","GCAM_SSP5","GCAM","new",630.298
2087,"CO2_concentration","PPM","GCAM_SSP5","GCAM","new",634.259
2088,"CO2_concentration","PPM","GCAM_SSP5","GCAM","new",638.239
2089,"CO2_concentration","PPM","GCAM_SSP5","GCAM","new",642.238
2090,"CO2_concentration","PPM","GCAM_SSP5","GCAM","new",646.258
2091,"CO2_concentration","PPM","GCAM_SSP5","GCAM","new",650.298
2092,"CO2_concentration","PPM","GCAM_SSP5","GCAM","new",654.297
2093,"CO2_concentration","PPM","GCAM_SSP5","GCAM","new",658.31
2094,"CO2_concentration","PPM","GCAM_SSP5","GCAM","new",662.338
2095,"CO2_concentration","PPM","GCAM_SSP5","GCAM","new",666.379
2096,"CO2_concentration","PPM","GCAM_SSP5","GCAM","new",670.436
2097,"CO2_concentration","PPM","GCAM_SSP5","GCAM","new",674.429
2098,"CO2_concentration","PPM","GCAM_SSP5","GCAM","new",678.428
2099,"CO2_concentration","PPM","GCAM_SSP5","GCAM","new",682.431
2100,"CO2_concentration","PPM","GCAM_SSP5","GCAM","new",686.441
1976,"CO2_concentration","PPM","GCAM_SSP1","GCAM","new",339.861
1977,"CO2_concentration","PPM","GCAM_SSP1","GCAM","new",341.134
1978,"CO2_concentration","PPM","GCAM_SSP1","GCAM","new",342.527
1979,"CO2_concentration","PPM","GCAM_SSP1","GCAM","new",343.954
1980,"CO2_concentration","PPM","GCAM_SSP1","GCAM","new",345.323
1981,"CO2_concentration","PPM","GCAM_SSP1","GCAM","new",346.655
1982,"CO2_concentration","PPM","GCAM_SSP1","GCAM","new",347.911
1983,"CO2_concentration","PPM","GCAM_SSP1","GCAM","new",349.08
1984,"CO2_concentration","PPM","GCAM_SSP1","GCAM","new",350.253
1985,"CO2_concentration","PPM","GCAM_SSP1","GCAM","new",351.576
1986,"CO2_concentration","PPM","GCAM_SSP1","GCAM","new",352.978
1987,"CO2_concentration","PPM","GCAM_SSP1","GCAM","new",354.432
1988,"CO2_concentration","PPM","GCAM_SSP1","GCAM","new",355.891
1989,"CO2_concentration","PPM","GCAM_SSP1","GCAM","new",357.375
1990,"CO2_concentration","PPM","GCAM_SSP1","GCAM","new",358.863
1991,"CO2_concentration","PPM","GCAM_SSP1","GCAM","new",360.385
1992,"CO2_concentration","PPM","GCAM_SSP1","GCAM","new",361.824
1993,"CO2_concentration","PPM","GCAM_SSP1","GCAM","new",363.159
1994,"CO2_concentration","PPM","GCAM_SSP1","GCAM","new",364.491
1995,"CO2_concentration","PPM","GCAM_SSP1","GCAM","new",366.011
1996,"CO2_concentration","PPM","GCAM_SSP1","GCAM","new",367.57
1997,"CO2_concentration","PPM","GCAM_SSP1","GCAM","new",369.225
1998,"CO2_concentration","PPM","GCAM_SSP1","GCAM","new",371.075
1999,"CO2_concentration","PPM","GCAM_SSP1","GCAM","new",372.748
2000,"CO2_concentration","PPM","GCAM_SSP1","GCAM","new",374.42
2001,"CO2_concentration","PPM","GCAM_SSP1","GCAM","new",376.122
2002,"CO2_concentration","PPM","GCAM_SSP1","GCAM","new",377.75
2003,"CO2_concentration","PPM","GCAM_SSP1","GCAM","new",379.486
2004,"CO2_concentration","PPM","GCAM_SSP1","GCAM","new",381.488
2005,"CO2_concentration","PPM","GCAM_SSP1","GCAM","new",383.498
2006,"CO2_concentration","PPM","GCAM_SSP1","GCAM","new",385.52
2007,"CO2_concentration","PPM","GCAM_SSP1","GCAM","new",387.64
2008,"CO2_concentration","PPM","GCAM_SSP1","GCAM","new",389.813
2009,"CO2_concentration","PPM","GCAM_SSP1","GCAM","new",392.028
2010,"CO2_concentration","PPM","GCAM_SSP1","GCAM","new",394.201
2011,"CO2_concentration","PPM","GCAM_SSP1","GCAM","new",396.586
2012,"CO2_concentration","PPM","GCAM_SSP1","GCAM","new",399.03
2013,"CO2_concentration","PPM","GCAM_SSP1","GCAM","new",401.516
2014,"CO2_concentration","PPM","GCAM_SSP1","GCAM","new",404.01
2015,"CO2_concentration","PPM","GCAM_SSP1","GCAM","new",406.513
2016,"CO2_concentration","PPM","GCAM_SSP1","GCAM","new",408.982
2017,"CO2_concentration","PPM","GCAM_SSP1","GCAM","new",411.299
2018,"CO2_concentration","PPM","GCAM_SSP1","GCAM","new",413.667
2019,"CO2_concentration","PPM","GCAM_SSP1","GCAM","new",416.045
2020,"CO2_concentration","PPM","GCAM_SSP1","GCAM","new",418.393
2021,"CO2_concentration","PPM","GCAM_SSP1","GCAM","new",420.484
2022,"CO2_concentration","PPM","GCAM_SSP1","GCAM","new",422.83
2023,"CO2_concentration","PPM","GCAM_SSP1","GCAM","new",425.215
2024,"CO2_concentration","PPM","GCAM_SSP1","GCAM","new",427.643
2025,"CO2_concentration","PPM","GCAM_SSP1","GCAM","new",429.906
2026,"CO2_concentration","PPM","GCAM_SSP1","GCAM","new",432.256
2027,"CO2_concentration","PPM","GCAM_SSP1","GCAM","new",434.474
2028,"CO2_concentration","PPM","GCAM_SSP1","GCAM","new",436.716
2029,"CO2_concentration","PPM","GCAM_SSP1","GCAM","new",438.972
2030,"CO2_concentration","PPM","GCAM_SSP1","GCAM","new",441.24
2031,"CO2_concentration","PPM","GCAM_SSP1","GCAM","new",443.52
2032,"CO2_concentration","PPM","GCAM_SSP1","GCAM","new",445.732
2033,"CO2_concentration","PPM","GCAM_SSP1","GCAM","new",447.926
2034,"CO2_concentration","PPM","GCAM_SSP1","GCAM","new",450.102
2035,"CO2_concentration","PPM","GCAM_SSP1","GCAM","new",452.261
2036,"CO2_concentration","PPM","GCAM_SSP1","GCAM","new",454.401
2037,"CO2_concentration","PPM","GCAM_SSP1","GCAM","new",456.55
2038,"CO2_concentration","PPM","GCAM_SSP1","GCAM","new",458.681
2039,"CO2_concentration","PPM","GCAM_SSP1","GCAM","new",460.794
2040,"CO2_concentration","PPM","GCAM_SSP1","GCAM","new",462.891
2041,"CO2_concentration","PPM","GCAM_SSP1","GCAM","new",464.971
2042,"CO2_concentration","PPM","GCAM_SSP1","GCAM","new",466.984
2043,"CO2_concentration","PPM","GCAM_SSP1","GCAM","new",468.982
2044,"CO2_concentration","PPM","GCAM_SSP1","GCAM","new",470.962
2045,"CO2_concentration","PPM","GCAM_SSP1","GCAM","new",472.926
2046,"CO2_concentration","PPM","GCAM_SSP1","GCAM","new",474.875
2047,"CO2_concentration","PPM","GCAM_SSP1","GCAM","new",476.763
2048,"CO2_concentration","PPM","GCAM_SSP1","GCAM","new",478.631
2049,"CO2_concentration","PPM","GCAM_SSP1","GCAM","new",480.478
2050,"CO2_concentration","PPM","GCAM_SSP1","GCAM","new",482.305
2051,"CO2_concentration","PPM","GCAM_SSP1","GCAM","new",484.114
2052,"CO2_concentration","PPM","GCAM_SSP1","GCAM","new",485.966
2053,"CO2_concentration","PPM","GCAM_SSP1","GCAM","new",487.8
2054,"CO2_concentration","PPM","GCAM_SSP1","GCAM","new",489.62
2055,"CO2_concentration","PPM","GCAM_SSP1","GCAM","new",491.427
2056,"CO2_concentration","PPM","GCAM_SSP1","GCAM","new",493.221
2057,"CO2_concentration","PPM","GCAM_SSP1","GCAM","new",494.951
2058,"CO2_concentration","PPM","GCAM_SSP1","GCAM","new",496.676
2059,"CO2_concentration","PPM","GCAM_SSP1","GCAM","new",498.394
2060,"CO2_concentration","PPM","GCAM_SSP1","GCAM","new",500.108
2061,"CO2_concentration","PPM","GCAM_SSP1","GCAM","new",501.816
2062,"CO2_concentration","PPM","GCAM_SSP1","GCAM","new",503.427
2063,"CO2_concentration","PPM","GCAM_SSP1","GCAM","new",505.037
2064,"CO2_concentration","PPM","GCAM_SSP1","GCAM","new",506.645
2065,"CO2_concentration","PPM","GCAM_SSP1","GCAM","new",508.252
2066,"CO2_concentration","PPM","GCAM_SSP1","GCAM","new",509.858
2067,"CO2_concentration","PPM","GCAM_SSP1","GCAM","new",511.414
2068,"CO2_concentration","PPM","GCAM_SSP1","GCAM","new",512.97
2069,"CO2_concentration","PPM","GCAM_SSP1","GCAM","new",514.527
2070,"CO2_concentration","PPM","GCAM_SSP1","GCAM","new",516.083
2071,"CO2_concentration","PPM","GCAM_SSP1","GCAM","new",517.639
2072,"CO2_concentration","PPM","GCAM_SSP1","GCAM","new",519.159
2073,"CO2_concentration","PPM","GCAM_SSP1","GCAM","new",520.68
2074,"CO2_concentration","PPM","GCAM_SSP1","GCAM","new",522.201
2075,"CO2_concentration","PPM","GCAM_SSP1","GCAM","new",523.722
2076,"CO2_concentration","PPM","GCAM_SSP1","GCAM","new",525.244
2077,"CO2_concentration","PPM","GCAM_SSP1","GCAM","new",526.745
2078,"CO2_concentration","PPM","GCAM_SSP1","GCAM","new",528.24
2079,"CO2_concentration","PPM","GCAM_SSP1","GCAM","new",529.727
2080,"CO2_concentration","PPM","GCAM_SSP1","GCAM","new",531.209
2081,"CO2_concentration","PPM","GCAM_SSP1","GCAM","new",532.684
2082,"CO2_concentration","PPM","GCAM_SSP1","GCAM","new",534.126
2083,"CO2_concentration","PPM","GCAM_SSP1","GCAM","new",535.557
2084,"CO2_concentration","PPM","GCAM_SSP1","GCAM","new",536.977
2085,"CO2_concentration","PPM","GCAM_SSP1","GCAM","new",538.387
2086,"CO2_concentration","PPM","GCAM_SSP1","GCAM","new",539.787
2087,"CO2_concentration","PPM","GCAM_SSP1","GCAM","new",541.125
2088,"CO2_concentration","PPM","GCAM_SSP1","GCAM","new",542.453
2089,"CO2_concentration","PPM","GCAM_SSP1","GCAM","new",543.771
2090,"CO2_concentration","PPM","GCAM_SSP1","GCAM","new",545.079
2091,"CO2_concentration","PPM","GCAM_SSP1","GCAM","new",546.377
2092,"CO2_concentration","PPM","GCAM_SSP1","GCAM","new",547.635
2093,"CO2_concentration","PPM","GCAM_SSP1","GCAM","new",548.878
2094,"CO2_concentration","PPM","GCAM_SSP1","GCAM","new",550.107
2095,"CO2_concentration","PPM","GCAM_SSP1","GCAM","new",551.322
2096,"CO2_concentration","PPM","GCAM_SSP1","GCAM","new",552.522
2097,"CO2_concentration","PPM","GCAM_SSP1","GCAM","new",553.697
2098,"CO2_concentration","PPM","GCAM_SSP1","GCAM","new",554.854
2099,"CO2_concentration","PPM","GCAM_SSP1","GCAM","new",555.995
2100,"CO2_concentration","PPM","GCAM_SSP1","GCAM","new",557.119
1976,"CO2_concentration","PPM","GCAM_SSP2","GCAM","new",339.861
1977,"CO2_concentration","PPM","GCAM_SSP2","GCAM","new",341.134
1978,"CO2_concentration","PPM","GCAM_SSP2","GCAM","new",342.527
1979,"CO2_concentration","PPM","GCAM_SSP2","GCAM","new",343.954
1980,"CO2_concentration","PPM","GCAM_SSP2","GCAM","new",345.323
1981,"CO2_concentration","PPM","GCAM_SSP2","GCAM","new",346.655
1982,"CO2_concentration","PPM","GCAM_SSP2","GCAM","new",347.911
1983,"CO2_concentration","PPM","GCAM_SSP2","GCAM","new",349.08
1984,"CO2_concentration","PPM","GCAM_SSP2","GCAM","new",350.253
1985,"CO2_concentration","PPM","GCAM_SSP2","GCAM","new",351.576
1986,"CO2_concentration","PPM","GCAM_SSP2","GCAM","new",352.978
1987,"CO2_concentration","PPM","GCAM_SSP2","GCAM","new",354.432
1988,"CO2_concentration","PPM","GCAM_SSP2","GCAM","new",355.891
1989,"CO2_concentration","PPM","GCAM_SSP2","GCAM","new",357.375
1990,"CO2_concentration","PPM","GCAM_SSP2","GCAM","new",358.863
1991,"CO2_concentration","PPM","GCAM_SSP2","GCAM","new",360.385
1992,"CO2_concentration","PPM","GCAM_SSP2","GCAM","new",361.824
1993,"CO2_concentration","PPM","GCAM_SSP2","GCAM","new",363.159
1994,"CO2_concentration","PPM","GCAM_SSP2","GCAM","new",364.491
1995,"CO2_concentration","PPM","GCAM_SSP2","GCAM","new",366.011
1996,"CO2_concentration","PPM","GCAM_SSP2","GCAM","new",367.57
1997,"CO2_concentration","PPM","GCAM_SSP2","GCAM","new",369.225
1998,"CO2_concentration","PPM","GCAM_SSP2","GCAM","new",371.075
1999,"CO2_concentration","PPM","GCAM_SSP2","GCAM","new",372.748
2000,"CO2_concentration","PPM","GCAM_SSP2","GCAM","new",374.42
2001,"CO2_concentration","PPM","GCAM_SSP2","GCAM","new",376.122
2002,"CO2_concentration","PPM","GCAM_SSP2","GCAM","new",377.75
2003,"CO2_concentration","PPM","GCAM_SSP2","GCAM","new",379.486
2004,"CO2_concentration","PPM","GCAM_SSP2","GCAM","new",381.488
2005,"CO2_concentration","PPM","GCAM_SSP2","GCAM","new",383.498
2006,"CO2_concentration","PPM","GCAM_SSP2","GCAM","new",385.52
2007,"CO2_concentration","PPM","GCAM_SSP2","GCAM","new",387.64
2008,"CO2_concentration","PPM","GCAM_SSP2","GCAM","new",389.813
2009,"CO2_concentration","PPM","GCAM_SSP2","GCAM","new",392.028
2010,"CO2_concentration","PPM","GCAM_SSP2","GCAM","new",394.201
2011,"CO2_concentration","PPM","GCAM_SSP2","GCAM","new",396.586
2012,"CO2_concentration","PPM","GCAM_SSP2","GCAM","new",399.03
2013,"CO2_concentration","PPM","GCAM_SSP2","GCAM","new",401.516
2014,"CO2_concentration","PPM","GCAM_SSP2","GCAM","new",404.01
2015,"CO2_concentration","PPM","GCAM_SSP2","GCAM","new",406.513
2016,"CO2_concentration","PPM","GCAM_SSP2","GCAM","new",408.982
2017,"CO2_concentration","PPM","GCAM_SSP2","GCAM","new",411.299
2018,"CO2_concentration","PPM","GCAM_SSP2","GCAM","new",413.667
2019,"CO2_concentration","PPM","GCAM_SSP2","GCAM","new",416.045
2020,"CO2_concentration","PPM","GCAM_SSP2","GCAM","new",418.393
2021,"CO2_concentration","PPM","GCAM_SSP2","GCAM","new",420.484
2022,"CO2_concentration","PPM","GCAM_SSP2","GCAM","new",422.83
2023,"CO2_concentration","PPM","GCAM_SSP2","GCAM","new",425.215
2024,"CO2_concentration","PPM","GCAM_SSP2","GCAM","new",427.643
2025,"CO2_concentration","PPM","GCAM_SSP2","GCAM","new",429.995
2026,"CO2_concentration","PPM","GCAM_SSP2","GCAM","new",432.404
2027,"CO2_concentration","PPM","GCAM_SSP2","GCAM","new",434.73
2028,"CO2_concentration","PPM","GCAM_SSP2","GCAM","new",437.089
2029,"CO2_concentration","PPM","GCAM_SSP2","GCAM","new",439.473
2030,"CO2_concentration","PPM","GCAM_SSP2","GCAM","new",441.88
2031,"CO2_concentration","PPM","GCAM_SSP2","GCAM","new",444.307
2032,"CO2_concentration","PPM","GCAM_SSP2","GCAM","new",446.677
2033,"CO2_concentration","PPM","GCAM_SSP2","GCAM","new",449.049
2034,"CO2_concentration","PPM","GCAM_SSP2","GCAM","new",451.42
2035,"CO2_concentration","PPM","GCAM_SSP2","GCAM","new",453.79
2036,"CO2_concentration","PPM","GCAM_SSP2","GCAM","new",456.159
2037,"CO2_concentration","PPM","GCAM_SSP2","GCAM","new",458.552
2038,"CO2_concentration","PPM","GCAM_SSP2","GCAM","new",460.931
2039,"CO2_concentration","PPM","GCAM_SSP2","GCAM","new",463.297
2040,"CO2_concentration","PPM","GCAM_SSP2","GCAM","new",465.652
2041,"CO2_concentration","PPM","GCAM_SSP2","GCAM","new",467.995
2042,"CO2_concentration","PPM","GCAM_SSP2","GCAM","new",470.29
2043,"CO2_concentration","PPM","GCAM_SSP2","GCAM","new",472.573
2044,"CO2_concentration","PPM","GCAM_SSP2","GCAM","new",474.845
2045,"CO2_concentration","PPM","GCAM_SSP2","GCAM","new",477.105
2046,"CO2_concentration","PPM","GCAM_SSP2","GCAM","new",479.355
2047,"CO2_concentration","PPM","GCAM_SSP2","GCAM","new",481.593
2048,"CO2_concentration","PPM","GCAM_SSP2","GCAM","new",483.818
2049,"CO2_concentration","PPM","GCAM_SSP2","GCAM","new",486.033
2050,"CO2_concentration","PPM","GCAM_SSP2","GCAM","new",488.239
2051,"CO2_concentration","PPM","GCAM_SSP2","GCAM","new",490.436
2052,"CO2_concentration","PPM","GCAM_SSP2","GCAM","new",492.714
2053,"CO2_concentration","PPM","GCAM_SSP2","GCAM","new",494.984
2054,"CO2_concentration","PPM","GCAM_SSP2","GCAM","new",497.251
2055,"CO2_concentration","PPM","GCAM_SSP2","GCAM","new",499.514
2056,"CO2_concentration","PPM","GCAM_SSP2","GCAM","new",501.776
2057,"CO2_concentration","PPM","GCAM_SSP2","GCAM","new",504.032
2058,"CO2_concentration","PPM","GCAM_SSP2","GCAM","new",506.301
2059,"CO2_concentration","PPM","GCAM_SSP2","GCAM","new",508.582
2060,"CO2_concentration","PPM","GCAM_SSP2","GCAM","new",510.877
2061,"CO2_concentration","PPM","GCAM_SSP2","GCAM","new",513.184
2062,"CO2_concentration","PPM","GCAM_SSP2","GCAM","new",515.443
2063,"CO2_concentration","PPM","GCAM_SSP2","GCAM","new",517.724
2064,"CO2_concentration","PPM","GCAM_SSP2","GCAM","new",520.024
2065,"CO2_concentration","PPM","GCAM_SSP2","GCAM","new",522.346
2066,"CO2_concentration","PPM","GCAM_SSP2","GCAM","new",524.687
2067,"CO2_concentration","PPM","GCAM_SSP2","GCAM","new",527.008
2068,"CO2_concentration","PPM","GCAM_SSP2","GCAM","new",529.352
2069,"CO2_concentration","PPM","GCAM_SSP2","GCAM","new",531.716
2070,"CO2_concentration","PPM","GCAM_SSP2","GCAM","new",534.102
2071,"CO2_concentration","PPM","GCAM_SSP2","GCAM","new",536.509
2072,"CO2_concentration","PPM","GCAM_SSP2","GCAM","new",538.904
2073,"CO2_concentration","PPM","GCAM_SSP2","GCAM","new",541.324
2074,"CO2_concentration","PPM","GCAM_SSP2","GCAM","new",543.77
2075,"CO2_concentration","PPM","GCAM_SSP2","GCAM","new",546.241
2076,"CO2_concentration","PPM","GCAM_SSP2","GCAM","new",548.736
2077,"CO2_concentration","PPM","GCAM_SSP2","GCAM","new",551.226
2078,"CO2_concentration","PPM","GCAM_SSP2","GCAM","new",553.732
2079,"CO2_concentration","PPM","GCAM_SSP2","GCAM","new",556.253
2080,"CO2_concentration","PPM","GCAM_SSP2","GCAM","new",558.79
2081,"CO2_concentration","PPM","GCAM_SSP2","GCAM","new",561.343
2082,"CO2_concentration","PPM","GCAM_SSP2","GCAM","new",563.859
2083,"CO2_concentration","PPM","GCAM_SSP2","GCAM","new",566.382
2084,"CO2_concentration","PPM","GCAM_SSP2","GCAM","new",568.911
2085,"CO2_concentration","PPM","GCAM_SSP2","GCAM","new",571.447
2086,"CO2_concentration","PPM","GCAM_SSP2","GCAM","new",573.991
2087,"CO2_concentration","PPM","GCAM_SSP2","GCAM","new",576.478
2088,"CO2_concentration","PPM","GCAM_SSP2","GCAM","new",578.986
2089,"CO2_concentration","PPM","GCAM_SSP2","GCAM","new",581.511
2090,"CO2_concentration","PPM","GCAM_SSP2","GCAM","new",584.055
2091,"CO2_concentration","PPM","GCAM_SSP2","GCAM","new",586.617
2092,"CO2_concentration","PPM","GCAM_SSP2","GCAM","new",589.141
2093,"CO2_concentration","PPM","GCAM_SSP2","GCAM","new",591.684
2094,"CO2_concentration","PPM","GCAM_SSP2","GCAM","new",594.243
2095,"CO2_concentration","PPM","GCAM_SSP2","GCAM","new",596.819
2096,"CO2_concentration","PPM","GCAM_SSP2","GCAM","new",599.41
2097,"CO2_concentration","PPM","GCAM_SSP2","GCAM","new",601.976
2098,"CO2_concentration","PPM","GCAM_SSP2","GCAM","new",604.556
2099,"CO2_concentration","PPM","GCAM_SSP2","GCAM","new",607.15
2100,"CO2_concentration","PPM","GCAM_SSP2","GCAM","new",609.758
1976,"CO2_concentration","PPM","GCAM_SSP3","GCAM","new",339.861
1977,"CO2_concentration","PPM","GCAM_SSP3","GCAM","new",341.134
1978,"CO2_concentration","PPM","GCAM_SSP3","GCAM","new",342.527
1979,"CO2_concentration","PPM","GCAM_SSP3","GCAM","new",343.954
1980,"CO2_concentration","PPM","GCAM_SSP3","GCAM","new",345.323
1981,"CO2_concentration","PPM","GCAM_SSP3","GCAM","new",346.655
1982,"CO2_concentration","PPM","GCAM_SSP3","GCAM","new",347.911
1983,"CO2_concentration","PPM","GCAM_SSP3","GCAM","new",349.08
1984,"CO2_concentration","PPM","GCAM_SSP3","GCAM","new",350.253
1985,"CO2_concentration","PPM","GCAM_SSP3","GCAM","new",351.576
1986,"CO2_concentration","PPM","GCAM_SSP3","GCAM","new",352.978
1987,"CO2_concentration","PPM","GCAM_SSP3","GCAM","new",354.432
1988,"CO2_concentration","PPM","GCAM_SSP3","GCAM","new",355.891
1989,"CO2_concentration","PPM","GCAM_SSP3","GCAM","new",357.375
1990,"CO2_concentration","PPM","GCAM_SSP3","GCAM","new",358.863
1991,"CO2_concentration","PPM","GCAM_SSP3","GCAM","new",360.385
1992,"CO2_concentration","PPM","GCAM_SSP3","GCAM","new",361.824
1993,"CO2_concentration","PPM","GCAM_SSP3","GCAM","new",363.159
1994,"CO2_concentration","PPM","GCAM_SSP3","GCAM","new",364.491
1995,"CO2_concentration","PPM","GCAM_SSP3","GCAM","new",366.011
1996,"CO2_concentration","PPM","GCAM_SSP3","GCAM","new",367.57
1997,"CO2_concentration","PPM","GCAM_SSP3","GCAM","new",369.225
1998,"CO2_concentration","PPM","GCAM_SSP3","GCAM","new",371.075
1999,"CO2_concentration","PPM","GCAM_SSP3","GCAM","new",372.748
2000,"CO2_concentration","PPM","GCAM_SSP3","GCAM","new",374.42
2001,"CO2_concentration","PPM","GCAM_SSP3","GCAM","new",376.122
2002,"CO2_concentration","PPM","GCAM_SSP3","GCAM","new",377.75
2003,"CO2_concentration","PPM","GCAM_SSP3","GCAM","new",379.486
2004,"CO2_concentration","PPM","GCAM_SSP3","GCAM","new",381.488
2005,"CO2_concentration","PPM","GCAM_SSP3","GCAM","new",383.498
2006,"CO2_concentration","PPM","GCAM_SSP3","GCAM","new",385.52
2007,"CO2_concentration","PPM","GCAM_SSP3","GCAM","new",387.64
2008,"CO2_concentration","PPM","GCAM_SSP3","GCAM","new",389.813
2009,"CO2_concentration","PPM","GCAM_SSP3","GCAM","new",392.028
2010,"CO2_concentration","PPM","GCAM_SSP3","GCAM","new",394.201
2011,"CO2_concentration","PPM","GCAM_SSP3","GCAM","new",396.586
2012,"CO2_concentration","PPM","GCAM_SSP3","GCAM","new",399.03
2013,"CO2_concentration","PPM","GCAM_SSP3","GCAM","new",401.516
2014,"CO2_concentration","PPM","GCAM_SSP3","GCAM","new",404.01
2015,"CO2_concentration","PPM","GCAM_SSP3","GCAM","new",406.513
2016,"CO2_concentration","PPM","GCAM_SSP3","GCAM","new",408.982
2017,"CO2_concentration","PPM","GCAM_SSP3","GCAM","new",411.299
2018,"CO2_concentration","PPM","GCAM_SSP3","GCAM","new",413.667
2019,"CO2_concentration","PPM","GCAM_SSP3","GCAM","new",416.045
2020,"CO2_concentration","PPM","GCAM_SSP3","GCAM","new",418.393
2021,"CO2_concentration","PPM","GCAM_SSP3","GCAM","new",420.484
2022,"CO2_concentration","PPM","GCAM_SSP3","GCAM","new",422.83
2023,"CO2_concentration","PPM","GCAM_SSP3","GCAM","new",425.215
2024,"CO2_concentration","PPM","GCAM_SSP3","GCAM","new",427.643
2025,"CO2_concentration","PPM","GCAM_SSP3","GCAM","new",430.235
2026,"CO2_concentration","PPM","GCAM_SSP3","GCAM","new",432.946
2027,"CO2_concentration","PPM","GCAM_SSP3","GCAM","new",435.646
2028,"CO2_concentration","PPM","GCAM_SSP3","GCAM","new",438.378
2029,"CO2_concentration","PPM","GCAM_SSP3","GCAM","new",441.139
2030,"CO2_concentration","PPM","GCAM_SSP3","GCAM","new",443.924
2031,"CO2_concentration","PPM","GCAM_SSP3","GCAM","new",446.733
2032,"CO2_concentration","PPM","GCAM_SSP3","GCAM","new",449.457
2033,"CO2_concentration","PPM","GCAM_SSP3","GCAM","new",452.193
2034,"CO2_concentration","PPM","GCAM_SSP3","GCAM","new",454.936
2035,"CO2_concentration","PPM","GCAM_SSP3","GCAM","new",457.689
2036,"CO2_concentration","PPM","GCAM_SSP3","GCAM","new",460.45
2037,"CO2_concentration","PPM","GCAM_SSP3","GCAM","new",463.199
2038,"CO2_concentration","PPM","GCAM_SSP3","GCAM","new",465.935
2039,"CO2_concentration","PPM","GCAM_SSP3","GCAM","new",468.66
2040,"CO2_concentration","PPM","GCAM_SSP3","GCAM","new",471.375
2041,"CO2_concentration","PPM","GCAM_SSP3","GCAM","new",474.081
2042,"CO2_concentration","PPM","GCAM_SSP3","GCAM","new",476.691
2043,"CO2_concentration","PPM","GCAM_SSP3","GCAM","new",479.287
2044,"CO2_concentration","PPM","GCAM_SSP3","GCAM","new",481.866
2045,"CO2_concentration","PPM","GCAM_SSP3","GCAM","new",484.432
2046,"CO2_concentration","PPM","GCAM_SSP3","GCAM","new",486.984
2047,"CO2_concentration","PPM","GCAM_SSP3","GCAM","new",489.502
2048,"CO2_concentration","PPM","GCAM_SSP3","GCAM","new",492.007
2049,"CO2_concentration","PPM","GCAM_SSP3","GCAM","new",494.497
2050,"CO2_concentration","PPM","GCAM_SSP3","GCAM","new",496.976
2051,"CO2_concentration","PPM","GCAM_SSP3","GCAM","new",499.444
2052,"CO2_concentration","PPM","GCAM_SSP3","GCAM","new",501.957
2053,"CO2_concentration","PPM","GCAM_SSP3","GCAM","new",504.464
2054,"CO2_concentration","PPM","GCAM_SSP3","GCAM","new",506.966
2055,"CO2_concentration","PPM","GCAM_SSP3","GCAM","new",509.465
2056,"CO2_concentration","PPM","GCAM_SSP3","GCAM","new",511.961
2057,"CO2_concentration","PPM","GCAM_SSP3","GCAM","new",514.438
2058,"CO2_concentration","PPM","GCAM_SSP3","GCAM","new",516.927
2059,"CO2_concentration","PPM","GCAM_SSP3","GCAM","new",519.427
2060,"CO2_concentration","PPM","GCAM_SSP3","GCAM","new",521.941
2061,"CO2_concentration","PPM","GCAM_SSP3","GCAM","new",524.467
2062,"CO2_concentration","PPM","GCAM_SSP3","GCAM","new",526.929
2063,"CO2_concentration","PPM","GCAM_SSP3","GCAM","new",529.41
2064,"CO2_concentration","PPM","GCAM_SSP3","GCAM","new",531.908
2065,"CO2_concentration","PPM","GCAM_SSP3","GCAM","new",534.426
2066,"CO2_concentration","PPM","GCAM_SSP3","GCAM","new",536.961
2067,"CO2_concentration","PPM","GCAM_SSP3","GCAM","new",539.465
2068,"CO2_concentration","PPM","GCAM_SSP3","GCAM","new",541.993
2069,"CO2_concentration","PPM","GCAM_SSP3","GCAM","new",544.542
2070,"CO2_concentration","PPM","GCAM_SSP3","GCAM","new",547.113
2071,"CO2_concentration","PPM","GCAM_SSP3","GCAM","new",549.705
2072,"CO2_concentration","PPM","GCAM_SSP3","GCAM","new",552.269
2073,"CO2_concentration","PPM","GCAM_SSP3","GCAM","new",554.858
2074,"CO2_concentration","PPM","GCAM_SSP3","GCAM","new",557.472
2075,"CO2_concentration","PPM","GCAM_SSP3","GCAM","new",560.11
2076,"CO2_concentration","PPM","GCAM_SSP3","GCAM","new",562.773
2077,"CO2_concentration","PPM","GCAM_SSP3","GCAM","new",565.429
2078,"CO2_concentration","PPM","GCAM_SSP3","GCAM","new",568.106
2079,"CO2_concentration","PPM","GCAM_SSP3","GCAM","new",570.804
2080,"CO2_concentration","PPM","GCAM_SSP3","GCAM","new",573.523
2081,"CO2_concentration","PPM","GCAM_SSP3","GCAM","new",576.263
2082,"CO2_concentration","PPM","GCAM_SSP3","GCAM","new",578.981
2083,"CO2_concentration","PPM","GCAM_SSP3","GCAM","new",581.711
2084,"CO2_concentration","PPM","GCAM_SSP3","GCAM","new",584.451
2085,"CO2_concentration","PPM","GCAM_SSP3","GCAM","new",587.204
2086,"CO2_concentration","PPM","GCAM_SSP3","GCAM","new",589.969
2087,"CO2_concentration","PPM","GCAM_SSP3","GCAM","new",592.724
2088,"CO2_concentration","PPM","GCAM_SSP3","GCAM","new",595.501
2089,"CO2_concentration","PPM","GCAM_SSP3","GCAM","new",598.3
2090,"CO2_concentration","PPM","GCAM_SSP3","GCAM","new",601.121
2091,"CO2_concentration","PPM","GCAM_SSP3","GCAM","new",603.964
2092,"CO2_concentration","PPM","GCAM_SSP3","GCAM","new",606.794
2093,"CO2_concentration","PPM","GCAM_SSP3","GCAM","new",609.646
2094,"CO2_concentration","PPM","GCAM_SSP3","GCAM","new",612.519
2095,"CO2_concentration","PPM","GCAM_SSP3","GCAM","new",615.412
2096,"CO2_concentration","PPM","GCAM_SSP3","GCAM","new",618.326
2097,"CO2_concentration","PPM","GCAM_SSP3","GCAM","new",621.237
2098,"CO2_concentration","PPM","GCAM_SSP3","GCAM","new",624.171
2099,"CO2_concentration","PPM","GCAM_SSP3","GCAM","new",627.125
2100,"CO2_concentration","PPM","GCAM_SSP3","GCAM","new",630.101
1976,"RF_aci","W/m^2","Reference","GCAM","new",-1.03383
1977,"RF_aci","W/m^2","Reference","GCAM","new",-1.04033
1978,"RF_aci","W/m^2","Reference","GCAM","new",-1.05413
1979,"RF_aci","W/m^2","Reference","GCAM","new",-1.07083
1980,"RF_aci","W/m^2","Reference","GCAM","new",-1.06616
1981,"RF_aci","W/m^2","Reference","GCAM","new",-1.03489
1982,"RF_aci","W/m^2","Reference","GCAM","new",-1.06374
1983,"RF_aci","W/m^2","Reference","GCAM","new",-0.99974
1984,"RF_aci","W/m^2","Reference","GCAM","new",-1.0204
1985,"RF_aci","W/m^2","Reference","GCAM","new",-1.0299
1986,"RF_aci","W/m^2","Reference","GCAM","new",-1.03096
1987,"RF_aci","W/m^2","Reference","GCAM","new",-1.06205
1988,"RF_aci","W/m^2","Reference","GCAM","new",-1.06825
1989,"RF_aci","W/m^2","Reference","GCAM","new",-1.0552
1990,"RF_aci","W/m^2","Reference","GCAM","new",-1.06645
1991,"RF_aci","W/m^2","Reference","GCAM","new",-1.14525
1992,"RF_aci","W/m^2","Reference","GCAM","new",-1.01562
1993,"RF_aci","W/m^2","Reference","GCAM","new",-1.0226
1994,"RF_aci","W/m^2","Reference","GCAM","new",-1.0747
1995,"RF_aci","W/m^2","Reference","GCAM","new",-1.0174
1996,"RF_aci","W/m^2","Reference","GCAM","new",-0.985926
1997,"RF_aci","W/m^2","Reference","GCAM","new",-1.11389
1998,"RF_aci","W/m^2","Reference","GCAM","new",-1.09761
1999,"RF_aci","W/m^2","Reference","GCAM","new",-0.968415
2000,"RF_aci","W/m^2","Reference","GCAM","new",-0.925967
2001,"RF_aci","W/m^2","Reference","GCAM","new",-0.926955
2002,"RF_aci","W/m^2","Reference","GCAM","new",-1.0015
2003,"RF_aci","W/m^2","Reference","GCAM","new",-1.0316
2004,"RF_aci","W/m^2","Reference","GCAM","new",-1.0302
2005,"RF_aci","W/m^2","Reference","GCAM","new",-1.06427
2006,"RF_aci","W/m^2","Reference","GCAM","new",-1.08295
2007,"RF_aci","W/m^2","Reference","GCAM","new",-1.06239
2008,"RF_aci","W/m^2","Reference","GCAM","new",-1.0162
2009,"RF_aci","W/m^2","Reference","GCAM","new",-0.95733
2010,"RF_aci","W/m^2","Reference","GCAM","new",-0.978891
2011,"RF_aci","W/m^2","Reference","GCAM","new",-0.95939
2012,"RF_aci","W/m^2","Reference","GCAM","new",-0.983244
2013,"RF_aci","W/m^2","Reference","GCAM","new",-0.915737
2014,"RF_aci","W/m^2","Reference","GCAM","new",-0.929168
2015,"RF_aci","W/m^2","Reference","GCAM","new",-0.926551
2016,"RF_aci","W/m^2","Reference","GCAM","new",-0.837712
2017,"RF_aci","W/m^2","Reference","GCAM","new",-0.841961
2018,"RF_aci","W/m^2","Reference","GCAM","new",-0.812569
2019,"RF_aci","W/m^2","Reference","GCAM","new",-0.88639
2020,"RF_aci","W/m^2","Reference","GCAM","new",-0.745586
2021,"RF_aci","W/m^2","Reference","GCAM","new",-0.867504
2022,"RF_aci","W/m^2","Reference","GCAM","new",-0.702487
2023,"RF_aci","W/m^2","Reference","GCAM","new",-0.769909
2024,"RF_aci","W/m^2","Reference","GCAM","new",-0.714557
2025,"RF_aci","W/m^2","Reference","GCAM","new",-0.657925
2026,"RF_aci","W/m^2","Reference","GCAM","new",-0.644573
2027,"RF_aci","W/m^2","Reference","GCAM","new",-0.631148
2028,"RF_aci","W/m^2","Reference","GCAM","new",-0.617648
2029,"RF_aci","W/m^2","Reference","GCAM","new",-0.604074
2030,"RF_aci","W/m^2","Reference","GCAM","new",-0.590424
2031,"RF_aci","W/m^2","Reference","GCAM","new",-0.580723
2032,"RF_aci","W/m^2","Reference","GCAM","new",-0.570984
2033,"RF_aci","W/m^2","Reference","GCAM","new",-0.561206
2034,"RF_aci","W/m^2","Reference","GCAM","new",-0.551389
2035,"RF_aci","W/m^2","Reference","GCAM","new",-0.541533
2036,"RF_aci","W/m^2","Reference","GCAM","new",-0.5353
2037,"RF_aci","W/m^2","Reference","GCAM","new",-0.529052
2038,"RF_aci","W/m^2","Reference","GCAM","new",-0.522788
2039,"RF_aci","W/m^2","Reference","GCAM","new",-0.516507
2040,"RF_aci","W/m^2","Reference","GCAM","new",-0.510211
2041,"RF_aci","W/m^2","Reference","GCAM","new",-0.504879
2042,"RF_aci","W/m^2","Reference","GCAM","new",-0.499535
2043,"RF_aci","W/m^2","Reference","GCAM","new",-0.49418
2044,"RF_aci","W/m^2","Reference","GCAM","new",-0.488813
2045,"RF_aci","W/m^2","Reference","GCAM","new",-0.483434
2046,"RF_aci","W/m^2","Reference","GCAM","new",-0.478517
2047,"RF_aci","W/m^2","Reference","GCAM","new",-0.47359
2048,"RF_aci","W/m^2","Reference","GCAM","new",-0.468654
2049,"RF_aci","W/m^2","Reference","GCAM","new",-0.463707
2050,"RF_aci","W/m^2","Reference","GCAM","new",-0.458751
2051,"RF_aci","W/m^2","Reference","GCAM","new",-0.455546
2052,"RF_aci","W/m^2","Reference","GCAM","new",-0.452337
2053,"RF_aci","W/m^2","Reference","GCAM","new",-0.449124
2054,"RF_aci","W/m^2","Reference","GCAM","new",-0.445906
2055,"RF_aci","W/m^2","Reference","GCAM","new",-0.442685
2056,"RF_aci","W/m^2","Reference","GCAM","new",-0.440282
2057,"RF_aci","W/m^2","Reference","GCAM","new",-0.437877
2058,"RF_aci","W/m^2","Reference","GCAM","new",-0.43547
2059,"RF_aci","W/m^2","Reference","GCAM","new",-0.43306
2060,"RF_aci","W/m^2","Reference","GCAM","new",-0.430648
2061,"RF_aci","W/m^2","Reference","GCAM","new",-0.42849
2062,"RF_aci","W/m^2","Reference","GCAM","new",-0.426329
2063,"RF_aci","W/m^2","Reference","GCAM","new",-0.424166
2064,"RF_aci","W/m^2","Reference","GCAM","new",-0.422002
2065,"RF_aci","W/m^2","Reference","GCAM","new",-0.419835
2066,"RF_aci","W/m^2","Reference","GCAM","new",-0.417776
2067,"RF_aci","W/m^2","Reference","GCAM","new",-0.415715
2068,"RF_aci","W/m^2","Reference","GCAM","new",-0.413652
2069,"RF_aci","W/m^2","Reference","GCAM","new",-0.411588
2070,"RF_aci","W/m^2","Reference","GCAM","new",-0.409521
2071,"RF_aci","W/m^2","Reference","GCAM","new",-0.407511
2072,"RF_aci","W/m^2","Reference","GCAM","new",-0.4055
2073,"RF_aci","W/m^2","Reference","GCAM","new",-0.403487
2074,"RF_aci","W/m^2","Reference","GCAM","new",-0.401472
2075,"RF_aci","W/m^2","Reference","GCAM","new",-0.399455
2076,"RF_aci","W/m^2","Reference","GCAM","new",-0.397372
2077,"RF_aci","W/m^2","Reference","GCAM","new",-0.395287
2078,"RF_aci","W/m^2","Reference","GCAM","new",-0.3932
2079,"RF_aci","W/m^2","Reference","GCAM","new",-0.391111
2080,"RF_aci","W/m^2","Reference","GCAM","new",-0.389021
2081,"RF_aci","W/m^2","Reference","GCAM","new",-0.386068
2082,"RF_aci","W/m^2","Reference","GCAM","new",-0.383111
2083,"RF_aci","W/m^2","Reference","GCAM","new",-0.380151
2084,"RF_aci","W/m^2","Reference","GCAM","new",-0.377187
2085,"RF_aci","W/m^2","Reference","GCAM","new",-0.37422
2086,"RF_aci","W/m^2","Reference","GCAM","new",-0.371477
2087,"RF_aci","W/m^2","Reference","GCAM","new",-0.368732
2088,"RF_aci","W/m^2","Reference","GCAM","new",-0.365984
2089,"RF_aci","W/m^2","Reference","GCAM","new",-0.363232
2090,"RF_aci","W/m^2","Reference","GCAM","new",-0.360478
2091,"RF_aci","W/m^2","Reference","GCAM","new",-0.357624
2092,"RF_aci","W/m^2","Reference","GCAM","new",-0.354768
2093,"RF_aci","W/m^2","Reference","GCAM","new",-0.351908
2094,"RF_aci","W/m^2","Reference","GCAM","new",-0.349045
2095,"RF_aci","W/m^2","Reference","GCAM","new",-0.346179
2096,"RF_aci","W/m^2","Reference","GCAM","new",-0.343135
2097,"RF_aci","W/m^2","Reference","GCAM","new",-0.340087
2098,"RF_aci","W/m^2","Reference","GCAM","new",-0.337035
2099,"RF_aci","W/m^2","Reference","GCAM","new",-0.33398
2100,"RF_aci","W/m^2","Reference","GCAM","new",-0.330921
1976,"RF_aci","W/m^2","GCAM_SSP4","GCAM","new",-1.03383
1977,"RF_aci","W/m^2","GCAM_SSP4","GCAM","new",-1.04033
1978,"RF_aci","W/m^2","GCAM_SSP4","GCAM","new",-1.05413
1979,"RF_aci","W/m^2","GCAM_SSP4","GCAM","new",-1.07083
1980,"RF_aci","W/m^2","GCAM_SSP4","GCAM","new",-1.06616
1981,"RF_aci","W/m^2","GCAM_SSP4","GCAM","new",-1.03489
1982,"RF_aci","W/m^2","GCAM_SSP4","GCAM","new",-1.06374
1983,"RF_aci","W/m^2","GCAM_SSP4","GCAM","new",-0.99974
1984,"RF_aci","W/m^2","GCAM_SSP4","GCAM","new",-1.0204
1985,"RF_aci","W/m^2","GCAM_SSP4","GCAM","new",-1.0299
1986,"RF_aci","W/m^2","GCAM_SSP4","GCAM","new",-1.03096
1987,"RF_aci","W/m^2","GCAM_SSP4","GCAM","new",-1.06205
1988,"RF_aci","W/m^2","GCAM_SSP4","GCAM","new",-1.06825
1989,"RF_aci","W/m^2","GCAM_SSP4","GCAM","new",-1.0552
1990,"RF_aci","W/m^2","GCAM_SSP4","GCAM","new",-1.06645
1991,"RF_aci","W/m^2","GCAM_SSP4","GCAM","new",-1.14525
1992,"RF_aci","W/m^2","GCAM_SSP4","GCAM","new",-1.01562
1993,"RF_aci","W/m^2","GCAM_SSP4","GCAM","new",-1.0226
1994,"RF_aci","W/m^2","GCAM_SSP4","GCAM","new",-1.0747
1995,"RF_aci","W/m^2","GCAM_SSP4","GCAM","new",-1.0174
1996,"RF_aci","W/m^2","GCAM_SSP4","GCAM","new",-0.985926
1997,"RF_aci","W/m^2","GCAM_SSP4","GCAM","new",-1.11389
1998,"RF_aci","W/m^2","GCAM_SSP4","GCAM","new",-1.09761
1999,"RF_aci","W/m^2","GCAM_SSP4","GCAM","new",-0.968415
2000,"RF_aci","W/m^2","GCAM_SSP4","GCAM","new",-0.925967
2001,"RF_aci","W/m^2","GCAM_SSP4","GCAM","new",-0.926955
2002,"RF_aci","W/m^2","GCAM_SSP4","GCAM","new",-1.0015
2003,"RF_aci","W/m^2","GCAM_SSP4","GCAM","new",-1.0316
2004,"RF_aci","W/m^2","GCAM_SSP4","GCAM","new",-1.0302
2005,"RF_aci","W/m^2","GCAM_SSP4","GCAM","new",-1.06427
2006,"RF_aci","W/m^2","GCAM_SSP4","GCAM","new",-1.08295
2007,"RF_aci","W/m^2","GCAM_SSP4","GCAM","new",-1.06239
2008,"RF_aci","W/m^2","GCAM_SSP4","GCAM","new",-1.0162
2009,"RF_aci","W/m^2","GCAM_SSP4","GCAM","new",-0.95733
2010,"RF_aci","W/m^2","GCAM_SSP4","GCAM","new",-0.978891
2011,"RF_aci","W/m^2","GCAM_SSP4","GCAM","new",-0.95939
2012,"RF_aci","W/m^2","GCAM_SSP4","GCAM","new",-0.983244
2013,"RF_aci","W/m^2","GCAM_SSP4","GCAM","new",-0.915737
2014,"RF_aci","W/m^2","GCAM_SSP4","GCAM","new",-0.929168
2015,"RF_aci","W/m^2","GCAM_SSP4","GCAM","new",-0.926551
2016,"RF_aci","W/m^2","GCAM_SSP4","GCAM","new",-0.837712
2017,"RF_aci","W/m^2","GCAM_SSP4","GCAM","new",-0.841961
2018,"RF_aci","W/m^2","GCAM_SSP4","GCAM","new",-0.812569
2019,"RF_aci","W/m^2","GCAM_SSP4","GCAM","new",-0.88639
2020,"RF_aci","W/m^2","GCAM_SSP4","GCAM","new",-0.745586
2021,"RF_aci","W/m^2","GCAM_SSP4","GCAM","new",-0.867504
2022,"RF_aci","W/m^2","GCAM_SSP4","GCAM","new",-0.702487
2023,"RF_aci","W/m^2","GCAM_SSP4","GCAM","new",-0.769909
2024,"RF_aci","W/m^2","GCAM_SSP4","GCAM","new",-0.744088
2025,"RF_aci","W/m^2","GCAM_SSP4","GCAM","new",-0.717992
2026,"RF_aci","W/m^2","GCAM_SSP4","GCAM","new",-0.705183
2027,"RF_aci","W/m^2","GCAM_SSP4","GCAM","new",-0.692307
2028,"RF_aci","W/m^2","GCAM_SSP4","GCAM","new",-0.679362
2029,"RF_aci","W/m^2","GCAM_SSP4","GCAM","new",-0.666349
2030,"RF_aci","W/m^2","GCAM_SSP4","GCAM","new",-0.653266
2031,"RF_aci","W/m^2","GCAM_SSP4","GCAM","new",-0.640249
2032,"RF_aci","W/m^2","GCAM_SSP4","GCAM","new",-0.627163
2033,"RF_aci","W/m^2","GCAM_SSP4","GCAM","new",-0.614006
2034,"RF_aci","W/m^2","GCAM_SSP4","GCAM","new",-0.600779
2035,"RF_aci","W/m^2","GCAM_SSP4","GCAM","new",-0.587479
2036,"RF_aci","W/m^2","GCAM_SSP4","GCAM","new",-0.578557
2037,"RF_aci","W/m^2","GCAM_SSP4","GCAM","new",-0.569602
2038,"RF_aci","W/m^2","GCAM_SSP4","GCAM","new",-0.560614
2039,"RF_aci","W/m^2","GCAM_SSP4","GCAM","new",-0.551593
2040,"RF_aci","W/m^2","GCAM_SSP4","GCAM","new",-0.542539
2041,"RF_aci","W/m^2","GCAM_SSP4","GCAM","new",-0.534391
2042,"RF_aci","W/m^2","GCAM_SSP4","GCAM","new",-0.526215
2043,"RF_aci","W/m^2","GCAM_SSP4","GCAM","new",-0.518012
2044,"RF_aci","W/m^2","GCAM_SSP4","GCAM","new",-0.509781
2045,"RF_aci","W/m^2","GCAM_SSP4","GCAM","new",-0.501523
2046,"RF_aci","W/m^2","GCAM_SSP4","GCAM","new",-0.493684
2047,"RF_aci","W/m^2","GCAM_SSP4","GCAM","new",-0.485821
2048,"RF_aci","W/m^2","GCAM_SSP4","GCAM","new",-0.477932
2049,"RF_aci","W/m^2","GCAM_SSP4","GCAM","new",-0.470018
2050,"RF_aci","W/m^2","GCAM_SSP4","GCAM","new",-0.462078
2051,"RF_aci","W/m^2","GCAM_SSP4","GCAM","new",-0.455647
2052,"RF_aci","W/m^2","GCAM_SSP4","GCAM","new",-0.449199
2053,"RF_aci","W/m^2","GCAM_SSP4","GCAM","new",-0.442734
2054,"RF_aci","W/m^2","GCAM_SSP4","GCAM","new",-0.436252
2055,"RF_aci","W/m^2","GCAM_SSP4","GCAM","new",-0.429753
2056,"RF_aci","W/m^2","GCAM_SSP4","GCAM","new",-0.42399
2057,"RF_aci","W/m^2","GCAM_SSP4","GCAM","new",-0.418213
2058,"RF_aci","W/m^2","GCAM_SSP4","GCAM","new",-0.412423
2059,"RF_aci","W/m^2","GCAM_SSP4","GCAM","new",-0.406619
2060,"RF_aci","W/m^2","GCAM_SSP4","GCAM","new",-0.400802
2061,"RF_aci","W/m^2","GCAM_SSP4","GCAM","new",-0.394961
2062,"RF_aci","W/m^2","GCAM_SSP4","GCAM","new",-0.389107
2063,"RF_aci","W/m^2","GCAM_SSP4","GCAM","new",-0.383238
2064,"RF_aci","W/m^2","GCAM_SSP4","GCAM","new",-0.377356
2065,"RF_aci","W/m^2","GCAM_SSP4","GCAM","new",-0.371459
2066,"RF_aci","W/m^2","GCAM_SSP4","GCAM","new",-0.365621
2067,"RF_aci","W/m^2","GCAM_SSP4","GCAM","new",-0.359769
2068,"RF_aci","W/m^2","GCAM_SSP4","GCAM","new",-0.353903
2069,"RF_aci","W/m^2","GCAM_SSP4","GCAM","new",-0.348023
2070,"RF_aci","W/m^2","GCAM_SSP4","GCAM","new",-0.342128
2071,"RF_aci","W/m^2","GCAM_SSP4","GCAM","new",-0.336141
2072,"RF_aci","W/m^2","GCAM_SSP4","GCAM","new",-0.33014
2073,"RF_aci","W/m^2","GCAM_SSP4","GCAM","new",-0.324123
2074,"RF_aci","W/m^2","GCAM_SSP4","GCAM","new",-0.318092
2075,"RF_aci","W/m^2","GCAM_SSP4","GCAM","new",-0.312045
2076,"RF_aci","W/m^2","GCAM_SSP4","GCAM","new",-0.305989
2077,"RF_aci","W/m^2","GCAM_SSP4","GCAM","new",-0.299918
2078,"RF_aci","W/m^2","GCAM_SSP4","GCAM","new",-0.293832
2079,"RF_aci","W/m^2","GCAM_SSP4","GCAM","new",-0.28773
2080,"RF_aci","W/m^2","GCAM_SSP4","GCAM","new",-0.281614
2081,"RF_aci","W/m^2","GCAM_SSP4","GCAM","new",-0.275216
2082,"RF_aci","W/m^2","GCAM_SSP4","GCAM","new",-0.268801
2083,"RF_aci","W/m^2","GCAM_SSP4","GCAM","new",-0.26237
2084,"RF_aci","W/m^2","GCAM_SSP4","GCAM","new",-0.255921
2085,"RF_aci","W/m^2","GCAM_SSP4","GCAM","new",-0.249455
2086,"RF_aci","W/m^2","GCAM_SSP4","GCAM","new",-0.243306
2087,"RF_aci","W/m^2","GCAM_SSP4","GCAM","new",-0.237141
2088,"RF_aci","W/m^2","GCAM_SSP4","GCAM","new",-0.23096
2089,"RF_aci","W/m^2","GCAM_SSP4","GCAM","new",-0.224764
2090,"RF_aci","W/m^2","GCAM_SSP4","GCAM","new",-0.218552
2091,"RF_aci","W/m^2","GCAM_SSP4","GCAM","new",-0.212431
2092,"RF_aci","W/m^2","GCAM_SSP4","GCAM","new",-0.206294
2093,"RF_aci","W/m^2","GCAM_SSP4","GCAM","new",-0.200143
2094,"RF_aci","W/m^2","GCAM_SSP4","GCAM","new",-0.193976
2095,"RF_aci","W/m^2","GCAM_SSP4","GCAM","new",-0.187793
2096,"RF_aci","W/m^2","GCAM_SSP4","GCAM","new",-0.181694
2097,"RF_aci","W/m^2","GCAM_SSP4","GCAM","new",-0.17558
2098,"RF_aci","W/m^2","GCAM_SSP4","GCAM","new",-0.16945
2099,"RF_aci","W/m^2","GCAM_SSP4","GCAM","new",-0.163306
2100,"RF_aci","W/m^2","GCAM_SSP4","GCAM","new",-0.157145
1976,"RF_aci","W/m^2","GCAM_SSP5","GCAM","new",-1.03383
1977,"RF_aci","W/m^2","GCAM_SSP5","GCAM","new",-1.04033
1978,"RF_aci","W/m^2","GCAM_SSP5","GCAM","new",-1.05413
1979,"RF_aci","W/m^2","GCAM_SSP5","GCAM","new",-1.07083
1980,"RF_aci","W/m^2","GCAM_SSP5","GCAM","new",-1.06616
1981,"RF_aci","W/m^2","GCAM_SSP5","GCAM","new",-1.03489
1982,"RF_aci","W/m^2","GCAM_SSP5","GCAM","new",-1.06374
1983,"RF_aci","W/m^2","GCAM_SSP5","GCAM","new",-0.99974
1984,"RF_aci","W/m^2","GCAM_SSP5","GCAM","new",-1.0204
1985,"RF_aci","W/m^2","GCAM_SSP5","GCAM","new",-1.0299
1986,"RF_aci","W/m^2","GCAM_SSP5","GCAM","new",-1.03096
1987,"RF_aci","W/m^2","GCAM_SSP5","GCAM","new",-1.06205
1988,"RF_aci","W/m^2","GCAM_SSP5","GCAM","new",-1.06825
1989,"RF_aci","W/m^2","GCAM_SSP5","GCAM","new",-1.0552
1990,"RF_aci","W/m^2","GCAM_SSP5","GCAM","new",-1.06645
1991,"RF_aci","W/m^2","GCAM_SSP5","GCAM","new",-1.14525
1992,"RF_aci","W/m^2","GCAM_SSP5","GCAM","new",-1.01562
1993,"RF_aci","W/m^2","GCAM_SSP5","GCAM","new",-1.0226
1994,"RF_aci","W/m^2","GCAM_SSP5","GCAM","new",-1.0747
1995,"RF_aci","W/m^2","GCAM_SSP5","GCAM","new",-1.0174
1996,"RF_aci","W/m^2","GCAM_SSP5","GCAM","new",-0.985926
1997,"RF_aci","W/m^2","GCAM_SSP5","GCAM","new",-1.11389
1998,"RF_aci","W/m^2","GCAM_SSP5","GCAM","new",-1.09761
1999,"RF_aci","W/m^2","GCAM_SSP5","GCAM","new",-0.968415
2000,"RF_aci","W/m^2","GCAM_SSP5","GCAM","new",-0.925967
2001,"RF_aci","W/m^2","GCAM_SSP5","GCAM","new",-0.926955
2002,"RF_aci","W/m^2","GCAM_SSP5","GCAM","new",-1.0015
2003,"RF_aci","W/m^2","GCAM_SSP5","GCAM","new",-1.0316
2004,"RF_aci","W/m^2","GCAM_SSP5","GCAM","new",-1.0302
2005,"RF_aci","W/m^2","GCAM_SSP5","GCAM","new",-1.06427
2006,"RF_aci","W/m^2","GCAM_SSP5","GCAM","new",-1.08295
2007,"RF_aci","W/m^2","GCAM_SSP5","GCAM","new",-1.06239
2008,"RF_aci","W/m^2","GCAM_SSP5","GCAM","new",-1.0162
2009,"RF_aci","W/m^2","GCAM_SSP5","GCAM","new",-0.95733
2010,"RF_aci","W/m^2","GCAM_SSP5","GCAM","new",-0.978891
2011,"RF_aci","W/m^2","GCAM_SSP5","GCAM","new",-0.95939
2012,"RF_aci","W/m^2","GCAM_SSP5","GCAM","new",-0.983244
2013,"RF_aci","W/m^2","GCAM_SSP5","GCAM","new",-0.915737
2014,"RF_aci","W/m^2","GCAM_SSP5","GCAM","new",-0.929168
2015,"RF_aci","W/m^2","GCAM_SSP5","GCAM","new",-0.926551
2016,"RF_aci","W/m^2","GCAM_SSP5","GCAM","new",-0.837712
2017,"RF_aci","W/m^2","GCAM_SSP5","GCAM","new",-0.841961
2018,"RF_aci","W/m^2","GCAM_SSP5","GCAM","new",-0.812569
2019,"RF_aci","W/m^2","GCAM_SSP5","GCAM","new",-0.88639
2020,"RF_aci","W/m^2","GCAM_SSP5","GCAM","new",-0.745586
2021,"RF_aci","W/m^2","GCAM_SSP5","GCAM","new",-0.867504
2022,"RF_aci","W/m^2","GCAM_SSP5","GCAM","new",-0.702487
2023,"RF_aci","W/m^2","GCAM_SSP5","GCAM","new",-0.769909
2024,"RF_aci","W/m^2","GCAM_SSP5","GCAM","new",-0.706806
2025,"RF_aci","W/m^2","GCAM_SSP5","GCAM","new",-0.642033
2026,"RF_aci","W/m^2","GCAM_SSP5","GCAM","new",-0.625118
2027,"RF_aci","W/m^2","GCAM_SSP5","GCAM","new",-0.608085
2028,"RF_aci","W/m^2","GCAM_SSP5","GCAM","new",-0.590933
2029,"RF_aci","W/m^2","GCAM_SSP5","GCAM","new",-0.57366
2030,"RF_aci","W/m^2","GCAM_SSP5","GCAM","new",-0.556264
2031,"RF_aci","W/m^2","GCAM_SSP5","GCAM","new",-0.544224
2032,"RF_aci","W/m^2","GCAM_SSP5","GCAM","new",-0.532125
2033,"RF_aci","W/m^2","GCAM_SSP5","GCAM","new",-0.519965
2034,"RF_aci","W/m^2","GCAM_SSP5","GCAM","new",-0.507745
2035,"RF_aci","W/m^2","GCAM_SSP5","GCAM","new",-0.495464
2036,"RF_aci","W/m^2","GCAM_SSP5","GCAM","new",-0.485245
2037,"RF_aci","W/m^2","GCAM_SSP5","GCAM","new",-0.474982
2038,"RF_aci","W/m^2","GCAM_SSP5","GCAM","new",-0.464677
2039,"RF_aci","W/m^2","GCAM_SSP5","GCAM","new",-0.454328
2040,"RF_aci","W/m^2","GCAM_SSP5","GCAM","new",-0.443935
2041,"RF_aci","W/m^2","GCAM_SSP5","GCAM","new",-0.432913
2042,"RF_aci","W/m^2","GCAM_SSP5","GCAM","new",-0.42184
2043,"RF_aci","W/m^2","GCAM_SSP5","GCAM","new",-0.410718
2044,"RF_aci","W/m^2","GCAM_SSP5","GCAM","new",-0.399544
2045,"RF_aci","W/m^2","GCAM_SSP5","GCAM","new",-0.38832
2046,"RF_aci","W/m^2","GCAM_SSP5","GCAM","new",-0.375973
2047,"RF_aci","W/m^2","GCAM_SSP5","GCAM","new",-0.363563
2048,"RF_aci","W/m^2","GCAM_SSP5","GCAM","new",-0.35109
2049,"RF_aci","W/m^2","GCAM_SSP5","GCAM","new",-0.338553
2050,"RF_aci","W/m^2","GCAM_SSP5","GCAM","new",-0.325952
2051,"RF_aci","W/m^2","GCAM_SSP5","GCAM","new",-0.320303
2052,"RF_aci","W/m^2","GCAM_SSP5","GCAM","new",-0.31464
2053,"RF_aci","W/m^2","GCAM_SSP5","GCAM","new",-0.308965
2054,"RF_aci","W/m^2","GCAM_SSP5","GCAM","new",-0.303277
2055,"RF_aci","W/m^2","GCAM_SSP5","GCAM","new",-0.297575
2056,"RF_aci","W/m^2","GCAM_SSP5","GCAM","new",-0.291511
2057,"RF_aci","W/m^2","GCAM_SSP5","GCAM","new",-0.285431
2058,"RF_aci","W/m^2","GCAM_SSP5","GCAM","new",-0.279337
2059,"RF_aci","W/m^2","GCAM_SSP5","GCAM","new",-0.273227
2060,"RF_aci","W/m^2","GCAM_SSP5","GCAM","new",-0.267102
2061,"RF_aci","W/m^2","GCAM_SSP5","GCAM","new",-0.261332
2062,"RF_aci","W/m^2","GCAM_SSP5","GCAM","new",-0.255549
2063,"RF_aci","W/m^2","GCAM_SSP5","GCAM","new",-0.249751
2064,"RF_aci","W/m^2","GCAM_SSP5","GCAM","new",-0.24394
2065,"RF_aci","W/m^2","GCAM_SSP5","GCAM","new",-0.238115
2066,"RF_aci","W/m^2","GCAM_SSP5","GCAM","new",-0.232117
2067,"RF_aci","W/m^2","GCAM_SSP5","GCAM","new",-0.226104
2068,"RF_aci","W/m^2","GCAM_SSP5","GCAM","new",-0.220076
2069,"RF_aci","W/m^2","GCAM_SSP5","GCAM","new",-0.214033
2070,"RF_aci","W/m^2","GCAM_SSP5","GCAM","new",-0.207975
2071,"RF_aci","W/m^2","GCAM_SSP5","GCAM","new",-0.202079
2072,"RF_aci","W/m^2","GCAM_SSP5","GCAM","new",-0.196168
2073,"RF_aci","W/m^2","GCAM_SSP5","GCAM","new",-0.190243
2074,"RF_aci","W/m^2","GCAM_SSP5","GCAM","new",-0.184304
2075,"RF_aci","W/m^2","GCAM_SSP5","GCAM","new",-0.17835
2076,"RF_aci","W/m^2","GCAM_SSP5","GCAM","new",-0.172429
2077,"RF_aci","W/m^2","GCAM_SSP5","GCAM","new",-0.166493
2078,"RF_aci","W/m^2","GCAM_SSP5","GCAM","new",-0.160544
2079,"RF_aci","W/m^2","GCAM_SSP5","GCAM","new",-0.154579
2080,"RF_aci","W/m^2","GCAM_SSP5","GCAM","new",-0.1486
2081,"RF_aci","W/m^2","GCAM_SSP5","GCAM","new",-0.142718
2082,"RF_aci","W/m^2","GCAM_SSP5","GCAM","new",-0.136821
2083,"RF_aci","W/m^2","GCAM_SSP5","GCAM","new",-0.130909
2084,"RF_aci","W/m^2","GCAM_SSP5","GCAM","new",-0.124984
2085,"RF_aci","W/m^2","GCAM_SSP5","GCAM","new",-0.119044
2086,"RF_aci","W/m^2","GCAM_SSP5","GCAM","new",-0.113404
2087,"RF_aci","W/m^2","GCAM_SSP5","GCAM","new",-0.107752
2088,"RF_aci","W/m^2","GCAM_SSP5","GCAM","new",-0.102086
2089,"RF_aci","W/m^2","GCAM_SSP5","GCAM","new",-0.0964079
2090,"RF_aci","W/m^2","GCAM_SSP5","GCAM","new",-0.0907161
2091,"RF_aci","W/m^2","GCAM_SSP5","GCAM","new",-0.0857188
2092,"RF_aci","W/m^2","GCAM_SSP5","GCAM","new",-0.0807114
2093,"RF_aci","W/m^2","GCAM_SSP5","GCAM","new",-0.0756936
2094,"RF_aci","W/m^2","GCAM_SSP5","GCAM","new",-0.0706656
2095,"RF_aci","W/m^2","GCAM_SSP5","GCAM","new",-0.0656272
2096,"RF_aci","W/m^2","GCAM_SSP5","GCAM","new",-0.0605111
2097,"RF_aci","W/m^2","GCAM_SSP5","GCAM","new",-0.0553842
2098,"RF_aci","W/m^2","GCAM_SSP5","GCAM","new",-0.0502466
2099,"RF_aci","W/m^2","GCAM_SSP5","GCAM","new",-0.0450982
2100,"RF_aci","W/m^2","GCAM_SSP5","GCAM","new",-0.039939
1976,"RF_aci","W/m^2","GCAM_SSP1","GCAM","new",-1.03383
1977,"RF_aci","W/m^2","GCAM_SSP1","GCAM","new",-1.04033
1978,"RF_aci","W/m^2","GCAM_SSP1","GCAM","new",-1.05413
1979,"RF_aci","W/m^2","GCAM_SSP1","GCAM","new",-1.07083
1980,"RF_aci","W/m^2","GCAM_SSP1","GCAM","new",-1.06616
1981,"RF_aci","W/m^2","GCAM_SSP1","GCAM","new",-1.03489
1982,"RF_aci","W/m^2","GCAM_SSP1","GCAM","new",-1.06374
1983,"RF_aci","W/m^2","GCAM_SSP1","GCAM","new",-0.99974
1984,"RF_aci","W/m^2","GCAM_SSP1","GCAM","new",-1.0204
1985,"RF_aci","W/m^2","GCAM_SSP1","GCAM","new",-1.0299
1986,"RF_aci","W/m^2","GCAM_SSP1","GCAM","new",-1.03096
1987,"RF_aci","W/m^2","GCAM_SSP1","GCAM","new",-1.06205
1988,"RF_aci","W/m^2","GCAM_SSP1","GCAM","new",-1.06825
1989,"RF_aci","W/m^2","GCAM_SSP1","GCAM","new",-1.0552
1990,"RF_aci","W/m^2","GCAM_SSP1","GCAM","new",-1.06645
1991,"RF_aci","W/m^2","GCAM_SSP1","GCAM","new",-1.14525
1992,"RF_aci","W/m^2","GCAM_SSP1","GCAM","new",-1.01562
1993,"RF_aci","W/m^2","GCAM_SSP1","GCAM","new",-1.0226
1994,"RF_aci","W/m^2","GCAM_SSP1","GCAM","new",-1.0747
1995,"RF_aci","W/m^2","GCAM_SSP1","GCAM","new",-1.0174
1996,"RF_aci","W/m^2","GCAM_SSP1","GCAM","new",-0.985926
1997,"RF_aci","W/m^2","GCAM_SSP1","GCAM","new",-1.11389
1998,"RF_aci","W/m^2","GCAM_SSP1","GCAM","new",-1.09761
1999,"RF_aci","W/m^2","GCAM_SSP1","GCAM","new",-0.968415
2000,"RF_aci","W/m^2","GCAM_SSP1","GCAM","new",-0.925967
2001,"RF_aci","W/m^2","GCAM_SSP1","GCAM","new",-0.926955
2002,"RF_aci","W/m^2","GCAM_SSP1","GCAM","new",-1.0015
2003,"RF_aci","W/m^2","GCAM_SSP1","GCAM","new",-1.0316
2004,"RF_aci","W/m^2","GCAM_SSP1","GCAM","new",-1.0302
2005,"RF_aci","W/m^2","GCAM_SSP1","GCAM","new",-1.06427
2006,"RF_aci","W/m^2","GCAM_SSP1","GCAM","new",-1.08295
2007,"RF_aci","W/m^2","GCAM_SSP1","GCAM","new",-1.06239
2008,"RF_aci","W/m^2","GCAM_SSP1","GCAM","new",-1.0162
2009,"RF_aci","W/m^2","GCAM_SSP1","GCAM","new",-0.95733
2010,"RF_aci","W/m^2","GCAM_SSP1","GCAM","new",-0.978891
2011,"RF_aci","W/m^2","GCAM_SSP1","GCAM","new",-0.95939
2012,"RF_aci","W/m^2","GCAM_SSP1","GCAM","new",-0.983244
2013,"RF_aci","W/m^2","GCAM_SSP1","GCAM","new",-0.915737
2014,"RF_aci","W/m^2","GCAM_SSP1","GCAM","new",-0.929168
2015,"RF_aci","W/m^2","GCAM_SSP1","GCAM","new",-0.926551
2016,"RF_aci","W/m^2","GCAM_SSP1","GCAM","new",-0.837712
2017,"RF_aci","W/m^2","GCAM_SSP1","GCAM","new",-0.841961
2018,"RF_aci","W/m^2","GCAM_SSP1","GCAM","new",-0.812569
2019,"RF_aci","W/m^2","GCAM_SSP1","GCAM","new",-0.88639
2020,"RF_aci","W/m^2","GCAM_SSP1","GCAM","new",-0.745586
2021,"RF_aci","W/m^2","GCAM_SSP1","GCAM","new",-0.867504
2022,"RF_aci","W/m^2","GCAM_SSP1","GCAM","new",-0.702487
2023,"RF_aci","W/m^2","GCAM_SSP1","GCAM","new",-0.769909
2024,"RF_aci","W/m^2","GCAM_SSP1","GCAM","new",-0.700688
2025,"RF_aci","W/m^2","GCAM_SSP1","GCAM","new",-0.629453
2026,"RF_aci","W/m^2","GCAM_SSP1","GCAM","new",-0.6109
2027,"RF_aci","W/m^2","GCAM_SSP1","GCAM","new",-0.592205
2028,"RF_aci","W/m^2","GCAM_SSP1","GCAM","new",-0.573367
2029,"RF_aci","W/m^2","GCAM_SSP1","GCAM","new",-0.554382
2030,"RF_aci","W/m^2","GCAM_SSP1","GCAM","new",-0.535249
2031,"RF_aci","W/m^2","GCAM_SSP1","GCAM","new",-0.520433
2032,"RF_aci","W/m^2","GCAM_SSP1","GCAM","new",-0.505528
2033,"RF_aci","W/m^2","GCAM_SSP1","GCAM","new",-0.490531
2034,"RF_aci","W/m^2","GCAM_SSP1","GCAM","new",-0.475442
2035,"RF_aci","W/m^2","GCAM_SSP1","GCAM","new",-0.460259
2036,"RF_aci","W/m^2","GCAM_SSP1","GCAM","new",-0.4482
2037,"RF_aci","W/m^2","GCAM_SSP1","GCAM","new",-0.436082
2038,"RF_aci","W/m^2","GCAM_SSP1","GCAM","new",-0.423903
2039,"RF_aci","W/m^2","GCAM_SSP1","GCAM","new",-0.411664
2040,"RF_aci","W/m^2","GCAM_SSP1","GCAM","new",-0.399363
2041,"RF_aci","W/m^2","GCAM_SSP1","GCAM","new",-0.38773
2042,"RF_aci","W/m^2","GCAM_SSP1","GCAM","new",-0.376042
2043,"RF_aci","W/m^2","GCAM_SSP1","GCAM","new",-0.364298
2044,"RF_aci","W/m^2","GCAM_SSP1","GCAM","new",-0.352498
2045,"RF_aci","W/m^2","GCAM_SSP1","GCAM","new",-0.34064
2046,"RF_aci","W/m^2","GCAM_SSP1","GCAM","new",-0.329306
2047,"RF_aci","W/m^2","GCAM_SSP1","GCAM","new",-0.317919
2048,"RF_aci","W/m^2","GCAM_SSP1","GCAM","new",-0.30648
2049,"RF_aci","W/m^2","GCAM_SSP1","GCAM","new",-0.294986
2050,"RF_aci","W/m^2","GCAM_SSP1","GCAM","new",-0.283438
2051,"RF_aci","W/m^2","GCAM_SSP1","GCAM","new",-0.277873
2052,"RF_aci","W/m^2","GCAM_SSP1","GCAM","new",-0.272295
2053,"RF_aci","W/m^2","GCAM_SSP1","GCAM","new",-0.266704
2054,"RF_aci","W/m^2","GCAM_SSP1","GCAM","new",-0.261101
2055,"RF_aci","W/m^2","GCAM_SSP1","GCAM","new",-0.255484
2056,"RF_aci","W/m^2","GCAM_SSP1","GCAM","new",-0.249751
2057,"RF_aci","W/m^2","GCAM_SSP1","GCAM","new",-0.244005
2058,"RF_aci","W/m^2","GCAM_SSP1","GCAM","new",-0.238245
2059,"RF_aci","W/m^2","GCAM_SSP1","GCAM","new",-0.232471
2060,"RF_aci","W/m^2","GCAM_SSP1","GCAM","new",-0.226684
2061,"RF_aci","W/m^2","GCAM_SSP1","GCAM","new",-0.220853
2062,"RF_aci","W/m^2","GCAM_SSP1","GCAM","new",-0.215007
2063,"RF_aci","W/m^2","GCAM_SSP1","GCAM","new",-0.209148
2064,"RF_aci","W/m^2","GCAM_SSP1","GCAM","new",-0.203275
2065,"RF_aci","W/m^2","GCAM_SSP1","GCAM","new",-0.197388
2066,"RF_aci","W/m^2","GCAM_SSP1","GCAM","new",-0.191899
2067,"RF_aci","W/m^2","GCAM_SSP1","GCAM","new",-0.186397
2068,"RF_aci","W/m^2","GCAM_SSP1","GCAM","new",-0.180883
2069,"RF_aci","W/m^2","GCAM_SSP1","GCAM","new",-0.175357
2070,"RF_aci","W/m^2","GCAM_SSP1","GCAM","new",-0.169818
2071,"RF_aci","W/m^2","GCAM_SSP1","GCAM","new",-0.16461
2072,"RF_aci","W/m^2","GCAM_SSP1","GCAM","new",-0.159391
2073,"RF_aci","W/m^2","GCAM_SSP1","GCAM","new",-0.154161
2074,"RF_aci","W/m^2","GCAM_SSP1","GCAM","new",-0.14892
2075,"RF_aci","W/m^2","GCAM_SSP1","GCAM","new",-0.143667
2076,"RF_aci","W/m^2","GCAM_SSP1","GCAM","new",-0.13878
2077,"RF_aci","W/m^2","GCAM_SSP1","GCAM","new",-0.133883
2078,"RF_aci","W/m^2","GCAM_SSP1","GCAM","new",-0.128976
2079,"RF_aci","W/m^2","GCAM_SSP1","GCAM","new",-0.124059
2080,"RF_aci","W/m^2","GCAM_SSP1","GCAM","new",-0.119133
2081,"RF_aci","W/m^2","GCAM_SSP1","GCAM","new",-0.114598
2082,"RF_aci","W/m^2","GCAM_SSP1","GCAM","new",-0.110055
2083,"RF_aci","W/m^2","GCAM_SSP1","GCAM","new",-0.105504
2084,"RF_aci","W/m^2","GCAM_SSP1","GCAM","new",-0.100944
2085,"RF_aci","W/m^2","GCAM_SSP1","GCAM","new",-0.096376
2086,"RF_aci","W/m^2","GCAM_SSP1","GCAM","new",-0.0920585
2087,"RF_aci","W/m^2","GCAM_SSP1","GCAM","new",-0.0877334
2088,"RF_aci","W/m^2","GCAM_SSP1","GCAM","new",-0.0834006
2089,"RF_aci","W/m^2","GCAM_SSP1","GCAM","new",-0.0790602
2090,"RF_aci","W/m^2","GCAM_SSP1","GCAM","new",-0.0747121
2091,"RF_aci","W/m^2","GCAM_SSP1","GCAM","new",-0.070759
2092,"RF_aci","W/m^2","GCAM_SSP1","GCAM","new",-0.0667996
2093,"RF_aci","W/m^2","GCAM_SSP1","GCAM","new",-0.0628337
2094,"RF_aci","W/m^2","GCAM_SSP1","GCAM","new",-0.0588614
2095,"RF_aci","W/m^2","GCAM_SSP1","GCAM","new",-0.0548827
2096,"RF_aci","W/m^2","GCAM_SSP1","GCAM","new",-0.051358
2097,"RF_aci","W/m^2","GCAM_SSP1","GCAM","new",-0.0478283
2098,"RF_aci","W/m^2","GCAM_SSP1","GCAM","new",-0.0442934
2099,"RF_aci","W/m^2","GCAM_SSP1","GCAM","new",-0.0407535
2100,"RF_aci","W/m^2","GCAM_SSP1","GCAM","new",-0.0372084
1976,"RF_aci","W/m^2","GCAM_SSP2","GCAM","new",-1.03383
1977,"RF_aci","W/m^2","GCAM_SSP2","GCAM","new",-1.04033
1978,"RF_aci","W/m^2","GCAM_SSP2","GCAM","new",-1.05413
1979,"RF_aci","W/m^2","GCAM_SSP2","GCAM","new",-1.07083
1980,"RF_aci","W/m^2","GCAM_SSP2","GCAM","new",-1.06616
1981,"RF_aci","W/m^2","GCAM_SSP2","GCAM","new",-1.03489
1982,"RF_aci","W/m^2","GCAM_SSP2","GCAM","new",-1.06374
1983,"RF_aci","W/m^2","GCAM_SSP2","GCAM","new",-0.99974
1984,"RF_aci","W/m^2","GCAM_SSP2","GCAM","new",-1.0204
1985,"RF_aci","W/m^2","GCAM_SSP2","GCAM","new",-1.0299
1986,"RF_aci","W/m^2","GCAM_SSP2","GCAM","new",-1.03096
1987,"RF_aci","W/m^2","GCAM_SSP2","GCAM","new",-1.06205
1988,"RF_aci","W/m^2","GCAM_SSP2","GCAM","new",-1.06825
1989,"RF_aci","W/m^2","GCAM_SSP2","GCAM","new",-1.0552
1990,"RF_aci","W/m^2","GCAM_SSP2","GCAM","new",-1.06645
1991,"RF_aci","W/m^2","GCAM_SSP2","GCAM","new",-1.14525
1992,"RF_aci","W/m^2","GCAM_SSP2","GCAM","new",-1.01562
1993,"RF_aci","W/m^2","GCAM_SSP2","GCAM","new",-1.0226
1994,"RF_aci","W/m^2","GCAM_SSP2","GCAM","new",-1.0747
1995,"RF_aci","W/m^2","GCAM_SSP2","GCAM","new",-1.0174
1996,"RF_aci","W/m^2","GCAM_SSP2","GCAM","new",-0.985926
1997,"RF_aci","W/m^2","GCAM_SSP2","GCAM","new",-1.11389
1998,"RF_aci","W/m^2","GCAM_SSP2","GCAM","new",-1.09761
1999,"RF_aci","W/m^2","GCAM_SSP2","GCAM","new",-0.968415
2000,"RF_aci","W/m^2","GCAM_SSP2","GCAM","new",-0.925967
2001,"RF_aci","W/m^2","GCAM_SSP2","GCAM","new",-0.926955
2002,"RF_aci","W/m^2","GCAM_SSP2","GCAM","new",-1.0015
2003,"RF_aci","W/m^2","GCAM_SSP2","GCAM","new",-1.0316
2004,"RF_aci","W/m^2","GCAM_SSP2","GCAM","new",-1.0302
2005,"RF_aci","W/m^2","GCAM_SSP2","GCAM","new",-1.06427
2006,"RF_aci","W/m^2","GCAM_SSP2","GCAM","new",-1.08295
2007,"RF_aci","W/m^2","GCAM_SSP2","GCAM","new",-1.06239
2008,"RF_aci","W/m^2","GCAM_SSP2","GCAM","new",-1.0162
2009,"RF_aci","W/m^2","GCAM_SSP2","GCAM","new",-0.95733
2010,"RF_aci","W/m^2","GCAM_SSP2","GCAM","new",-0.978891
2011,"RF_aci","W/m^2","GCAM_SSP2","GCAM","new",-0.95939
2012,"RF_aci","W/m^2","GCAM_SSP2","GCAM","new",-0.983244
2013,"RF_aci","W/m^2","GCAM_SSP2","GCAM","new",-0.915737
2014,"RF_aci","W/m^2","GCAM_SSP2","GCAM","new",-0.929168
2015,"RF_aci","W/m^2","GCAM_SSP2","GCAM","new",-0.926551
2016,"RF_aci","W/m^2","GCAM_SSP2","GCAM","new",-0.837712
2017,"RF_aci","W/m^2","GCAM_SSP2","GCAM","new",-0.841961
2018,"RF_aci","W/m^2","GCAM_SSP2","GCAM","new",-0.812569
2019,"RF_aci","W/m^2","GCAM_SSP2","GCAM","new",-0.88639
2020,"RF_aci","W/m^2","GCAM_SSP2","GCAM","new",-0.745586
2021,"RF_aci","W/m^2","GCAM_SSP2","GCAM","new",-0.867504
2022,"RF_aci","W/m^2","GCAM_SSP2","GCAM","new",-0.702487
2023,"RF_aci","W/m^2","GCAM_SSP2","GCAM","new",-0.769909
2024,"RF_aci","W/m^2","GCAM_SSP2","GCAM","new",-0.723501
2025,"RF_aci","W/m^2","GCAM_SSP2","GCAM","new",-0.676197
2026,"RF_aci","W/m^2","GCAM_SSP2","GCAM","new",-0.66042
2027,"RF_aci","W/m^2","GCAM_SSP2","GCAM","new",-0.64454
2028,"RF_aci","W/m^2","GCAM_SSP2","GCAM","new",-0.628556
2029,"RF_aci","W/m^2","GCAM_SSP2","GCAM","new",-0.612468
2030,"RF_aci","W/m^2","GCAM_SSP2","GCAM","new",-0.596273
2031,"RF_aci","W/m^2","GCAM_SSP2","GCAM","new",-0.58214
2032,"RF_aci","W/m^2","GCAM_SSP2","GCAM","new",-0.567924
2033,"RF_aci","W/m^2","GCAM_SSP2","GCAM","new",-0.553626
2034,"RF_aci","W/m^2","GCAM_SSP2","GCAM","new",-0.539243
2035,"RF_aci","W/m^2","GCAM_SSP2","GCAM","new",-0.524776
2036,"RF_aci","W/m^2","GCAM_SSP2","GCAM","new",-0.512942
2037,"RF_aci","W/m^2","GCAM_SSP2","GCAM","new",-0.501051
2038,"RF_aci","W/m^2","GCAM_SSP2","GCAM","new",-0.489102
2039,"RF_aci","W/m^2","GCAM_SSP2","GCAM","new",-0.477094
2040,"RF_aci","W/m^2","GCAM_SSP2","GCAM","new",-0.465027
2041,"RF_aci","W/m^2","GCAM_SSP2","GCAM","new",-0.453061
2042,"RF_aci","W/m^2","GCAM_SSP2","GCAM","new",-0.441037
2043,"RF_aci","W/m^2","GCAM_SSP2","GCAM","new",-0.428954
2044,"RF_aci","W/m^2","GCAM_SSP2","GCAM","new",-0.41681
2045,"RF_aci","W/m^2","GCAM_SSP2","GCAM","new",-0.404606
2046,"RF_aci","W/m^2","GCAM_SSP2","GCAM","new",-0.393226
2047,"RF_aci","W/m^2","GCAM_SSP2","GCAM","new",-0.381792
2048,"RF_aci","W/m^2","GCAM_SSP2","GCAM","new",-0.370305
2049,"RF_aci","W/m^2","GCAM_SSP2","GCAM","new",-0.358763
2050,"RF_aci","W/m^2","GCAM_SSP2","GCAM","new",-0.347167
2051,"RF_aci","W/m^2","GCAM_SSP2","GCAM","new",-0.341957
2052,"RF_aci","W/m^2","GCAM_SSP2","GCAM","new",-0.336736
2053,"RF_aci","W/m^2","GCAM_SSP2","GCAM","new",-0.331503
2054,"RF_aci","W/m^2","GCAM_SSP2","GCAM","new",-0.326259
2055,"RF_aci","W/m^2","GCAM_SSP2","GCAM","new",-0.321004
2056,"RF_aci","W/m^2","GCAM_SSP2","GCAM","new",-0.316325
2057,"RF_aci","W/m^2","GCAM_SSP2","GCAM","new",-0.311636
2058,"RF_aci","W/m^2","GCAM_SSP2","GCAM","new",-0.306938
2059,"RF_aci","W/m^2","GCAM_SSP2","GCAM","new",-0.302231
2060,"RF_aci","W/m^2","GCAM_SSP2","GCAM","new",-0.297516
2061,"RF_aci","W/m^2","GCAM_SSP2","GCAM","new",-0.293252
2062,"RF_aci","W/m^2","GCAM_SSP2","GCAM","new",-0.288982
2063,"RF_aci","W/m^2","GCAM_SSP2","GCAM","new",-0.284703
2064,"RF_aci","W/m^2","GCAM_SSP2","GCAM","new",-0.280418
2065,"RF_aci","W/m^2","GCAM_SSP2","GCAM","new",-0.276125
2066,"RF_aci","W/m^2","GCAM_SSP2","GCAM","new",-0.272049
2067,"RF_aci","W/m^2","GCAM_SSP2","GCAM","new",-0.267966
2068,"RF_aci","W/m^2","GCAM_SSP2","GCAM","new",-0.263877
2069,"RF_aci","W/m^2","GCAM_SSP2","GCAM","new",-0.259781
2070,"RF_aci","W/m^2","GCAM_SSP2","GCAM","new",-0.255678
2071,"RF_aci","W/m^2","GCAM_SSP2","GCAM","new",-0.251729
2072,"RF_aci","W/m^2","GCAM_SSP2","GCAM","new",-0.247775
2073,"RF_aci","W/m^2","GCAM_SSP2","GCAM","new",-0.243814
2074,"RF_aci","W/m^2","GCAM_SSP2","GCAM","new",-0.239846
2075,"RF_aci","W/m^2","GCAM_SSP2","GCAM","new",-0.235873
2076,"RF_aci","W/m^2","GCAM_SSP2","GCAM","new",-0.231766
2077,"RF_aci","W/m^2","GCAM_SSP2","GCAM","new",-0.227653
2078,"RF_aci","W/m^2","GCAM_SSP2","GCAM","new",-0.223533
2079,"RF_aci","W/m^2","GCAM_SSP2","GCAM","new",-0.219406
2080,"RF_aci","W/m^2","GCAM_SSP2","GCAM","new",-0.215272
2081,"RF_aci","W/m^2","GCAM_SSP2","GCAM","new",-0.210926
2082,"RF_aci","W/m^2","GCAM_SSP2","GCAM","new",-0.206571
2083,"RF_aci","W/m^2","GCAM_SSP2","GCAM","new",-0.202209
2084,"RF_aci","W/m^2","GCAM_SSP2","GCAM","new",-0.197839
2085,"RF_aci","W/m^2","GCAM_SSP2","GCAM","new",-0.193461
2086,"RF_aci","W/m^2","GCAM_SSP2","GCAM","new",-0.189309
2087,"RF_aci","W/m^2","GCAM_SSP2","GCAM","new",-0.18515
2088,"RF_aci","W/m^2","GCAM_SSP2","GCAM","new",-0.180985
2089,"RF_aci","W/m^2","GCAM_SSP2","GCAM","new",-0.176812
2090,"RF_aci","W/m^2","GCAM_SSP2","GCAM","new",-0.172632
2091,"RF_aci","W/m^2","GCAM_SSP2","GCAM","new",-0.168584
2092,"RF_aci","W/m^2","GCAM_SSP2","GCAM","new",-0.164529
2093,"RF_aci","W/m^2","GCAM_SSP2","GCAM","new",-0.160468
2094,"RF_aci","W/m^2","GCAM_SSP2","GCAM","new",-0.1564
2095,"RF_aci","W/m^2","GCAM_SSP2","GCAM","new",-0.152325
2096,"RF_aci","W/m^2","GCAM_SSP2","GCAM","new",-0.14818
2097,"RF_aci","W/m^2","GCAM_SSP2","GCAM","new",-0.144027
2098,"RF_aci","W/m^2","GCAM_SSP2","GCAM","new",-0.139867
2099,"RF_aci","W/m^2","GCAM_SSP2","GCAM","new",-0.1357
2100,"RF_aci","W/m^2","GCAM_SSP2","GCAM","new",-0.131526
1976,"RF_aci","W/m^2","GCAM_SSP3","GCAM","new",-1.03383
1977,"RF_aci","W/m^2","GCAM_SSP3","GCAM","new",-1.04033
1978,"RF_aci","W/m^2","GCAM_SSP3","GCAM","new",-1.05413
1979,"RF_aci","W/m^2","GCAM_SSP3","GCAM","new",-1.07083
1980,"RF_aci","W/m^2","GCAM_SSP3","GCAM","new",-1.06616
1981,"RF_aci","W/m^2","GCAM_SSP3","GCAM","new",-1.03489
1982,"RF_aci","W/m^2","GCAM_SSP3","GCAM","new",-1.06374
1983,"RF_aci","W/m^2","GCAM_SSP3","GCAM","new",-0.99974
1984,"RF_aci","W/m^2","GCAM_SSP3","GCAM","new",-1.0204
1985,"RF_aci","W/m^2","GCAM_SSP3","GCAM","new",-1.0299
1986,"RF_aci","W/m^2","GCAM_SSP3","GCAM","new",-1.03096
1987,"RF_aci","W/m^2","GCAM_SSP3","GCAM","new",-1.06205
1988,"RF_aci","W/m^2","GCAM_SSP3","GCAM","new",-1.06825
1989,"RF_aci","W/m^2","GCAM_SSP3","GCAM","new",-1.0552
1990,"RF_aci","W/m^2","GCAM_SSP3","GCAM","new",-1.06645
1991,"RF_aci","W/m^2","GCAM_SSP3","GCAM","new",-1.14525
1992,"RF_aci","W/m^2","GCAM_SSP3","GCAM","new",-1.01562
1993,"RF_aci","W/m^2","GCAM_SSP3","GCAM","new",-1.0226
1994,"RF_aci","W/m^2","GCAM_SSP3","GCAM","new",-1.0747
1995,"RF_aci","W/m^2","GCAM_SSP3","GCAM","new",-1.0174
1996,"RF_aci","W/m^2","GCAM_SSP3","GCAM","new",-0.985926
1997,"RF_aci","W/m^2","GCAM_SSP3","GCAM","new",-1.11389
1998,"RF_aci","W/m^2","GCAM_SSP3","GCAM","new",-1.09761
1999,"RF_aci","W/m^2","GCAM_SSP3","GCAM","new",-0.968415
2000,"RF_aci","W/m^2","GCAM_SSP3","GCAM","new",-0.925967
2001,"RF_aci","W/m^2","GCAM_SSP3","GCAM","new",-0.926955
2002,"RF_aci","W/m^2","GCAM_SSP3","GCAM","new",-1.0015
2003,"RF_aci","W/m^2","GCAM_SSP3","GCAM","new",-1.0316
2004,"RF_aci","W/m^2","GCAM_SSP3","GCAM","new",-1.0302
2005,"RF_aci","W/m^2","GCAM_SSP3","GCAM","new",-1.06427
2006,"RF_aci","W/m^2","GCAM_SSP3","GCAM","new",-1.08295
2007,"RF_aci","W/m^2","GCAM_SSP3","GCAM","new",-1.06239
2008,"RF_aci","W/m^2","GCAM_SSP3","GCAM","new",-1.0162
2009,"RF_aci","W/m^2","GCAM_SSP3","GCAM","new",-0.95733
2010,"RF_aci","W/m^2","GCAM_SSP3","GCAM","new",-0.978891
2011,"RF_aci","W/m^2","GCAM_SSP3","GCAM","new",-0.95939
2012,"RF_aci","W/m^2","GCAM_SSP3","GCAM","new",-0.983244
2013,"RF_aci","W/m^2","GCAM_SSP3","GCAM","new",-0.915737
2014,"RF_aci","W/m^2","GCAM_SSP3","GCAM","new",-0.929168
2015,"RF_aci","W/m^2","GCAM_SSP3","GCAM","new",-0.926551
2016,"RF_aci","W/m^2","GCAM_SSP3","GCAM","new",-0.837712
2017,"RF_aci","W/m^2","GCAM_SSP3","GCAM","new",-0.841961
2018,"RF_aci","W/m^2","GCAM_SSP3","GCAM","new",-0.812569
2019,"RF_aci","W/m^2","GCAM_SSP3","GCAM","new",-0.88639
2020,"RF_aci","W/m^2","GCAM_SSP3","GCAM","new",-0.745586
2021,"RF_aci","W/m^2","GCAM_SSP3","GCAM","new",-0.867504
2022,"RF_aci","W/m^2","GCAM_SSP3","GCAM","new",-0.702487
2023,"RF_aci","W/m^2","GCAM_SSP3","GCAM","new",-0.769909
2024,"RF_aci","W/m^2","GCAM_SSP3","GCAM","new",-0.746237
2025,"RF_aci","W/m^2","GCAM_SSP3","GCAM","new",-0.722335
2026,"RF_aci","W/m^2","GCAM_SSP3","GCAM","new",-0.711279
2027,"RF_aci","W/m^2","GCAM_SSP3","GCAM","new",-0.700172
2028,"RF_aci","W/m^2","GCAM_SSP3","GCAM","new",-0.689015
2029,"RF_aci","W/m^2","GCAM_SSP3","GCAM","new",-0.677807
2030,"RF_aci","W/m^2","GCAM_SSP3","GCAM","new",-0.666547
2031,"RF_aci","W/m^2","GCAM_SSP3","GCAM","new",-0.656911
2032,"RF_aci","W/m^2","GCAM_SSP3","GCAM","new",-0.647238
2033,"RF_aci","W/m^2","GCAM_SSP3","GCAM","new",-0.637526
2034,"RF_aci","W/m^2","GCAM_SSP3","GCAM","new",-0.627775
2035,"RF_aci","W/m^2","GCAM_SSP3","GCAM","new",-0.617986
2036,"RF_aci","W/m^2","GCAM_SSP3","GCAM","new",-0.611176
2037,"RF_aci","W/m^2","GCAM_SSP3","GCAM","new",-0.604347
2038,"RF_aci","W/m^2","GCAM_SSP3","GCAM","new",-0.597499
2039,"RF_aci","W/m^2","GCAM_SSP3","GCAM","new",-0.590632
2040,"RF_aci","W/m^2","GCAM_SSP3","GCAM","new",-0.583745
2041,"RF_aci","W/m^2","GCAM_SSP3","GCAM","new",-0.577618
2042,"RF_aci","W/m^2","GCAM_SSP3","GCAM","new",-0.571476
2043,"RF_aci","W/m^2","GCAM_SSP3","GCAM","new",-0.565319
2044,"RF_aci","W/m^2","GCAM_SSP3","GCAM","new",-0.559145
2045,"RF_aci","W/m^2","GCAM_SSP3","GCAM","new",-0.552957
2046,"RF_aci","W/m^2","GCAM_SSP3","GCAM","new",-0.547697
2047,"RF_aci","W/m^2","GCAM_SSP3","GCAM","new",-0.542425
2048,"RF_aci","W/m^2","GCAM_SSP3","GCAM","new",-0.537142
2049,"RF_aci","W/m^2","GCAM_SSP3","GCAM","new",-0.531848
2050,"RF_aci","W/m^2","GCAM_SSP3","GCAM","new",-0.526542
2051,"RF_aci","W/m^2","GCAM_SSP3","GCAM","new",-0.521798
2052,"RF_aci","W/m^2","GCAM_SSP3","GCAM","new",-0.517046
2053,"RF_aci","W/m^2","GCAM_SSP3","GCAM","new",-0.512284
2054,"RF_aci","W/m^2","GCAM_SSP3","GCAM","new",-0.507512
2055,"RF_aci","W/m^2","GCAM_SSP3","GCAM","new",-0.502732
2056,"RF_aci","W/m^2","GCAM_SSP3","GCAM","new",-0.49888
2057,"RF_aci","W/m^2","GCAM_SSP3","GCAM","new",-0.495022
2058,"RF_aci","W/m^2","GCAM_SSP3","GCAM","new",-0.491158
2059,"RF_aci","W/m^2","GCAM_SSP3","GCAM","new",-0.487288
2060,"RF_aci","W/m^2","GCAM_SSP3","GCAM","new",-0.483411
2061,"RF_aci","W/m^2","GCAM_SSP3","GCAM","new",-0.47953
2062,"RF_aci","W/m^2","GCAM_SSP3","GCAM","new",-0.475642
2063,"RF_aci","W/m^2","GCAM_SSP3","GCAM","new",-0.471748
2064,"RF_aci","W/m^2","GCAM_SSP3","GCAM","new",-0.467848
2065,"RF_aci","W/m^2","GCAM_SSP3","GCAM","new",-0.463942
2066,"RF_aci","W/m^2","GCAM_SSP3","GCAM","new",-0.46005
2067,"RF_aci","W/m^2","GCAM_SSP3","GCAM","new",-0.456153
2068,"RF_aci","W/m^2","GCAM_SSP3","GCAM","new",-0.452249
2069,"RF_aci","W/m^2","GCAM_SSP3","GCAM","new",-0.448339
2070,"RF_aci","W/m^2","GCAM_SSP3","GCAM","new",-0.444423
2071,"RF_aci","W/m^2","GCAM_SSP3","GCAM","new",-0.440218
2072,"RF_aci","W/m^2","GCAM_SSP3","GCAM","new",-0.436005
2073,"RF_aci","W/m^2","GCAM_SSP3","GCAM","new",-0.431786
2074,"RF_aci","W/m^2","GCAM_SSP3","GCAM","new",-0.427559
2075,"RF_aci","W/m^2","GCAM_SSP3","GCAM","new",-0.423324
2076,"RF_aci","W/m^2","GCAM_SSP3","GCAM","new",-0.419127
2077,"RF_aci","W/m^2","GCAM_SSP3","GCAM","new",-0.414923
2078,"RF_aci","W/m^2","GCAM_SSP3","GCAM","new",-0.410711
2079,"RF_aci","W/m^2","GCAM_SSP3","GCAM","new",-0.406492
2080,"RF_aci","W/m^2","GCAM_SSP3","GCAM","new",-0.402266
2081,"RF_aci","W/m^2","GCAM_SSP3","GCAM","new",-0.397326
2082,"RF_aci","W/m^2","GCAM_SSP3","GCAM","new",-0.392376
2083,"RF_aci","W/m^2","GCAM_SSP3","GCAM","new",-0.387416
2084,"RF_aci","W/m^2","GCAM_SSP3","GCAM","new",-0.382446
2085,"RF_aci","W/m^2","GCAM_SSP3","GCAM","new",-0.377466
2086,"RF_aci","W/m^2","GCAM_SSP3","GCAM","new",-0.372913
2087,"RF_aci","W/m^2","GCAM_SSP3","GCAM","new",-0.368351
2088,"RF_aci","W/m^2","GCAM_SSP3","GCAM","new",-0.36378
2089,"RF_aci","W/m^2","GCAM_SSP3","GCAM","new",-0.359201
2090,"RF_aci","W/m^2","GCAM_SSP3","GCAM","new",-0.354614
2091,"RF_aci","W/m^2","GCAM_SSP3","GCAM","new",-0.349678
2092,"RF_aci","W/m^2","GCAM_SSP3","GCAM","new",-0.344732
2093,"RF_aci","W/m^2","GCAM_SSP3","GCAM","new",-0.339777
2094,"RF_aci","W/m^2","GCAM_SSP3","GCAM","new",-0.334811
2095,"RF_aci","W/m^2","GCAM_SSP3","GCAM","new",-0.329835
2096,"RF_aci","W/m^2","GCAM_SSP3","GCAM","new",-0.324466
2097,"RF_aci","W/m^2","GCAM_SSP3","GCAM","new",-0.319085
2098,"RF_aci","W/m^2","GCAM_SSP3","GCAM","new",-0.313692
2099,"RF_aci","W/m^2","GCAM_SSP3","GCAM","new",-0.308287
2100,"RF_aci","W/m^2","GCAM_SSP3","GCAM","new",-0.302871
1976,"RF_OC","W/m^2","Reference","GCAM","new",-0.0499757
1977,"RF_OC","W/m^2","Reference","GCAM","new",-0.0496707
1978,"RF_OC","W/m^2","Reference","GCAM","new",-0.0534678
1979,"RF_OC","W/m^2","Reference","GCAM","new",-0.0543676
1980,"RF_OC","W/m^2","Reference","GCAM","new",-0.0538574
1981,"RF_OC","W/m^2","Reference","GCAM","new",-0.050718
1982,"RF_OC","W/m^2","Reference","GCAM","new",-0.0726931
1983,"RF_OC","W/m^2","Reference","GCAM","new",-0.0467614
1984,"RF_OC","W/m^2","Reference","GCAM","new",-0.0522082
1985,"RF_OC","W/m^2","Reference","GCAM","new",-0.0552559
1986,"RF_OC","W/m^2","Reference","GCAM","new",-0.0557639
1987,"RF_OC","W/m^2","Reference","GCAM","new",-0.0646941
1988,"RF_OC","W/m^2","Reference","GCAM","new",-0.0636968
1989,"RF_OC","W/m^2","Reference","GCAM","new",-0.0580128
1990,"RF_OC","W/m^2","Reference","GCAM","new",-0.0638456
1991,"RF_OC","W/m^2","Reference","GCAM","new",-0.110718
1992,"RF_OC","W/m^2","Reference","GCAM","new",-0.0582826
1993,"RF_OC","W/m^2","Reference","GCAM","new",-0.0667016
1994,"RF_OC","W/m^2","Reference","GCAM","new",-0.0994279
1995,"RF_OC","W/m^2","Reference","GCAM","new",-0.0756629
1996,"RF_OC","W/m^2","Reference","GCAM","new",-0.0686103
1997,"RF_OC","W/m^2","Reference","GCAM","new",-0.132492
1998,"RF_OC","W/m^2","Reference","GCAM","new",-0.128344
1999,"RF_OC","W/m^2","Reference","GCAM","new",-0.0787767
2000,"RF_OC","W/m^2","Reference","GCAM","new",-0.0613337
2001,"RF_OC","W/m^2","Reference","GCAM","new",-0.0591595
2002,"RF_OC","W/m^2","Reference","GCAM","new",-0.0973602
2003,"RF_OC","W/m^2","Reference","GCAM","new",-0.0992095
2004,"RF_OC","W/m^2","Reference","GCAM","new",-0.0838398
2005,"RF_OC","W/m^2","Reference","GCAM","new",-0.0848702
2006,"RF_OC","W/m^2","Reference","GCAM","new",-0.0938922
2007,"RF_OC","W/m^2","Reference","GCAM","new",-0.0843167
2008,"RF_OC","W/m^2","Reference","GCAM","new",-0.0727087
2009,"RF_OC","W/m^2","Reference","GCAM","new",-0.0709246
2010,"RF_OC","W/m^2","Reference","GCAM","new",-0.0883622
2011,"RF_OC","W/m^2","Reference","GCAM","new",-0.0711354
2012,"RF_OC","W/m^2","Reference","GCAM","new",-0.0915543
2013,"RF_OC","W/m^2","Reference","GCAM","new",-0.072667
2014,"RF_OC","W/m^2","Reference","GCAM","new",-0.0916311
2015,"RF_OC","W/m^2","Reference","GCAM","new",-0.106694
2016,"RF_OC","W/m^2","Reference","GCAM","new",-0.0754491
2017,"RF_OC","W/m^2","Reference","GCAM","new",-0.0870719
2018,"RF_OC","W/m^2","Reference","GCAM","new",-0.0806936
2019,"RF_OC","W/m^2","Reference","GCAM","new",-0.120107
2020,"RF_OC","W/m^2","Reference","GCAM","new",-0.0894454
2021,"RF_OC","W/m^2","Reference","GCAM","new",-0.138693
2022,"RF_OC","W/m^2","Reference","GCAM","new",-0.0639225
2023,"RF_OC","W/m^2","Reference","GCAM","new",-0.0919488
2024,"RF_OC","W/m^2","Reference","GCAM","new",-0.0777924
2025,"RF_OC","W/m^2","Reference","GCAM","new",-0.0636359
2026,"RF_OC","W/m^2","Reference","GCAM","new",-0.0612373
2027,"RF_OC","W/m^2","Reference","GCAM","new",-0.0588387
2028,"RF_OC","W/m^2","Reference","GCAM","new",-0.0564402
2029,"RF_OC","W/m^2","Reference","GCAM","new",-0.0540416
2030,"RF_OC","W/m^2","Reference","GCAM","new",-0.051643
2031,"RF_OC","W/m^2","Reference","GCAM","new",-0.050465
2032,"RF_OC","W/m^2","Reference","GCAM","new",-0.0492869
2033,"RF_OC","W/m^2","Reference","GCAM","new",-0.0481088
2034,"RF_OC","W/m^2","Reference","GCAM","new",-0.0469307
2035,"RF_OC","W/m^2","Reference","GCAM","new",-0.0457526
2036,"RF_OC","W/m^2","Reference","GCAM","new",-0.0451789
2037,"RF_OC","W/m^2","Reference","GCAM","new",-0.0446052
2038,"RF_OC","W/m^2","Reference","GCAM","new",-0.0440316
2039,"RF_OC","W/m^2","Reference","GCAM","new",-0.0434579
2040,"RF_OC","W/m^2","Reference","GCAM","new",-0.0428842
2041,"RF_OC","W/m^2","Reference","GCAM","new",-0.0422458
2042,"RF_OC","W/m^2","Reference","GCAM","new",-0.0416074
2043,"RF_OC","W/m^2","Reference","GCAM","new",-0.040969
2044,"RF_OC","W/m^2","Reference","GCAM","new",-0.0403306
2045,"RF_OC","W/m^2","Reference","GCAM","new",-0.0396921
2046,"RF_OC","W/m^2","Reference","GCAM","new",-0.0390451
2047,"RF_OC","W/m^2","Reference","GCAM","new",-0.038398
2048,"RF_OC","W/m^2","Reference","GCAM","new",-0.0377509
2049,"RF_OC","W/m^2","Reference","GCAM","new",-0.0371039
2050,"RF_OC","W/m^2","Reference","GCAM","new",-0.0364568
2051,"RF_OC","W/m^2","Reference","GCAM","new",-0.0362724
2052,"RF_OC","W/m^2","Reference","GCAM","new",-0.036088
2053,"RF_OC","W/m^2","Reference","GCAM","new",-0.0359035
2054,"RF_OC","W/m^2","Reference","GCAM","new",-0.0357191
2055,"RF_OC","W/m^2","Reference","GCAM","new",-0.0355347
2056,"RF_OC","W/m^2","Reference","GCAM","new",-0.0352194
2057,"RF_OC","W/m^2","Reference","GCAM","new",-0.034904
2058,"RF_OC","W/m^2","Reference","GCAM","new",-0.0345887
2059,"RF_OC","W/m^2","Reference","GCAM","new",-0.0342734
2060,"RF_OC","W/m^2","Reference","GCAM","new",-0.033958
2061,"RF_OC","W/m^2","Reference","GCAM","new",-0.0335257
2062,"RF_OC","W/m^2","Reference","GCAM","new",-0.0330934
2063,"RF_OC","W/m^2","Reference","GCAM","new",-0.0326611
2064,"RF_OC","W/m^2","Reference","GCAM","new",-0.0322288
2065,"RF_OC","W/m^2","Reference","GCAM","new",-0.0317965
2066,"RF_OC","W/m^2","Reference","GCAM","new",-0.0313516
2067,"RF_OC","W/m^2","Reference","GCAM","new",-0.0309067
2068,"RF_OC","W/m^2","Reference","GCAM","new",-0.0304618
2069,"RF_OC","W/m^2","Reference","GCAM","new",-0.0300168
2070,"RF_OC","W/m^2","Reference","GCAM","new",-0.0295719
2071,"RF_OC","W/m^2","Reference","GCAM","new",-0.0290881
2072,"RF_OC","W/m^2","Reference","GCAM","new",-0.0286043
2073,"RF_OC","W/m^2","Reference","GCAM","new",-0.0281205
2074,"RF_OC","W/m^2","Reference","GCAM","new",-0.0276367
2075,"RF_OC","W/m^2","Reference","GCAM","new",-0.0271529
2076,"RF_OC","W/m^2","Reference","GCAM","new",-0.0266435
2077,"RF_OC","W/m^2","Reference","GCAM","new",-0.0261341
2078,"RF_OC","W/m^2","Reference","GCAM","new",-0.0256247
2079,"RF_OC","W/m^2","Reference","GCAM","new",-0.0251153
2080,"RF_OC","W/m^2","Reference","GCAM","new",-0.0246059
2081,"RF_OC","W/m^2","Reference","GCAM","new",-0.0240609
2082,"RF_OC","W/m^2","Reference","GCAM","new",-0.0235158
2083,"RF_OC","W/m^2","Reference","GCAM","new",-0.0229708
2084,"RF_OC","W/m^2","Reference","GCAM","new",-0.0224258
2085,"RF_OC","W/m^2","Reference","GCAM","new",-0.0218808
2086,"RF_OC","W/m^2","Reference","GCAM","new",-0.0213274
2087,"RF_OC","W/m^2","Reference","GCAM","new",-0.0207739
2088,"RF_OC","W/m^2","Reference","GCAM","new",-0.0202205
2089,"RF_OC","W/m^2","Reference","GCAM","new",-0.019667
2090,"RF_OC","W/m^2","Reference","GCAM","new",-0.0191136
2091,"RF_OC","W/m^2","Reference","GCAM","new",-0.0185349
2092,"RF_OC","W/m^2","Reference","GCAM","new",-0.0179562
2093,"RF_OC","W/m^2","Reference","GCAM","new",-0.0173775
2094,"RF_OC","W/m^2","Reference","GCAM","new",-0.0167988
2095,"RF_OC","W/m^2","Reference","GCAM","new",-0.0162202
2096,"RF_OC","W/m^2","Reference","GCAM","new",-0.015669
2097,"RF_OC","W/m^2","Reference","GCAM","new",-0.0151178
2098,"RF_OC","W/m^2","Reference","GCAM","new",-0.0145666
2099,"RF_OC","W/m^2","Reference","GCAM","new",-0.0140154
2100,"RF_OC","W/m^2","Reference","GCAM","new",-0.0134642
1976,"RF_OC","W/m^2","GCAM_SSP4","GCAM","new",-0.0499757
1977,"RF_OC","W/m^2","GCAM_SSP4","GCAM","new",-0.0496707
1978,"RF_OC","W/m^2","GCAM_SSP4","GCAM","new",-0.0534678
1979,"RF_OC","W/m^2","GCAM_SSP4","GCAM","new",-0.0543676
1980,"RF_OC","W/m^2","GCAM_SSP4","GCAM","new",-0.0538574
1981,"RF_OC","W/m^2","GCAM_SSP4","GCAM","new",-0.050718
1982,"RF_OC","W/m^2","GCAM_SSP4","GCAM","new",-0.0726931
1983,"RF_OC","W/m^2","GCAM_SSP4","GCAM","new",-0.0467614
1984,"RF_OC","W/m^2","GCAM_SSP4","GCAM","new",-0.0522082
1985,"RF_OC","W/m^2","GCAM_SSP4","GCAM","new",-0.0552559
1986,"RF_OC","W/m^2","GCAM_SSP4","GCAM","new",-0.0557639
1987,"RF_OC","W/m^2","GCAM_SSP4","GCAM","new",-0.0646941
1988,"RF_OC","W/m^2","GCAM_SSP4","GCAM","new",-0.0636968
1989,"RF_OC","W/m^2","GCAM_SSP4","GCAM","new",-0.0580128
1990,"RF_OC","W/m^2","GCAM_SSP4","GCAM","new",-0.0638456
1991,"RF_OC","W/m^2","GCAM_SSP4","GCAM","new",-0.110718
1992,"RF_OC","W/m^2","GCAM_SSP4","GCAM","new",-0.0582826
1993,"RF_OC","W/m^2","GCAM_SSP4","GCAM","new",-0.0667016
1994,"RF_OC","W/m^2","GCAM_SSP4","GCAM","new",-0.0994279
1995,"RF_OC","W/m^2","GCAM_SSP4","GCAM","new",-0.0756629
1996,"RF_OC","W/m^2","GCAM_SSP4","GCAM","new",-0.0686103
1997,"RF_OC","W/m^2","GCAM_SSP4","GCAM","new",-0.132492
1998,"RF_OC","W/m^2","GCAM_SSP4","GCAM","new",-0.128344
1999,"RF_OC","W/m^2","GCAM_SSP4","GCAM","new",-0.0787767
2000,"RF_OC","W/m^2","GCAM_SSP4","GCAM","new",-0.0613337
2001,"RF_OC","W/m^2","GCAM_SSP4","GCAM","new",-0.0591595
2002,"RF_OC","W/m^2","GCAM_SSP4","GCAM","new",-0.0973602
2003,"RF_OC","W/m^2","GCAM_SSP4","GCAM","new",-0.0992095
2004,"RF_OC","W/m^2","GCAM_SSP4","GCAM","new",-0.0838398
2005,"RF_OC","W/m^2","GCAM_SSP4","GCAM","new",-0.0848702
2006,"RF_OC","W/m^2","GCAM_SSP4","GCAM","new",-0.0938922
2007,"RF_OC","W/m^2","GCAM_SSP4","GCAM","new",-0.0843167
2008,"RF_OC","W/m^2","GCAM_SSP4","GCAM","new",-0.0727087
2009,"RF_OC","W/m^2","GCAM_SSP4","GCAM","new",-0.0709246
2010,"RF_OC","W/m^2","GCAM_SSP4","GCAM","new",-0.0883622
2011,"RF_OC","W/m^2","GCAM_SSP4","GCAM","new",-0.0711354
2012,"RF_OC","W/m^2","GCAM_SSP4","GCAM","new",-0.0915543
2013,"RF_OC","W/m^2","GCAM_SSP4","GCAM","new",-0.072667
2014,"RF_OC","W/m^2","GCAM_SSP4","GCAM","new",-0.0916311
2015,"RF_OC","W/m^2","GCAM_SSP4","GCAM","new",-0.106694
2016,"RF_OC","W/m^2","GCAM_SSP4","GCAM","new",-0.0754491
2017,"RF_OC","W/m^2","GCAM_SSP4","GCAM","new",-0.0870719
2018,"RF_OC","W/m^2","GCAM_SSP4","GCAM","new",-0.0806936
2019,"RF_OC","W/m^2","GCAM_SSP4","GCAM","new",-0.120107
2020,"RF_OC","W/m^2","GCAM_SSP4","GCAM","new",-0.0894454
2021,"RF_OC","W/m^2","GCAM_SSP4","GCAM","new",-0.138693
2022,"RF_OC","W/m^2","GCAM_SSP4","GCAM","new",-0.0639225
2023,"RF_OC","W/m^2","GCAM_SSP4","GCAM","new",-0.0919488
2024,"RF_OC","W/m^2","GCAM_SSP4","GCAM","new",-0.0766245
2025,"RF_OC","W/m^2","GCAM_SSP4","GCAM","new",-0.0613001
2026,"RF_OC","W/m^2","GCAM_SSP4","GCAM","new",-0.0594713
2027,"RF_OC","W/m^2","GCAM_SSP4","GCAM","new",-0.0576426
2028,"RF_OC","W/m^2","GCAM_SSP4","GCAM","new",-0.0558138
2029,"RF_OC","W/m^2","GCAM_SSP4","GCAM","new",-0.053985
2030,"RF_OC","W/m^2","GCAM_SSP4","GCAM","new",-0.0521563
2031,"RF_OC","W/m^2","GCAM_SSP4","GCAM","new",-0.0505332
2032,"RF_OC","W/m^2","GCAM_SSP4","GCAM","new",-0.0489102
2033,"RF_OC","W/m^2","GCAM_SSP4","GCAM","new",-0.0472872
2034,"RF_OC","W/m^2","GCAM_SSP4","GCAM","new",-0.0456641
2035,"RF_OC","W/m^2","GCAM_SSP4","GCAM","new",-0.0440411
2036,"RF_OC","W/m^2","GCAM_SSP4","GCAM","new",-0.0433396
2037,"RF_OC","W/m^2","GCAM_SSP4","GCAM","new",-0.0426381
2038,"RF_OC","W/m^2","GCAM_SSP4","GCAM","new",-0.0419366
2039,"RF_OC","W/m^2","GCAM_SSP4","GCAM","new",-0.0412351
2040,"RF_OC","W/m^2","GCAM_SSP4","GCAM","new",-0.0405335
2041,"RF_OC","W/m^2","GCAM_SSP4","GCAM","new",-0.0395928
2042,"RF_OC","W/m^2","GCAM_SSP4","GCAM","new",-0.038652
2043,"RF_OC","W/m^2","GCAM_SSP4","GCAM","new",-0.0377112
2044,"RF_OC","W/m^2","GCAM_SSP4","GCAM","new",-0.0367705
2045,"RF_OC","W/m^2","GCAM_SSP4","GCAM","new",-0.0358297
2046,"RF_OC","W/m^2","GCAM_SSP4","GCAM","new",-0.0348619
2047,"RF_OC","W/m^2","GCAM_SSP4","GCAM","new",-0.033894
2048,"RF_OC","W/m^2","GCAM_SSP4","GCAM","new",-0.0329262
2049,"RF_OC","W/m^2","GCAM_SSP4","GCAM","new",-0.0319584
2050,"RF_OC","W/m^2","GCAM_SSP4","GCAM","new",-0.0309905
2051,"RF_OC","W/m^2","GCAM_SSP4","GCAM","new",-0.0301046
2052,"RF_OC","W/m^2","GCAM_SSP4","GCAM","new",-0.0292186
2053,"RF_OC","W/m^2","GCAM_SSP4","GCAM","new",-0.0283327
2054,"RF_OC","W/m^2","GCAM_SSP4","GCAM","new",-0.0274467
2055,"RF_OC","W/m^2","GCAM_SSP4","GCAM","new",-0.0265608
2056,"RF_OC","W/m^2","GCAM_SSP4","GCAM","new",-0.02555
2057,"RF_OC","W/m^2","GCAM_SSP4","GCAM","new",-0.0245393
2058,"RF_OC","W/m^2","GCAM_SSP4","GCAM","new",-0.0235286
2059,"RF_OC","W/m^2","GCAM_SSP4","GCAM","new",-0.0225179
2060,"RF_OC","W/m^2","GCAM_SSP4","GCAM","new",-0.0215072
2061,"RF_OC","W/m^2","GCAM_SSP4","GCAM","new",-0.0203876
2062,"RF_OC","W/m^2","GCAM_SSP4","GCAM","new",-0.0192679
2063,"RF_OC","W/m^2","GCAM_SSP4","GCAM","new",-0.0181483
2064,"RF_OC","W/m^2","GCAM_SSP4","GCAM","new",-0.0170287
2065,"RF_OC","W/m^2","GCAM_SSP4","GCAM","new",-0.0159091
2066,"RF_OC","W/m^2","GCAM_SSP4","GCAM","new",-0.0148747
2067,"RF_OC","W/m^2","GCAM_SSP4","GCAM","new",-0.0138403
2068,"RF_OC","W/m^2","GCAM_SSP4","GCAM","new",-0.0128059
2069,"RF_OC","W/m^2","GCAM_SSP4","GCAM","new",-0.0117715
2070,"RF_OC","W/m^2","GCAM_SSP4","GCAM","new",-0.0107371
2071,"RF_OC","W/m^2","GCAM_SSP4","GCAM","new",-0.00965143
2072,"RF_OC","W/m^2","GCAM_SSP4","GCAM","new",-0.00856576
2073,"RF_OC","W/m^2","GCAM_SSP4","GCAM","new",-0.00748008
2074,"RF_OC","W/m^2","GCAM_SSP4","GCAM","new",-0.00639441
2075,"RF_OC","W/m^2","GCAM_SSP4","GCAM","new",-0.00530874
2076,"RF_OC","W/m^2","GCAM_SSP4","GCAM","new",-0.00431374
2077,"RF_OC","W/m^2","GCAM_SSP4","GCAM","new",-0.00331875
2078,"RF_OC","W/m^2","GCAM_SSP4","GCAM","new",-0.00232376
2079,"RF_OC","W/m^2","GCAM_SSP4","GCAM","new",-0.00132876
2080,"RF_OC","W/m^2","GCAM_SSP4","GCAM","new",-0.000333769
2081,"RF_OC","W/m^2","GCAM_SSP4","GCAM","new",0.000535758
2082,"RF_OC","W/m^2","GCAM_SSP4","GCAM","new",0.00140528
2083,"RF_OC","W/m^2","GCAM_SSP4","GCAM","new",0.00227481
2084,"RF_OC","W/m^2","GCAM_SSP4","GCAM","new",0.00314434
2085,"RF_OC","W/m^2","GCAM_SSP4","GCAM","new",0.00401387
2086,"RF_OC","W/m^2","GCAM_SSP4","GCAM","new",0.00487762
2087,"RF_OC","W/m^2","GCAM_SSP4","GCAM","new",0.00574138
2088,"RF_OC","W/m^2","GCAM_SSP4","GCAM","new",0.00660513
2089,"RF_OC","W/m^2","GCAM_SSP4","GCAM","new",0.00746889
2090,"RF_OC","W/m^2","GCAM_SSP4","GCAM","new",0.00833264
2091,"RF_OC","W/m^2","GCAM_SSP4","GCAM","new",0.00916546
2092,"RF_OC","W/m^2","GCAM_SSP4","GCAM","new",0.00999827
2093,"RF_OC","W/m^2","GCAM_SSP4","GCAM","new",0.0108311
2094,"RF_OC","W/m^2","GCAM_SSP4","GCAM","new",0.0116639
2095,"RF_OC","W/m^2","GCAM_SSP4","GCAM","new",0.0124967
2096,"RF_OC","W/m^2","GCAM_SSP4","GCAM","new",0.0132075
2097,"RF_OC","W/m^2","GCAM_SSP4","GCAM","new",0.0139182
2098,"RF_OC","W/m^2","GCAM_SSP4","GCAM","new",0.0146289
2099,"RF_OC","W/m^2","GCAM_SSP4","GCAM","new",0.0153397
2100,"RF_OC","W/m^2","GCAM_SSP4","GCAM","new",0.0160504
1976,"RF_OC","W/m^2","GCAM_SSP5","GCAM","new",-0.0499757
1977,"RF_OC","W/m^2","GCAM_SSP5","GCAM","new",-0.0496707
1978,"RF_OC","W/m^2","GCAM_SSP5","GCAM","new",-0.0534678
1979,"RF_OC","W/m^2","GCAM_SSP5","GCAM","new",-0.0543676
1980,"RF_OC","W/m^2","GCAM_SSP5","GCAM","new",-0.0538574
1981,"RF_OC","W/m^2","GCAM_SSP5","GCAM","new",-0.050718
1982,"RF_OC","W/m^2","GCAM_SSP5","GCAM","new",-0.0726931
1983,"RF_OC","W/m^2","GCAM_SSP5","GCAM","new",-0.0467614
1984,"RF_OC","W/m^2","GCAM_SSP5","GCAM","new",-0.0522082
1985,"RF_OC","W/m^2","GCAM_SSP5","GCAM","new",-0.0552559
1986,"RF_OC","W/m^2","GCAM_SSP5","GCAM","new",-0.0557639
1987,"RF_OC","W/m^2","GCAM_SSP5","GCAM","new",-0.0646941
1988,"RF_OC","W/m^2","GCAM_SSP5","GCAM","new",-0.0636968
1989,"RF_OC","W/m^2","GCAM_SSP5","GCAM","new",-0.0580128
1990,"RF_OC","W/m^2","GCAM_SSP5","GCAM","new",-0.0638456
1991,"RF_OC","W/m^2","GCAM_SSP5","GCAM","new",-0.110718
1992,"RF_OC","W/m^2","GCAM_SSP5","GCAM","new",-0.0582826
1993,"RF_OC","W/m^2","GCAM_SSP5","GCAM","new",-0.0667016
1994,"RF_OC","W/m^2","GCAM_SSP5","GCAM","new",-0.0994279
1995,"RF_OC","W/m^2","GCAM_SSP5","GCAM","new",-0.0756629
1996,"RF_OC","W/m^2","GCAM_SSP5","GCAM","new",-0.0686103
1997,"RF_OC","W/m^2","GCAM_SSP5","GCAM","new",-0.132492
1998,"RF_OC","W/m^2","GCAM_SSP5","GCAM","new",-0.128344
1999,"RF_OC","W/m^2","GCAM_SSP5","GCAM","new",-0.0787767
2000,"RF_OC","W/m^2","GCAM_SSP5","GCAM","new",-0.0613337
2001,"RF_OC","W/m^2","GCAM_SSP5","GCAM","new",-0.0591595
2002,"RF_OC","W/m^2","GCAM_SSP5","GCAM","new",-0.0973602
2003,"RF_OC","W/m^2","GCAM_SSP5","GCAM","new",-0.0992095
2004,"RF_OC","W/m^2","GCAM_SSP5","GCAM","new",-0.0838398
2005,"RF_OC","W/m^2","GCAM_SSP5","GCAM","new",-0.0848702
2006,"RF_OC","W/m^2","GCAM_SSP5","GCAM","new",-0.0938922
2007,"RF_OC","W/m^2","GCAM_SSP5","GCAM","new",-0.0843167
2008,"RF_OC","W/m^2","GCAM_SSP5","GCAM","new",-0.0727087
2009,"RF_OC","W/m^2","GCAM_SSP5","GCAM","new",-0.0709246
2010,"RF_OC","W/m^2","GCAM_SSP5","GCAM","new",-0.0883622
2011,"RF_OC","W/m^2","GCAM_SSP5","GCAM","new",-0.0711354
2012,"RF_OC","W/m^2","GCAM_SSP5","GCAM","new",-0.0915543
2013,"RF_OC","W/m^2","GCAM_SSP5","GCAM","new",-0.072667
2014,"RF_OC","W/m^2","GCAM_SSP5","GCAM","new",-0.0916311
2015,"RF_OC","W/m^2","GCAM_SSP5","GCAM","new",-0.106694
2016,"RF_OC","W/m^2","GCAM_SSP5","GCAM","new",-0.0754491
2017,"RF_OC","W/m^2","GCAM_SSP5","GCAM","new",-0.0870719
2018,"RF_OC","W/m^2","GCAM_SSP5","GCAM","new",-0.0806936
2019,"RF_OC","W/m^2","GCAM_SSP5","GCAM","new",-0.120107
2020,"RF_OC","W/m^2","GCAM_SSP5","GCAM","new",-0.0894454
2021,"RF_OC","W/m^2","GCAM_SSP5","GCAM","new",-0.138693
2022,"RF_OC","W/m^2","GCAM_SSP5","GCAM","new",-0.0639225
2023,"RF_OC","W/m^2","GCAM_SSP5","GCAM","new",-0.0919488
2024,"RF_OC","W/m^2","GCAM_SSP5","GCAM","new",-0.073371
2025,"RF_OC","W/m^2","GCAM_SSP5","GCAM","new",-0.0547932
2026,"RF_OC","W/m^2","GCAM_SSP5","GCAM","new",-0.0527321
2027,"RF_OC","W/m^2","GCAM_SSP5","GCAM","new",-0.0506711
2028,"RF_OC","W/m^2","GCAM_SSP5","GCAM","new",-0.0486101
2029,"RF_OC","W/m^2","GCAM_SSP5","GCAM","new",-0.046549
2030,"RF_OC","W/m^2","GCAM_SSP5","GCAM","new",-0.044488
2031,"RF_OC","W/m^2","GCAM_SSP5","GCAM","new",-0.0431698
2032,"RF_OC","W/m^2","GCAM_SSP5","GCAM","new",-0.0418516
2033,"RF_OC","W/m^2","GCAM_SSP5","GCAM","new",-0.0405334
2034,"RF_OC","W/m^2","GCAM_SSP5","GCAM","new",-0.0392152
2035,"RF_OC","W/m^2","GCAM_SSP5","GCAM","new",-0.037897
2036,"RF_OC","W/m^2","GCAM_SSP5","GCAM","new",-0.0372158
2037,"RF_OC","W/m^2","GCAM_SSP5","GCAM","new",-0.0365346
2038,"RF_OC","W/m^2","GCAM_SSP5","GCAM","new",-0.0358534
2039,"RF_OC","W/m^2","GCAM_SSP5","GCAM","new",-0.0351722
2040,"RF_OC","W/m^2","GCAM_SSP5","GCAM","new",-0.034491
2041,"RF_OC","W/m^2","GCAM_SSP5","GCAM","new",-0.0333631
2042,"RF_OC","W/m^2","GCAM_SSP5","GCAM","new",-0.0322353
2043,"RF_OC","W/m^2","GCAM_SSP5","GCAM","new",-0.0311074
2044,"RF_OC","W/m^2","GCAM_SSP5","GCAM","new",-0.0299796
2045,"RF_OC","W/m^2","GCAM_SSP5","GCAM","new",-0.0288517
2046,"RF_OC","W/m^2","GCAM_SSP5","GCAM","new",-0.0273292
2047,"RF_OC","W/m^2","GCAM_SSP5","GCAM","new",-0.0258068
2048,"RF_OC","W/m^2","GCAM_SSP5","GCAM","new",-0.0242843
2049,"RF_OC","W/m^2","GCAM_SSP5","GCAM","new",-0.0227618
2050,"RF_OC","W/m^2","GCAM_SSP5","GCAM","new",-0.0212394
2051,"RF_OC","W/m^2","GCAM_SSP5","GCAM","new",-0.0201916
2052,"RF_OC","W/m^2","GCAM_SSP5","GCAM","new",-0.0191438
2053,"RF_OC","W/m^2","GCAM_SSP5","GCAM","new",-0.018096
2054,"RF_OC","W/m^2","GCAM_SSP5","GCAM","new",-0.0170482
2055,"RF_OC","W/m^2","GCAM_SSP5","GCAM","new",-0.0160004
2056,"RF_OC","W/m^2","GCAM_SSP5","GCAM","new",-0.0147813
2057,"RF_OC","W/m^2","GCAM_SSP5","GCAM","new",-0.0135621
2058,"RF_OC","W/m^2","GCAM_SSP5","GCAM","new",-0.012343
2059,"RF_OC","W/m^2","GCAM_SSP5","GCAM","new",-0.0111238
2060,"RF_OC","W/m^2","GCAM_SSP5","GCAM","new",-0.00990465
2061,"RF_OC","W/m^2","GCAM_SSP5","GCAM","new",-0.0087171
2062,"RF_OC","W/m^2","GCAM_SSP5","GCAM","new",-0.00752955
2063,"RF_OC","W/m^2","GCAM_SSP5","GCAM","new",-0.006342
2064,"RF_OC","W/m^2","GCAM_SSP5","GCAM","new",-0.00515446
2065,"RF_OC","W/m^2","GCAM_SSP5","GCAM","new",-0.00396691
2066,"RF_OC","W/m^2","GCAM_SSP5","GCAM","new",-0.00276422
2067,"RF_OC","W/m^2","GCAM_SSP5","GCAM","new",-0.00156152
2068,"RF_OC","W/m^2","GCAM_SSP5","GCAM","new",-0.000358833
2069,"RF_OC","W/m^2","GCAM_SSP5","GCAM","new",0.000843858
2070,"RF_OC","W/m^2","GCAM_SSP5","GCAM","new",0.00204655
2071,"RF_OC","W/m^2","GCAM_SSP5","GCAM","new",0.00321092
2072,"RF_OC","W/m^2","GCAM_SSP5","GCAM","new",0.00437529
2073,"RF_OC","W/m^2","GCAM_SSP5","GCAM","new",0.00553965
2074,"RF_OC","W/m^2","GCAM_SSP5","GCAM","new",0.00670402
2075,"RF_OC","W/m^2","GCAM_SSP5","GCAM","new",0.00786839
2076,"RF_OC","W/m^2","GCAM_SSP5","GCAM","new",0.0089996
2077,"RF_OC","W/m^2","GCAM_SSP5","GCAM","new",0.0101308
2078,"RF_OC","W/m^2","GCAM_SSP5","GCAM","new",0.011262
2079,"RF_OC","W/m^2","GCAM_SSP5","GCAM","new",0.0123933
2080,"RF_OC","W/m^2","GCAM_SSP5","GCAM","new",0.0135245
2081,"RF_OC","W/m^2","GCAM_SSP5","GCAM","new",0.0145355
2082,"RF_OC","W/m^2","GCAM_SSP5","GCAM","new",0.0155465
2083,"RF_OC","W/m^2","GCAM_SSP5","GCAM","new",0.0165576
2084,"RF_OC","W/m^2","GCAM_SSP5","GCAM","new",0.0175686
2085,"RF_OC","W/m^2","GCAM_SSP5","GCAM","new",0.0185796
2086,"RF_OC","W/m^2","GCAM_SSP5","GCAM","new",0.0195246
2087,"RF_OC","W/m^2","GCAM_SSP5","GCAM","new",0.0204696
2088,"RF_OC","W/m^2","GCAM_SSP5","GCAM","new",0.0214146
2089,"RF_OC","W/m^2","GCAM_SSP5","GCAM","new",0.0223596
2090,"RF_OC","W/m^2","GCAM_SSP5","GCAM","new",0.0233046
2091,"RF_OC","W/m^2","GCAM_SSP5","GCAM","new",0.0240782
2092,"RF_OC","W/m^2","GCAM_SSP5","GCAM","new",0.0248519
2093,"RF_OC","W/m^2","GCAM_SSP5","GCAM","new",0.0256256
2094,"RF_OC","W/m^2","GCAM_SSP5","GCAM","new",0.0263993
2095,"RF_OC","W/m^2","GCAM_SSP5","GCAM","new",0.0271729
2096,"RF_OC","W/m^2","GCAM_SSP5","GCAM","new",0.0279534
2097,"RF_OC","W/m^2","GCAM_SSP5","GCAM","new",0.0287338
2098,"RF_OC","W/m^2","GCAM_SSP5","GCAM","new",0.0295142
2099,"RF_OC","W/m^2","GCAM_SSP5","GCAM","new",0.0302946
2100,"RF_OC","W/m^2","GCAM_SSP5","GCAM","new",0.0310751
1976,"RF_OC","W/m^2","GCAM_SSP1","GCAM","new",-0.0499757
1977,"RF_OC","W/m^2","GCAM_SSP1","GCAM","new",-0.0496707
1978,"RF_OC","W/m^2","GCAM_SSP1","GCAM","new",-0.0534678
1979,"RF_OC","W/m^2","GCAM_SSP1","GCAM","new",-0.0543676
1980,"RF_OC","W/m^2","GCAM_SSP1","GCAM","new",-0.0538574
1981,"RF_OC","W/m^2","GCAM_SSP1","GCAM","new",-0.050718
1982,"RF_OC","W/m^2","GCAM_SSP1","GCAM","new",-0.0726931
1983,"RF_OC","W/m^2","GCAM_SSP1","GCAM","new",-0.0467614
1984,"RF_OC","W/m^2","GCAM_SSP1","GCAM","new",-0.0522082
1985,"RF_OC","W/m^2","GCAM_SSP1","GCAM","new",-0.0552559
1986,"RF_OC","W/m^2","GCAM_SSP1","GCAM","new",-0.0557639
1987,"RF_OC","W/m^2","GCAM_SSP1","GCAM","new",-0.0646941
1988,"RF_OC","W/m^2","GCAM_SSP1","GCAM","new",-0.0636968
1989,"RF_OC","W/m^2","GCAM_SSP1","GCAM","new",-0.0580128
1990,"RF_OC","W/m^2","GCAM_SSP1","GCAM","new",-0.0638456
1991,"RF_OC","W/m^2","GCAM_SSP1","GCAM","new",-0.110718
1992,"RF_OC","W/m^2","GCAM_SSP1","GCAM","new",-0.0582826
1993,"RF_OC","W/m^2","GCAM_SSP1","GCAM","new",-0.0667016
1994,"RF_OC","W/m^2","GCAM_SSP1","GCAM","new",-0.0994279
1995,"RF_OC","W/m^2","GCAM_SSP1","GCAM","new",-0.0756629
1996,"RF_OC","W/m^2","GCAM_SSP1","GCAM","new",-0.0686103
1997,"RF_OC","W/m^2","GCAM_SSP1","GCAM","new",-0.132492
1998,"RF_OC","W/m^2","GCAM_SSP1","GCAM","new",-0.128344
1999,"RF_OC","W/m^2","GCAM_SSP1","GCAM","new",-0.0787767
2000,"RF_OC","W/m^2","GCAM_SSP1","GCAM","new",-0.0613337
2001,"RF_OC","W/m^2","GCAM_SSP1","GCAM","new",-0.0591595
2002,"RF_OC","W/m^2","GCAM_SSP1","GCAM","new",-0.0973602
2003,"RF_OC","W/m^2","GCAM_SSP1","GCAM","new",-0.0992095
2004,"RF_OC","W/m^2","GCAM_SSP1","GCAM","new",-0.0838398
2005,"RF_OC","W/m^2","GCAM_SSP1","GCAM","new",-0.0848702
2006,"RF_OC","W/m^2","GCAM_SSP1","GCAM","new",-0.0938922
2007,"RF_OC","W/m^2","GCAM_SSP1","GCAM","new",-0.0843167
2008,"RF_OC","W/m^2","GCAM_SSP1","GCAM","new",-0.0727087
2009,"RF_OC","W/m^2","GCAM_SSP1","GCAM","new",-0.0709246
2010,"RF_OC","W/m^2","GCAM_SSP1","GCAM","new",-0.0883622
2011,"RF_OC","W/m^2","GCAM_SSP1","GCAM","new",-0.0711354
2012,"RF_OC","W/m^2","GCAM_SSP1","GCAM","new",-0.0915543
2013,"RF_OC","W/m^2","GCAM_SSP1","GCAM","new",-0.072667
2014,"RF_OC","W/m^2","GCAM_SSP1","GCAM","new",-0.0916311
2015,"RF_OC","W/m^2","GCAM_SSP1","GCAM","new",-0.106694
2016,"RF_OC","W/m^2","GCAM_SSP1","GCAM","new",-0.0754491
2017,"RF_OC","W/m^2","GCAM_SSP1","GCAM","new",-0.0870719
2018,"RF_OC","W/m^2","GCAM_SSP1","GCAM","new",-0.0806936
2019,"RF_OC","W/m^2","GCAM_SSP1","GCAM","new",-0.120107
2020,"RF_OC","W/m^2","GCAM_SSP1","GCAM","new",-0.0894454
2021,"RF_OC","W/m^2","GCAM_SSP1","GCAM","new",-0.138693
2022,"RF_OC","W/m^2","GCAM_SSP1","GCAM","new",-0.0639225
2023,"RF_OC","W/m^2","GCAM_SSP1","GCAM","new",-0.0919488
2024,"RF_OC","W/m^2","GCAM_SSP1","GCAM","new",-0.0732483
2025,"RF_OC","W/m^2","GCAM_SSP1","GCAM","new",-0.0545479
2026,"RF_OC","W/m^2","GCAM_SSP1","GCAM","new",-0.0524907
2027,"RF_OC","W/m^2","GCAM_SSP1","GCAM","new",-0.0504335
2028,"RF_OC","W/m^2","GCAM_SSP1","GCAM","new",-0.0483764
2029,"RF_OC","W/m^2","GCAM_SSP1","GCAM","new",-0.0463192
2030,"RF_OC","W/m^2","GCAM_SSP1","GCAM","new",-0.044262
2031,"RF_OC","W/m^2","GCAM_SSP1","GCAM","new",-0.0426726
2032,"RF_OC","W/m^2","GCAM_SSP1","GCAM","new",-0.0410832
2033,"RF_OC","W/m^2","GCAM_SSP1","GCAM","new",-0.0394938
2034,"RF_OC","W/m^2","GCAM_SSP1","GCAM","new",-0.0379044
2035,"RF_OC","W/m^2","GCAM_SSP1","GCAM","new",-0.0363149
2036,"RF_OC","W/m^2","GCAM_SSP1","GCAM","new",-0.0354949
2037,"RF_OC","W/m^2","GCAM_SSP1","GCAM","new",-0.034675
2038,"RF_OC","W/m^2","GCAM_SSP1","GCAM","new",-0.033855
2039,"RF_OC","W/m^2","GCAM_SSP1","GCAM","new",-0.033035
2040,"RF_OC","W/m^2","GCAM_SSP1","GCAM","new",-0.032215
2041,"RF_OC","W/m^2","GCAM_SSP1","GCAM","new",-0.0311602
2042,"RF_OC","W/m^2","GCAM_SSP1","GCAM","new",-0.0301054
2043,"RF_OC","W/m^2","GCAM_SSP1","GCAM","new",-0.0290507
2044,"RF_OC","W/m^2","GCAM_SSP1","GCAM","new",-0.0279959
2045,"RF_OC","W/m^2","GCAM_SSP1","GCAM","new",-0.0269411
2046,"RF_OC","W/m^2","GCAM_SSP1","GCAM","new",-0.0257366
2047,"RF_OC","W/m^2","GCAM_SSP1","GCAM","new",-0.0245321
2048,"RF_OC","W/m^2","GCAM_SSP1","GCAM","new",-0.0233277
2049,"RF_OC","W/m^2","GCAM_SSP1","GCAM","new",-0.0221232
2050,"RF_OC","W/m^2","GCAM_SSP1","GCAM","new",-0.0209187
2051,"RF_OC","W/m^2","GCAM_SSP1","GCAM","new",-0.0201621
2052,"RF_OC","W/m^2","GCAM_SSP1","GCAM","new",-0.0194054
2053,"RF_OC","W/m^2","GCAM_SSP1","GCAM","new",-0.0186488
2054,"RF_OC","W/m^2","GCAM_SSP1","GCAM","new",-0.0178921
2055,"RF_OC","W/m^2","GCAM_SSP1","GCAM","new",-0.0171355
2056,"RF_OC","W/m^2","GCAM_SSP1","GCAM","new",-0.0161882
2057,"RF_OC","W/m^2","GCAM_SSP1","GCAM","new",-0.0152409
2058,"RF_OC","W/m^2","GCAM_SSP1","GCAM","new",-0.0142936
2059,"RF_OC","W/m^2","GCAM_SSP1","GCAM","new",-0.0133463
2060,"RF_OC","W/m^2","GCAM_SSP1","GCAM","new",-0.012399
2061,"RF_OC","W/m^2","GCAM_SSP1","GCAM","new",-0.0113832
2062,"RF_OC","W/m^2","GCAM_SSP1","GCAM","new",-0.0103674
2063,"RF_OC","W/m^2","GCAM_SSP1","GCAM","new",-0.00935162
2064,"RF_OC","W/m^2","GCAM_SSP1","GCAM","new",-0.00833581
2065,"RF_OC","W/m^2","GCAM_SSP1","GCAM","new",-0.00732001
2066,"RF_OC","W/m^2","GCAM_SSP1","GCAM","new",-0.00640221
2067,"RF_OC","W/m^2","GCAM_SSP1","GCAM","new",-0.0054844
2068,"RF_OC","W/m^2","GCAM_SSP1","GCAM","new",-0.0045666
2069,"RF_OC","W/m^2","GCAM_SSP1","GCAM","new",-0.00364879
2070,"RF_OC","W/m^2","GCAM_SSP1","GCAM","new",-0.00273098
2071,"RF_OC","W/m^2","GCAM_SSP1","GCAM","new",-0.0018445
2072,"RF_OC","W/m^2","GCAM_SSP1","GCAM","new",-0.000958016
2073,"RF_OC","W/m^2","GCAM_SSP1","GCAM","new",-7.15325e-05
2074,"RF_OC","W/m^2","GCAM_SSP1","GCAM","new",0.000814951
2075,"RF_OC","W/m^2","GCAM_SSP1","GCAM","new",0.00170144
2076,"RF_OC","W/m^2","GCAM_SSP1","GCAM","new",0.00253271
2077,"RF_OC","W/m^2","GCAM_SSP1","GCAM","new",0.00336399
2078,"RF_OC","W/m^2","GCAM_SSP1","GCAM","new",0.00419527
2079,"RF_OC","W/m^2","GCAM_SSP1","GCAM","new",0.00502654
2080,"RF_OC","W/m^2","GCAM_SSP1","GCAM","new",0.00585782
2081,"RF_OC","W/m^2","GCAM_SSP1","GCAM","new",0.00658443
2082,"RF_OC","W/m^2","GCAM_SSP1","GCAM","new",0.00731103
2083,"RF_OC","W/m^2","GCAM_SSP1","GCAM","new",0.00803764
2084,"RF_OC","W/m^2","GCAM_SSP1","GCAM","new",0.00876425
2085,"RF_OC","W/m^2","GCAM_SSP1","GCAM","new",0.00949086
2086,"RF_OC","W/m^2","GCAM_SSP1","GCAM","new",0.0101741
2087,"RF_OC","W/m^2","GCAM_SSP1","GCAM","new",0.0108574
2088,"RF_OC","W/m^2","GCAM_SSP1","GCAM","new",0.0115407
2089,"RF_OC","W/m^2","GCAM_SSP1","GCAM","new",0.012224
2090,"RF_OC","W/m^2","GCAM_SSP1","GCAM","new",0.0129073
2091,"RF_OC","W/m^2","GCAM_SSP1","GCAM","new",0.0134987
2092,"RF_OC","W/m^2","GCAM_SSP1","GCAM","new",0.0140902
2093,"RF_OC","W/m^2","GCAM_SSP1","GCAM","new",0.0146816
2094,"RF_OC","W/m^2","GCAM_SSP1","GCAM","new",0.0152731
2095,"RF_OC","W/m^2","GCAM_SSP1","GCAM","new",0.0158645
2096,"RF_OC","W/m^2","GCAM_SSP1","GCAM","new",0.0163449
2097,"RF_OC","W/m^2","GCAM_SSP1","GCAM","new",0.0168253
2098,"RF_OC","W/m^2","GCAM_SSP1","GCAM","new",0.0173057
2099,"RF_OC","W/m^2","GCAM_SSP1","GCAM","new",0.017786
2100,"RF_OC","W/m^2","GCAM_SSP1","GCAM","new",0.0182664
1976,"RF_OC","W/m^2","GCAM_SSP2","GCAM","new",-0.0499757
1977,"RF_OC","W/m^2","GCAM_SSP2","GCAM","new",-0.0496707
1978,"RF_OC","W/m^2","GCAM_SSP2","GCAM","new",-0.0534678
1979,"RF_OC","W/m^2","GCAM_SSP2","GCAM","new",-0.0543676
1980,"RF_OC","W/m^2","GCAM_SSP2","GCAM","new",-0.0538574
1981,"RF_OC","W/m^2","GCAM_SSP2","GCAM","new",-0.050718
1982,"RF_OC","W/m^2","GCAM_SSP2","GCAM","new",-0.0726931
1983,"RF_OC","W/m^2","GCAM_SSP2","GCAM","new",-0.0467614
1984,"RF_OC","W/m^2","GCAM_SSP2","GCAM","new",-0.0522082
1985,"RF_OC","W/m^2","GCAM_SSP2","GCAM","new",-0.0552559
1986,"RF_OC","W/m^2","GCAM_SSP2","GCAM","new",-0.0557639
1987,"RF_OC","W/m^2","GCAM_SSP2","GCAM","new",-0.0646941
1988,"RF_OC","W/m^2","GCAM_SSP2","GCAM","new",-0.0636968
1989,"RF_OC","W/m^2","GCAM_SSP2","GCAM","new",-0.0580128
1990,"RF_OC","W/m^2","GCAM_SSP2","GCAM","new",-0.0638456
1991,"RF_OC","W/m^2","GCAM_SSP2","GCAM","new",-0.110718
1992,"RF_OC","W/m^2","GCAM_SSP2","GCAM","new",-0.0582826
1993,"RF_OC","W/m^2","GCAM_SSP2","GCAM","new",-0.0667016
1994,"RF_OC","W/m^2","GCAM_SSP2","GCAM","new",-0.0994279
1995,"RF_OC","W/m^2","GCAM_SSP2","GCAM","new",-0.0756629
1996,"RF_OC","W/m^2","GCAM_SSP2","GCAM","new",-0.0686103
1997,"RF_OC","W/m^2","GCAM_SSP2","GCAM","new",-0.132492
1998,"RF_OC","W/m^2","GCAM_SSP2","GCAM","new",-0.128344
1999,"RF_OC","W/m^2","GCAM_SSP2","GCAM","new",-0.0787767
2000,"RF_OC","W/m^2","GCAM_SSP2","GCAM","new",-0.0613337
2001,"RF_OC","W/m^2","GCAM_SSP2","GCAM","new",-0.0591595
2002,"RF_OC","W/m^2","GCAM_SSP2","GCAM","new",-0.0973602
2003,"RF_OC","W/m^2","GCAM_SSP2","GCAM","new",-0.0992095
2004,"RF_OC","W/m^2","GCAM_SSP2","GCAM","new",-0.0838398
2005,"RF_OC","W/m^2","GCAM_SSP2","GCAM","new",-0.0848702
2006,"RF_OC","W/m^2","GCAM_SSP2","GCAM","new",-0.0938922
2007,"RF_OC","W/m^2","GCAM_SSP2","GCAM","new",-0.0843167
2008,"RF_OC","W/m^2","GCAM_SSP2","GCAM","new",-0.0727087
2009,"RF_OC","W/m^2","GCAM_SSP2","GCAM","new",-0.0709246
2010,"RF_OC","W/m^2","GCAM_SSP2","GCAM","new",-0.0883622
2011,"RF_OC","W/m^2","GCAM_SSP2","GCAM","new",-0.0711354
2012,"RF_OC","W/m^2","GCAM_SSP2","GCAM","new",-0.0915543
2013,"RF_OC","W/m^2","GCAM_SSP2","GCAM","new",-0.072667
2014,"RF_OC","W/m^2","GCAM_SSP2","GCAM","new",-0.0916311
2015,"RF_OC","W/m^2","GCAM_SSP2","GCAM","new",-0.106694
2016,"RF_OC","W/m^2","GCAM_SSP2","GCAM","new",-0.0754491
2017,"RF_OC","W/m^2","GCAM_SSP2","GCAM","new",-0.0870719
2018,"RF_OC","W/m^2","GCAM_SSP2","GCAM","new",-0.0806936
2019,"RF_OC","W/m^2","GCAM_SSP2","GCAM","new",-0.120107
2020,"RF_OC","W/m^2","GCAM_SSP2","GCAM","new",-0.0894454
2021,"RF_OC","W/m^2","GCAM_SSP2","GCAM","new",-0.138693
2022,"RF_OC","W/m^2","GCAM_SSP2","GCAM","new",-0.0639225
2023,"RF_OC","W/m^2","GCAM_SSP2","GCAM","new",-0.0919488
2024,"RF_OC","W/m^2","GCAM_SSP2","GCAM","new",-0.0756898
2025,"RF_OC","W/m^2","GCAM_SSP2","GCAM","new",-0.0594308
2026,"RF_OC","W/m^2","GCAM_SSP2","GCAM","new",-0.0573468
2027,"RF_OC","W/m^2","GCAM_SSP2","GCAM","new",-0.0552629
2028,"RF_OC","W/m^2","GCAM_SSP2","GCAM","new",-0.0531789
2029,"RF_OC","W/m^2","GCAM_SSP2","GCAM","new",-0.0510949
2030,"RF_OC","W/m^2","GCAM_SSP2","GCAM","new",-0.049011
2031,"RF_OC","W/m^2","GCAM_SSP2","GCAM","new",-0.047316
2032,"RF_OC","W/m^2","GCAM_SSP2","GCAM","new",-0.0456211
2033,"RF_OC","W/m^2","GCAM_SSP2","GCAM","new",-0.0439262
2034,"RF_OC","W/m^2","GCAM_SSP2","GCAM","new",-0.0422313
2035,"RF_OC","W/m^2","GCAM_SSP2","GCAM","new",-0.0405364
2036,"RF_OC","W/m^2","GCAM_SSP2","GCAM","new",-0.0395031
2037,"RF_OC","W/m^2","GCAM_SSP2","GCAM","new",-0.0384699
2038,"RF_OC","W/m^2","GCAM_SSP2","GCAM","new",-0.0374366
2039,"RF_OC","W/m^2","GCAM_SSP2","GCAM","new",-0.0364034
2040,"RF_OC","W/m^2","GCAM_SSP2","GCAM","new",-0.0353701
2041,"RF_OC","W/m^2","GCAM_SSP2","GCAM","new",-0.0340789
2042,"RF_OC","W/m^2","GCAM_SSP2","GCAM","new",-0.0327878
2043,"RF_OC","W/m^2","GCAM_SSP2","GCAM","new",-0.0314966
2044,"RF_OC","W/m^2","GCAM_SSP2","GCAM","new",-0.0302054
2045,"RF_OC","W/m^2","GCAM_SSP2","GCAM","new",-0.0289143
2046,"RF_OC","W/m^2","GCAM_SSP2","GCAM","new",-0.0275869
2047,"RF_OC","W/m^2","GCAM_SSP2","GCAM","new",-0.0262596
2048,"RF_OC","W/m^2","GCAM_SSP2","GCAM","new",-0.0249323
2049,"RF_OC","W/m^2","GCAM_SSP2","GCAM","new",-0.023605
2050,"RF_OC","W/m^2","GCAM_SSP2","GCAM","new",-0.0222776
2051,"RF_OC","W/m^2","GCAM_SSP2","GCAM","new",-0.0216021
2052,"RF_OC","W/m^2","GCAM_SSP2","GCAM","new",-0.0209265
2053,"RF_OC","W/m^2","GCAM_SSP2","GCAM","new",-0.0202509
2054,"RF_OC","W/m^2","GCAM_SSP2","GCAM","new",-0.0195754
2055,"RF_OC","W/m^2","GCAM_SSP2","GCAM","new",-0.0188998
2056,"RF_OC","W/m^2","GCAM_SSP2","GCAM","new",-0.0180944
2057,"RF_OC","W/m^2","GCAM_SSP2","GCAM","new",-0.0172889
2058,"RF_OC","W/m^2","GCAM_SSP2","GCAM","new",-0.0164835
2059,"RF_OC","W/m^2","GCAM_SSP2","GCAM","new",-0.015678
2060,"RF_OC","W/m^2","GCAM_SSP2","GCAM","new",-0.0148725
2061,"RF_OC","W/m^2","GCAM_SSP2","GCAM","new",-0.014046
2062,"RF_OC","W/m^2","GCAM_SSP2","GCAM","new",-0.0132195
2063,"RF_OC","W/m^2","GCAM_SSP2","GCAM","new",-0.0123929
2064,"RF_OC","W/m^2","GCAM_SSP2","GCAM","new",-0.0115664
2065,"RF_OC","W/m^2","GCAM_SSP2","GCAM","new",-0.0107398
2066,"RF_OC","W/m^2","GCAM_SSP2","GCAM","new",-0.00993677
2067,"RF_OC","W/m^2","GCAM_SSP2","GCAM","new",-0.00913373
2068,"RF_OC","W/m^2","GCAM_SSP2","GCAM","new",-0.00833069
2069,"RF_OC","W/m^2","GCAM_SSP2","GCAM","new",-0.00752765
2070,"RF_OC","W/m^2","GCAM_SSP2","GCAM","new",-0.00672461
2071,"RF_OC","W/m^2","GCAM_SSP2","GCAM","new",-0.00591475
2072,"RF_OC","W/m^2","GCAM_SSP2","GCAM","new",-0.00510489
2073,"RF_OC","W/m^2","GCAM_SSP2","GCAM","new",-0.00429503
2074,"RF_OC","W/m^2","GCAM_SSP2","GCAM","new",-0.00348518
2075,"RF_OC","W/m^2","GCAM_SSP2","GCAM","new",-0.00267532
2076,"RF_OC","W/m^2","GCAM_SSP2","GCAM","new",-0.00182721
2077,"RF_OC","W/m^2","GCAM_SSP2","GCAM","new",-0.000979102
2078,"RF_OC","W/m^2","GCAM_SSP2","GCAM","new",-0.000130993
2079,"RF_OC","W/m^2","GCAM_SSP2","GCAM","new",0.000717115
2080,"RF_OC","W/m^2","GCAM_SSP2","GCAM","new",0.00156522
2081,"RF_OC","W/m^2","GCAM_SSP2","GCAM","new",0.00236278
2082,"RF_OC","W/m^2","GCAM_SSP2","GCAM","new",0.00316033
2083,"RF_OC","W/m^2","GCAM_SSP2","GCAM","new",0.00395788
2084,"RF_OC","W/m^2","GCAM_SSP2","GCAM","new",0.00475544
2085,"RF_OC","W/m^2","GCAM_SSP2","GCAM","new",0.00555299
2086,"RF_OC","W/m^2","GCAM_SSP2","GCAM","new",0.00632128
2087,"RF_OC","W/m^2","GCAM_SSP2","GCAM","new",0.00708956
2088,"RF_OC","W/m^2","GCAM_SSP2","GCAM","new",0.00785785
2089,"RF_OC","W/m^2","GCAM_SSP2","GCAM","new",0.00862613
2090,"RF_OC","W/m^2","GCAM_SSP2","GCAM","new",0.00939442
2091,"RF_OC","W/m^2","GCAM_SSP2","GCAM","new",0.0101081
2092,"RF_OC","W/m^2","GCAM_SSP2","GCAM","new",0.0108218
2093,"RF_OC","W/m^2","GCAM_SSP2","GCAM","new",0.0115354
2094,"RF_OC","W/m^2","GCAM_SSP2","GCAM","new",0.0122491
2095,"RF_OC","W/m^2","GCAM_SSP2","GCAM","new",0.0129628
2096,"RF_OC","W/m^2","GCAM_SSP2","GCAM","new",0.013629
2097,"RF_OC","W/m^2","GCAM_SSP2","GCAM","new",0.0142952
2098,"RF_OC","W/m^2","GCAM_SSP2","GCAM","new",0.0149614
2099,"RF_OC","W/m^2","GCAM_SSP2","GCAM","new",0.0156276
2100,"RF_OC","W/m^2","GCAM_SSP2","GCAM","new",0.0162938
1976,"RF_OC","W/m^2","GCAM_SSP3","GCAM","new",-0.0499757
1977,"RF_OC","W/m^2","GCAM_SSP3","GCAM","new",-0.0496707
1978,"RF_OC","W/m^2","GCAM_SSP3","GCAM","new",-0.0534678
1979,"RF_OC","W/m^2","GCAM_SSP3","GCAM","new",-0.0543676
1980,"RF_OC","W/m^2","GCAM_SSP3","GCAM","new",-0.0538574
1981,"RF_OC","W/m^2","GCAM_SSP3","GCAM","new",-0.050718
1982,"RF_OC","W/m^2","GCAM_SSP3","GCAM","new",-0.0726931
1983,"RF_OC","W/m^2","GCAM_SSP3","GCAM","new",-0.0467614
1984,"RF_OC","W/m^2","GCAM_SSP3","GCAM","new",-0.0522082
1985,"RF_OC","W/m^2","GCAM_SSP3","GCAM","new",-0.0552559
1986,"RF_OC","W/m^2","GCAM_SSP3","GCAM","new",-0.0557639
1987,"RF_OC","W/m^2","GCAM_SSP3","GCAM","new",-0.0646941
1988,"RF_OC","W/m^2","GCAM_SSP3","GCAM","new",-0.0636968
1989,"RF_OC","W/m^2","GCAM_SSP3","GCAM","new",-0.0580128
1990,"RF_OC","W/m^2","GCAM_SSP3","GCAM","new",-0.0638456
1991,"RF_OC","W/m^2","GCAM_SSP3","GCAM","new",-0.110718
1992,"RF_OC","W/m^2","GCAM_SSP3","GCAM","new",-0.0582826
1993,"RF_OC","W/m^2","GCAM_SSP3","GCAM","new",-0.0667016
1994,"RF_OC","W/m^2","GCAM_SSP3","GCAM","new",-0.0994279
1995,"RF_OC","W/m^2","GCAM_SSP3","GCAM","new",-0.0756629
1996,"RF_OC","W/m^2","GCAM_SSP3","GCAM","new",-0.0686103
1997,"RF_OC","W/m^2","GCAM_SSP3","GCAM","new",-0.132492
1998,"RF_OC","W/m^2","GCAM_SSP3","GCAM","new",-0.128344
1999,"RF_OC","W/m^2","GCAM_SSP3","GCAM","new",-0.0787767
2000,"RF_OC","W/m^2","GCAM_SSP3","GCAM","new",-0.0613337
2001,"RF_OC","W/m^2","GCAM_SSP3","GCAM","new",-0.0591595
2002,"RF_OC","W/m^2","GCAM_SSP3","GCAM","new",-0.0973602
2003,"RF_OC","W/m^2","GCAM_SSP3","GCAM","new",-0.0992095
2004,"RF_OC","W/m^2","GCAM_SSP3","GCAM","new",-0.0838398
2005,"RF_OC","W/m^2","GCAM_SSP3","GCAM","new",-0.0848702
2006,"RF_OC","W/m^2","GCAM_SSP3","GCAM","new",-0.0938922
2007,"RF_OC","W/m^2","GCAM_SSP3","GCAM","new",-0.0843167
2008,"RF_OC","W/m^2","GCAM_SSP3","GCAM","new",-0.0727087
2009,"RF_OC","W/m^2","GCAM_SSP3","GCAM","new",-0.0709246
2010,"RF_OC","W/m^2","GCAM_SSP3","GCAM","new",-0.0883622
2011,"RF_OC","W/m^2","GCAM_SSP3","GCAM","new",-0.0711354
2012,"RF_OC","W/m^2","GCAM_SSP3","GCAM","new",-0.0915543
2013,"RF_OC","W/m^2","GCAM_SSP3","GCAM","new",-0.072667
2014,"RF_OC","W/m^2","GCAM_SSP3","GCAM","new",-0.0916311
2015,"RF_OC","W/m^2","GCAM_SSP3","GCAM","new",-0.106694
2016,"RF_OC","W/m^2","GCAM_SSP3","GCAM","new",-0.0754491
2017,"RF_OC","W/m^2","GCAM_SSP3","GCAM","new",-0.0870719
2018,"RF_OC","W/m^2","GCAM_SSP3","GCAM","new",-0.0806936
2019,"RF_OC","W/m^2","GCAM_SSP3","GCAM","new",-0.120107
2020,"RF_OC","W/m^2","GCAM_SSP3","GCAM","new",-0.0894454
2021,"RF_OC","W/m^2","GCAM_SSP3","GCAM","new",-0.138693
2022,"RF_OC","W/m^2","GCAM_SSP3","GCAM","new",-0.0639225
2023,"RF_OC","W/m^2","GCAM_SSP3","GCAM","new",-0.0919488
2024,"RF_OC","W/m^2","GCAM_SSP3","GCAM","new",-0.0768292
2025,"RF_OC","W/m^2","GCAM_SSP3","GCAM","new",-0.0617096
2026,"RF_OC","W/m^2","GCAM_SSP3","GCAM","new",-0.0599131
2027,"RF_OC","W/m^2","GCAM_SSP3","GCAM","new",-0.0581165
2028,"RF_OC","W/m^2","GCAM_SSP3","GCAM","new",-0.0563199
2029,"RF_OC","W/m^2","GCAM_SSP3","GCAM","new",-0.0545234
2030,"RF_OC","W/m^2","GCAM_SSP3","GCAM","new",-0.0527268
2031,"RF_OC","W/m^2","GCAM_SSP3","GCAM","new",-0.0513185
2032,"RF_OC","W/m^2","GCAM_SSP3","GCAM","new",-0.0499101
2033,"RF_OC","W/m^2","GCAM_SSP3","GCAM","new",-0.0485017
2034,"RF_OC","W/m^2","GCAM_SSP3","GCAM","new",-0.0470933
2035,"RF_OC","W/m^2","GCAM_SSP3","GCAM","new",-0.045685
2036,"RF_OC","W/m^2","GCAM_SSP3","GCAM","new",-0.0449223
2037,"RF_OC","W/m^2","GCAM_SSP3","GCAM","new",-0.0441597
2038,"RF_OC","W/m^2","GCAM_SSP3","GCAM","new",-0.0433971
2039,"RF_OC","W/m^2","GCAM_SSP3","GCAM","new",-0.0426344
2040,"RF_OC","W/m^2","GCAM_SSP3","GCAM","new",-0.0418718
2041,"RF_OC","W/m^2","GCAM_SSP3","GCAM","new",-0.0409304
2042,"RF_OC","W/m^2","GCAM_SSP3","GCAM","new",-0.0399889
2043,"RF_OC","W/m^2","GCAM_SSP3","GCAM","new",-0.0390475
2044,"RF_OC","W/m^2","GCAM_SSP3","GCAM","new",-0.0381061
2045,"RF_OC","W/m^2","GCAM_SSP3","GCAM","new",-0.0371646
2046,"RF_OC","W/m^2","GCAM_SSP3","GCAM","new",-0.036371
2047,"RF_OC","W/m^2","GCAM_SSP3","GCAM","new",-0.0355773
2048,"RF_OC","W/m^2","GCAM_SSP3","GCAM","new",-0.0347836
2049,"RF_OC","W/m^2","GCAM_SSP3","GCAM","new",-0.03399
2050,"RF_OC","W/m^2","GCAM_SSP3","GCAM","new",-0.0331963
2051,"RF_OC","W/m^2","GCAM_SSP3","GCAM","new",-0.032515
2052,"RF_OC","W/m^2","GCAM_SSP3","GCAM","new",-0.0318336
2053,"RF_OC","W/m^2","GCAM_SSP3","GCAM","new",-0.0311523
2054,"RF_OC","W/m^2","GCAM_SSP3","GCAM","new",-0.030471
2055,"RF_OC","W/m^2","GCAM_SSP3","GCAM","new",-0.0297897
2056,"RF_OC","W/m^2","GCAM_SSP3","GCAM","new",-0.0291208
2057,"RF_OC","W/m^2","GCAM_SSP3","GCAM","new",-0.028452
2058,"RF_OC","W/m^2","GCAM_SSP3","GCAM","new",-0.0277832
2059,"RF_OC","W/m^2","GCAM_SSP3","GCAM","new",-0.0271143
2060,"RF_OC","W/m^2","GCAM_SSP3","GCAM","new",-0.0264455
2061,"RF_OC","W/m^2","GCAM_SSP3","GCAM","new",-0.0257217
2062,"RF_OC","W/m^2","GCAM_SSP3","GCAM","new",-0.024998
2063,"RF_OC","W/m^2","GCAM_SSP3","GCAM","new",-0.0242743
2064,"RF_OC","W/m^2","GCAM_SSP3","GCAM","new",-0.0235506
2065,"RF_OC","W/m^2","GCAM_SSP3","GCAM","new",-0.0228269
2066,"RF_OC","W/m^2","GCAM_SSP3","GCAM","new",-0.0221626
2067,"RF_OC","W/m^2","GCAM_SSP3","GCAM","new",-0.0214983
2068,"RF_OC","W/m^2","GCAM_SSP3","GCAM","new",-0.020834
2069,"RF_OC","W/m^2","GCAM_SSP3","GCAM","new",-0.0201698
2070,"RF_OC","W/m^2","GCAM_SSP3","GCAM","new",-0.0195055
2071,"RF_OC","W/m^2","GCAM_SSP3","GCAM","new",-0.0187863
2072,"RF_OC","W/m^2","GCAM_SSP3","GCAM","new",-0.018067
2073,"RF_OC","W/m^2","GCAM_SSP3","GCAM","new",-0.0173478
2074,"RF_OC","W/m^2","GCAM_SSP3","GCAM","new",-0.0166286
2075,"RF_OC","W/m^2","GCAM_SSP3","GCAM","new",-0.0159094
2076,"RF_OC","W/m^2","GCAM_SSP3","GCAM","new",-0.0152711
2077,"RF_OC","W/m^2","GCAM_SSP3","GCAM","new",-0.0146328
2078,"RF_OC","W/m^2","GCAM_SSP3","GCAM","new",-0.0139946
2079,"RF_OC","W/m^2","GCAM_SSP3","GCAM","new",-0.0133563
2080,"RF_OC","W/m^2","GCAM_SSP3","GCAM","new",-0.012718
2081,"RF_OC","W/m^2","GCAM_SSP3","GCAM","new",-0.0121802
2082,"RF_OC","W/m^2","GCAM_SSP3","GCAM","new",-0.0116424
2083,"RF_OC","W/m^2","GCAM_SSP3","GCAM","new",-0.0111046
2084,"RF_OC","W/m^2","GCAM_SSP3","GCAM","new",-0.0105668
2085,"RF_OC","W/m^2","GCAM_SSP3","GCAM","new",-0.010029
2086,"RF_OC","W/m^2","GCAM_SSP3","GCAM","new",-0.0095792
2087,"RF_OC","W/m^2","GCAM_SSP3","GCAM","new",-0.00912936
2088,"RF_OC","W/m^2","GCAM_SSP3","GCAM","new",-0.00867951
2089,"RF_OC","W/m^2","GCAM_SSP3","GCAM","new",-0.00822967
2090,"RF_OC","W/m^2","GCAM_SSP3","GCAM","new",-0.00777982
2091,"RF_OC","W/m^2","GCAM_SSP3","GCAM","new",-0.00726857
2092,"RF_OC","W/m^2","GCAM_SSP3","GCAM","new",-0.00675731
2093,"RF_OC","W/m^2","GCAM_SSP3","GCAM","new",-0.00624605
2094,"RF_OC","W/m^2","GCAM_SSP3","GCAM","new",-0.00573479
2095,"RF_OC","W/m^2","GCAM_SSP3","GCAM","new",-0.00522354
2096,"RF_OC","W/m^2","GCAM_SSP3","GCAM","new",-0.0047195
2097,"RF_OC","W/m^2","GCAM_SSP3","GCAM","new",-0.00421546
2098,"RF_OC","W/m^2","GCAM_SSP3","GCAM","new",-0.00371142
2099,"RF_OC","W/m^2","GCAM_SSP3","GCAM","new",-0.00320739
2100,"RF_OC","W/m^2","GCAM_SSP3","GCAM","new",-0.00270335
1976,"RF_H2O_strat","W/m^2","Reference","GCAM","new",0.0348363
1977,"RF_H2O_strat","W/m^2","Reference","GCAM","new",0.0355882
1978,"RF_H2O_strat","W/m^2","Reference","GCAM","new",0.0363169
1979,"RF_H2O_strat","W/m^2","Reference","GCAM","new",0.0370589
1980,"RF_H2O_strat","W/m^2","Reference","GCAM","new",0.0377526
1981,"RF_H2O_strat","W/m^2","Reference","GCAM","new",0.0383532
1982,"RF_H2O_strat","W/m^2","Reference","GCAM","new",0.0391419
1983,"RF_H2O_strat","W/m^2","Reference","GCAM","new",0.0396846
1984,"RF_H2O_strat","W/m^2","Reference","GCAM","new",0.0402313
1985,"RF_H2O_strat","W/m^2","Reference","GCAM","new",0.0407878
1986,"RF_H2O_strat","W/m^2","Reference","GCAM","new",0.0413473
1987,"RF_H2O_strat","W/m^2","Reference","GCAM","new",0.0419029
1988,"RF_H2O_strat","W/m^2","Reference","GCAM","new",0.0423929
1989,"RF_H2O_strat","W/m^2","Reference","GCAM","new",0.0428319
1990,"RF_H2O_strat","W/m^2","Reference","GCAM","new",0.0432302
1991,"RF_H2O_strat","W/m^2","Reference","GCAM","new",0.0440187
1992,"RF_H2O_strat","W/m^2","Reference","GCAM","new",0.0441831
1993,"RF_H2O_strat","W/m^2","Reference","GCAM","new",0.0443405
1994,"RF_H2O_strat","W/m^2","Reference","GCAM","new",0.0448234
1995,"RF_H2O_strat","W/m^2","Reference","GCAM","new",0.0449676
1996,"RF_H2O_strat","W/m^2","Reference","GCAM","new",0.0450984
1997,"RF_H2O_strat","W/m^2","Reference","GCAM","new",0.0459565
1998,"RF_H2O_strat","W/m^2","Reference","GCAM","new",0.0461817
1999,"RF_H2O_strat","W/m^2","Reference","GCAM","new",0.0461462
2000,"RF_H2O_strat","W/m^2","Reference","GCAM","new",0.0460357
2001,"RF_H2O_strat","W/m^2","Reference","GCAM","new",0.0459605
2002,"RF_H2O_strat","W/m^2","Reference","GCAM","new",0.0461269
2003,"RF_H2O_strat","W/m^2","Reference","GCAM","new",0.0462668
2004,"RF_H2O_strat","W/m^2","Reference","GCAM","new",0.0464154
2005,"RF_H2O_strat","W/m^2","Reference","GCAM","new",0.0466029
2006,"RF_H2O_strat","W/m^2","Reference","GCAM","new",0.0469485
2007,"RF_H2O_strat","W/m^2","Reference","GCAM","new",0.0469599
2008,"RF_H2O_strat","W/m^2","Reference","GCAM","new",0.046938
2009,"RF_H2O_strat","W/m^2","Reference","GCAM","new",0.0471057
2010,"RF_H2O_strat","W/m^2","Reference","GCAM","new",0.0473427
2011,"RF_H2O_strat","W/m^2","Reference","GCAM","new",0.0474924
2012,"RF_H2O_strat","W/m^2","Reference","GCAM","new",0.0478048
2013,"RF_H2O_strat","W/m^2","Reference","GCAM","new",0.0480696
2014,"RF_H2O_strat","W/m^2","Reference","GCAM","new",0.0485747
2015,"RF_H2O_strat","W/m^2","Reference","GCAM","new",0.0492514
2016,"RF_H2O_strat","W/m^2","Reference","GCAM","new",0.0495332
2017,"RF_H2O_strat","W/m^2","Reference","GCAM","new",0.049841
2018,"RF_H2O_strat","W/m^2","Reference","GCAM","new",0.0502148
2019,"RF_H2O_strat","W/m^2","Reference","GCAM","new",0.0508087
2020,"RF_H2O_strat","W/m^2","Reference","GCAM","new",0.0511889
2021,"RF_H2O_strat","W/m^2","Reference","GCAM","new",0.0517628
2022,"RF_H2O_strat","W/m^2","Reference","GCAM","new",0.0521036
2023,"RF_H2O_strat","W/m^2","Reference","GCAM","new",0.0525886
2024,"RF_H2O_strat","W/m^2","Reference","GCAM","new",0.0532028
2025,"RF_H2O_strat","W/m^2","Reference","GCAM","new",0.0539421
2026,"RF_H2O_strat","W/m^2","Reference","GCAM","new",0.0546994
2027,"RF_H2O_strat","W/m^2","Reference","GCAM","new",0.0554736
2028,"RF_H2O_strat","W/m^2","Reference","GCAM","new",0.056264
2029,"RF_H2O_strat","W/m^2","Reference","GCAM","new",0.0570697
2030,"RF_H2O_strat","W/m^2","Reference","GCAM","new",0.05789
2031,"RF_H2O_strat","W/m^2","Reference","GCAM","new",0.0587259
2032,"RF_H2O_strat","W/m^2","Reference","GCAM","new",0.0595767
2033,"RF_H2O_strat","W/m^2","Reference","GCAM","new",0.0604417
2034,"RF_H2O_strat","W/m^2","Reference","GCAM","new",0.0613204
2035,"RF_H2O_strat","W/m^2","Reference","GCAM","new",0.0622122
2036,"RF_H2O_strat","W/m^2","Reference","GCAM","new",0.0631074
2037,"RF_H2O_strat","W/m^2","Reference","GCAM","new",0.0640062
2038,"RF_H2O_strat","W/m^2","Reference","GCAM","new",0.0649087
2039,"RF_H2O_strat","W/m^2","Reference","GCAM","new",0.0658149
2040,"RF_H2O_strat","W/m^2","Reference","GCAM","new",0.0667251
2041,"RF_H2O_strat","W/m^2","Reference","GCAM","new",0.0676215
2042,"RF_H2O_strat","W/m^2","Reference","GCAM","new",0.0685052
2043,"RF_H2O_strat","W/m^2","Reference","GCAM","new",0.0693772
2044,"RF_H2O_strat","W/m^2","Reference","GCAM","new",0.0702387
2045,"RF_H2O_strat","W/m^2","Reference","GCAM","new",0.0710906
2046,"RF_H2O_strat","W/m^2","Reference","GCAM","new",0.0719416
2047,"RF_H2O_strat","W/m^2","Reference","GCAM","new",0.072792
2048,"RF_H2O_strat","W/m^2","Reference","GCAM","new",0.0736421
2049,"RF_H2O_strat","W/m^2","Reference","GCAM","new",0.0744921
2050,"RF_H2O_strat","W/m^2","Reference","GCAM","new",0.0753422
2051,"RF_H2O_strat","W/m^2","Reference","GCAM","new",0.0761961
2052,"RF_H2O_strat","W/m^2","Reference","GCAM","new",0.0770536
2053,"RF_H2O_strat","W/m^2","Reference","GCAM","new",0.0779148
2054,"RF_H2O_strat","W/m^2","Reference","GCAM","new",0.0787795
2055,"RF_H2O_strat","W/m^2","Reference","GCAM","new",0.0796479
2056,"RF_H2O_strat","W/m^2","Reference","GCAM","new",0.0805186
2057,"RF_H2O_strat","W/m^2","Reference","GCAM","new",0.0813916
2058,"RF_H2O_strat","W/m^2","Reference","GCAM","new",0.0822671
2059,"RF_H2O_strat","W/m^2","Reference","GCAM","new",0.083145
2060,"RF_H2O_strat","W/m^2","Reference","GCAM","new",0.0840253
2061,"RF_H2O_strat","W/m^2","Reference","GCAM","new",0.0849039
2062,"RF_H2O_strat","W/m^2","Reference","GCAM","new",0.085781
2063,"RF_H2O_strat","W/m^2","Reference","GCAM","new",0.0866568
2064,"RF_H2O_strat","W/m^2","Reference","GCAM","new",0.0875316
2065,"RF_H2O_strat","W/m^2","Reference","GCAM","new",0.0884056
2066,"RF_H2O_strat","W/m^2","Reference","GCAM","new",0.0892726
2067,"RF_H2O_strat","W/m^2","Reference","GCAM","new",0.0901332
2068,"RF_H2O_strat","W/m^2","Reference","GCAM","new",0.0909879
2069,"RF_H2O_strat","W/m^2","Reference","GCAM","new",0.0918373
2070,"RF_H2O_strat","W/m^2","Reference","GCAM","new",0.0926817
2071,"RF_H2O_strat","W/m^2","Reference","GCAM","new",0.0935179
2072,"RF_H2O_strat","W/m^2","Reference","GCAM","new",0.0943466
2073,"RF_H2O_strat","W/m^2","Reference","GCAM","new",0.0951682
2074,"RF_H2O_strat","W/m^2","Reference","GCAM","new",0.0959834
2075,"RF_H2O_strat","W/m^2","Reference","GCAM","new",0.0967926
2076,"RF_H2O_strat","W/m^2","Reference","GCAM","new",0.0975883
2077,"RF_H2O_strat","W/m^2","Reference","GCAM","new",0.0983714
2078,"RF_H2O_strat","W/m^2","Reference","GCAM","new",0.0991428
2079,"RF_H2O_strat","W/m^2","Reference","GCAM","new",0.0999033
2080,"RF_H2O_strat","W/m^2","Reference","GCAM","new",0.100654
2081,"RF_H2O_strat","W/m^2","Reference","GCAM","new",0.101385
2082,"RF_H2O_strat","W/m^2","Reference","GCAM","new",0.102098
2083,"RF_H2O_strat","W/m^2","Reference","GCAM","new",0.102794
2084,"RF_H2O_strat","W/m^2","Reference","GCAM","new",0.103474
2085,"RF_H2O_strat","W/m^2","Reference","GCAM","new",0.10414
2086,"RF_H2O_strat","W/m^2","Reference","GCAM","new",0.104783
2087,"RF_H2O_strat","W/m^2","Reference","GCAM","new",0.105404
2088,"RF_H2O_strat","W/m^2","Reference","GCAM","new",0.106005
2089,"RF_H2O_strat","W/m^2","Reference","GCAM","new",0.106587
2090,"RF_H2O_strat","W/m^2","Reference","GCAM","new",0.107151
2091,"RF_H2O_strat","W/m^2","Reference","GCAM","new",0.107695
2092,"RF_H2O_strat","W/m^2","Reference","GCAM","new",0.10822
2093,"RF_H2O_strat","W/m^2","Reference","GCAM","new",0.108727
2094,"RF_H2O_strat","W/m^2","Reference","GCAM","new",0.109217
2095,"RF_H2O_strat","W/m^2","Reference","GCAM","new",0.109692
2096,"RF_H2O_strat","W/m^2","Reference","GCAM","new",0.110149
2097,"RF_H2O_strat","W/m^2","Reference","GCAM","new",0.11059
2098,"RF_H2O_strat","W/m^2","Reference","GCAM","new",0.111015
2099,"RF_H2O_strat","W/m^2","Reference","GCAM","new",0.111426
2100,"RF_H2O_strat","W/m^2","Reference","GCAM","new",0.111823
1976,"RF_H2O_strat","W/m^2","GCAM_SSP4","GCAM","new",0.0348363
1977,"RF_H2O_strat","W/m^2","GCAM_SSP4","GCAM","new",0.0355882
1978,"RF_H2O_strat","W/m^2","GCAM_SSP4","GCAM","new",0.0363169
1979,"RF_H2O_strat","W/m^2","GCAM_SSP4","GCAM","new",0.0370589
1980,"RF_H2O_strat","W/m^2","GCAM_SSP4","GCAM","new",0.0377526
1981,"RF_H2O_strat","W/m^2","GCAM_SSP4","GCAM","new",0.0383532
1982,"RF_H2O_strat","W/m^2","GCAM_SSP4","GCAM","new",0.0391419
1983,"RF_H2O_strat","W/m^2","GCAM_SSP4","GCAM","new",0.0396846
1984,"RF_H2O_strat","W/m^2","GCAM_SSP4","GCAM","new",0.0402313
1985,"RF_H2O_strat","W/m^2","GCAM_SSP4","GCAM","new",0.0407878
1986,"RF_H2O_strat","W/m^2","GCAM_SSP4","GCAM","new",0.0413473
1987,"RF_H2O_strat","W/m^2","GCAM_SSP4","GCAM","new",0.0419029
1988,"RF_H2O_strat","W/m^2","GCAM_SSP4","GCAM","new",0.0423929
1989,"RF_H2O_strat","W/m^2","GCAM_SSP4","GCAM","new",0.0428319
1990,"RF_H2O_strat","W/m^2","GCAM_SSP4","GCAM","new",0.0432302
1991,"RF_H2O_strat","W/m^2","GCAM_SSP4","GCAM","new",0.0440187
1992,"RF_H2O_strat","W/m^2","GCAM_SSP4","GCAM","new",0.0441831
1993,"RF_H2O_strat","W/m^2","GCAM_SSP4","GCAM","new",0.0443405
1994,"RF_H2O_strat","W/m^2","GCAM_SSP4","GCAM","new",0.0448234
1995,"RF_H2O_strat","W/m^2","GCAM_SSP4","GCAM","new",0.0449676
1996,"RF_H2O_strat","W/m^2","GCAM_SSP4","GCAM","new",0.0450984
1997,"RF_H2O_strat","W/m^2","GCAM_SSP4","GCAM","new",0.0459565
1998,"RF_H2O_strat","W/m^2","GCAM_SSP4","GCAM","new",0.0461817
1999,"RF_H2O_strat","W/m^2","GCAM_SSP4","GCAM","new",0.0461462
2000,"RF_H2O_strat","W/m^2","GCAM_SSP4","GCAM","new",0.0460357
2001,"RF_H2O_strat","W/m^2","GCAM_SSP4","GCAM","new",0.0459605
2002,"RF_H2O_strat","W/m^2","GCAM_SSP4","GCAM","new",0.0461269
2003,"RF_H2O_strat","W/m^2","GCAM_SSP4","GCAM","new",0.0462668
2004,"RF_H2O_strat","W/m^2","GCAM_SSP4","GCAM","new",0.0464154
2005,"RF_H2O_strat","W/m^2","GCAM_SSP4","GCAM","new",0.0466029
2006,"RF_H2O_strat","W/m^2","GCAM_SSP4","GCAM","new",0.0469485
2007,"RF_H2O_strat","W/m^2","GCAM_SSP4","GCAM","new",0.0469599
2008,"RF_H2O_strat","W/m^2","GCAM_SSP4","GCAM","new",0.046938
2009,"RF_H2O_strat","W/m^2","GCAM_SSP4","GCAM","new",0.0471057
2010,"RF_H2O_strat","W/m^2","GCAM_SSP4","GCAM","new",0.0473427
2011,"RF_H2O_strat","W/m^2","GCAM_SSP4","GCAM","new",0.0474924
2012,"RF_H2O_strat","W/m^2","GCAM_SSP4","GCAM","new",0.0478048
2013,"RF_H2O_strat","W/m^2","GCAM_SSP4","GCAM","new",0.0480696
2014,"RF_H2O_strat","W/m^2","GCAM_SSP4","GCAM","new",0.0485747
2015,"RF_H2O_strat","W/m^2","GCAM_SSP4","GCAM","new",0.0492514
2016,"RF_H2O_strat","W/m^2","GCAM_SSP4","GCAM","new",0.0495332
2017,"RF_H2O_strat","W/m^2","GCAM_SSP4","GCAM","new",0.049841
2018,"RF_H2O_strat","W/m^2","GCAM_SSP4","GCAM","new",0.0502148
2019,"RF_H2O_strat","W/m^2","GCAM_SSP4","GCAM","new",0.0508087
2020,"RF_H2O_strat","W/m^2","GCAM_SSP4","GCAM","new",0.0511889
2021,"RF_H2O_strat","W/m^2","GCAM_SSP4","GCAM","new",0.0517628
2022,"RF_H2O_strat","W/m^2","GCAM_SSP4","GCAM","new",0.0521036
2023,"RF_H2O_strat","W/m^2","GCAM_SSP4","GCAM","new",0.0525886
2024,"RF_H2O_strat","W/m^2","GCAM_SSP4","GCAM","new",0.0529538
2025,"RF_H2O_strat","W/m^2","GCAM_SSP4","GCAM","new",0.0532132
2026,"RF_H2O_strat","W/m^2","GCAM_SSP4","GCAM","new",0.0535208
2027,"RF_H2O_strat","W/m^2","GCAM_SSP4","GCAM","new",0.053873
2028,"RF_H2O_strat","W/m^2","GCAM_SSP4","GCAM","new",0.0542665
2029,"RF_H2O_strat","W/m^2","GCAM_SSP4","GCAM","new",0.0546981
2030,"RF_H2O_strat","W/m^2","GCAM_SSP4","GCAM","new",0.0551652
2031,"RF_H2O_strat","W/m^2","GCAM_SSP4","GCAM","new",0.0556671
2032,"RF_H2O_strat","W/m^2","GCAM_SSP4","GCAM","new",0.0562013
2033,"RF_H2O_strat","W/m^2","GCAM_SSP4","GCAM","new",0.0567655
2034,"RF_H2O_strat","W/m^2","GCAM_SSP4","GCAM","new",0.0573579
2035,"RF_H2O_strat","W/m^2","GCAM_SSP4","GCAM","new",0.0579764
2036,"RF_H2O_strat","W/m^2","GCAM_SSP4","GCAM","new",0.0586195
2037,"RF_H2O_strat","W/m^2","GCAM_SSP4","GCAM","new",0.0592857
2038,"RF_H2O_strat","W/m^2","GCAM_SSP4","GCAM","new",0.0599735
2039,"RF_H2O_strat","W/m^2","GCAM_SSP4","GCAM","new",0.0606816
2040,"RF_H2O_strat","W/m^2","GCAM_SSP4","GCAM","new",0.0614089
2041,"RF_H2O_strat","W/m^2","GCAM_SSP4","GCAM","new",0.0621284
2042,"RF_H2O_strat","W/m^2","GCAM_SSP4","GCAM","new",0.0628409
2043,"RF_H2O_strat","W/m^2","GCAM_SSP4","GCAM","new",0.063547
2044,"RF_H2O_strat","W/m^2","GCAM_SSP4","GCAM","new",0.0642474
2045,"RF_H2O_strat","W/m^2","GCAM_SSP4","GCAM","new",0.0649428
2046,"RF_H2O_strat","W/m^2","GCAM_SSP4","GCAM","new",0.0656441
2047,"RF_H2O_strat","W/m^2","GCAM_SSP4","GCAM","new",0.0663513
2048,"RF_H2O_strat","W/m^2","GCAM_SSP4","GCAM","new",0.0670642
2049,"RF_H2O_strat","W/m^2","GCAM_SSP4","GCAM","new",0.0677824
2050,"RF_H2O_strat","W/m^2","GCAM_SSP4","GCAM","new",0.0685059
2051,"RF_H2O_strat","W/m^2","GCAM_SSP4","GCAM","new",0.0692353
2052,"RF_H2O_strat","W/m^2","GCAM_SSP4","GCAM","new",0.0699703
2053,"RF_H2O_strat","W/m^2","GCAM_SSP4","GCAM","new",0.0707107
2054,"RF_H2O_strat","W/m^2","GCAM_SSP4","GCAM","new",0.0714563
2055,"RF_H2O_strat","W/m^2","GCAM_SSP4","GCAM","new",0.072207
2056,"RF_H2O_strat","W/m^2","GCAM_SSP4","GCAM","new",0.0729631
2057,"RF_H2O_strat","W/m^2","GCAM_SSP4","GCAM","new",0.0737244
2058,"RF_H2O_strat","W/m^2","GCAM_SSP4","GCAM","new",0.0744907
2059,"RF_H2O_strat","W/m^2","GCAM_SSP4","GCAM","new",0.0752619
2060,"RF_H2O_strat","W/m^2","GCAM_SSP4","GCAM","new",0.0760378
2061,"RF_H2O_strat","W/m^2","GCAM_SSP4","GCAM","new",0.0768153
2062,"RF_H2O_strat","W/m^2","GCAM_SSP4","GCAM","new",0.0775945
2063,"RF_H2O_strat","W/m^2","GCAM_SSP4","GCAM","new",0.0783755
2064,"RF_H2O_strat","W/m^2","GCAM_SSP4","GCAM","new",0.0791583
2065,"RF_H2O_strat","W/m^2","GCAM_SSP4","GCAM","new",0.079943
2066,"RF_H2O_strat","W/m^2","GCAM_SSP4","GCAM","new",0.0807246
2067,"RF_H2O_strat","W/m^2","GCAM_SSP4","GCAM","new",0.0815035
2068,"RF_H2O_strat","W/m^2","GCAM_SSP4","GCAM","new",0.0822801
2069,"RF_H2O_strat","W/m^2","GCAM_SSP4","GCAM","new",0.0830547
2070,"RF_H2O_strat","W/m^2","GCAM_SSP4","GCAM","new",0.0838275
2071,"RF_H2O_strat","W/m^2","GCAM_SSP4","GCAM","new",0.0845986
2072,"RF_H2O_strat","W/m^2","GCAM_SSP4","GCAM","new",0.0853682
2073,"RF_H2O_strat","W/m^2","GCAM_SSP4","GCAM","new",0.0861366
2074,"RF_H2O_strat","W/m^2","GCAM_SSP4","GCAM","new",0.0869039
2075,"RF_H2O_strat","W/m^2","GCAM_SSP4","GCAM","new",0.0876704
2076,"RF_H2O_strat","W/m^2","GCAM_SSP4","GCAM","new",0.0884328
2077,"RF_H2O_strat","W/m^2","GCAM_SSP4","GCAM","new",0.0891915
2078,"RF_H2O_strat","W/m^2","GCAM_SSP4","GCAM","new",0.0899467
2079,"RF_H2O_strat","W/m^2","GCAM_SSP4","GCAM","new",0.090699
2080,"RF_H2O_strat","W/m^2","GCAM_SSP4","GCAM","new",0.0914486
2081,"RF_H2O_strat","W/m^2","GCAM_SSP4","GCAM","new",0.092193
2082,"RF_H2O_strat","W/m^2","GCAM_SSP4","GCAM","new",0.0929326
2083,"RF_H2O_strat","W/m^2","GCAM_SSP4","GCAM","new",0.093668
2084,"RF_H2O_strat","W/m^2","GCAM_SSP4","GCAM","new",0.0943995
2085,"RF_H2O_strat","W/m^2","GCAM_SSP4","GCAM","new",0.0951275
2086,"RF_H2O_strat","W/m^2","GCAM_SSP4","GCAM","new",0.095856
2087,"RF_H2O_strat","W/m^2","GCAM_SSP4","GCAM","new",0.0965852
2088,"RF_H2O_strat","W/m^2","GCAM_SSP4","GCAM","new",0.0973151
2089,"RF_H2O_strat","W/m^2","GCAM_SSP4","GCAM","new",0.0980457
2090,"RF_H2O_strat","W/m^2","GCAM_SSP4","GCAM","new",0.0987772
2091,"RF_H2O_strat","W/m^2","GCAM_SSP4","GCAM","new",0.0995082
2092,"RF_H2O_strat","W/m^2","GCAM_SSP4","GCAM","new",0.100239
2093,"RF_H2O_strat","W/m^2","GCAM_SSP4","GCAM","new",0.10097
2094,"RF_H2O_strat","W/m^2","GCAM_SSP4","GCAM","new",0.1017
2095,"RF_H2O_strat","W/m^2","GCAM_SSP4","GCAM","new",0.102431
2096,"RF_H2O_strat","W/m^2","GCAM_SSP4","GCAM","new",0.10316
2097,"RF_H2O_strat","W/m^2","GCAM_SSP4","GCAM","new",0.103889
2098,"RF_H2O_strat","W/m^2","GCAM_SSP4","GCAM","new",0.104617
2099,"RF_H2O_strat","W/m^2","GCAM_SSP4","GCAM","new",0.105345
2100,"RF_H2O_strat","W/m^2","GCAM_SSP4","GCAM","new",0.106073
1976,"RF_H2O_strat","W/m^2","GCAM_SSP5","GCAM","new",0.0348363
1977,"RF_H2O_strat","W/m^2","GCAM_SSP5","GCAM","new",0.0355882
1978,"RF_H2O_strat","W/m^2","GCAM_SSP5","GCAM","new",0.0363169
1979,"RF_H2O_strat","W/m^2","GCAM_SSP5","GCAM","new",0.0370589
1980,"RF_H2O_strat","W/m^2","GCAM_SSP5","GCAM","new",0.0377526
1981,"RF_H2O_strat","W/m^2","GCAM_SSP5","GCAM","new",0.0383532
1982,"RF_H2O_strat","W/m^2","GCAM_SSP5","GCAM","new",0.0391419
1983,"RF_H2O_strat","W/m^2","GCAM_SSP5","GCAM","new",0.0396846
1984,"RF_H2O_strat","W/m^2","GCAM_SSP5","GCAM","new",0.0402313
1985,"RF_H2O_strat","W/m^2","GCAM_SSP5","GCAM","new",0.0407878
1986,"RF_H2O_strat","W/m^2","GCAM_SSP5","GCAM","new",0.0413473
1987,"RF_H2O_strat","W/m^2","GCAM_SSP5","GCAM","new",0.0419029
1988,"RF_H2O_strat","W/m^2","GCAM_SSP5","GCAM","new",0.0423929
1989,"RF_H2O_strat","W/m^2","GCAM_SSP5","GCAM","new",0.0428319
1990,"RF_H2O_strat","W/m^2","GCAM_SSP5","GCAM","new",0.0432302
1991,"RF_H2O_strat","W/m^2","GCAM_SSP5","GCAM","new",0.0440187
1992,"RF_H2O_strat","W/m^2","GCAM_SSP5","GCAM","new",0.0441831
1993,"RF_H2O_strat","W/m^2","GCAM_SSP5","GCAM","new",0.0443405
1994,"RF_H2O_strat","W/m^2","GCAM_SSP5","GCAM","new",0.0448234
1995,"RF_H2O_strat","W/m^2","GCAM_SSP5","GCAM","new",0.0449676
1996,"RF_H2O_strat","W/m^2","GCAM_SSP5","GCAM","new",0.0450984
1997,"RF_H2O_strat","W/m^2","GCAM_SSP5","GCAM","new",0.0459565
1998,"RF_H2O_strat","W/m^2","GCAM_SSP5","GCAM","new",0.0461817
1999,"RF_H2O_strat","W/m^2","GCAM_SSP5","GCAM","new",0.0461462
2000,"RF_H2O_strat","W/m^2","GCAM_SSP5","GCAM","new",0.0460357
2001,"RF_H2O_strat","W/m^2","GCAM_SSP5","GCAM","new",0.0459605
2002,"RF_H2O_strat","W/m^2","GCAM_SSP5","GCAM","new",0.0461269
2003,"RF_H2O_strat","W/m^2","GCAM_SSP5","GCAM","new",0.0462668
2004,"RF_H2O_strat","W/m^2","GCAM_SSP5","GCAM","new",0.0464154
2005,"RF_H2O_strat","W/m^2","GCAM_SSP5","GCAM","new",0.0466029
2006,"RF_H2O_strat","W/m^2","GCAM_SSP5","GCAM","new",0.0469485
2007,"RF_H2O_strat","W/m^2","GCAM_SSP5","GCAM","new",0.0469599
2008,"RF_H2O_strat","W/m^2","GCAM_SSP5","GCAM","new",0.046938
2009,"RF_H2O_strat","W/m^2","GCAM_SSP5","GCAM","new",0.0471057
2010,"RF_H2O_strat","W/m^2","GCAM_SSP5","GCAM","new",0.0473427
2011,"RF_H2O_strat","W/m^2","GCAM_SSP5","GCAM","new",0.0474924
2012,"RF_H2O_strat","W/m^2","GCAM_SSP5","GCAM","new",0.0478048
2013,"RF_H2O_strat","W/m^2","GCAM_SSP5","GCAM","new",0.0480696
2014,"RF_H2O_strat","W/m^2","GCAM_SSP5","GCAM","new",0.0485747
2015,"RF_H2O_strat","W/m^2","GCAM_SSP5","GCAM","new",0.0492514
2016,"RF_H2O_strat","W/m^2","GCAM_SSP5","GCAM","new",0.0495332
2017,"RF_H2O_strat","W/m^2","GCAM_SSP5","GCAM","new",0.049841
2018,"RF_H2O_strat","W/m^2","GCAM_SSP5","GCAM","new",0.0502148
2019,"RF_H2O_strat","W/m^2","GCAM_SSP5","GCAM","new",0.0508087
2020,"RF_H2O_strat","W/m^2","GCAM_SSP5","GCAM","new",0.0511889
2021,"RF_H2O_strat","W/m^2","GCAM_SSP5","GCAM","new",0.0517628
2022,"RF_H2O_strat","W/m^2","GCAM_SSP5","GCAM","new",0.0521036
2023,"RF_H2O_strat","W/m^2","GCAM_SSP5","GCAM","new",0.0525886
2024,"RF_H2O_strat","W/m^2","GCAM_SSP5","GCAM","new",0.0530751
2025,"RF_H2O_strat","W/m^2","GCAM_SSP5","GCAM","new",0.0535705
2026,"RF_H2O_strat","W/m^2","GCAM_SSP5","GCAM","new",0.0541066
2027,"RF_H2O_strat","W/m^2","GCAM_SSP5","GCAM","new",0.0546808
2028,"RF_H2O_strat","W/m^2","GCAM_SSP5","GCAM","new",0.0552902
2029,"RF_H2O_strat","W/m^2","GCAM_SSP5","GCAM","new",0.0559326
2030,"RF_H2O_strat","W/m^2","GCAM_SSP5","GCAM","new",0.0566059
2031,"RF_H2O_strat","W/m^2","GCAM_SSP5","GCAM","new",0.057312
2032,"RF_H2O_strat","W/m^2","GCAM_SSP5","GCAM","new",0.0580489
2033,"RF_H2O_strat","W/m^2","GCAM_SSP5","GCAM","new",0.0588147
2034,"RF_H2O_strat","W/m^2","GCAM_SSP5","GCAM","new",0.0596076
2035,"RF_H2O_strat","W/m^2","GCAM_SSP5","GCAM","new",0.0604262
2036,"RF_H2O_strat","W/m^2","GCAM_SSP5","GCAM","new",0.0612791
2037,"RF_H2O_strat","W/m^2","GCAM_SSP5","GCAM","new",0.0621643
2038,"RF_H2O_strat","W/m^2","GCAM_SSP5","GCAM","new",0.0630801
2039,"RF_H2O_strat","W/m^2","GCAM_SSP5","GCAM","new",0.0640247
2040,"RF_H2O_strat","W/m^2","GCAM_SSP5","GCAM","new",0.0649966
2041,"RF_H2O_strat","W/m^2","GCAM_SSP5","GCAM","new",0.0659704
2042,"RF_H2O_strat","W/m^2","GCAM_SSP5","GCAM","new",0.0669462
2043,"RF_H2O_strat","W/m^2","GCAM_SSP5","GCAM","new",0.0679241
2044,"RF_H2O_strat","W/m^2","GCAM_SSP5","GCAM","new",0.0689043
2045,"RF_H2O_strat","W/m^2","GCAM_SSP5","GCAM","new",0.069887
2046,"RF_H2O_strat","W/m^2","GCAM_SSP5","GCAM","new",0.0708808
2047,"RF_H2O_strat","W/m^2","GCAM_SSP5","GCAM","new",0.0718852
2048,"RF_H2O_strat","W/m^2","GCAM_SSP5","GCAM","new",0.0729
2049,"RF_H2O_strat","W/m^2","GCAM_SSP5","GCAM","new",0.0739247
2050,"RF_H2O_strat","W/m^2","GCAM_SSP5","GCAM","new",0.0749589
2051,"RF_H2O_strat","W/m^2","GCAM_SSP5","GCAM","new",0.0759898
2052,"RF_H2O_strat","W/m^2","GCAM_SSP5","GCAM","new",0.0770178
2053,"RF_H2O_strat","W/m^2","GCAM_SSP5","GCAM","new",0.0780433
2054,"RF_H2O_strat","W/m^2","GCAM_SSP5","GCAM","new",0.0790666
2055,"RF_H2O_strat","W/m^2","GCAM_SSP5","GCAM","new",0.0800881
2056,"RF_H2O_strat","W/m^2","GCAM_SSP5","GCAM","new",0.0811038
2057,"RF_H2O_strat","W/m^2","GCAM_SSP5","GCAM","new",0.0821143
2058,"RF_H2O_strat","W/m^2","GCAM_SSP5","GCAM","new",0.0831199
2059,"RF_H2O_strat","W/m^2","GCAM_SSP5","GCAM","new",0.0841213
2060,"RF_H2O_strat","W/m^2","GCAM_SSP5","GCAM","new",0.0851188
2061,"RF_H2O_strat","W/m^2","GCAM_SSP5","GCAM","new",0.086107
2062,"RF_H2O_strat","W/m^2","GCAM_SSP5","GCAM","new",0.0870867
2063,"RF_H2O_strat","W/m^2","GCAM_SSP5","GCAM","new",0.0880584
2064,"RF_H2O_strat","W/m^2","GCAM_SSP5","GCAM","new",0.0890229
2065,"RF_H2O_strat","W/m^2","GCAM_SSP5","GCAM","new",0.0899806
2066,"RF_H2O_strat","W/m^2","GCAM_SSP5","GCAM","new",0.0909228
2067,"RF_H2O_strat","W/m^2","GCAM_SSP5","GCAM","new",0.0918505
2068,"RF_H2O_strat","W/m^2","GCAM_SSP5","GCAM","new",0.0927647
2069,"RF_H2O_strat","W/m^2","GCAM_SSP5","GCAM","new",0.0936664
2070,"RF_H2O_strat","W/m^2","GCAM_SSP5","GCAM","new",0.0945565
2071,"RF_H2O_strat","W/m^2","GCAM_SSP5","GCAM","new",0.0954274
2072,"RF_H2O_strat","W/m^2","GCAM_SSP5","GCAM","new",0.0962805
2073,"RF_H2O_strat","W/m^2","GCAM_SSP5","GCAM","new",0.097117
2074,"RF_H2O_strat","W/m^2","GCAM_SSP5","GCAM","new",0.0979381
2075,"RF_H2O_strat","W/m^2","GCAM_SSP5","GCAM","new",0.0987449
2076,"RF_H2O_strat","W/m^2","GCAM_SSP5","GCAM","new",0.0995272
2077,"RF_H2O_strat","W/m^2","GCAM_SSP5","GCAM","new",0.100287
2078,"RF_H2O_strat","W/m^2","GCAM_SSP5","GCAM","new",0.101025
2079,"RF_H2O_strat","W/m^2","GCAM_SSP5","GCAM","new",0.101743
2080,"RF_H2O_strat","W/m^2","GCAM_SSP5","GCAM","new",0.102443
2081,"RF_H2O_strat","W/m^2","GCAM_SSP5","GCAM","new",0.103113
2082,"RF_H2O_strat","W/m^2","GCAM_SSP5","GCAM","new",0.103756
2083,"RF_H2O_strat","W/m^2","GCAM_SSP5","GCAM","new",0.104374
2084,"RF_H2O_strat","W/m^2","GCAM_SSP5","GCAM","new",0.104967
2085,"RF_H2O_strat","W/m^2","GCAM_SSP5","GCAM","new",0.105538
2086,"RF_H2O_strat","W/m^2","GCAM_SSP5","GCAM","new",0.106079
2087,"RF_H2O_strat","W/m^2","GCAM_SSP5","GCAM","new",0.106592
2088,"RF_H2O_strat","W/m^2","GCAM_SSP5","GCAM","new",0.107078
2089,"RF_H2O_strat","W/m^2","GCAM_SSP5","GCAM","new",0.10754
2090,"RF_H2O_strat","W/m^2","GCAM_SSP5","GCAM","new",0.107978
2091,"RF_H2O_strat","W/m^2","GCAM_SSP5","GCAM","new",0.108388
2092,"RF_H2O_strat","W/m^2","GCAM_SSP5","GCAM","new",0.108772
2093,"RF_H2O_strat","W/m^2","GCAM_SSP5","GCAM","new",0.109131
2094,"RF_H2O_strat","W/m^2","GCAM_SSP5","GCAM","new",0.109467
2095,"RF_H2O_strat","W/m^2","GCAM_SSP5","GCAM","new",0.109781
2096,"RF_H2O_strat","W/m^2","GCAM_SSP5","GCAM","new",0.110071
2097,"RF_H2O_strat","W/m^2","GCAM_SSP5","GCAM","new",0.110337
2098,"RF_H2O_strat","W/m^2","GCAM_SSP5","GCAM","new",0.110582
2099,"RF_H2O_strat","W/m^2","GCAM_SSP5","GCAM","new",0.110807
2100,"RF_H2O_strat","W/m^2","GCAM_SSP5","GCAM","new",0.111012
1976,"RF_H2O_strat","W/m^2","GCAM_SSP1","GCAM","new",0.0348363
1977,"RF_H2O_strat","W/m^2","GCAM_SSP1","GCAM","new",0.0355882
1978,"RF_H2O_strat","W/m^2","GCAM_SSP1","GCAM","new",0.0363169
1979,"RF_H2O_strat","W/m^2","GCAM_SSP1","GCAM","new",0.0370589
1980,"RF_H2O_strat","W/m^2","GCAM_SSP1","GCAM","new",0.0377526
1981,"RF_H2O_strat","W/m^2","GCAM_SSP1","GCAM","new",0.0383532
1982,"RF_H2O_strat","W/m^2","GCAM_SSP1","GCAM","new",0.0391419
1983,"RF_H2O_strat","W/m^2","GCAM_SSP1","GCAM","new",0.0396846
1984,"RF_H2O_strat","W/m^2","GCAM_SSP1","GCAM","new",0.0402313
1985,"RF_H2O_strat","W/m^2","GCAM_SSP1","GCAM","new",0.0407878
1986,"RF_H2O_strat","W/m^2","GCAM_SSP1","GCAM","new",0.0413473
1987,"RF_H2O_strat","W/m^2","GCAM_SSP1","GCAM","new",0.0419029
1988,"RF_H2O_strat","W/m^2","GCAM_SSP1","GCAM","new",0.0423929
1989,"RF_H2O_strat","W/m^2","GCAM_SSP1","GCAM","new",0.0428319
1990,"RF_H2O_strat","W/m^2","GCAM_SSP1","GCAM","new",0.0432302
1991,"RF_H2O_strat","W/m^2","GCAM_SSP1","GCAM","new",0.0440187
1992,"RF_H2O_strat","W/m^2","GCAM_SSP1","GCAM","new",0.0441831
1993,"RF_H2O_strat","W/m^2","GCAM_SSP1","GCAM","new",0.0443405
1994,"RF_H2O_strat","W/m^2","GCAM_SSP1","GCAM","new",0.0448234
1995,"RF_H2O_strat","W/m^2","GCAM_SSP1","GCAM","new",0.0449676
1996,"RF_H2O_strat","W/m^2","GCAM_SSP1","GCAM","new",0.0450984
1997,"RF_H2O_strat","W/m^2","GCAM_SSP1","GCAM","new",0.0459565
1998,"RF_H2O_strat","W/m^2","GCAM_SSP1","GCAM","new",0.0461817
1999,"RF_H2O_strat","W/m^2","GCAM_SSP1","GCAM","new",0.0461462
2000,"RF_H2O_strat","W/m^2","GCAM_SSP1","GCAM","new",0.0460357
2001,"RF_H2O_strat","W/m^2","GCAM_SSP1","GCAM","new",0.0459605
2002,"RF_H2O_strat","W/m^2","GCAM_SSP1","GCAM","new",0.0461269
2003,"RF_H2O_strat","W/m^2","GCAM_SSP1","GCAM","new",0.0462668
2004,"RF_H2O_strat","W/m^2","GCAM_SSP1","GCAM","new",0.0464154
2005,"RF_H2O_strat","W/m^2","GCAM_SSP1","GCAM","new",0.0466029
2006,"RF_H2O_strat","W/m^2","GCAM_SSP1","GCAM","new",0.0469485
2007,"RF_H2O_strat","W/m^2","GCAM_SSP1","GCAM","new",0.0469599
2008,"RF_H2O_strat","W/m^2","GCAM_SSP1","GCAM","new",0.046938
2009,"RF_H2O_strat","W/m^2","GCAM_SSP1","GCAM","new",0.0471057
2010,"RF_H2O_strat","W/m^2","GCAM_SSP1","GCAM","new",0.0473427
2011,"RF_H2O_strat","W/m^2","GCAM_SSP1","GCAM","new",0.0474924
2012,"RF_H2O_strat","W/m^2","GCAM_SSP1","GCAM","new",0.0478048
2013,"RF_H2O_strat","W/m^2","GCAM_SSP1","GCAM","new",0.0480696
2014,"RF_H2O_strat","W/m^2","GCAM_SSP1","GCAM","new",0.0485747
2015,"RF_H2O_strat","W/m^2","GCAM_SSP1","GCAM","new",0.0492514
2016,"RF_H2O_strat","W/m^2","GCAM_SSP1","GCAM","new",0.0495332
2017,"RF_H2O_strat","W/m^2","GCAM_SSP1","GCAM","new",0.049841
2018,"RF_H2O_strat","W/m^2","GCAM_SSP1","GCAM","new",0.0502148
2019,"RF_H2O_strat","W/m^2","GCAM_SSP1","GCAM","new",0.0508087
2020,"RF_H2O_strat","W/m^2","GCAM_SSP1","GCAM","new",0.0511889
2021,"RF_H2O_strat","W/m^2","GCAM_SSP1","GCAM","new",0.0517628
2022,"RF_H2O_strat","W/m^2","GCAM_SSP1","GCAM","new",0.0521036
2023,"RF_H2O_strat","W/m^2","GCAM_SSP1","GCAM","new",0.0525886
2024,"RF_H2O_strat","W/m^2","GCAM_SSP1","GCAM","new",0.0530538
2025,"RF_H2O_strat","W/m^2","GCAM_SSP1","GCAM","new",0.053508
2026,"RF_H2O_strat","W/m^2","GCAM_SSP1","GCAM","new",0.0539905
2027,"RF_H2O_strat","W/m^2","GCAM_SSP1","GCAM","new",0.0544995
2028,"RF_H2O_strat","W/m^2","GCAM_SSP1","GCAM","new",0.055033
2029,"RF_H2O_strat","W/m^2","GCAM_SSP1","GCAM","new",0.0555895
2030,"RF_H2O_strat","W/m^2","GCAM_SSP1","GCAM","new",0.0561675
2031,"RF_H2O_strat","W/m^2","GCAM_SSP1","GCAM","new",0.0567524
2032,"RF_H2O_strat","W/m^2","GCAM_SSP1","GCAM","new",0.0573441
2033,"RF_H2O_strat","W/m^2","GCAM_SSP1","GCAM","new",0.0579421
2034,"RF_H2O_strat","W/m^2","GCAM_SSP1","GCAM","new",0.0585464
2035,"RF_H2O_strat","W/m^2","GCAM_SSP1","GCAM","new",0.0591567
2036,"RF_H2O_strat","W/m^2","GCAM_SSP1","GCAM","new",0.0597766
2037,"RF_H2O_strat","W/m^2","GCAM_SSP1","GCAM","new",0.0604059
2038,"RF_H2O_strat","W/m^2","GCAM_SSP1","GCAM","new",0.0610441
2039,"RF_H2O_strat","W/m^2","GCAM_SSP1","GCAM","new",0.0616907
2040,"RF_H2O_strat","W/m^2","GCAM_SSP1","GCAM","new",0.0623455
2041,"RF_H2O_strat","W/m^2","GCAM_SSP1","GCAM","new",0.0629782
2042,"RF_H2O_strat","W/m^2","GCAM_SSP1","GCAM","new",0.0635906
2043,"RF_H2O_strat","W/m^2","GCAM_SSP1","GCAM","new",0.0641841
2044,"RF_H2O_strat","W/m^2","GCAM_SSP1","GCAM","new",0.0647602
2045,"RF_H2O_strat","W/m^2","GCAM_SSP1","GCAM","new",0.0653202
2046,"RF_H2O_strat","W/m^2","GCAM_SSP1","GCAM","new",0.0658692
2047,"RF_H2O_strat","W/m^2","GCAM_SSP1","GCAM","new",0.0664081
2048,"RF_H2O_strat","W/m^2","GCAM_SSP1","GCAM","new",0.0669377
2049,"RF_H2O_strat","W/m^2","GCAM_SSP1","GCAM","new",0.0674588
2050,"RF_H2O_strat","W/m^2","GCAM_SSP1","GCAM","new",0.0679719
2051,"RF_H2O_strat","W/m^2","GCAM_SSP1","GCAM","new",0.0684666
2052,"RF_H2O_strat","W/m^2","GCAM_SSP1","GCAM","new",0.068944
2053,"RF_H2O_strat","W/m^2","GCAM_SSP1","GCAM","new",0.0694053
2054,"RF_H2O_strat","W/m^2","GCAM_SSP1","GCAM","new",0.0698518
2055,"RF_H2O_strat","W/m^2","GCAM_SSP1","GCAM","new",0.0702844
2056,"RF_H2O_strat","W/m^2","GCAM_SSP1","GCAM","new",0.0706983
2057,"RF_H2O_strat","W/m^2","GCAM_SSP1","GCAM","new",0.0710949
2058,"RF_H2O_strat","W/m^2","GCAM_SSP1","GCAM","new",0.0714753
2059,"RF_H2O_strat","W/m^2","GCAM_SSP1","GCAM","new",0.0718405
2060,"RF_H2O_strat","W/m^2","GCAM_SSP1","GCAM","new",0.0721917
2061,"RF_H2O_strat","W/m^2","GCAM_SSP1","GCAM","new",0.0725222
2062,"RF_H2O_strat","W/m^2","GCAM_SSP1","GCAM","new",0.0728335
2063,"RF_H2O_strat","W/m^2","GCAM_SSP1","GCAM","new",0.0731267
2064,"RF_H2O_strat","W/m^2","GCAM_SSP1","GCAM","new",0.0734032
2065,"RF_H2O_strat","W/m^2","GCAM_SSP1","GCAM","new",0.073664
2066,"RF_H2O_strat","W/m^2","GCAM_SSP1","GCAM","new",0.0739027
2067,"RF_H2O_strat","W/m^2","GCAM_SSP1","GCAM","new",0.0741207
2068,"RF_H2O_strat","W/m^2","GCAM_SSP1","GCAM","new",0.0743193
2069,"RF_H2O_strat","W/m^2","GCAM_SSP1","GCAM","new",0.0745
2070,"RF_H2O_strat","W/m^2","GCAM_SSP1","GCAM","new",0.0746637
2071,"RF_H2O_strat","W/m^2","GCAM_SSP1","GCAM","new",0.0748066
2072,"RF_H2O_strat","W/m^2","GCAM_SSP1","GCAM","new",0.0749298
2073,"RF_H2O_strat","W/m^2","GCAM_SSP1","GCAM","new",0.0750348
2074,"RF_H2O_strat","W/m^2","GCAM_SSP1","GCAM","new",0.0751227
2075,"RF_H2O_strat","W/m^2","GCAM_SSP1","GCAM","new",0.0751946
2076,"RF_H2O_strat","W/m^2","GCAM_SSP1","GCAM","new",0.0752466
2077,"RF_H2O_strat","W/m^2","GCAM_SSP1","GCAM","new",0.07528
2078,"RF_H2O_strat","W/m^2","GCAM_SSP1","GCAM","new",0.0752959
2079,"RF_H2O_strat","W/m^2","GCAM_SSP1","GCAM","new",0.0752956
2080,"RF_H2O_strat","W/m^2","GCAM_SSP1","GCAM","new",0.07528
2081,"RF_H2O_strat","W/m^2","GCAM_SSP1","GCAM","new",0.0752469
2082,"RF_H2O_strat","W/m^2","GCAM_SSP1","GCAM","new",0.0751974
2083,"RF_H2O_strat","W/m^2","GCAM_SSP1","GCAM","new",0.0751325
2084,"RF_H2O_strat","W/m^2","GCAM_SSP1","GCAM","new",0.0750533
2085,"RF_H2O_strat","W/m^2","GCAM_SSP1","GCAM","new",0.0749606
2086,"RF_H2O_strat","W/m^2","GCAM_SSP1","GCAM","new",0.0748491
2087,"RF_H2O_strat","W/m^2","GCAM_SSP1","GCAM","new",0.0747201
2088,"RF_H2O_strat","W/m^2","GCAM_SSP1","GCAM","new",0.0745745
2089,"RF_H2O_strat","W/m^2","GCAM_SSP1","GCAM","new",0.0744136
2090,"RF_H2O_strat","W/m^2","GCAM_SSP1","GCAM","new",0.0742383
2091,"RF_H2O_strat","W/m^2","GCAM_SSP1","GCAM","new",0.0740456
2092,"RF_H2O_strat","W/m^2","GCAM_SSP1","GCAM","new",0.0738367
2093,"RF_H2O_strat","W/m^2","GCAM_SSP1","GCAM","new",0.0736126
2094,"RF_H2O_strat","W/m^2","GCAM_SSP1","GCAM","new",0.0733743
2095,"RF_H2O_strat","W/m^2","GCAM_SSP1","GCAM","new",0.0731227
2096,"RF_H2O_strat","W/m^2","GCAM_SSP1","GCAM","new",0.0728557
2097,"RF_H2O_strat","W/m^2","GCAM_SSP1","GCAM","new",0.0725745
2098,"RF_H2O_strat","W/m^2","GCAM_SSP1","GCAM","new",0.0722798
2099,"RF_H2O_strat","W/m^2","GCAM_SSP1","GCAM","new",0.0719726
2100,"RF_H2O_strat","W/m^2","GCAM_SSP1","GCAM","new",0.0716536
1976,"RF_H2O_strat","W/m^2","GCAM_SSP2","GCAM","new",0.0348363
1977,"RF_H2O_strat","W/m^2","GCAM_SSP2","GCAM","new",0.0355882
1978,"RF_H2O_strat","W/m^2","GCAM_SSP2","GCAM","new",0.0363169
1979,"RF_H2O_strat","W/m^2","GCAM_SSP2","GCAM","new",0.0370589
1980,"RF_H2O_strat","W/m^2","GCAM_SSP2","GCAM","new",0.0377526
1981,"RF_H2O_strat","W/m^2","GCAM_SSP2","GCAM","new",0.0383532
1982,"RF_H2O_strat","W/m^2","GCAM_SSP2","GCAM","new",0.0391419
1983,"RF_H2O_strat","W/m^2","GCAM_SSP2","GCAM","new",0.0396846
1984,"RF_H2O_strat","W/m^2","GCAM_SSP2","GCAM","new",0.0402313
1985,"RF_H2O_strat","W/m^2","GCAM_SSP2","GCAM","new",0.0407878
1986,"RF_H2O_strat","W/m^2","GCAM_SSP2","GCAM","new",0.0413473
1987,"RF_H2O_strat","W/m^2","GCAM_SSP2","GCAM","new",0.0419029
1988,"RF_H2O_strat","W/m^2","GCAM_SSP2","GCAM","new",0.0423929
1989,"RF_H2O_strat","W/m^2","GCAM_SSP2","GCAM","new",0.0428319
1990,"RF_H2O_strat","W/m^2","GCAM_SSP2","GCAM","new",0.0432302
1991,"RF_H2O_strat","W/m^2","GCAM_SSP2","GCAM","new",0.0440187
1992,"RF_H2O_strat","W/m^2","GCAM_SSP2","GCAM","new",0.0441831
1993,"RF_H2O_strat","W/m^2","GCAM_SSP2","GCAM","new",0.0443405
1994,"RF_H2O_strat","W/m^2","GCAM_SSP2","GCAM","new",0.0448234
1995,"RF_H2O_strat","W/m^2","GCAM_SSP2","GCAM","new",0.0449676
1996,"RF_H2O_strat","W/m^2","GCAM_SSP2","GCAM","new",0.0450984
1997,"RF_H2O_strat","W/m^2","GCAM_SSP2","GCAM","new",0.0459565
1998,"RF_H2O_strat","W/m^2","GCAM_SSP2","GCAM","new",0.0461817
1999,"RF_H2O_strat","W/m^2","GCAM_SSP2","GCAM","new",0.0461462
2000,"RF_H2O_strat","W/m^2","GCAM_SSP2","GCAM","new",0.0460357
2001,"RF_H2O_strat","W/m^2","GCAM_SSP2","GCAM","new",0.0459605
2002,"RF_H2O_strat","W/m^2","GCAM_SSP2","GCAM","new",0.0461269
2003,"RF_H2O_strat","W/m^2","GCAM_SSP2","GCAM","new",0.0462668
2004,"RF_H2O_strat","W/m^2","GCAM_SSP2","GCAM","new",0.0464154
2005,"RF_H2O_strat","W/m^2","GCAM_SSP2","GCAM","new",0.0466029
2006,"RF_H2O_strat","W/m^2","GCAM_SSP2","GCAM","new",0.0469485
2007,"RF_H2O_strat","W/m^2","GCAM_SSP2","GCAM","new",0.0469599
2008,"RF_H2O_strat","W/m^2","GCAM_SSP2","GCAM","new",0.046938
2009,"RF_H2O_strat","W/m^2","GCAM_SSP2","GCAM","new",0.0471057
2010,"RF_H2O_strat","W/m^2","GCAM_SSP2","GCAM","new",0.0473427
2011,"RF_H2O_strat","W/m^2","GCAM_SSP2","GCAM","new",0.0474924
2012,"RF_H2O_strat","W/m^2","GCAM_SSP2","GCAM","new",0.0478048
2013,"RF_H2O_strat","W/m^2","GCAM_SSP2","GCAM","new",0.0480696
2014,"RF_H2O_strat","W/m^2","GCAM_SSP2","GCAM","new",0.0485747
2015,"RF_H2O_strat","W/m^2","GCAM_SSP2","GCAM","new",0.0492514
2016,"RF_H2O_strat","W/m^2","GCAM_SSP2","GCAM","new",0.0495332
2017,"RF_H2O_strat","W/m^2","GCAM_SSP2","GCAM","new",0.049841
2018,"RF_H2O_strat","W/m^2","GCAM_SSP2","GCAM","new",0.0502148
2019,"RF_H2O_strat","W/m^2","GCAM_SSP2","GCAM","new",0.0508087
2020,"RF_H2O_strat","W/m^2","GCAM_SSP2","GCAM","new",0.0511889
2021,"RF_H2O_strat","W/m^2","GCAM_SSP2","GCAM","new",0.0517628
2022,"RF_H2O_strat","W/m^2","GCAM_SSP2","GCAM","new",0.0521036
2023,"RF_H2O_strat","W/m^2","GCAM_SSP2","GCAM","new",0.0525886
2024,"RF_H2O_strat","W/m^2","GCAM_SSP2","GCAM","new",0.0530048
2025,"RF_H2O_strat","W/m^2","GCAM_SSP2","GCAM","new",0.0533643
2026,"RF_H2O_strat","W/m^2","GCAM_SSP2","GCAM","new",0.0537645
2027,"RF_H2O_strat","W/m^2","GCAM_SSP2","GCAM","new",0.0542025
2028,"RF_H2O_strat","W/m^2","GCAM_SSP2","GCAM","new",0.0546754
2029,"RF_H2O_strat","W/m^2","GCAM_SSP2","GCAM","new",0.0551808
2030,"RF_H2O_strat","W/m^2","GCAM_SSP2","GCAM","new",0.0557166
2031,"RF_H2O_strat","W/m^2","GCAM_SSP2","GCAM","new",0.0562979
2032,"RF_H2O_strat","W/m^2","GCAM_SSP2","GCAM","new",0.0569217
2033,"RF_H2O_strat","W/m^2","GCAM_SSP2","GCAM","new",0.057585
2034,"RF_H2O_strat","W/m^2","GCAM_SSP2","GCAM","new",0.0582852
2035,"RF_H2O_strat","W/m^2","GCAM_SSP2","GCAM","new",0.05902
2036,"RF_H2O_strat","W/m^2","GCAM_SSP2","GCAM","new",0.0597871
2037,"RF_H2O_strat","W/m^2","GCAM_SSP2","GCAM","new",0.0605845
2038,"RF_H2O_strat","W/m^2","GCAM_SSP2","GCAM","new",0.0614106
2039,"RF_H2O_strat","W/m^2","GCAM_SSP2","GCAM","new",0.0622636
2040,"RF_H2O_strat","W/m^2","GCAM_SSP2","GCAM","new",0.0631422
2041,"RF_H2O_strat","W/m^2","GCAM_SSP2","GCAM","new",0.0640178
2042,"RF_H2O_strat","W/m^2","GCAM_SSP2","GCAM","new",0.064891
2043,"RF_H2O_strat","W/m^2","GCAM_SSP2","GCAM","new",0.0657624
2044,"RF_H2O_strat","W/m^2","GCAM_SSP2","GCAM","new",0.0666323
2045,"RF_H2O_strat","W/m^2","GCAM_SSP2","GCAM","new",0.0675014
2046,"RF_H2O_strat","W/m^2","GCAM_SSP2","GCAM","new",0.0683788
2047,"RF_H2O_strat","W/m^2","GCAM_SSP2","GCAM","new",0.0692644
2048,"RF_H2O_strat","W/m^2","GCAM_SSP2","GCAM","new",0.0701581
2049,"RF_H2O_strat","W/m^2","GCAM_SSP2","GCAM","new",0.0710595
2050,"RF_H2O_strat","W/m^2","GCAM_SSP2","GCAM","new",0.0719685
2051,"RF_H2O_strat","W/m^2","GCAM_SSP2","GCAM","new",0.0728689
2052,"RF_H2O_strat","W/m^2","GCAM_SSP2","GCAM","new",0.0737613
2053,"RF_H2O_strat","W/m^2","GCAM_SSP2","GCAM","new",0.0746465
2054,"RF_H2O_strat","W/m^2","GCAM_SSP2","GCAM","new",0.0755252
2055,"RF_H2O_strat","W/m^2","GCAM_SSP2","GCAM","new",0.0763979
2056,"RF_H2O_strat","W/m^2","GCAM_SSP2","GCAM","new",0.0772654
2057,"RF_H2O_strat","W/m^2","GCAM_SSP2","GCAM","new",0.0781282
2058,"RF_H2O_strat","W/m^2","GCAM_SSP2","GCAM","new",0.0789868
2059,"RF_H2O_strat","W/m^2","GCAM_SSP2","GCAM","new",0.0798414
2060,"RF_H2O_strat","W/m^2","GCAM_SSP2","GCAM","new",0.0806926
2061,"RF_H2O_strat","W/m^2","GCAM_SSP2","GCAM","new",0.0815362
2062,"RF_H2O_strat","W/m^2","GCAM_SSP2","GCAM","new",0.0823728
2063,"RF_H2O_strat","W/m^2","GCAM_SSP2","GCAM","new",0.083203
2064,"RF_H2O_strat","W/m^2","GCAM_SSP2","GCAM","new",0.0840273
2065,"RF_H2O_strat","W/m^2","GCAM_SSP2","GCAM","new",0.084846
2066,"RF_H2O_strat","W/m^2","GCAM_SSP2","GCAM","new",0.0856535
2067,"RF_H2O_strat","W/m^2","GCAM_SSP2","GCAM","new",0.0864505
2068,"RF_H2O_strat","W/m^2","GCAM_SSP2","GCAM","new",0.0872377
2069,"RF_H2O_strat","W/m^2","GCAM_SSP2","GCAM","new",0.0880159
2070,"RF_H2O_strat","W/m^2","GCAM_SSP2","GCAM","new",0.0887856
2071,"RF_H2O_strat","W/m^2","GCAM_SSP2","GCAM","new",0.0895439
2072,"RF_H2O_strat","W/m^2","GCAM_SSP2","GCAM","new",0.0902915
2073,"RF_H2O_strat","W/m^2","GCAM_SSP2","GCAM","new",0.0910292
2074,"RF_H2O_strat","W/m^2","GCAM_SSP2","GCAM","new",0.0917576
2075,"RF_H2O_strat","W/m^2","GCAM_SSP2","GCAM","new",0.0924774
2076,"RF_H2O_strat","W/m^2","GCAM_SSP2","GCAM","new",0.0931827
2077,"RF_H2O_strat","W/m^2","GCAM_SSP2","GCAM","new",0.0938743
2078,"RF_H2O_strat","W/m^2","GCAM_SSP2","GCAM","new",0.0945532
2079,"RF_H2O_strat","W/m^2","GCAM_SSP2","GCAM","new",0.0952203
2080,"RF_H2O_strat","W/m^2","GCAM_SSP2","GCAM","new",0.0958762
2081,"RF_H2O_strat","W/m^2","GCAM_SSP2","GCAM","new",0.0965184
2082,"RF_H2O_strat","W/m^2","GCAM_SSP2","GCAM","new",0.0971478
2083,"RF_H2O_strat","W/m^2","GCAM_SSP2","GCAM","new",0.0977651
2084,"RF_H2O_strat","W/m^2","GCAM_SSP2","GCAM","new",0.0983712
2085,"RF_H2O_strat","W/m^2","GCAM_SSP2","GCAM","new",0.0989668
2086,"RF_H2O_strat","W/m^2","GCAM_SSP2","GCAM","new",0.0995488
2087,"RF_H2O_strat","W/m^2","GCAM_SSP2","GCAM","new",0.100118
2088,"RF_H2O_strat","W/m^2","GCAM_SSP2","GCAM","new",0.100676
2089,"RF_H2O_strat","W/m^2","GCAM_SSP2","GCAM","new",0.101222
2090,"RF_H2O_strat","W/m^2","GCAM_SSP2","GCAM","new",0.101758
2091,"RF_H2O_strat","W/m^2","GCAM_SSP2","GCAM","new",0.102276
2092,"RF_H2O_strat","W/m^2","GCAM_SSP2","GCAM","new",0.102778
2093,"RF_H2O_strat","W/m^2","GCAM_SSP2","GCAM","new",0.103264
2094,"RF_H2O_strat","W/m^2","GCAM_SSP2","GCAM","new",0.103735
2095,"RF_H2O_strat","W/m^2","GCAM_SSP2","GCAM","new",0.104192
2096,"RF_H2O_strat","W/m^2","GCAM_SSP2","GCAM","new",0.104636
2097,"RF_H2O_strat","W/m^2","GCAM_SSP2","GCAM","new",0.105065
2098,"RF_H2O_strat","W/m^2","GCAM_SSP2","GCAM","new",0.105483
2099,"RF_H2O_strat","W/m^2","GCAM_SSP2","GCAM","new",0.105888
2100,"RF_H2O_strat","W/m^2","GCAM_SSP2","GCAM","new",0.106283
1976,"RF_H2O_strat","W/m^2","GCAM_SSP3","GCAM","new",0.0348363
1977,"RF_H2O_strat","W/m^2","GCAM_SSP3","GCAM","new",0.0355882
1978,"RF_H2O_strat","W/m^2","GCAM_SSP3","GCAM","new",0.0363169
1979,"RF_H2O_strat","W/m^2","GCAM_SSP3","GCAM","new",0.0370589
1980,"RF_H2O_strat","W/m^2","GCAM_SSP3","GCAM","new",0.0377526
1981,"RF_H2O_strat","W/m^2","GCAM_SSP3","GCAM","new",0.0383532
1982,"RF_H2O_strat","W/m^2","GCAM_SSP3","GCAM","new",0.0391419
1983,"RF_H2O_strat","W/m^2","GCAM_SSP3","GCAM","new",0.0396846
1984,"RF_H2O_strat","W/m^2","GCAM_SSP3","GCAM","new",0.0402313
1985,"RF_H2O_strat","W/m^2","GCAM_SSP3","GCAM","new",0.0407878
1986,"RF_H2O_strat","W/m^2","GCAM_SSP3","GCAM","new",0.0413473
1987,"RF_H2O_strat","W/m^2","GCAM_SSP3","GCAM","new",0.0419029
1988,"RF_H2O_strat","W/m^2","GCAM_SSP3","GCAM","new",0.0423929
1989,"RF_H2O_strat","W/m^2","GCAM_SSP3","GCAM","new",0.0428319
1990,"RF_H2O_strat","W/m^2","GCAM_SSP3","GCAM","new",0.0432302
1991,"RF_H2O_strat","W/m^2","GCAM_SSP3","GCAM","new",0.0440187
1992,"RF_H2O_strat","W/m^2","GCAM_SSP3","GCAM","new",0.0441831
1993,"RF_H2O_strat","W/m^2","GCAM_SSP3","GCAM","new",0.0443405
1994,"RF_H2O_strat","W/m^2","GCAM_SSP3","GCAM","new",0.0448234
1995,"RF_H2O_strat","W/m^2","GCAM_SSP3","GCAM","new",0.0449676
1996,"RF_H2O_strat","W/m^2","GCAM_SSP3","GCAM","new",0.0450984
1997,"RF_H2O_strat","W/m^2","GCAM_SSP3","GCAM","new",0.0459565
1998,"RF_H2O_strat","W/m^2","GCAM_SSP3","GCAM","new",0.0461817
1999,"RF_H2O_strat","W/m^2","GCAM_SSP3","GCAM","new",0.0461462
2000,"RF_H2O_strat","W/m^2","GCAM_SSP3","GCAM","new",0.0460357
2001,"RF_H2O_strat","W/m^2","GCAM_SSP3","GCAM","new",0.0459605
2002,"RF_H2O_strat","W/m^2","GCAM_SSP3","GCAM","new",0.0461269
2003,"RF_H2O_strat","W/m^2","GCAM_SSP3","GCAM","new",0.0462668
2004,"RF_H2O_strat","W/m^2","GCAM_SSP3","GCAM","new",0.0464154
2005,"RF_H2O_strat","W/m^2","GCAM_SSP3","GCAM","new",0.0466029
2006,"RF_H2O_strat","W/m^2","GCAM_SSP3","GCAM","new",0.0469485
2007,"RF_H2O_strat","W/m^2","GCAM_SSP3","GCAM","new",0.0469599
2008,"RF_H2O_strat","W/m^2","GCAM_SSP3","GCAM","new",0.046938
2009,"RF_H2O_strat","W/m^2","GCAM_SSP3","GCAM","new",0.0471057
2010,"RF_H2O_strat","W/m^2","GCAM_SSP3","GCAM","new",0.0473427
2011,"RF_H2O_strat","W/m^2","GCAM_SSP3","GCAM","new",0.0474924
2012,"RF_H2O_strat","W/m^2","GCAM_SSP3","GCAM","new",0.0478048
2013,"RF_H2O_strat","W/m^2","GCAM_SSP3","GCAM","new",0.0480696
2014,"RF_H2O_strat","W/m^2","GCAM_SSP3","GCAM","new",0.0485747
2015,"RF_H2O_strat","W/m^2","GCAM_SSP3","GCAM","new",0.0492514
2016,"RF_H2O_strat","W/m^2","GCAM_SSP3","GCAM","new",0.0495332
2017,"RF_H2O_strat","W/m^2","GCAM_SSP3","GCAM","new",0.049841
2018,"RF_H2O_strat","W/m^2","GCAM_SSP3","GCAM","new",0.0502148
2019,"RF_H2O_strat","W/m^2","GCAM_SSP3","GCAM","new",0.0508087
2020,"RF_H2O_strat","W/m^2","GCAM_SSP3","GCAM","new",0.0511889
2021,"RF_H2O_strat","W/m^2","GCAM_SSP3","GCAM","new",0.0517628
2022,"RF_H2O_strat","W/m^2","GCAM_SSP3","GCAM","new",0.0521036
2023,"RF_H2O_strat","W/m^2","GCAM_SSP3","GCAM","new",0.0525886
2024,"RF_H2O_strat","W/m^2","GCAM_SSP3","GCAM","new",0.0529536
2025,"RF_H2O_strat","W/m^2","GCAM_SSP3","GCAM","new",0.0532125
2026,"RF_H2O_strat","W/m^2","GCAM_SSP3","GCAM","new",0.0535168
2027,"RF_H2O_strat","W/m^2","GCAM_SSP3","GCAM","new",0.0538631
2028,"RF_H2O_strat","W/m^2","GCAM_SSP3","GCAM","new",0.0542483
2029,"RF_H2O_strat","W/m^2","GCAM_SSP3","GCAM","new",0.0546694
2030,"RF_H2O_strat","W/m^2","GCAM_SSP3","GCAM","new",0.055124
2031,"RF_H2O_strat","W/m^2","GCAM_SSP3","GCAM","new",0.0556166
2032,"RF_H2O_strat","W/m^2","GCAM_SSP3","GCAM","new",0.0561446
2033,"RF_H2O_strat","W/m^2","GCAM_SSP3","GCAM","new",0.0567056
2034,"RF_H2O_strat","W/m^2","GCAM_SSP3","GCAM","new",0.0572971
2035,"RF_H2O_strat","W/m^2","GCAM_SSP3","GCAM","new",0.0579173
2036,"RF_H2O_strat","W/m^2","GCAM_SSP3","GCAM","new",0.0585595
2037,"RF_H2O_strat","W/m^2","GCAM_SSP3","GCAM","new",0.0592226
2038,"RF_H2O_strat","W/m^2","GCAM_SSP3","GCAM","new",0.0599052
2039,"RF_H2O_strat","W/m^2","GCAM_SSP3","GCAM","new",0.0606061
2040,"RF_H2O_strat","W/m^2","GCAM_SSP3","GCAM","new",0.0613244
2041,"RF_H2O_strat","W/m^2","GCAM_SSP3","GCAM","new",0.0620304
2042,"RF_H2O_strat","W/m^2","GCAM_SSP3","GCAM","new",0.0627251
2043,"RF_H2O_strat","W/m^2","GCAM_SSP3","GCAM","new",0.0634096
2044,"RF_H2O_strat","W/m^2","GCAM_SSP3","GCAM","new",0.0640848
2045,"RF_H2O_strat","W/m^2","GCAM_SSP3","GCAM","new",0.0647515
2046,"RF_H2O_strat","W/m^2","GCAM_SSP3","GCAM","new",0.0654204
2047,"RF_H2O_strat","W/m^2","GCAM_SSP3","GCAM","new",0.0660916
2048,"RF_H2O_strat","W/m^2","GCAM_SSP3","GCAM","new",0.0667651
2049,"RF_H2O_strat","W/m^2","GCAM_SSP3","GCAM","new",0.0674409
2050,"RF_H2O_strat","W/m^2","GCAM_SSP3","GCAM","new",0.0681189
2051,"RF_H2O_strat","W/m^2","GCAM_SSP3","GCAM","new",0.0688005
2052,"RF_H2O_strat","W/m^2","GCAM_SSP3","GCAM","new",0.0694854
2053,"RF_H2O_strat","W/m^2","GCAM_SSP3","GCAM","new",0.0701736
2054,"RF_H2O_strat","W/m^2","GCAM_SSP3","GCAM","new",0.0708651
2055,"RF_H2O_strat","W/m^2","GCAM_SSP3","GCAM","new",0.0715598
2056,"RF_H2O_strat","W/m^2","GCAM_SSP3","GCAM","new",0.0722588
2057,"RF_H2O_strat","W/m^2","GCAM_SSP3","GCAM","new",0.0729621
2058,"RF_H2O_strat","W/m^2","GCAM_SSP3","GCAM","new",0.0736695
2059,"RF_H2O_strat","W/m^2","GCAM_SSP3","GCAM","new",0.0743807
2060,"RF_H2O_strat","W/m^2","GCAM_SSP3","GCAM","new",0.0750958
2061,"RF_H2O_strat","W/m^2","GCAM_SSP3","GCAM","new",0.0758127
2062,"RF_H2O_strat","W/m^2","GCAM_SSP3","GCAM","new",0.0765314
2063,"RF_H2O_strat","W/m^2","GCAM_SSP3","GCAM","new",0.0772519
2064,"RF_H2O_strat","W/m^2","GCAM_SSP3","GCAM","new",0.0779743
2065,"RF_H2O_strat","W/m^2","GCAM_SSP3","GCAM","new",0.0786986
2066,"RF_H2O_strat","W/m^2","GCAM_SSP3","GCAM","new",0.0794219
2067,"RF_H2O_strat","W/m^2","GCAM_SSP3","GCAM","new",0.0801446
2068,"RF_H2O_strat","W/m^2","GCAM_SSP3","GCAM","new",0.0808668
2069,"RF_H2O_strat","W/m^2","GCAM_SSP3","GCAM","new",0.0815887
2070,"RF_H2O_strat","W/m^2","GCAM_SSP3","GCAM","new",0.0823103
2071,"RF_H2O_strat","W/m^2","GCAM_SSP3","GCAM","new",0.0830314
2072,"RF_H2O_strat","W/m^2","GCAM_SSP3","GCAM","new",0.0837519
2073,"RF_H2O_strat","W/m^2","GCAM_SSP3","GCAM","new",0.0844722
2074,"RF_H2O_strat","W/m^2","GCAM_SSP3","GCAM","new",0.0851923
2075,"RF_H2O_strat","W/m^2","GCAM_SSP3","GCAM","new",0.0859124
2076,"RF_H2O_strat","W/m^2","GCAM_SSP3","GCAM","new",0.0866309
2077,"RF_H2O_strat","W/m^2","GCAM_SSP3","GCAM","new",0.087348
2078,"RF_H2O_strat","W/m^2","GCAM_SSP3","GCAM","new",0.0880639
2079,"RF_H2O_strat","W/m^2","GCAM_SSP3","GCAM","new",0.0887789
2080,"RF_H2O_strat","W/m^2","GCAM_SSP3","GCAM","new",0.0894932
2081,"RF_H2O_strat","W/m^2","GCAM_SSP3","GCAM","new",0.0902065
2082,"RF_H2O_strat","W/m^2","GCAM_SSP3","GCAM","new",0.090919
2083,"RF_H2O_strat","W/m^2","GCAM_SSP3","GCAM","new",0.091631
2084,"RF_H2O_strat","W/m^2","GCAM_SSP3","GCAM","new",0.0923427
2085,"RF_H2O_strat","W/m^2","GCAM_SSP3","GCAM","new",0.0930541
2086,"RF_H2O_strat","W/m^2","GCAM_SSP3","GCAM","new",0.0937651
2087,"RF_H2O_strat","W/m^2","GCAM_SSP3","GCAM","new",0.0944757
2088,"RF_H2O_strat","W/m^2","GCAM_SSP3","GCAM","new",0.0951861
2089,"RF_H2O_strat","W/m^2","GCAM_SSP3","GCAM","new",0.0958964
2090,"RF_H2O_strat","W/m^2","GCAM_SSP3","GCAM","new",0.0966068
2091,"RF_H2O_strat","W/m^2","GCAM_SSP3","GCAM","new",0.0973124
2092,"RF_H2O_strat","W/m^2","GCAM_SSP3","GCAM","new",0.0980138
2093,"RF_H2O_strat","W/m^2","GCAM_SSP3","GCAM","new",0.0987111
2094,"RF_H2O_strat","W/m^2","GCAM_SSP3","GCAM","new",0.099405
2095,"RF_H2O_strat","W/m^2","GCAM_SSP3","GCAM","new",0.100096
2096,"RF_H2O_strat","W/m^2","GCAM_SSP3","GCAM","new",0.100784
2097,"RF_H2O_strat","W/m^2","GCAM_SSP3","GCAM","new",0.101472
2098,"RF_H2O_strat","W/m^2","GCAM_SSP3","GCAM","new",0.102158
2099,"RF_H2O_strat","W/m^2","GCAM_SSP3","GCAM","new",0.102843
2100,"RF_H2O_strat","W/m^2","GCAM_SSP3","GCAM","new",0.103527
1976,"RF_O3_trop","W/m^2","Reference","GCAM","new",0.336193
1977,"RF_O3_trop","W/m^2","Reference","GCAM","new",0.343258
1978,"RF_O3_trop","W/m^2","Reference","GCAM","new",0.351951
1979,"RF_O3_trop","W/m^2","Reference","GCAM","new",0.357326
1980,"RF_O3_trop","W/m^2","Reference","GCAM","new",0.356834
1981,"RF_O3_trop","W/m^2","Reference","GCAM","new",0.352993
1982,"RF_O3_trop","W/m^2","Reference","GCAM","new",0.364826
1983,"RF_O3_trop","W/m^2","Reference","GCAM","new",0.349962
1984,"RF_O3_trop","W/m^2","Reference","GCAM","new",0.358825
1985,"RF_O3_trop","W/m^2","Reference","GCAM","new",0.364101
1986,"RF_O3_trop","W/m^2","Reference","GCAM","new",0.371061
1987,"RF_O3_trop","W/m^2","Reference","GCAM","new",0.381199
1988,"RF_O3_trop","W/m^2","Reference","GCAM","new",0.389397
1989,"RF_O3_trop","W/m^2","Reference","GCAM","new",0.391264
1990,"RF_O3_trop","W/m^2","Reference","GCAM","new",0.39512
1991,"RF_O3_trop","W/m^2","Reference","GCAM","new",0.421788
1992,"RF_O3_trop","W/m^2","Reference","GCAM","new",0.397488
1993,"RF_O3_trop","W/m^2","Reference","GCAM","new",0.403597
1994,"RF_O3_trop","W/m^2","Reference","GCAM","new",0.420113
1995,"RF_O3_trop","W/m^2","Reference","GCAM","new",0.412286
1996,"RF_O3_trop","W/m^2","Reference","GCAM","new",0.410394
1997,"RF_O3_trop","W/m^2","Reference","GCAM","new",0.446949
1998,"RF_O3_trop","W/m^2","Reference","GCAM","new",0.43899
1999,"RF_O3_trop","W/m^2","Reference","GCAM","new",0.418167
2000,"RF_O3_trop","W/m^2","Reference","GCAM","new",0.412396
2001,"RF_O3_trop","W/m^2","Reference","GCAM","new",0.413178
2002,"RF_O3_trop","W/m^2","Reference","GCAM","new",0.423729
2003,"RF_O3_trop","W/m^2","Reference","GCAM","new",0.425467
2004,"RF_O3_trop","W/m^2","Reference","GCAM","new",0.434156
2005,"RF_O3_trop","W/m^2","Reference","GCAM","new",0.440499
2006,"RF_O3_trop","W/m^2","Reference","GCAM","new",0.445268
2007,"RF_O3_trop","W/m^2","Reference","GCAM","new",0.449358
2008,"RF_O3_trop","W/m^2","Reference","GCAM","new",0.439905
2009,"RF_O3_trop","W/m^2","Reference","GCAM","new",0.42629
2010,"RF_O3_trop","W/m^2","Reference","GCAM","new",0.433505
2011,"RF_O3_trop","W/m^2","Reference","GCAM","new",0.434125
2012,"RF_O3_trop","W/m^2","Reference","GCAM","new",0.43628
2013,"RF_O3_trop","W/m^2","Reference","GCAM","new",0.42556
2014,"RF_O3_trop","W/m^2","Reference","GCAM","new",0.429904
2015,"RF_O3_trop","W/m^2","Reference","GCAM","new",0.435769
2016,"RF_O3_trop","W/m^2","Reference","GCAM","new",0.420431
2017,"RF_O3_trop","W/m^2","Reference","GCAM","new",0.420668
2018,"RF_O3_trop","W/m^2","Reference","GCAM","new",0.417334
2019,"RF_O3_trop","W/m^2","Reference","GCAM","new",0.42628
2020,"RF_O3_trop","W/m^2","Reference","GCAM","new",0.401791
2021,"RF_O3_trop","W/m^2","Reference","GCAM","new",0.413457
2022,"RF_O3_trop","W/m^2","Reference","GCAM","new",0.401221
2023,"RF_O3_trop","W/m^2","Reference","GCAM","new",0.414223
2024,"RF_O3_trop","W/m^2","Reference","GCAM","new",0.394538
2025,"RF_O3_trop","W/m^2","Reference","GCAM","new",0.37515
2026,"RF_O3_trop","W/m^2","Reference","GCAM","new",0.371765
2027,"RF_O3_trop","W/m^2","Reference","GCAM","new",0.368404
2028,"RF_O3_trop","W/m^2","Reference","GCAM","new",0.365066
2029,"RF_O3_trop","W/m^2","Reference","GCAM","new",0.361746
2030,"RF_O3_trop","W/m^2","Reference","GCAM","new",0.358444
2031,"RF_O3_trop","W/m^2","Reference","GCAM","new",0.356319
2032,"RF_O3_trop","W/m^2","Reference","GCAM","new",0.35421
2033,"RF_O3_trop","W/m^2","Reference","GCAM","new",0.352115
2034,"RF_O3_trop","W/m^2","Reference","GCAM","new",0.350033
2035,"RF_O3_trop","W/m^2","Reference","GCAM","new",0.347961
2036,"RF_O3_trop","W/m^2","Reference","GCAM","new",0.347298
2037,"RF_O3_trop","W/m^2","Reference","GCAM","new",0.346623
2038,"RF_O3_trop","W/m^2","Reference","GCAM","new",0.345938
2039,"RF_O3_trop","W/m^2","Reference","GCAM","new",0.345243
2040,"RF_O3_trop","W/m^2","Reference","GCAM","new",0.344539
2041,"RF_O3_trop","W/m^2","Reference","GCAM","new",0.345345
2042,"RF_O3_trop","W/m^2","Reference","GCAM","new",0.346108
2043,"RF_O3_trop","W/m^2","Reference","GCAM","new",0.34683
2044,"RF_O3_trop","W/m^2","Reference","GCAM","new",0.347514
2045,"RF_O3_trop","W/m^2","Reference","GCAM","new",0.348164
2046,"RF_O3_trop","W/m^2","Reference","GCAM","new",0.349076
2047,"RF_O3_trop","W/m^2","Reference","GCAM","new",0.349973
2048,"RF_O3_trop","W/m^2","Reference","GCAM","new",0.350855
2049,"RF_O3_trop","W/m^2","Reference","GCAM","new",0.351723
2050,"RF_O3_trop","W/m^2","Reference","GCAM","new",0.352578
2051,"RF_O3_trop","W/m^2","Reference","GCAM","new",0.353835
2052,"RF_O3_trop","W/m^2","Reference","GCAM","new",0.355085
2053,"RF_O3_trop","W/m^2","Reference","GCAM","new",0.35633
2054,"RF_O3_trop","W/m^2","Reference","GCAM","new",0.357568
2055,"RF_O3_trop","W/m^2","Reference","GCAM","new",0.3588
2056,"RF_O3_trop","W/m^2","Reference","GCAM","new",0.360281
2057,"RF_O3_trop","W/m^2","Reference","GCAM","new",0.361753
2058,"RF_O3_trop","W/m^2","Reference","GCAM","new",0.363218
2059,"RF_O3_trop","W/m^2","Reference","GCAM","new",0.364674
2060,"RF_O3_trop","W/m^2","Reference","GCAM","new",0.366123
2061,"RF_O3_trop","W/m^2","Reference","GCAM","new",0.367572
2062,"RF_O3_trop","W/m^2","Reference","GCAM","new",0.369007
2063,"RF_O3_trop","W/m^2","Reference","GCAM","new",0.370427
2064,"RF_O3_trop","W/m^2","Reference","GCAM","new",0.371834
2065,"RF_O3_trop","W/m^2","Reference","GCAM","new",0.373229
2066,"RF_O3_trop","W/m^2","Reference","GCAM","new",0.374549
2067,"RF_O3_trop","W/m^2","Reference","GCAM","new",0.375848
2068,"RF_O3_trop","W/m^2","Reference","GCAM","new",0.377126
2069,"RF_O3_trop","W/m^2","Reference","GCAM","new",0.378385
2070,"RF_O3_trop","W/m^2","Reference","GCAM","new",0.379625
2071,"RF_O3_trop","W/m^2","Reference","GCAM","new",0.380831
2072,"RF_O3_trop","W/m^2","Reference","GCAM","new",0.382016
2073,"RF_O3_trop","W/m^2","Reference","GCAM","new",0.383179
2074,"RF_O3_trop","W/m^2","Reference","GCAM","new",0.384323
2075,"RF_O3_trop","W/m^2","Reference","GCAM","new",0.385449
2076,"RF_O3_trop","W/m^2","Reference","GCAM","new",0.386476
2077,"RF_O3_trop","W/m^2","Reference","GCAM","new",0.387474
2078,"RF_O3_trop","W/m^2","Reference","GCAM","new",0.388446
2079,"RF_O3_trop","W/m^2","Reference","GCAM","new",0.389394
2080,"RF_O3_trop","W/m^2","Reference","GCAM","new",0.390318
2081,"RF_O3_trop","W/m^2","Reference","GCAM","new",0.39106
2082,"RF_O3_trop","W/m^2","Reference","GCAM","new",0.391768
2083,"RF_O3_trop","W/m^2","Reference","GCAM","new",0.392443
2084,"RF_O3_trop","W/m^2","Reference","GCAM","new",0.393088
2085,"RF_O3_trop","W/m^2","Reference","GCAM","new",0.393705
2086,"RF_O3_trop","W/m^2","Reference","GCAM","new",0.394253
2087,"RF_O3_trop","W/m^2","Reference","GCAM","new",0.394763
2088,"RF_O3_trop","W/m^2","Reference","GCAM","new",0.395238
2089,"RF_O3_trop","W/m^2","Reference","GCAM","new",0.39568
2090,"RF_O3_trop","W/m^2","Reference","GCAM","new",0.396092
2091,"RF_O3_trop","W/m^2","Reference","GCAM","new",0.396461
2092,"RF_O3_trop","W/m^2","Reference","GCAM","new",0.396797
2093,"RF_O3_trop","W/m^2","Reference","GCAM","new",0.397105
2094,"RF_O3_trop","W/m^2","Reference","GCAM","new",0.397384
2095,"RF_O3_trop","W/m^2","Reference","GCAM","new",0.397638
2096,"RF_O3_trop","W/m^2","Reference","GCAM","new",0.397859
2097,"RF_O3_trop","W/m^2","Reference","GCAM","new",0.398054
2098,"RF_O3_trop","W/m^2","Reference","GCAM","new",0.398224
2099,"RF_O3_trop","W/m^2","Reference","GCAM","new",0.398371
2100,"RF_O3_trop","W/m^2","Reference","GCAM","new",0.398497
1976,"RF_O3_trop","W/m^2","GCAM_SSP4","GCAM","new",0.336193
1977,"RF_O3_trop","W/m^2","GCAM_SSP4","GCAM","new",0.343258
1978,"RF_O3_trop","W/m^2","GCAM_SSP4","GCAM","new",0.351951
1979,"RF_O3_trop","W/m^2","GCAM_SSP4","GCAM","new",0.357326
1980,"RF_O3_trop","W/m^2","GCAM_SSP4","GCAM","new",0.356834
1981,"RF_O3_trop","W/m^2","GCAM_SSP4","GCAM","new",0.352993
1982,"RF_O3_trop","W/m^2","GCAM_SSP4","GCAM","new",0.364826
1983,"RF_O3_trop","W/m^2","GCAM_SSP4","GCAM","new",0.349962
1984,"RF_O3_trop","W/m^2","GCAM_SSP4","GCAM","new",0.358825
1985,"RF_O3_trop","W/m^2","GCAM_SSP4","GCAM","new",0.364101
1986,"RF_O3_trop","W/m^2","GCAM_SSP4","GCAM","new",0.371061
1987,"RF_O3_trop","W/m^2","GCAM_SSP4","GCAM","new",0.381199
1988,"RF_O3_trop","W/m^2","GCAM_SSP4","GCAM","new",0.389397
1989,"RF_O3_trop","W/m^2","GCAM_SSP4","GCAM","new",0.391264
1990,"RF_O3_trop","W/m^2","GCAM_SSP4","GCAM","new",0.39512
1991,"RF_O3_trop","W/m^2","GCAM_SSP4","GCAM","new",0.421788
1992,"RF_O3_trop","W/m^2","GCAM_SSP4","GCAM","new",0.397488
1993,"RF_O3_trop","W/m^2","GCAM_SSP4","GCAM","new",0.403597
1994,"RF_O3_trop","W/m^2","GCAM_SSP4","GCAM","new",0.420113
1995,"RF_O3_trop","W/m^2","GCAM_SSP4","GCAM","new",0.412286
1996,"RF_O3_trop","W/m^2","GCAM_SSP4","GCAM","new",0.410394
1997,"RF_O3_trop","W/m^2","GCAM_SSP4","GCAM","new",0.446949
1998,"RF_O3_trop","W/m^2","GCAM_SSP4","GCAM","new",0.43899
1999,"RF_O3_trop","W/m^2","GCAM_SSP4","GCAM","new",0.418167
2000,"RF_O3_trop","W/m^2","GCAM_SSP4","GCAM","new",0.412396
2001,"RF_O3_trop","W/m^2","GCAM_SSP4","GCAM","new",0.413178
2002,"RF_O3_trop","W/m^2","GCAM_SSP4","GCAM","new",0.423729
2003,"RF_O3_trop","W/m^2","GCAM_SSP4","GCAM","new",0.425467
2004,"RF_O3_trop","W/m^2","GCAM_SSP4","GCAM","new",0.434156
2005,"RF_O3_trop","W/m^2","GCAM_SSP4","GCAM","new",0.440499
2006,"RF_O3_trop","W/m^2","GCAM_SSP4","GCAM","new",0.445268
2007,"RF_O3_trop","W/m^2","GCAM_SSP4","GCAM","new",0.449358
2008,"RF_O3_trop","W/m^2","GCAM_SSP4","GCAM","new",0.439905
2009,"RF_O3_trop","W/m^2","GCAM_SSP4","GCAM","new",0.42629
2010,"RF_O3_trop","W/m^2","GCAM_SSP4","GCAM","new",0.433505
2011,"RF_O3_trop","W/m^2","GCAM_SSP4","GCAM","new",0.434125
2012,"RF_O3_trop","W/m^2","GCAM_SSP4","GCAM","new",0.43628
2013,"RF_O3_trop","W/m^2","GCAM_SSP4","GCAM","new",0.42556
2014,"RF_O3_trop","W/m^2","GCAM_SSP4","GCAM","new",0.429904
2015,"RF_O3_trop","W/m^2","GCAM_SSP4","GCAM","new",0.435769
2016,"RF_O3_trop","W/m^2","GCAM_SSP4","GCAM","new",0.420431
2017,"RF_O3_trop","W/m^2","GCAM_SSP4","GCAM","new",0.420668
2018,"RF_O3_trop","W/m^2","GCAM_SSP4","GCAM","new",0.417334
2019,"RF_O3_trop","W/m^2","GCAM_SSP4","GCAM","new",0.42628
2020,"RF_O3_trop","W/m^2","GCAM_SSP4","GCAM","new",0.401791
2021,"RF_O3_trop","W/m^2","GCAM_SSP4","GCAM","new",0.413457
2022,"RF_O3_trop","W/m^2","GCAM_SSP4","GCAM","new",0.401221
2023,"RF_O3_trop","W/m^2","GCAM_SSP4","GCAM","new",0.414223
2024,"RF_O3_trop","W/m^2","GCAM_SSP4","GCAM","new",0.417545
2025,"RF_O3_trop","W/m^2","GCAM_SSP4","GCAM","new",0.420602
2026,"RF_O3_trop","W/m^2","GCAM_SSP4","GCAM","new",0.417534
2027,"RF_O3_trop","W/m^2","GCAM_SSP4","GCAM","new",0.414572
2028,"RF_O3_trop","W/m^2","GCAM_SSP4","GCAM","new",0.411709
2029,"RF_O3_trop","W/m^2","GCAM_SSP4","GCAM","new",0.408933
2030,"RF_O3_trop","W/m^2","GCAM_SSP4","GCAM","new",0.406239
2031,"RF_O3_trop","W/m^2","GCAM_SSP4","GCAM","new",0.402926
2032,"RF_O3_trop","W/m^2","GCAM_SSP4","GCAM","new",0.399684
2033,"RF_O3_trop","W/m^2","GCAM_SSP4","GCAM","new",0.396506
2034,"RF_O3_trop","W/m^2","GCAM_SSP4","GCAM","new",0.393385
2035,"RF_O3_trop","W/m^2","GCAM_SSP4","GCAM","new",0.390316
2036,"RF_O3_trop","W/m^2","GCAM_SSP4","GCAM","new",0.387707
2037,"RF_O3_trop","W/m^2","GCAM_SSP4","GCAM","new",0.38514
2038,"RF_O3_trop","W/m^2","GCAM_SSP4","GCAM","new",0.382612
2039,"RF_O3_trop","W/m^2","GCAM_SSP4","GCAM","new",0.380118
2040,"RF_O3_trop","W/m^2","GCAM_SSP4","GCAM","new",0.377655
2041,"RF_O3_trop","W/m^2","GCAM_SSP4","GCAM","new",0.377234
2042,"RF_O3_trop","W/m^2","GCAM_SSP4","GCAM","new",0.376784
2043,"RF_O3_trop","W/m^2","GCAM_SSP4","GCAM","new",0.376309
2044,"RF_O3_trop","W/m^2","GCAM_SSP4","GCAM","new",0.37581
2045,"RF_O3_trop","W/m^2","GCAM_SSP4","GCAM","new",0.375288
2046,"RF_O3_trop","W/m^2","GCAM_SSP4","GCAM","new",0.374789
2047,"RF_O3_trop","W/m^2","GCAM_SSP4","GCAM","new",0.374291
2048,"RF_O3_trop","W/m^2","GCAM_SSP4","GCAM","new",0.373795
2049,"RF_O3_trop","W/m^2","GCAM_SSP4","GCAM","new",0.373299
2050,"RF_O3_trop","W/m^2","GCAM_SSP4","GCAM","new",0.372803
2051,"RF_O3_trop","W/m^2","GCAM_SSP4","GCAM","new",0.372806
2052,"RF_O3_trop","W/m^2","GCAM_SSP4","GCAM","new",0.37281
2053,"RF_O3_trop","W/m^2","GCAM_SSP4","GCAM","new",0.372813
2054,"RF_O3_trop","W/m^2","GCAM_SSP4","GCAM","new",0.372817
2055,"RF_O3_trop","W/m^2","GCAM_SSP4","GCAM","new",0.372819
2056,"RF_O3_trop","W/m^2","GCAM_SSP4","GCAM","new",0.373171
2057,"RF_O3_trop","W/m^2","GCAM_SSP4","GCAM","new",0.373522
2058,"RF_O3_trop","W/m^2","GCAM_SSP4","GCAM","new",0.373872
2059,"RF_O3_trop","W/m^2","GCAM_SSP4","GCAM","new",0.37422
2060,"RF_O3_trop","W/m^2","GCAM_SSP4","GCAM","new",0.374567
2061,"RF_O3_trop","W/m^2","GCAM_SSP4","GCAM","new",0.374983
2062,"RF_O3_trop","W/m^2","GCAM_SSP4","GCAM","new",0.375391
2063,"RF_O3_trop","W/m^2","GCAM_SSP4","GCAM","new",0.375793
2064,"RF_O3_trop","W/m^2","GCAM_SSP4","GCAM","new",0.376187
2065,"RF_O3_trop","W/m^2","GCAM_SSP4","GCAM","new",0.376574
2066,"RF_O3_trop","W/m^2","GCAM_SSP4","GCAM","new",0.376999
2067,"RF_O3_trop","W/m^2","GCAM_SSP4","GCAM","new",0.377408
2068,"RF_O3_trop","W/m^2","GCAM_SSP4","GCAM","new",0.377804
2069,"RF_O3_trop","W/m^2","GCAM_SSP4","GCAM","new",0.378186
2070,"RF_O3_trop","W/m^2","GCAM_SSP4","GCAM","new",0.378555
2071,"RF_O3_trop","W/m^2","GCAM_SSP4","GCAM","new",0.378936
2072,"RF_O3_trop","W/m^2","GCAM_SSP4","GCAM","new",0.379305
2073,"RF_O3_trop","W/m^2","GCAM_SSP4","GCAM","new",0.379663
2074,"RF_O3_trop","W/m^2","GCAM_SSP4","GCAM","new",0.38001
2075,"RF_O3_trop","W/m^2","GCAM_SSP4","GCAM","new",0.380347
2076,"RF_O3_trop","W/m^2","GCAM_SSP4","GCAM","new",0.380575
2077,"RF_O3_trop","W/m^2","GCAM_SSP4","GCAM","new",0.380788
2078,"RF_O3_trop","W/m^2","GCAM_SSP4","GCAM","new",0.380986
2079,"RF_O3_trop","W/m^2","GCAM_SSP4","GCAM","new",0.381172
2080,"RF_O3_trop","W/m^2","GCAM_SSP4","GCAM","new",0.381345
2081,"RF_O3_trop","W/m^2","GCAM_SSP4","GCAM","new",0.381343
2082,"RF_O3_trop","W/m^2","GCAM_SSP4","GCAM","new",0.381324
2083,"RF_O3_trop","W/m^2","GCAM_SSP4","GCAM","new",0.381292
2084,"RF_O3_trop","W/m^2","GCAM_SSP4","GCAM","new",0.381246
2085,"RF_O3_trop","W/m^2","GCAM_SSP4","GCAM","new",0.381186
2086,"RF_O3_trop","W/m^2","GCAM_SSP4","GCAM","new",0.381288
2087,"RF_O3_trop","W/m^2","GCAM_SSP4","GCAM","new",0.381384
2088,"RF_O3_trop","W/m^2","GCAM_SSP4","GCAM","new",0.381475
2089,"RF_O3_trop","W/m^2","GCAM_SSP4","GCAM","new",0.38156
2090,"RF_O3_trop","W/m^2","GCAM_SSP4","GCAM","new",0.381639
2091,"RF_O3_trop","W/m^2","GCAM_SSP4","GCAM","new",0.381779
2092,"RF_O3_trop","W/m^2","GCAM_SSP4","GCAM","new",0.381911
2093,"RF_O3_trop","W/m^2","GCAM_SSP4","GCAM","new",0.382036
2094,"RF_O3_trop","W/m^2","GCAM_SSP4","GCAM","new",0.382155
2095,"RF_O3_trop","W/m^2","GCAM_SSP4","GCAM","new",0.382268
2096,"RF_O3_trop","W/m^2","GCAM_SSP4","GCAM","new",0.382404
2097,"RF_O3_trop","W/m^2","GCAM_SSP4","GCAM","new",0.382533
2098,"RF_O3_trop","W/m^2","GCAM_SSP4","GCAM","new",0.382655
2099,"RF_O3_trop","W/m^2","GCAM_SSP4","GCAM","new",0.38277
2100,"RF_O3_trop","W/m^2","GCAM_SSP4","GCAM","new",0.382879
1976,"RF_O3_trop","W/m^2","GCAM_SSP5","GCAM","new",0.336193
1977,"RF_O3_trop","W/m^2","GCAM_SSP5","GCAM","new",0.343258
1978,"RF_O3_trop","W/m^2","GCAM_SSP5","GCAM","new",0.351951
1979,"RF_O3_trop","W/m^2","GCAM_SSP5","GCAM","new",0.357326
1980,"RF_O3_trop","W/m^2","GCAM_SSP5","GCAM","new",0.356834
1981,"RF_O3_trop","W/m^2","GCAM_SSP5","GCAM","new",0.352993
1982,"RF_O3_trop","W/m^2","GCAM_SSP5","GCAM","new",0.364826
1983,"RF_O3_trop","W/m^2","GCAM_SSP5","GCAM","new",0.349962
1984,"RF_O3_trop","W/m^2","GCAM_SSP5","GCAM","new",0.358825
1985,"RF_O3_trop","W/m^2","GCAM_SSP5","GCAM","new",0.364101
1986,"RF_O3_trop","W/m^2","GCAM_SSP5","GCAM","new",0.371061
1987,"RF_O3_trop","W/m^2","GCAM_SSP5","GCAM","new",0.381199
1988,"RF_O3_trop","W/m^2","GCAM_SSP5","GCAM","new",0.389397
1989,"RF_O3_trop","W/m^2","GCAM_SSP5","GCAM","new",0.391264
1990,"RF_O3_trop","W/m^2","GCAM_SSP5","GCAM","new",0.39512
1991,"RF_O3_trop","W/m^2","GCAM_SSP5","GCAM","new",0.421788
1992,"RF_O3_trop","W/m^2","GCAM_SSP5","GCAM","new",0.397488
1993,"RF_O3_trop","W/m^2","GCAM_SSP5","GCAM","new",0.403597
1994,"RF_O3_trop","W/m^2","GCAM_SSP5","GCAM","new",0.420113
1995,"RF_O3_trop","W/m^2","GCAM_SSP5","GCAM","new",0.412286
1996,"RF_O3_trop","W/m^2","GCAM_SSP5","GCAM","new",0.410394
1997,"RF_O3_trop","W/m^2","GCAM_SSP5","GCAM","new",0.446949
1998,"RF_O3_trop","W/m^2","GCAM_SSP5","GCAM","new",0.43899
1999,"RF_O3_trop","W/m^2","GCAM_SSP5","GCAM","new",0.418167
2000,"RF_O3_trop","W/m^2","GCAM_SSP5","GCAM","new",0.412396
2001,"RF_O3_trop","W/m^2","GCAM_SSP5","GCAM","new",0.413178
2002,"RF_O3_trop","W/m^2","GCAM_SSP5","GCAM","new",0.423729
2003,"RF_O3_trop","W/m^2","GCAM_SSP5","GCAM","new",0.425467
2004,"RF_O3_trop","W/m^2","GCAM_SSP5","GCAM","new",0.434156
2005,"RF_O3_trop","W/m^2","GCAM_SSP5","GCAM","new",0.440499
2006,"RF_O3_trop","W/m^2","GCAM_SSP5","GCAM","new",0.445268
2007,"RF_O3_trop","W/m^2","GCAM_SSP5","GCAM","new",0.449358
2008,"RF_O3_trop","W/m^2","GCAM_SSP5","GCAM","new",0.439905
2009,"RF_O3_trop","W/m^2","GCAM_SSP5","GCAM","new",0.42629
2010,"RF_O3_trop","W/m^2","GCAM_SSP5","GCAM","new",0.433505
2011,"RF_O3_trop","W/m^2","GCAM_SSP5","GCAM","new",0.434125
2012,"RF_O3_trop","W/m^2","GCAM_SSP5","GCAM","new",0.43628
2013,"RF_O3_trop","W/m^2","GCAM_SSP5","GCAM","new",0.42556
2014,"RF_O3_trop","W/m^2","GCAM_SSP5","GCAM","new",0.429904
2015,"RF_O3_trop","W/m^2","GCAM_SSP5","GCAM","new",0.435769
2016,"RF_O3_trop","W/m^2","GCAM_SSP5","GCAM","new",0.420431
2017,"RF_O3_trop","W/m^2","GCAM_SSP5","GCAM","new",0.420668
2018,"RF_O3_trop","W/m^2","GCAM_SSP5","GCAM","new",0.417334
2019,"RF_O3_trop","W/m^2","GCAM_SSP5","GCAM","new",0.42628
2020,"RF_O3_trop","W/m^2","GCAM_SSP5","GCAM","new",0.401791
2021,"RF_O3_trop","W/m^2","GCAM_SSP5","GCAM","new",0.413457
2022,"RF_O3_trop","W/m^2","GCAM_SSP5","GCAM","new",0.401221
2023,"RF_O3_trop","W/m^2","GCAM_SSP5","GCAM","new",0.414223
2024,"RF_O3_trop","W/m^2","GCAM_SSP5","GCAM","new",0.404462
2025,"RF_O3_trop","W/m^2","GCAM_SSP5","GCAM","new",0.394717
2026,"RF_O3_trop","W/m^2","GCAM_SSP5","GCAM","new",0.390596
2027,"RF_O3_trop","W/m^2","GCAM_SSP5","GCAM","new",0.38656
2028,"RF_O3_trop","W/m^2","GCAM_SSP5","GCAM","new",0.3826
2029,"RF_O3_trop","W/m^2","GCAM_SSP5","GCAM","new",0.378708
2030,"RF_O3_trop","W/m^2","GCAM_SSP5","GCAM","new",0.374879
2031,"RF_O3_trop","W/m^2","GCAM_SSP5","GCAM","new",0.372035
2032,"RF_O3_trop","W/m^2","GCAM_SSP5","GCAM","new",0.36925
2033,"RF_O3_trop","W/m^2","GCAM_SSP5","GCAM","new",0.366519
2034,"RF_O3_trop","W/m^2","GCAM_SSP5","GCAM","new",0.363834
2035,"RF_O3_trop","W/m^2","GCAM_SSP5","GCAM","new",0.361192
2036,"RF_O3_trop","W/m^2","GCAM_SSP5","GCAM","new",0.358716
2037,"RF_O3_trop","W/m^2","GCAM_SSP5","GCAM","new",0.356295
2038,"RF_O3_trop","W/m^2","GCAM_SSP5","GCAM","new",0.353923
2039,"RF_O3_trop","W/m^2","GCAM_SSP5","GCAM","new",0.351594
2040,"RF_O3_trop","W/m^2","GCAM_SSP5","GCAM","new",0.349304
2041,"RF_O3_trop","W/m^2","GCAM_SSP5","GCAM","new",0.349143
2042,"RF_O3_trop","W/m^2","GCAM_SSP5","GCAM","new",0.348966
2043,"RF_O3_trop","W/m^2","GCAM_SSP5","GCAM","new",0.348772
2044,"RF_O3_trop","W/m^2","GCAM_SSP5","GCAM","new",0.348563
2045,"RF_O3_trop","W/m^2","GCAM_SSP5","GCAM","new",0.348339
2046,"RF_O3_trop","W/m^2","GCAM_SSP5","GCAM","new",0.348203
2047,"RF_O3_trop","W/m^2","GCAM_SSP5","GCAM","new",0.34807
2048,"RF_O3_trop","W/m^2","GCAM_SSP5","GCAM","new",0.347937
2049,"RF_O3_trop","W/m^2","GCAM_SSP5","GCAM","new",0.347804
2050,"RF_O3_trop","W/m^2","GCAM_SSP5","GCAM","new",0.34767
2051,"RF_O3_trop","W/m^2","GCAM_SSP5","GCAM","new",0.348909
2052,"RF_O3_trop","W/m^2","GCAM_SSP5","GCAM","new",0.350123
2053,"RF_O3_trop","W/m^2","GCAM_SSP5","GCAM","new",0.351314
2054,"RF_O3_trop","W/m^2","GCAM_SSP5","GCAM","new",0.352481
2055,"RF_O3_trop","W/m^2","GCAM_SSP5","GCAM","new",0.353628
2056,"RF_O3_trop","W/m^2","GCAM_SSP5","GCAM","new",0.354868
2057,"RF_O3_trop","W/m^2","GCAM_SSP5","GCAM","new",0.356082
2058,"RF_O3_trop","W/m^2","GCAM_SSP5","GCAM","new",0.35727
2059,"RF_O3_trop","W/m^2","GCAM_SSP5","GCAM","new",0.358434
2060,"RF_O3_trop","W/m^2","GCAM_SSP5","GCAM","new",0.359576
2061,"RF_O3_trop","W/m^2","GCAM_SSP5","GCAM","new",0.360736
2062,"RF_O3_trop","W/m^2","GCAM_SSP5","GCAM","new",0.361865
2063,"RF_O3_trop","W/m^2","GCAM_SSP5","GCAM","new",0.362967
2064,"RF_O3_trop","W/m^2","GCAM_SSP5","GCAM","new",0.364041
2065,"RF_O3_trop","W/m^2","GCAM_SSP5","GCAM","new",0.365091
2066,"RF_O3_trop","W/m^2","GCAM_SSP5","GCAM","new",0.366016
2067,"RF_O3_trop","W/m^2","GCAM_SSP5","GCAM","new",0.366904
2068,"RF_O3_trop","W/m^2","GCAM_SSP5","GCAM","new",0.367756
2069,"RF_O3_trop","W/m^2","GCAM_SSP5","GCAM","new",0.368577
2070,"RF_O3_trop","W/m^2","GCAM_SSP5","GCAM","new",0.369368
2071,"RF_O3_trop","W/m^2","GCAM_SSP5","GCAM","new",0.370155
2072,"RF_O3_trop","W/m^2","GCAM_SSP5","GCAM","new",0.370902
2073,"RF_O3_trop","W/m^2","GCAM_SSP5","GCAM","new",0.371614
2074,"RF_O3_trop","W/m^2","GCAM_SSP5","GCAM","new",0.372291
2075,"RF_O3_trop","W/m^2","GCAM_SSP5","GCAM","new",0.372937
2076,"RF_O3_trop","W/m^2","GCAM_SSP5","GCAM","new",0.373433
2077,"RF_O3_trop","W/m^2","GCAM_SSP5","GCAM","new",0.373884
2078,"RF_O3_trop","W/m^2","GCAM_SSP5","GCAM","new",0.374295
2079,"RF_O3_trop","W/m^2","GCAM_SSP5","GCAM","new",0.374669
2080,"RF_O3_trop","W/m^2","GCAM_SSP5","GCAM","new",0.375007
2081,"RF_O3_trop","W/m^2","GCAM_SSP5","GCAM","new",0.375121
2082,"RF_O3_trop","W/m^2","GCAM_SSP5","GCAM","new",0.375187
2083,"RF_O3_trop","W/m^2","GCAM_SSP5","GCAM","new",0.375209
2084,"RF_O3_trop","W/m^2","GCAM_SSP5","GCAM","new",0.37519
2085,"RF_O3_trop","W/m^2","GCAM_SSP5","GCAM","new",0.375132
2086,"RF_O3_trop","W/m^2","GCAM_SSP5","GCAM","new",0.375014
2087,"RF_O3_trop","W/m^2","GCAM_SSP5","GCAM","new",0.374849
2088,"RF_O3_trop","W/m^2","GCAM_SSP5","GCAM","new",0.374641
2089,"RF_O3_trop","W/m^2","GCAM_SSP5","GCAM","new",0.374394
2090,"RF_O3_trop","W/m^2","GCAM_SSP5","GCAM","new",0.374109
2091,"RF_O3_trop","W/m^2","GCAM_SSP5","GCAM","new",0.373765
2092,"RF_O3_trop","W/m^2","GCAM_SSP5","GCAM","new",0.373379
2093,"RF_O3_trop","W/m^2","GCAM_SSP5","GCAM","new",0.372955
2094,"RF_O3_trop","W/m^2","GCAM_SSP5","GCAM","new",0.372495
2095,"RF_O3_trop","W/m^2","GCAM_SSP5","GCAM","new",0.372001
2096,"RF_O3_trop","W/m^2","GCAM_SSP5","GCAM","new",0.371375
2097,"RF_O3_trop","W/m^2","GCAM_SSP5","GCAM","new",0.370713
2098,"RF_O3_trop","W/m^2","GCAM_SSP5","GCAM","new",0.370019
2099,"RF_O3_trop","W/m^2","GCAM_SSP5","GCAM","new",0.369295
2100,"RF_O3_trop","W/m^2","GCAM_SSP5","GCAM","new",0.368541
1976,"RF_O3_trop","W/m^2","GCAM_SSP1","GCAM","new",0.336193
1977,"RF_O3_trop","W/m^2","GCAM_SSP1","GCAM","new",0.343258
1978,"RF_O3_trop","W/m^2","GCAM_SSP1","GCAM","new",0.351951
1979,"RF_O3_trop","W/m^2","GCAM_SSP1","GCAM","new",0.357326
1980,"RF_O3_trop","W/m^2","GCAM_SSP1","GCAM","new",0.356834
1981,"RF_O3_trop","W/m^2","GCAM_SSP1","GCAM","new",0.352993
1982,"RF_O3_trop","W/m^2","GCAM_SSP1","GCAM","new",0.364826
1983,"RF_O3_trop","W/m^2","GCAM_SSP1","GCAM","new",0.349962
1984,"RF_O3_trop","W/m^2","GCAM_SSP1","GCAM","new",0.358825
1985,"RF_O3_trop","W/m^2","GCAM_SSP1","GCAM","new",0.364101
1986,"RF_O3_trop","W/m^2","GCAM_SSP1","GCAM","new",0.371061
1987,"RF_O3_trop","W/m^2","GCAM_SSP1","GCAM","new",0.381199
1988,"RF_O3_trop","W/m^2","GCAM_SSP1","GCAM","new",0.389397
1989,"RF_O3_trop","W/m^2","GCAM_SSP1","GCAM","new",0.391264
1990,"RF_O3_trop","W/m^2","GCAM_SSP1","GCAM","new",0.39512
1991,"RF_O3_trop","W/m^2","GCAM_SSP1","GCAM","new",0.421788
1992,"RF_O3_trop","W/m^2","GCAM_SSP1","GCAM","new",0.397488
1993,"RF_O3_trop","W/m^2","GCAM_SSP1","GCAM","new",0.403597
1994,"RF_O3_trop","W/m^2","GCAM_SSP1","GCAM","new",0.420113
1995,"RF_O3_trop","W/m^2","GCAM_SSP1","GCAM","new",0.412286
1996,"RF_O3_trop","W/m^2","GCAM_SSP1","GCAM","new",0.410394
1997,"RF_O3_trop","W/m^2","GCAM_SSP1","GCAM","new",0.446949
1998,"RF_O3_trop","W/m^2","GCAM_SSP1","GCAM","new",0.43899
1999,"RF_O3_trop","W/m^2","GCAM_SSP1","GCAM","new",0.418167
2000,"RF_O3_trop","W/m^2","GCAM_SSP1","GCAM","new",0.412396
2001,"RF_O3_trop","W/m^2","GCAM_SSP1","GCAM","new",0.413178
2002,"RF_O3_trop","W/m^2","GCAM_SSP1","GCAM","new",0.423729
2003,"RF_O3_trop","W/m^2","GCAM_SSP1","GCAM","new",0.425467
2004,"RF_O3_trop","W/m^2","GCAM_SSP1","GCAM","new",0.434156
2005,"RF_O3_trop","W/m^2","GCAM_SSP1","GCAM","new",0.440499
2006,"RF_O3_trop","W/m^2","GCAM_SSP1","GCAM","new",0.445268
2007,"RF_O3_trop","W/m^2","GCAM_SSP1","GCAM","new",0.449358
2008,"RF_O3_trop","W/m^2","GCAM_SSP1","GCAM","new",0.439905
2009,"RF_O3_trop","W/m^2","GCAM_SSP1","GCAM","new",0.42629
2010,"RF_O3_trop","W/m^2","GCAM_SSP1","GCAM","new",0.433505
2011,"RF_O3_trop","W/m^2","GCAM_SSP1","GCAM","new",0.434125
2012,"RF_O3_trop","W/m^2","GCAM_SSP1","GCAM","new",0.43628
2013,"RF_O3_trop","W/m^2","GCAM_SSP1","GCAM","new",0.42556
2014,"RF_O3_trop","W/m^2","GCAM_SSP1","GCAM","new",0.429904
2015,"RF_O3_trop","W/m^2","GCAM_SSP1","GCAM","new",0.435769
2016,"RF_O3_trop","W/m^2","GCAM_SSP1","GCAM","new",0.420431
2017,"RF_O3_trop","W/m^2","GCAM_SSP1","GCAM","new",0.420668
2018,"RF_O3_trop","W/m^2","GCAM_SSP1","GCAM","new",0.417334
2019,"RF_O3_trop","W/m^2","GCAM_SSP1","GCAM","new",0.42628
2020,"RF_O3_trop","W/m^2","GCAM_SSP1","GCAM","new",0.401791
2021,"RF_O3_trop","W/m^2","GCAM_SSP1","GCAM","new",0.413457
2022,"RF_O3_trop","W/m^2","GCAM_SSP1","GCAM","new",0.401221
2023,"RF_O3_trop","W/m^2","GCAM_SSP1","GCAM","new",0.414223
2024,"RF_O3_trop","W/m^2","GCAM_SSP1","GCAM","new",0.402754
2025,"RF_O3_trop","W/m^2","GCAM_SSP1","GCAM","new",0.391251
2026,"RF_O3_trop","W/m^2","GCAM_SSP1","GCAM","new",0.386434
2027,"RF_O3_trop","W/m^2","GCAM_SSP1","GCAM","new",0.381674
2028,"RF_O3_trop","W/m^2","GCAM_SSP1","GCAM","new",0.376966
2029,"RF_O3_trop","W/m^2","GCAM_SSP1","GCAM","new",0.372306
2030,"RF_O3_trop","W/m^2","GCAM_SSP1","GCAM","new",0.367688
2031,"RF_O3_trop","W/m^2","GCAM_SSP1","GCAM","new",0.363731
2032,"RF_O3_trop","W/m^2","GCAM_SSP1","GCAM","new",0.359781
2033,"RF_O3_trop","W/m^2","GCAM_SSP1","GCAM","new",0.355836
2034,"RF_O3_trop","W/m^2","GCAM_SSP1","GCAM","new",0.351897
2035,"RF_O3_trop","W/m^2","GCAM_SSP1","GCAM","new",0.347962
2036,"RF_O3_trop","W/m^2","GCAM_SSP1","GCAM","new",0.344325
2037,"RF_O3_trop","W/m^2","GCAM_SSP1","GCAM","new",0.340701
2038,"RF_O3_trop","W/m^2","GCAM_SSP1","GCAM","new",0.337086
2039,"RF_O3_trop","W/m^2","GCAM_SSP1","GCAM","new",0.333481
2040,"RF_O3_trop","W/m^2","GCAM_SSP1","GCAM","new",0.329884
2041,"RF_O3_trop","W/m^2","GCAM_SSP1","GCAM","new",0.328554
2042,"RF_O3_trop","W/m^2","GCAM_SSP1","GCAM","new",0.327169
2043,"RF_O3_trop","W/m^2","GCAM_SSP1","GCAM","new",0.325735
2044,"RF_O3_trop","W/m^2","GCAM_SSP1","GCAM","new",0.324254
2045,"RF_O3_trop","W/m^2","GCAM_SSP1","GCAM","new",0.322731
2046,"RF_O3_trop","W/m^2","GCAM_SSP1","GCAM","new",0.32151
2047,"RF_O3_trop","W/m^2","GCAM_SSP1","GCAM","new",0.32026
2048,"RF_O3_trop","W/m^2","GCAM_SSP1","GCAM","new",0.318984
2049,"RF_O3_trop","W/m^2","GCAM_SSP1","GCAM","new",0.317684
2050,"RF_O3_trop","W/m^2","GCAM_SSP1","GCAM","new",0.316361
2051,"RF_O3_trop","W/m^2","GCAM_SSP1","GCAM","new",0.3163
2052,"RF_O3_trop","W/m^2","GCAM_SSP1","GCAM","new",0.316198
2053,"RF_O3_trop","W/m^2","GCAM_SSP1","GCAM","new",0.316058
2054,"RF_O3_trop","W/m^2","GCAM_SSP1","GCAM","new",0.315882
2055,"RF_O3_trop","W/m^2","GCAM_SSP1","GCAM","new",0.315674
2056,"RF_O3_trop","W/m^2","GCAM_SSP1","GCAM","new",0.315575
2057,"RF_O3_trop","W/m^2","GCAM_SSP1","GCAM","new",0.315436
2058,"RF_O3_trop","W/m^2","GCAM_SSP1","GCAM","new",0.315262
2059,"RF_O3_trop","W/m^2","GCAM_SSP1","GCAM","new",0.315054
2060,"RF_O3_trop","W/m^2","GCAM_SSP1","GCAM","new",0.314815
2061,"RF_O3_trop","W/m^2","GCAM_SSP1","GCAM","new",0.314565
2062,"RF_O3_trop","W/m^2","GCAM_SSP1","GCAM","new",0.314275
2063,"RF_O3_trop","W/m^2","GCAM_SSP1","GCAM","new",0.313946
2064,"RF_O3_trop","W/m^2","GCAM_SSP1","GCAM","new",0.313583
2065,"RF_O3_trop","W/m^2","GCAM_SSP1","GCAM","new",0.313186
2066,"RF_O3_trop","W/m^2","GCAM_SSP1","GCAM","new",0.312777
2067,"RF_O3_trop","W/m^2","GCAM_SSP1","GCAM","new",0.312326
2068,"RF_O3_trop","W/m^2","GCAM_SSP1","GCAM","new",0.311835
2069,"RF_O3_trop","W/m^2","GCAM_SSP1","GCAM","new",0.311308
2070,"RF_O3_trop","W/m^2","GCAM_SSP1","GCAM","new",0.310747
2071,"RF_O3_trop","W/m^2","GCAM_SSP1","GCAM","new",0.310187
2072,"RF_O3_trop","W/m^2","GCAM_SSP1","GCAM","new",0.309587
2073,"RF_O3_trop","W/m^2","GCAM_SSP1","GCAM","new",0.308952
2074,"RF_O3_trop","W/m^2","GCAM_SSP1","GCAM","new",0.308283
2075,"RF_O3_trop","W/m^2","GCAM_SSP1","GCAM","new",0.307582
2076,"RF_O3_trop","W/m^2","GCAM_SSP1","GCAM","new",0.306847
2077,"RF_O3_trop","W/m^2","GCAM_SSP1","GCAM","new",0.306077
2078,"RF_O3_trop","W/m^2","GCAM_SSP1","GCAM","new",0.305272
2079,"RF_O3_trop","W/m^2","GCAM_SSP1","GCAM","new",0.304434
2080,"RF_O3_trop","W/m^2","GCAM_SSP1","GCAM","new",0.303568
2081,"RF_O3_trop","W/m^2","GCAM_SSP1","GCAM","new",0.302736
2082,"RF_O3_trop","W/m^2","GCAM_SSP1","GCAM","new",0.301873
2083,"RF_O3_trop","W/m^2","GCAM_SSP1","GCAM","new",0.300979
2084,"RF_O3_trop","W/m^2","GCAM_SSP1","GCAM","new",0.300057
2085,"RF_O3_trop","W/m^2","GCAM_SSP1","GCAM","new",0.299108
2086,"RF_O3_trop","W/m^2","GCAM_SSP1","GCAM","new",0.298143
2087,"RF_O3_trop","W/m^2","GCAM_SSP1","GCAM","new",0.297142
2088,"RF_O3_trop","W/m^2","GCAM_SSP1","GCAM","new",0.296109
2089,"RF_O3_trop","W/m^2","GCAM_SSP1","GCAM","new",0.295045
2090,"RF_O3_trop","W/m^2","GCAM_SSP1","GCAM","new",0.293952
2091,"RF_O3_trop","W/m^2","GCAM_SSP1","GCAM","new",0.292834
2092,"RF_O3_trop","W/m^2","GCAM_SSP1","GCAM","new",0.291684
2093,"RF_O3_trop","W/m^2","GCAM_SSP1","GCAM","new",0.290502
2094,"RF_O3_trop","W/m^2","GCAM_SSP1","GCAM","new",0.28929
2095,"RF_O3_trop","W/m^2","GCAM_SSP1","GCAM","new",0.288051
2096,"RF_O3_trop","W/m^2","GCAM_SSP1","GCAM","new",0.286813
2097,"RF_O3_trop","W/m^2","GCAM_SSP1","GCAM","new",0.285545
2098,"RF_O3_trop","W/m^2","GCAM_SSP1","GCAM","new",0.284247
2099,"RF_O3_trop","W/m^2","GCAM_SSP1","GCAM","new",0.282923
2100,"RF_O3_trop","W/m^2","GCAM_SSP1","GCAM","new",0.281573
1976,"RF_O3_trop","W/m^2","GCAM_SSP2","GCAM","new",0.336193
1977,"RF_O3_trop","W/m^2","GCAM_SSP2","GCAM","new",0.343258
1978,"RF_O3_trop","W/m^2","GCAM_SSP2","GCAM","new",0.351951
1979,"RF_O3_trop","W/m^2","GCAM_SSP2","GCAM","new",0.357326
1980,"RF_O3_trop","W/m^2","GCAM_SSP2","GCAM","new",0.356834
1981,"RF_O3_trop","W/m^2","GCAM_SSP2","GCAM","new",0.352993
1982,"RF_O3_trop","W/m^2","GCAM_SSP2","GCAM","new",0.364826
1983,"RF_O3_trop","W/m^2","GCAM_SSP2","GCAM","new",0.349962
1984,"RF_O3_trop","W/m^2","GCAM_SSP2","GCAM","new",0.358825
1985,"RF_O3_trop","W/m^2","GCAM_SSP2","GCAM","new",0.364101
1986,"RF_O3_trop","W/m^2","GCAM_SSP2","GCAM","new",0.371061
1987,"RF_O3_trop","W/m^2","GCAM_SSP2","GCAM","new",0.381199
1988,"RF_O3_trop","W/m^2","GCAM_SSP2","GCAM","new",0.389397
1989,"RF_O3_trop","W/m^2","GCAM_SSP2","GCAM","new",0.391264
1990,"RF_O3_trop","W/m^2","GCAM_SSP2","GCAM","new",0.39512
1991,"RF_O3_trop","W/m^2","GCAM_SSP2","GCAM","new",0.421788
1992,"RF_O3_trop","W/m^2","GCAM_SSP2","GCAM","new",0.397488
1993,"RF_O3_trop","W/m^2","GCAM_SSP2","GCAM","new",0.403597
1994,"RF_O3_trop","W/m^2","GCAM_SSP2","GCAM","new",0.420113
1995,"RF_O3_trop","W/m^2","GCAM_SSP2","GCAM","new",0.412286
1996,"RF_O3_trop","W/m^2","GCAM_SSP2","GCAM","new",0.410394
1997,"RF_O3_trop","W/m^2","GCAM_SSP2","GCAM","new",0.446949
1998,"RF_O3_trop","W/m^2","GCAM_SSP2","GCAM","new",0.43899
1999,"RF_O3_trop","W/m^2","GCAM_SSP2","GCAM","new",0.418167
2000,"RF_O3_trop","W/m^2","GCAM_SSP2","GCAM","new",0.412396
2001,"RF_O3_trop","W/m^2","GCAM_SSP2","GCAM","new",0.413178
2002,"RF_O3_trop","W/m^2","GCAM_SSP2","GCAM","new",0.423729
2003,"RF_O3_trop","W/m^2","GCAM_SSP2","GCAM","new",0.425467
2004,"RF_O3_trop","W/m^2","GCAM_SSP2","GCAM","new",0.434156
2005,"RF_O3_trop","W/m^2","GCAM_SSP2","GCAM","new",0.440499
2006,"RF_O3_trop","W/m^2","GCAM_SSP2","GCAM","new",0.445268
2007,"RF_O3_trop","W/m^2","GCAM_SSP2","GCAM","new",0.449358
2008,"RF_O3_trop","W/m^2","GCAM_SSP2","GCAM","new",0.439905
2009,"RF_O3_trop","W/m^2","GCAM_SSP2","GCAM","new",0.42629
2010,"RF_O3_trop","W/m^2","GCAM_SSP2","GCAM","new",0.433505
2011,"RF_O3_trop","W/m^2","GCAM_SSP2","GCAM","new",0.434125
2012,"RF_O3_trop","W/m^2","GCAM_SSP2","GCAM","new",0.43628
2013,"RF_O3_trop","W/m^2","GCAM_SSP2","GCAM","new",0.42556
2014,"RF_O3_trop","W/m^2","GCAM_SSP2","GCAM","new",0.429904
2015,"RF_O3_trop","W/m^2","GCAM_SSP2","GCAM","new",0.435769
2016,"RF_O3_trop","W/m^2","GCAM_SSP2","GCAM","new",0.420431
2017,"RF_O3_trop","W/m^2","GCAM_SSP2","GCAM","new",0.420668
2018,"RF_O3_trop","W/m^2","GCAM_SSP2","GCAM","new",0.417334
2019,"RF_O3_trop","W/m^2","GCAM_SSP2","GCAM","new",0.42628
2020,"RF_O3_trop","W/m^2","GCAM_SSP2","GCAM","new",0.401791
2021,"RF_O3_trop","W/m^2","GCAM_SSP2","GCAM","new",0.413457
2022,"RF_O3_trop","W/m^2","GCAM_SSP2","GCAM","new",0.401221
2023,"RF_O3_trop","W/m^2","GCAM_SSP2","GCAM","new",0.414223
2024,"RF_O3_trop","W/m^2","GCAM_SSP2","GCAM","new",0.409053
2025,"RF_O3_trop","W/m^2","GCAM_SSP2","GCAM","new",0.403738
2026,"RF_O3_trop","W/m^2","GCAM_SSP2","GCAM","new",0.399885
2027,"RF_O3_trop","W/m^2","GCAM_SSP2","GCAM","new",0.39612
2028,"RF_O3_trop","W/m^2","GCAM_SSP2","GCAM","new",0.392435
2029,"RF_O3_trop","W/m^2","GCAM_SSP2","GCAM","new",0.388822
2030,"RF_O3_trop","W/m^2","GCAM_SSP2","GCAM","new",0.385275
2031,"RF_O3_trop","W/m^2","GCAM_SSP2","GCAM","new",0.380613
2032,"RF_O3_trop","W/m^2","GCAM_SSP2","GCAM","new",0.376043
2033,"RF_O3_trop","W/m^2","GCAM_SSP2","GCAM","new",0.371556
2034,"RF_O3_trop","W/m^2","GCAM_SSP2","GCAM","new",0.367144
2035,"RF_O3_trop","W/m^2","GCAM_SSP2","GCAM","new",0.362799
2036,"RF_O3_trop","W/m^2","GCAM_SSP2","GCAM","new",0.358774
2037,"RF_O3_trop","W/m^2","GCAM_SSP2","GCAM","new",0.354805
2038,"RF_O3_trop","W/m^2","GCAM_SSP2","GCAM","new",0.350884
2039,"RF_O3_trop","W/m^2","GCAM_SSP2","GCAM","new",0.347007
2040,"RF_O3_trop","W/m^2","GCAM_SSP2","GCAM","new",0.343169
2041,"RF_O3_trop","W/m^2","GCAM_SSP2","GCAM","new",0.341417
2042,"RF_O3_trop","W/m^2","GCAM_SSP2","GCAM","new",0.339643
2043,"RF_O3_trop","W/m^2","GCAM_SSP2","GCAM","new",0.337847
2044,"RF_O3_trop","W/m^2","GCAM_SSP2","GCAM","new",0.336031
2045,"RF_O3_trop","W/m^2","GCAM_SSP2","GCAM","new",0.334197
2046,"RF_O3_trop","W/m^2","GCAM_SSP2","GCAM","new",0.332813
2047,"RF_O3_trop","W/m^2","GCAM_SSP2","GCAM","new",0.331429
2048,"RF_O3_trop","W/m^2","GCAM_SSP2","GCAM","new",0.330046
2049,"RF_O3_trop","W/m^2","GCAM_SSP2","GCAM","new",0.328662
2050,"RF_O3_trop","W/m^2","GCAM_SSP2","GCAM","new",0.327278
2051,"RF_O3_trop","W/m^2","GCAM_SSP2","GCAM","new",0.32798
2052,"RF_O3_trop","W/m^2","GCAM_SSP2","GCAM","new",0.32865
2053,"RF_O3_trop","W/m^2","GCAM_SSP2","GCAM","new",0.329291
2054,"RF_O3_trop","W/m^2","GCAM_SSP2","GCAM","new",0.329905
2055,"RF_O3_trop","W/m^2","GCAM_SSP2","GCAM","new",0.330492
2056,"RF_O3_trop","W/m^2","GCAM_SSP2","GCAM","new",0.331435
2057,"RF_O3_trop","W/m^2","GCAM_SSP2","GCAM","new",0.332355
2058,"RF_O3_trop","W/m^2","GCAM_SSP2","GCAM","new",0.333253
2059,"RF_O3_trop","W/m^2","GCAM_SSP2","GCAM","new",0.334132
2060,"RF_O3_trop","W/m^2","GCAM_SSP2","GCAM","new",0.334992
2061,"RF_O3_trop","W/m^2","GCAM_SSP2","GCAM","new",0.336005
2062,"RF_O3_trop","W/m^2","GCAM_SSP2","GCAM","new",0.336993
2063,"RF_O3_trop","W/m^2","GCAM_SSP2","GCAM","new",0.337958
2064,"RF_O3_trop","W/m^2","GCAM_SSP2","GCAM","new",0.338901
2065,"RF_O3_trop","W/m^2","GCAM_SSP2","GCAM","new",0.339824
2066,"RF_O3_trop","W/m^2","GCAM_SSP2","GCAM","new",0.340784
2067,"RF_O3_trop","W/m^2","GCAM_SSP2","GCAM","new",0.341715
2068,"RF_O3_trop","W/m^2","GCAM_SSP2","GCAM","new",0.34262
2069,"RF_O3_trop","W/m^2","GCAM_SSP2","GCAM","new",0.3435
2070,"RF_O3_trop","W/m^2","GCAM_SSP2","GCAM","new",0.344355
2071,"RF_O3_trop","W/m^2","GCAM_SSP2","GCAM","new",0.345248
2072,"RF_O3_trop","W/m^2","GCAM_SSP2","GCAM","new",0.346114
2073,"RF_O3_trop","W/m^2","GCAM_SSP2","GCAM","new",0.346954
2074,"RF_O3_trop","W/m^2","GCAM_SSP2","GCAM","new",0.347772
2075,"RF_O3_trop","W/m^2","GCAM_SSP2","GCAM","new",0.348567
2076,"RF_O3_trop","W/m^2","GCAM_SSP2","GCAM","new",0.349292
2077,"RF_O3_trop","W/m^2","GCAM_SSP2","GCAM","new",0.349988
2078,"RF_O3_trop","W/m^2","GCAM_SSP2","GCAM","new",0.350656
2079,"RF_O3_trop","W/m^2","GCAM_SSP2","GCAM","new",0.351299
2080,"RF_O3_trop","W/m^2","GCAM_SSP2","GCAM","new",0.351917
2081,"RF_O3_trop","W/m^2","GCAM_SSP2","GCAM","new",0.352458
2082,"RF_O3_trop","W/m^2","GCAM_SSP2","GCAM","new",0.352973
2083,"RF_O3_trop","W/m^2","GCAM_SSP2","GCAM","new",0.353464
2084,"RF_O3_trop","W/m^2","GCAM_SSP2","GCAM","new",0.353931
2085,"RF_O3_trop","W/m^2","GCAM_SSP2","GCAM","new",0.354377
2086,"RF_O3_trop","W/m^2","GCAM_SSP2","GCAM","new",0.354868
2087,"RF_O3_trop","W/m^2","GCAM_SSP2","GCAM","new",0.355333
2088,"RF_O3_trop","W/m^2","GCAM_SSP2","GCAM","new",0.355776
2089,"RF_O3_trop","W/m^2","GCAM_SSP2","GCAM","new",0.356198
2090,"RF_O3_trop","W/m^2","GCAM_SSP2","GCAM","new",0.3566
2091,"RF_O3_trop","W/m^2","GCAM_SSP2","GCAM","new",0.357028
2092,"RF_O3_trop","W/m^2","GCAM_SSP2","GCAM","new",0.357427
2093,"RF_O3_trop","W/m^2","GCAM_SSP2","GCAM","new",0.357798
2094,"RF_O3_trop","W/m^2","GCAM_SSP2","GCAM","new",0.358144
2095,"RF_O3_trop","W/m^2","GCAM_SSP2","GCAM","new",0.358467
2096,"RF_O3_trop","W/m^2","GCAM_SSP2","GCAM","new",0.358809
2097,"RF_O3_trop","W/m^2","GCAM_SSP2","GCAM","new",0.359129
2098,"RF_O3_trop","W/m^2","GCAM_SSP2","GCAM","new",0.359427
2099,"RF_O3_trop","W/m^2","GCAM_SSP2","GCAM","new",0.359706
2100,"RF_O3_trop","W/m^2","GCAM_SSP2","GCAM","new",0.359966
1976,"RF_O3_trop","W/m^2","GCAM_SSP3","GCAM","new",0.336193
1977,"RF_O3_trop","W/m^2","GCAM_SSP3","GCAM","new",0.343258
1978,"RF_O3_trop","W/m^2","GCAM_SSP3","GCAM","new",0.351951
1979,"RF_O3_trop","W/m^2","GCAM_SSP3","GCAM","new",0.357326
1980,"RF_O3_trop","W/m^2","GCAM_SSP3","GCAM","new",0.356834
1981,"RF_O3_trop","W/m^2","GCAM_SSP3","GCAM","new",0.352993
1982,"RF_O3_trop","W/m^2","GCAM_SSP3","GCAM","new",0.364826
1983,"RF_O3_trop","W/m^2","GCAM_SSP3","GCAM","new",0.349962
1984,"RF_O3_trop","W/m^2","GCAM_SSP3","GCAM","new",0.358825
1985,"RF_O3_trop","W/m^2","GCAM_SSP3","GCAM","new",0.364101
1986,"RF_O3_trop","W/m^2","GCAM_SSP3","GCAM","new",0.371061
1987,"RF_O3_trop","W/m^2","GCAM_SSP3","GCAM","new",0.381199
1988,"RF_O3_trop","W/m^2","GCAM_SSP3","GCAM","new",0.389397
1989,"RF_O3_trop","W/m^2","GCAM_SSP3","GCAM","new",0.391264
1990,"RF_O3_trop","W/m^2","GCAM_SSP3","GCAM","new",0.39512
1991,"RF_O3_trop","W/m^2","GCAM_SSP3","GCAM","new",0.421788
1992,"RF_O3_trop","W/m^2","GCAM_SSP3","GCAM","new",0.397488
1993,"RF_O3_trop","W/m^2","GCAM_SSP3","GCAM","new",0.403597
1994,"RF_O3_trop","W/m^2","GCAM_SSP3","GCAM","new",0.420113
1995,"RF_O3_trop","W/m^2","GCAM_SSP3","GCAM","new",0.412286
1996,"RF_O3_trop","W/m^2","GCAM_SSP3","GCAM","new",0.410394
1997,"RF_O3_trop","W/m^2","GCAM_SSP3","GCAM","new",0.446949
1998,"RF_O3_trop","W/m^2","GCAM_SSP3","GCAM","new",0.43899
1999,"RF_O3_trop","W/m^2","GCAM_SSP3","GCAM","new",0.418167
2000,"RF_O3_trop","W/m^2","GCAM_SSP3","GCAM","new",0.412396
2001,"RF_O3_trop","W/m^2","GCAM_SSP3","GCAM","new",0.413178
2002,"RF_O3_trop","W/m^2","GCAM_SSP3","GCAM","new",0.423729
2003,"RF_O3_trop","W/m^2","GCAM_SSP3","GCAM","new",0.425467
2004,"RF_O3_trop","W/m^2","GCAM_SSP3","GCAM","new",0.434156
2005,"RF_O3_trop","W/m^2","GCAM_SSP3","GCAM","new",0.440499
2006,"RF_O3_trop","W/m^2","GCAM_SSP3","GCAM","new",0.445268
2007,"RF_O3_trop","W/m^2","GCAM_SSP3","GCAM","new",0.449358
2008,"RF_O3_trop","W/m^2","GCAM_SSP3","GCAM","new",0.439905
2009,"RF_O3_trop","W/m^2","GCAM_SSP3","GCAM","new",0.42629
2010,"RF_O3_trop","W/m^2","GCAM_SSP3","GCAM","new",0.433505
2011,"RF_O3_trop","W/m^2","GCAM_SSP3","GCAM","new",0.434125
2012,"RF_O3_trop","W/m^2","GCAM_SSP3","GCAM","new",0.43628
2013,"RF_O3_trop","W/m^2","GCAM_SSP3","GCAM","new",0.42556
2014,"RF_O3_trop","W/m^2","GCAM_SSP3","GCAM","new",0.429904
2015,"RF_O3_trop","W/m^2","GCAM_SSP3","GCAM","new",0.435769
2016,"RF_O3_trop","W/m^2","GCAM_SSP3","GCAM","new",0.420431
2017,"RF_O3_trop","W/m^2","GCAM_SSP3","GCAM","new",0.420668
2018,"RF_O3_trop","W/m^2","GCAM_SSP3","GCAM","new",0.417334
2019,"RF_O3_trop","W/m^2","GCAM_SSP3","GCAM","new",0.42628
2020,"RF_O3_trop","W/m^2","GCAM_SSP3","GCAM","new",0.401791
2021,"RF_O3_trop","W/m^2","GCAM_SSP3","GCAM","new",0.413457
2022,"RF_O3_trop","W/m^2","GCAM_SSP3","GCAM","new",0.401221
2023,"RF_O3_trop","W/m^2","GCAM_SSP3","GCAM","new",0.414223
2024,"RF_O3_trop","W/m^2","GCAM_SSP3","GCAM","new",0.418167
2025,"RF_O3_trop","W/m^2","GCAM_SSP3","GCAM","new",0.421846
2026,"RF_O3_trop","W/m^2","GCAM_SSP3","GCAM","new",0.41916
2027,"RF_O3_trop","W/m^2","GCAM_SSP3","GCAM","new",0.416574
2028,"RF_O3_trop","W/m^2","GCAM_SSP3","GCAM","new",0.41408
2029,"RF_O3_trop","W/m^2","GCAM_SSP3","GCAM","new",0.411669
2030,"RF_O3_trop","W/m^2","GCAM_SSP3","GCAM","new",0.409335
2031,"RF_O3_trop","W/m^2","GCAM_SSP3","GCAM","new",0.406734
2032,"RF_O3_trop","W/m^2","GCAM_SSP3","GCAM","new",0.404211
2033,"RF_O3_trop","W/m^2","GCAM_SSP3","GCAM","new",0.401759
2034,"RF_O3_trop","W/m^2","GCAM_SSP3","GCAM","new",0.399371
2035,"RF_O3_trop","W/m^2","GCAM_SSP3","GCAM","new",0.397041
2036,"RF_O3_trop","W/m^2","GCAM_SSP3","GCAM","new",0.394751
2037,"RF_O3_trop","W/m^2","GCAM_SSP3","GCAM","new",0.392498
2038,"RF_O3_trop","W/m^2","GCAM_SSP3","GCAM","new",0.390279
2039,"RF_O3_trop","W/m^2","GCAM_SSP3","GCAM","new",0.38809
2040,"RF_O3_trop","W/m^2","GCAM_SSP3","GCAM","new",0.385928
2041,"RF_O3_trop","W/m^2","GCAM_SSP3","GCAM","new",0.385676
2042,"RF_O3_trop","W/m^2","GCAM_SSP3","GCAM","new",0.385386
2043,"RF_O3_trop","W/m^2","GCAM_SSP3","GCAM","new",0.385063
2044,"RF_O3_trop","W/m^2","GCAM_SSP3","GCAM","new",0.384708
2045,"RF_O3_trop","W/m^2","GCAM_SSP3","GCAM","new",0.384324
2046,"RF_O3_trop","W/m^2","GCAM_SSP3","GCAM","new",0.384127
2047,"RF_O3_trop","W/m^2","GCAM_SSP3","GCAM","new",0.383925
2048,"RF_O3_trop","W/m^2","GCAM_SSP3","GCAM","new",0.383718
2049,"RF_O3_trop","W/m^2","GCAM_SSP3","GCAM","new",0.383506
2050,"RF_O3_trop","W/m^2","GCAM_SSP3","GCAM","new",0.383289
2051,"RF_O3_trop","W/m^2","GCAM_SSP3","GCAM","new",0.383352
2052,"RF_O3_trop","W/m^2","GCAM_SSP3","GCAM","new",0.383412
2053,"RF_O3_trop","W/m^2","GCAM_SSP3","GCAM","new",0.38347
2054,"RF_O3_trop","W/m^2","GCAM_SSP3","GCAM","new",0.383524
2055,"RF_O3_trop","W/m^2","GCAM_SSP3","GCAM","new",0.383576
2056,"RF_O3_trop","W/m^2","GCAM_SSP3","GCAM","new",0.384033
2057,"RF_O3_trop","W/m^2","GCAM_SSP3","GCAM","new",0.384489
2058,"RF_O3_trop","W/m^2","GCAM_SSP3","GCAM","new",0.384943
2059,"RF_O3_trop","W/m^2","GCAM_SSP3","GCAM","new",0.385396
2060,"RF_O3_trop","W/m^2","GCAM_SSP3","GCAM","new",0.385847
2061,"RF_O3_trop","W/m^2","GCAM_SSP3","GCAM","new",0.386345
2062,"RF_O3_trop","W/m^2","GCAM_SSP3","GCAM","new",0.386837
2063,"RF_O3_trop","W/m^2","GCAM_SSP3","GCAM","new",0.387324
2064,"RF_O3_trop","W/m^2","GCAM_SSP3","GCAM","new",0.387804
2065,"RF_O3_trop","W/m^2","GCAM_SSP3","GCAM","new",0.38828
2066,"RF_O3_trop","W/m^2","GCAM_SSP3","GCAM","new",0.388793
2067,"RF_O3_trop","W/m^2","GCAM_SSP3","GCAM","new",0.389296
2068,"RF_O3_trop","W/m^2","GCAM_SSP3","GCAM","new",0.389789
2069,"RF_O3_trop","W/m^2","GCAM_SSP3","GCAM","new",0.390273
2070,"RF_O3_trop","W/m^2","GCAM_SSP3","GCAM","new",0.390749
2071,"RF_O3_trop","W/m^2","GCAM_SSP3","GCAM","new",0.391205
2072,"RF_O3_trop","W/m^2","GCAM_SSP3","GCAM","new",0.391652
2073,"RF_O3_trop","W/m^2","GCAM_SSP3","GCAM","new",0.39209
2074,"RF_O3_trop","W/m^2","GCAM_SSP3","GCAM","new",0.392521
2075,"RF_O3_trop","W/m^2","GCAM_SSP3","GCAM","new",0.392943
2076,"RF_O3_trop","W/m^2","GCAM_SSP3","GCAM","new",0.39333
2077,"RF_O3_trop","W/m^2","GCAM_SSP3","GCAM","new",0.393707
2078,"RF_O3_trop","W/m^2","GCAM_SSP3","GCAM","new",0.394075
2079,"RF_O3_trop","W/m^2","GCAM_SSP3","GCAM","new",0.394433
2080,"RF_O3_trop","W/m^2","GCAM_SSP3","GCAM","new",0.394783
2081,"RF_O3_trop","W/m^2","GCAM_SSP3","GCAM","new",0.394924
2082,"RF_O3_trop","W/m^2","GCAM_SSP3","GCAM","new",0.395056
2083,"RF_O3_trop","W/m^2","GCAM_SSP3","GCAM","new",0.395181
2084,"RF_O3_trop","W/m^2","GCAM_SSP3","GCAM","new",0.395298
2085,"RF_O3_trop","W/m^2","GCAM_SSP3","GCAM","new",0.395407
2086,"RF_O3_trop","W/m^2","GCAM_SSP3","GCAM","new",0.395707
2087,"RF_O3_trop","W/m^2","GCAM_SSP3","GCAM","new",0.396
2088,"RF_O3_trop","W/m^2","GCAM_SSP3","GCAM","new",0.396285
2089,"RF_O3_trop","W/m^2","GCAM_SSP3","GCAM","new",0.396564
2090,"RF_O3_trop","W/m^2","GCAM_SSP3","GCAM","new",0.396836
2091,"RF_O3_trop","W/m^2","GCAM_SSP3","GCAM","new",0.39705
2092,"RF_O3_trop","W/m^2","GCAM_SSP3","GCAM","new",0.397251
2093,"RF_O3_trop","W/m^2","GCAM_SSP3","GCAM","new",0.397439
2094,"RF_O3_trop","W/m^2","GCAM_SSP3","GCAM","new",0.397615
2095,"RF_O3_trop","W/m^2","GCAM_SSP3","GCAM","new",0.39778
2096,"RF_O3_trop","W/m^2","GCAM_SSP3","GCAM","new",0.397954
2097,"RF_O3_trop","W/m^2","GCAM_SSP3","GCAM","new",0.39812
2098,"RF_O3_trop","W/m^2","GCAM_SSP3","GCAM","new",0.398278
2099,"RF_O3_trop","W/m^2","GCAM_SSP3","GCAM","new",0.398429
2100,"RF_O3_trop","W/m^2","GCAM_SSP3","GCAM","new",0.398573
1976,"RF_BC","W/m^2","Reference","GCAM","new",0.22752
1977,"RF_BC","W/m^2","Reference","GCAM","new",0.235871
1978,"RF_BC","W/m^2","Reference","GCAM","new",0.249131
1979,"RF_BC","W/m^2","Reference","GCAM","new",0.253112
1980,"RF_BC","W/m^2","Reference","GCAM","new",0.246122
1981,"RF_BC","W/m^2","Reference","GCAM","new",0.239553
1982,"RF_BC","W/m^2","Reference","GCAM","new",0.255249
1983,"RF_BC","W/m^2","Reference","GCAM","new",0.238573
1984,"RF_BC","W/m^2","Reference","GCAM","new",0.249779
1985,"RF_BC","W/m^2","Reference","GCAM","new",0.25456
1986,"RF_BC","W/m^2","Reference","GCAM","new",0.262042
1987,"RF_BC","W/m^2","Reference","GCAM","new",0.272342
1988,"RF_BC","W/m^2","Reference","GCAM","new",0.282715
1989,"RF_BC","W/m^2","Reference","GCAM","new",0.280275
1990,"RF_BC","W/m^2","Reference","GCAM","new",0.286243
1991,"RF_BC","W/m^2","Reference","GCAM","new",0.31518
1992,"RF_BC","W/m^2","Reference","GCAM","new",0.279695
1993,"RF_BC","W/m^2","Reference","GCAM","new",0.290515
1994,"RF_BC","W/m^2","Reference","GCAM","new",0.314053
1995,"RF_BC","W/m^2","Reference","GCAM","new",0.313805
1996,"RF_BC","W/m^2","Reference","GCAM","new",0.302685
1997,"RF_BC","W/m^2","Reference","GCAM","new",0.335762
1998,"RF_BC","W/m^2","Reference","GCAM","new",0.337064
1999,"RF_BC","W/m^2","Reference","GCAM","new",0.29405
2000,"RF_BC","W/m^2","Reference","GCAM","new",0.27336
2001,"RF_BC","W/m^2","Reference","GCAM","new",0.275854
2002,"RF_BC","W/m^2","Reference","GCAM","new",0.295911
2003,"RF_BC","W/m^2","Reference","GCAM","new",0.300089
2004,"RF_BC","W/m^2","Reference","GCAM","new",0.309871
2005,"RF_BC","W/m^2","Reference","GCAM","new",0.320061
2006,"RF_BC","W/m^2","Reference","GCAM","new",0.316864
2007,"RF_BC","W/m^2","Reference","GCAM","new",0.325279
2008,"RF_BC","W/m^2","Reference","GCAM","new",0.312834
2009,"RF_BC","W/m^2","Reference","GCAM","new",0.301844
2010,"RF_BC","W/m^2","Reference","GCAM","new",0.324329
2011,"RF_BC","W/m^2","Reference","GCAM","new",0.303864
2012,"RF_BC","W/m^2","Reference","GCAM","new",0.31474
2013,"RF_BC","W/m^2","Reference","GCAM","new",0.297169
2014,"RF_BC","W/m^2","Reference","GCAM","new",0.301916
2015,"RF_BC","W/m^2","Reference","GCAM","new",0.300602
2016,"RF_BC","W/m^2","Reference","GCAM","new",0.278807
2017,"RF_BC","W/m^2","Reference","GCAM","new",0.282218
2018,"RF_BC","W/m^2","Reference","GCAM","new",0.271266
2019,"RF_BC","W/m^2","Reference","GCAM","new",0.287781
2020,"RF_BC","W/m^2","Reference","GCAM","new",0.26463
2021,"RF_BC","W/m^2","Reference","GCAM","new",0.284781
2022,"RF_BC","W/m^2","Reference","GCAM","new",0.249836
2023,"RF_BC","W/m^2","Reference","GCAM","new",0.266884
2024,"RF_BC","W/m^2","Reference","GCAM","new",0.253305
2025,"RF_BC","W/m^2","Reference","GCAM","new",0.239726
2026,"RF_BC","W/m^2","Reference","GCAM","new",0.232883
2027,"RF_BC","W/m^2","Reference","GCAM","new",0.226039
2028,"RF_BC","W/m^2","Reference","GCAM","new",0.219196
2029,"RF_BC","W/m^2","Reference","GCAM","new",0.212352
2030,"RF_BC","W/m^2","Reference","GCAM","new",0.205509
2031,"RF_BC","W/m^2","Reference","GCAM","new",0.200804
2032,"RF_BC","W/m^2","Reference","GCAM","new",0.196099
2033,"RF_BC","W/m^2","Reference","GCAM","new",0.191395
2034,"RF_BC","W/m^2","Reference","GCAM","new",0.18669
2035,"RF_BC","W/m^2","Reference","GCAM","new",0.181985
2036,"RF_BC","W/m^2","Reference","GCAM","new",0.178491
2037,"RF_BC","W/m^2","Reference","GCAM","new",0.174997
2038,"RF_BC","W/m^2","Reference","GCAM","new",0.171503
2039,"RF_BC","W/m^2","Reference","GCAM","new",0.168009
2040,"RF_BC","W/m^2","Reference","GCAM","new",0.164514
2041,"RF_BC","W/m^2","Reference","GCAM","new",0.162422
2042,"RF_BC","W/m^2","Reference","GCAM","new",0.160329
2043,"RF_BC","W/m^2","Reference","GCAM","new",0.158236
2044,"RF_BC","W/m^2","Reference","GCAM","new",0.156143
2045,"RF_BC","W/m^2","Reference","GCAM","new",0.15405
2046,"RF_BC","W/m^2","Reference","GCAM","new",0.152118
2047,"RF_BC","W/m^2","Reference","GCAM","new",0.150186
2048,"RF_BC","W/m^2","Reference","GCAM","new",0.148254
2049,"RF_BC","W/m^2","Reference","GCAM","new",0.146322
2050,"RF_BC","W/m^2","Reference","GCAM","new",0.14439
2051,"RF_BC","W/m^2","Reference","GCAM","new",0.143268
2052,"RF_BC","W/m^2","Reference","GCAM","new",0.142146
2053,"RF_BC","W/m^2","Reference","GCAM","new",0.141024
2054,"RF_BC","W/m^2","Reference","GCAM","new",0.139902
2055,"RF_BC","W/m^2","Reference","GCAM","new",0.138781
2056,"RF_BC","W/m^2","Reference","GCAM","new",0.137829
2057,"RF_BC","W/m^2","Reference","GCAM","new",0.136877
2058,"RF_BC","W/m^2","Reference","GCAM","new",0.135926
2059,"RF_BC","W/m^2","Reference","GCAM","new",0.134974
2060,"RF_BC","W/m^2","Reference","GCAM","new",0.134023
2061,"RF_BC","W/m^2","Reference","GCAM","new",0.13306
2062,"RF_BC","W/m^2","Reference","GCAM","new",0.132097
2063,"RF_BC","W/m^2","Reference","GCAM","new",0.131134
2064,"RF_BC","W/m^2","Reference","GCAM","new",0.130171
2065,"RF_BC","W/m^2","Reference","GCAM","new",0.129208
2066,"RF_BC","W/m^2","Reference","GCAM","new",0.128155
2067,"RF_BC","W/m^2","Reference","GCAM","new",0.127101
2068,"RF_BC","W/m^2","Reference","GCAM","new",0.126047
2069,"RF_BC","W/m^2","Reference","GCAM","new",0.124994
2070,"RF_BC","W/m^2","Reference","GCAM","new",0.12394
2071,"RF_BC","W/m^2","Reference","GCAM","new",0.122824
2072,"RF_BC","W/m^2","Reference","GCAM","new",0.121708
2073,"RF_BC","W/m^2","Reference","GCAM","new",0.120592
2074,"RF_BC","W/m^2","Reference","GCAM","new",0.119476
2075,"RF_BC","W/m^2","Reference","GCAM","new",0.11836
2076,"RF_BC","W/m^2","Reference","GCAM","new",0.117147
2077,"RF_BC","W/m^2","Reference","GCAM","new",0.115933
2078,"RF_BC","W/m^2","Reference","GCAM","new",0.114719
2079,"RF_BC","W/m^2","Reference","GCAM","new",0.113506
2080,"RF_BC","W/m^2","Reference","GCAM","new",0.112292
2081,"RF_BC","W/m^2","Reference","GCAM","new",0.111006
2082,"RF_BC","W/m^2","Reference","GCAM","new",0.10972
2083,"RF_BC","W/m^2","Reference","GCAM","new",0.108434
2084,"RF_BC","W/m^2","Reference","GCAM","new",0.107148
2085,"RF_BC","W/m^2","Reference","GCAM","new",0.105862
2086,"RF_BC","W/m^2","Reference","GCAM","new",0.104572
2087,"RF_BC","W/m^2","Reference","GCAM","new",0.103282
2088,"RF_BC","W/m^2","Reference","GCAM","new",0.101992
2089,"RF_BC","W/m^2","Reference","GCAM","new",0.100703
2090,"RF_BC","W/m^2","Reference","GCAM","new",0.0994127
2091,"RF_BC","W/m^2","Reference","GCAM","new",0.0980509
2092,"RF_BC","W/m^2","Reference","GCAM","new",0.0966891
2093,"RF_BC","W/m^2","Reference","GCAM","new",0.0953272
2094,"RF_BC","W/m^2","Reference","GCAM","new",0.0939654
2095,"RF_BC","W/m^2","Reference","GCAM","new",0.0926036
2096,"RF_BC","W/m^2","Reference","GCAM","new",0.0912705
2097,"RF_BC","W/m^2","Reference","GCAM","new",0.0899374
2098,"RF_BC","W/m^2","Reference","GCAM","new",0.0886044
2099,"RF_BC","W/m^2","Reference","GCAM","new",0.0872713
2100,"RF_BC","W/m^2","Reference","GCAM","new",0.0859382
1976,"RF_BC","W/m^2","GCAM_SSP4","GCAM","new",0.22752
1977,"RF_BC","W/m^2","GCAM_SSP4","GCAM","new",0.235871
1978,"RF_BC","W/m^2","GCAM_SSP4","GCAM","new",0.249131
1979,"RF_BC","W/m^2","GCAM_SSP4","GCAM","new",0.253112
1980,"RF_BC","W/m^2","GCAM_SSP4","GCAM","new",0.246122
1981,"RF_BC","W/m^2","GCAM_SSP4","GCAM","new",0.239553
1982,"RF_BC","W/m^2","GCAM_SSP4","GCAM","new",0.255249
1983,"RF_BC","W/m^2","GCAM_SSP4","GCAM","new",0.238573
1984,"RF_BC","W/m^2","GCAM_SSP4","GCAM","new",0.249779
1985,"RF_BC","W/m^2","GCAM_SSP4","GCAM","new",0.25456
1986,"RF_BC","W/m^2","GCAM_SSP4","GCAM","new",0.262042
1987,"RF_BC","W/m^2","GCAM_SSP4","GCAM","new",0.272342
1988,"RF_BC","W/m^2","GCAM_SSP4","GCAM","new",0.282715
1989,"RF_BC","W/m^2","GCAM_SSP4","GCAM","new",0.280275
1990,"RF_BC","W/m^2","GCAM_SSP4","GCAM","new",0.286243
1991,"RF_BC","W/m^2","GCAM_SSP4","GCAM","new",0.31518
1992,"RF_BC","W/m^2","GCAM_SSP4","GCAM","new",0.279695
1993,"RF_BC","W/m^2","GCAM_SSP4","GCAM","new",0.290515
1994,"RF_BC","W/m^2","GCAM_SSP4","GCAM","new",0.314053
1995,"RF_BC","W/m^2","GCAM_SSP4","GCAM","new",0.313805
1996,"RF_BC","W/m^2","GCAM_SSP4","GCAM","new",0.302685
1997,"RF_BC","W/m^2","GCAM_SSP4","GCAM","new",0.335762
1998,"RF_BC","W/m^2","GCAM_SSP4","GCAM","new",0.337064
1999,"RF_BC","W/m^2","GCAM_SSP4","GCAM","new",0.29405
2000,"RF_BC","W/m^2","GCAM_SSP4","GCAM","new",0.27336
2001,"RF_BC","W/m^2","GCAM_SSP4","GCAM","new",0.275854
2002,"RF_BC","W/m^2","GCAM_SSP4","GCAM","new",0.295911
2003,"RF_BC","W/m^2","GCAM_SSP4","GCAM","new",0.300089
2004,"RF_BC","W/m^2","GCAM_SSP4","GCAM","new",0.309871
2005,"RF_BC","W/m^2","GCAM_SSP4","GCAM","new",0.320061
2006,"RF_BC","W/m^2","GCAM_SSP4","GCAM","new",0.316864
2007,"RF_BC","W/m^2","GCAM_SSP4","GCAM","new",0.325279
2008,"RF_BC","W/m^2","GCAM_SSP4","GCAM","new",0.312834
2009,"RF_BC","W/m^2","GCAM_SSP4","GCAM","new",0.301844
2010,"RF_BC","W/m^2","GCAM_SSP4","GCAM","new",0.324329
2011,"RF_BC","W/m^2","GCAM_SSP4","GCAM","new",0.303864
2012,"RF_BC","W/m^2","GCAM_SSP4","GCAM","new",0.31474
2013,"RF_BC","W/m^2","GCAM_SSP4","GCAM","new",0.297169
2014,"RF_BC","W/m^2","GCAM_SSP4","GCAM","new",0.301916
2015,"RF_BC","W/m^2","GCAM_SSP4","GCAM","new",0.300602
2016,"RF_BC","W/m^2","GCAM_SSP4","GCAM","new",0.278807
2017,"RF_BC","W/m^2","GCAM_SSP4","GCAM","new",0.282218
2018,"RF_BC","W/m^2","GCAM_SSP4","GCAM","new",0.271266
2019,"RF_BC","W/m^2","GCAM_SSP4","GCAM","new",0.287781
2020,"RF_BC","W/m^2","GCAM_SSP4","GCAM","new",0.26463
2021,"RF_BC","W/m^2","GCAM_SSP4","GCAM","new",0.284781
2022,"RF_BC","W/m^2","GCAM_SSP4","GCAM","new",0.249836
2023,"RF_BC","W/m^2","GCAM_SSP4","GCAM","new",0.266884
2024,"RF_BC","W/m^2","GCAM_SSP4","GCAM","new",0.265305
2025,"RF_BC","W/m^2","GCAM_SSP4","GCAM","new",0.263726
2026,"RF_BC","W/m^2","GCAM_SSP4","GCAM","new",0.25846
2027,"RF_BC","W/m^2","GCAM_SSP4","GCAM","new",0.253194
2028,"RF_BC","W/m^2","GCAM_SSP4","GCAM","new",0.247928
2029,"RF_BC","W/m^2","GCAM_SSP4","GCAM","new",0.242663
2030,"RF_BC","W/m^2","GCAM_SSP4","GCAM","new",0.237397
2031,"RF_BC","W/m^2","GCAM_SSP4","GCAM","new",0.232848
2032,"RF_BC","W/m^2","GCAM_SSP4","GCAM","new",0.2283
2033,"RF_BC","W/m^2","GCAM_SSP4","GCAM","new",0.223752
2034,"RF_BC","W/m^2","GCAM_SSP4","GCAM","new",0.219203
2035,"RF_BC","W/m^2","GCAM_SSP4","GCAM","new",0.214655
2036,"RF_BC","W/m^2","GCAM_SSP4","GCAM","new",0.21055
2037,"RF_BC","W/m^2","GCAM_SSP4","GCAM","new",0.206446
2038,"RF_BC","W/m^2","GCAM_SSP4","GCAM","new",0.202341
2039,"RF_BC","W/m^2","GCAM_SSP4","GCAM","new",0.198236
2040,"RF_BC","W/m^2","GCAM_SSP4","GCAM","new",0.194132
2041,"RF_BC","W/m^2","GCAM_SSP4","GCAM","new",0.19146
2042,"RF_BC","W/m^2","GCAM_SSP4","GCAM","new",0.188787
2043,"RF_BC","W/m^2","GCAM_SSP4","GCAM","new",0.186115
2044,"RF_BC","W/m^2","GCAM_SSP4","GCAM","new",0.183443
2045,"RF_BC","W/m^2","GCAM_SSP4","GCAM","new",0.18077
2046,"RF_BC","W/m^2","GCAM_SSP4","GCAM","new",0.177897
2047,"RF_BC","W/m^2","GCAM_SSP4","GCAM","new",0.175025
2048,"RF_BC","W/m^2","GCAM_SSP4","GCAM","new",0.172152
2049,"RF_BC","W/m^2","GCAM_SSP4","GCAM","new",0.169279
2050,"RF_BC","W/m^2","GCAM_SSP4","GCAM","new",0.166406
2051,"RF_BC","W/m^2","GCAM_SSP4","GCAM","new",0.163617
2052,"RF_BC","W/m^2","GCAM_SSP4","GCAM","new",0.160829
2053,"RF_BC","W/m^2","GCAM_SSP4","GCAM","new",0.15804
2054,"RF_BC","W/m^2","GCAM_SSP4","GCAM","new",0.155251
2055,"RF_BC","W/m^2","GCAM_SSP4","GCAM","new",0.152463
2056,"RF_BC","W/m^2","GCAM_SSP4","GCAM","new",0.149911
2057,"RF_BC","W/m^2","GCAM_SSP4","GCAM","new",0.14736
2058,"RF_BC","W/m^2","GCAM_SSP4","GCAM","new",0.144808
2059,"RF_BC","W/m^2","GCAM_SSP4","GCAM","new",0.142257
2060,"RF_BC","W/m^2","GCAM_SSP4","GCAM","new",0.139705
2061,"RF_BC","W/m^2","GCAM_SSP4","GCAM","new",0.137173
2062,"RF_BC","W/m^2","GCAM_SSP4","GCAM","new",0.134642
2063,"RF_BC","W/m^2","GCAM_SSP4","GCAM","new",0.13211
2064,"RF_BC","W/m^2","GCAM_SSP4","GCAM","new",0.129578
2065,"RF_BC","W/m^2","GCAM_SSP4","GCAM","new",0.127046
2066,"RF_BC","W/m^2","GCAM_SSP4","GCAM","new",0.124654
2067,"RF_BC","W/m^2","GCAM_SSP4","GCAM","new",0.122263
2068,"RF_BC","W/m^2","GCAM_SSP4","GCAM","new",0.119871
2069,"RF_BC","W/m^2","GCAM_SSP4","GCAM","new",0.11748
2070,"RF_BC","W/m^2","GCAM_SSP4","GCAM","new",0.115089
2071,"RF_BC","W/m^2","GCAM_SSP4","GCAM","new",0.11265
2072,"RF_BC","W/m^2","GCAM_SSP4","GCAM","new",0.110211
2073,"RF_BC","W/m^2","GCAM_SSP4","GCAM","new",0.107772
2074,"RF_BC","W/m^2","GCAM_SSP4","GCAM","new",0.105334
2075,"RF_BC","W/m^2","GCAM_SSP4","GCAM","new",0.102895
2076,"RF_BC","W/m^2","GCAM_SSP4","GCAM","new",0.100453
2077,"RF_BC","W/m^2","GCAM_SSP4","GCAM","new",0.0980116
2078,"RF_BC","W/m^2","GCAM_SSP4","GCAM","new",0.0955699
2079,"RF_BC","W/m^2","GCAM_SSP4","GCAM","new",0.0931283
2080,"RF_BC","W/m^2","GCAM_SSP4","GCAM","new",0.0906866
2081,"RF_BC","W/m^2","GCAM_SSP4","GCAM","new",0.0883371
2082,"RF_BC","W/m^2","GCAM_SSP4","GCAM","new",0.0859877
2083,"RF_BC","W/m^2","GCAM_SSP4","GCAM","new",0.0836382
2084,"RF_BC","W/m^2","GCAM_SSP4","GCAM","new",0.0812887
2085,"RF_BC","W/m^2","GCAM_SSP4","GCAM","new",0.0789392
2086,"RF_BC","W/m^2","GCAM_SSP4","GCAM","new",0.0766634
2087,"RF_BC","W/m^2","GCAM_SSP4","GCAM","new",0.0743876
2088,"RF_BC","W/m^2","GCAM_SSP4","GCAM","new",0.0721118
2089,"RF_BC","W/m^2","GCAM_SSP4","GCAM","new",0.0698359
2090,"RF_BC","W/m^2","GCAM_SSP4","GCAM","new",0.0675601
2091,"RF_BC","W/m^2","GCAM_SSP4","GCAM","new",0.0653213
2092,"RF_BC","W/m^2","GCAM_SSP4","GCAM","new",0.0630825
2093,"RF_BC","W/m^2","GCAM_SSP4","GCAM","new",0.0608437
2094,"RF_BC","W/m^2","GCAM_SSP4","GCAM","new",0.0586049
2095,"RF_BC","W/m^2","GCAM_SSP4","GCAM","new",0.0563661
2096,"RF_BC","W/m^2","GCAM_SSP4","GCAM","new",0.0542817
2097,"RF_BC","W/m^2","GCAM_SSP4","GCAM","new",0.0521973
2098,"RF_BC","W/m^2","GCAM_SSP4","GCAM","new",0.0501129
2099,"RF_BC","W/m^2","GCAM_SSP4","GCAM","new",0.0480285
2100,"RF_BC","W/m^2","GCAM_SSP4","GCAM","new",0.0459441
1976,"RF_BC","W/m^2","GCAM_SSP5","GCAM","new",0.22752
1977,"RF_BC","W/m^2","GCAM_SSP5","GCAM","new",0.235871
1978,"RF_BC","W/m^2","GCAM_SSP5","GCAM","new",0.249131
1979,"RF_BC","W/m^2","GCAM_SSP5","GCAM","new",0.253112
1980,"RF_BC","W/m^2","GCAM_SSP5","GCAM","new",0.246122
1981,"RF_BC","W/m^2","GCAM_SSP5","GCAM","new",0.239553
1982,"RF_BC","W/m^2","GCAM_SSP5","GCAM","new",0.255249
1983,"RF_BC","W/m^2","GCAM_SSP5","GCAM","new",0.238573
1984,"RF_BC","W/m^2","GCAM_SSP5","GCAM","new",0.249779
1985,"RF_BC","W/m^2","GCAM_SSP5","GCAM","new",0.25456
1986,"RF_BC","W/m^2","GCAM_SSP5","GCAM","new",0.262042
1987,"RF_BC","W/m^2","GCAM_SSP5","GCAM","new",0.272342
1988,"RF_BC","W/m^2","GCAM_SSP5","GCAM","new",0.282715
1989,"RF_BC","W/m^2","GCAM_SSP5","GCAM","new",0.280275
1990,"RF_BC","W/m^2","GCAM_SSP5","GCAM","new",0.286243
1991,"RF_BC","W/m^2","GCAM_SSP5","GCAM","new",0.31518
1992,"RF_BC","W/m^2","GCAM_SSP5","GCAM","new",0.279695
1993,"RF_BC","W/m^2","GCAM_SSP5","GCAM","new",0.290515
1994,"RF_BC","W/m^2","GCAM_SSP5","GCAM","new",0.314053
1995,"RF_BC","W/m^2","GCAM_SSP5","GCAM","new",0.313805
1996,"RF_BC","W/m^2","GCAM_SSP5","GCAM","new",0.302685
1997,"RF_BC","W/m^2","GCAM_SSP5","GCAM","new",0.335762
1998,"RF_BC","W/m^2","GCAM_SSP5","GCAM","new",0.337064
1999,"RF_BC","W/m^2","GCAM_SSP5","GCAM","new",0.29405
2000,"RF_BC","W/m^2","GCAM_SSP5","GCAM","new",0.27336
2001,"RF_BC","W/m^2","GCAM_SSP5","GCAM","new",0.275854
2002,"RF_BC","W/m^2","GCAM_SSP5","GCAM","new",0.295911
2003,"RF_BC","W/m^2","GCAM_SSP5","GCAM","new",0.300089
2004,"RF_BC","W/m^2","GCAM_SSP5","GCAM","new",0.309871
2005,"RF_BC","W/m^2","GCAM_SSP5","GCAM","new",0.320061
2006,"RF_BC","W/m^2","GCAM_SSP5","GCAM","new",0.316864
2007,"RF_BC","W/m^2","GCAM_SSP5","GCAM","new",0.325279
2008,"RF_BC","W/m^2","GCAM_SSP5","GCAM","new",0.312834
2009,"RF_BC","W/m^2","GCAM_SSP5","GCAM","new",0.301844
2010,"RF_BC","W/m^2","GCAM_SSP5","GCAM","new",0.324329
2011,"RF_BC","W/m^2","GCAM_SSP5","GCAM","new",0.303864
2012,"RF_BC","W/m^2","GCAM_SSP5","GCAM","new",0.31474
2013,"RF_BC","W/m^2","GCAM_SSP5","GCAM","new",0.297169
2014,"RF_BC","W/m^2","GCAM_SSP5","GCAM","new",0.301916
2015,"RF_BC","W/m^2","GCAM_SSP5","GCAM","new",0.300602
2016,"RF_BC","W/m^2","GCAM_SSP5","GCAM","new",0.278807
2017,"RF_BC","W/m^2","GCAM_SSP5","GCAM","new",0.282218
2018,"RF_BC","W/m^2","GCAM_SSP5","GCAM","new",0.271266
2019,"RF_BC","W/m^2","GCAM_SSP5","GCAM","new",0.287781
2020,"RF_BC","W/m^2","GCAM_SSP5","GCAM","new",0.26463
2021,"RF_BC","W/m^2","GCAM_SSP5","GCAM","new",0.284781
2022,"RF_BC","W/m^2","GCAM_SSP5","GCAM","new",0.249836
2023,"RF_BC","W/m^2","GCAM_SSP5","GCAM","new",0.266884
2024,"RF_BC","W/m^2","GCAM_SSP5","GCAM","new",0.255024
2025,"RF_BC","W/m^2","GCAM_SSP5","GCAM","new",0.243165
2026,"RF_BC","W/m^2","GCAM_SSP5","GCAM","new",0.236619
2027,"RF_BC","W/m^2","GCAM_SSP5","GCAM","new",0.230072
2028,"RF_BC","W/m^2","GCAM_SSP5","GCAM","new",0.223526
2029,"RF_BC","W/m^2","GCAM_SSP5","GCAM","new",0.21698
2030,"RF_BC","W/m^2","GCAM_SSP5","GCAM","new",0.210434
2031,"RF_BC","W/m^2","GCAM_SSP5","GCAM","new",0.204286
2032,"RF_BC","W/m^2","GCAM_SSP5","GCAM","new",0.198138
2033,"RF_BC","W/m^2","GCAM_SSP5","GCAM","new",0.19199
2034,"RF_BC","W/m^2","GCAM_SSP5","GCAM","new",0.185842
2035,"RF_BC","W/m^2","GCAM_SSP5","GCAM","new",0.179694
2036,"RF_BC","W/m^2","GCAM_SSP5","GCAM","new",0.173637
2037,"RF_BC","W/m^2","GCAM_SSP5","GCAM","new",0.16758
2038,"RF_BC","W/m^2","GCAM_SSP5","GCAM","new",0.161522
2039,"RF_BC","W/m^2","GCAM_SSP5","GCAM","new",0.155465
2040,"RF_BC","W/m^2","GCAM_SSP5","GCAM","new",0.149408
2041,"RF_BC","W/m^2","GCAM_SSP5","GCAM","new",0.145276
2042,"RF_BC","W/m^2","GCAM_SSP5","GCAM","new",0.141145
2043,"RF_BC","W/m^2","GCAM_SSP5","GCAM","new",0.137013
2044,"RF_BC","W/m^2","GCAM_SSP5","GCAM","new",0.132881
2045,"RF_BC","W/m^2","GCAM_SSP5","GCAM","new",0.12875
2046,"RF_BC","W/m^2","GCAM_SSP5","GCAM","new",0.124213
2047,"RF_BC","W/m^2","GCAM_SSP5","GCAM","new",0.119677
2048,"RF_BC","W/m^2","GCAM_SSP5","GCAM","new",0.115141
2049,"RF_BC","W/m^2","GCAM_SSP5","GCAM","new",0.110604
2050,"RF_BC","W/m^2","GCAM_SSP5","GCAM","new",0.106068
2051,"RF_BC","W/m^2","GCAM_SSP5","GCAM","new",0.103855
2052,"RF_BC","W/m^2","GCAM_SSP5","GCAM","new",0.101642
2053,"RF_BC","W/m^2","GCAM_SSP5","GCAM","new",0.0994295
2054,"RF_BC","W/m^2","GCAM_SSP5","GCAM","new",0.0972166
2055,"RF_BC","W/m^2","GCAM_SSP5","GCAM","new",0.0950038
2056,"RF_BC","W/m^2","GCAM_SSP5","GCAM","new",0.0928125
2057,"RF_BC","W/m^2","GCAM_SSP5","GCAM","new",0.0906212
2058,"RF_BC","W/m^2","GCAM_SSP5","GCAM","new",0.0884298
2059,"RF_BC","W/m^2","GCAM_SSP5","GCAM","new",0.0862385
2060,"RF_BC","W/m^2","GCAM_SSP5","GCAM","new",0.0840472
2061,"RF_BC","W/m^2","GCAM_SSP5","GCAM","new",0.0820094
2062,"RF_BC","W/m^2","GCAM_SSP5","GCAM","new",0.0799717
2063,"RF_BC","W/m^2","GCAM_SSP5","GCAM","new",0.0779339
2064,"RF_BC","W/m^2","GCAM_SSP5","GCAM","new",0.0758961
2065,"RF_BC","W/m^2","GCAM_SSP5","GCAM","new",0.0738584
2066,"RF_BC","W/m^2","GCAM_SSP5","GCAM","new",0.0717944
2067,"RF_BC","W/m^2","GCAM_SSP5","GCAM","new",0.0697305
2068,"RF_BC","W/m^2","GCAM_SSP5","GCAM","new",0.0676665
2069,"RF_BC","W/m^2","GCAM_SSP5","GCAM","new",0.0656026
2070,"RF_BC","W/m^2","GCAM_SSP5","GCAM","new",0.0635386
2071,"RF_BC","W/m^2","GCAM_SSP5","GCAM","new",0.0614782
2072,"RF_BC","W/m^2","GCAM_SSP5","GCAM","new",0.0594177
2073,"RF_BC","W/m^2","GCAM_SSP5","GCAM","new",0.0573573
2074,"RF_BC","W/m^2","GCAM_SSP5","GCAM","new",0.0552968
2075,"RF_BC","W/m^2","GCAM_SSP5","GCAM","new",0.0532364
2076,"RF_BC","W/m^2","GCAM_SSP5","GCAM","new",0.0511651
2077,"RF_BC","W/m^2","GCAM_SSP5","GCAM","new",0.0490938
2078,"RF_BC","W/m^2","GCAM_SSP5","GCAM","new",0.0470226
2079,"RF_BC","W/m^2","GCAM_SSP5","GCAM","new",0.0449513
2080,"RF_BC","W/m^2","GCAM_SSP5","GCAM","new",0.0428801
2081,"RF_BC","W/m^2","GCAM_SSP5","GCAM","new",0.0409416
2082,"RF_BC","W/m^2","GCAM_SSP5","GCAM","new",0.0390032
2083,"RF_BC","W/m^2","GCAM_SSP5","GCAM","new",0.0370647
2084,"RF_BC","W/m^2","GCAM_SSP5","GCAM","new",0.0351263
2085,"RF_BC","W/m^2","GCAM_SSP5","GCAM","new",0.0331878
2086,"RF_BC","W/m^2","GCAM_SSP5","GCAM","new",0.0313729
2087,"RF_BC","W/m^2","GCAM_SSP5","GCAM","new",0.029558
2088,"RF_BC","W/m^2","GCAM_SSP5","GCAM","new",0.0277432
2089,"RF_BC","W/m^2","GCAM_SSP5","GCAM","new",0.0259283
2090,"RF_BC","W/m^2","GCAM_SSP5","GCAM","new",0.0241134
2091,"RF_BC","W/m^2","GCAM_SSP5","GCAM","new",0.0224898
2092,"RF_BC","W/m^2","GCAM_SSP5","GCAM","new",0.0208662
2093,"RF_BC","W/m^2","GCAM_SSP5","GCAM","new",0.0192426
2094,"RF_BC","W/m^2","GCAM_SSP5","GCAM","new",0.017619
2095,"RF_BC","W/m^2","GCAM_SSP5","GCAM","new",0.0159954
2096,"RF_BC","W/m^2","GCAM_SSP5","GCAM","new",0.0144504
2097,"RF_BC","W/m^2","GCAM_SSP5","GCAM","new",0.0129055
2098,"RF_BC","W/m^2","GCAM_SSP5","GCAM","new",0.0113605
2099,"RF_BC","W/m^2","GCAM_SSP5","GCAM","new",0.00981559
2100,"RF_BC","W/m^2","GCAM_SSP5","GCAM","new",0.00827063
1976,"RF_BC","W/m^2","GCAM_SSP1","GCAM","new",0.22752
1977,"RF_BC","W/m^2","GCAM_SSP1","GCAM","new",0.235871
1978,"RF_BC","W/m^2","GCAM_SSP1","GCAM","new",0.249131
1979,"RF_BC","W/m^2","GCAM_SSP1","GCAM","new",0.253112
1980,"RF_BC","W/m^2","GCAM_SSP1","GCAM","new",0.246122
1981,"RF_BC","W/m^2","GCAM_SSP1","GCAM","new",0.239553
1982,"RF_BC","W/m^2","GCAM_SSP1","GCAM","new",0.255249
1983,"RF_BC","W/m^2","GCAM_SSP1","GCAM","new",0.238573
1984,"RF_BC","W/m^2","GCAM_SSP1","GCAM","new",0.249779
1985,"RF_BC","W/m^2","GCAM_SSP1","GCAM","new",0.25456
1986,"RF_BC","W/m^2","GCAM_SSP1","GCAM","new",0.262042
1987,"RF_BC","W/m^2","GCAM_SSP1","GCAM","new",0.272342
1988,"RF_BC","W/m^2","GCAM_SSP1","GCAM","new",0.282715
1989,"RF_BC","W/m^2","GCAM_SSP1","GCAM","new",0.280275
1990,"RF_BC","W/m^2","GCAM_SSP1","GCAM","new",0.286243
1991,"RF_BC","W/m^2","GCAM_SSP1","GCAM","new",0.31518
1992,"RF_BC","W/m^2","GCAM_SSP1","GCAM","new",0.279695
1993,"RF_BC","W/m^2","GCAM_SSP1","GCAM","new",0.290515
1994,"RF_BC","W/m^2","GCAM_SSP1","GCAM","new",0.314053
1995,"RF_BC","W/m^2","GCAM_SSP1","GCAM","new",0.313805
1996,"RF_BC","W/m^2","GCAM_SSP1","GCAM","new",0.302685
1997,"RF_BC","W/m^2","GCAM_SSP1","GCAM","new",0.335762
1998,"RF_BC","W/m^2","GCAM_SSP1","GCAM","new",0.337064
1999,"RF_BC","W/m^2","GCAM_SSP1","GCAM","new",0.29405
2000,"RF_BC","W/m^2","GCAM_SSP1","GCAM","new",0.27336
2001,"RF_BC","W/m^2","GCAM_SSP1","GCAM","new",0.275854
2002,"RF_BC","W/m^2","GCAM_SSP1","GCAM","new",0.295911
2003,"RF_BC","W/m^2","GCAM_SSP1","GCAM","new",0.300089
2004,"RF_BC","W/m^2","GCAM_SSP1","GCAM","new",0.309871
2005,"RF_BC","W/m^2","GCAM_SSP1","GCAM","new",0.320061
2006,"RF_BC","W/m^2","GCAM_SSP1","GCAM","new",0.316864
2007,"RF_BC","W/m^2","GCAM_SSP1","GCAM","new",0.325279
2008,"RF_BC","W/m^2","GCAM_SSP1","GCAM","new",0.312834
2009,"RF_BC","W/m^2","GCAM_SSP1","GCAM","new",0.301844
2010,"RF_BC","W/m^2","GCAM_SSP1","GCAM","new",0.324329
2011,"RF_BC","W/m^2","GCAM_SSP1","GCAM","new",0.303864
2012,"RF_BC","W/m^2","GCAM_SSP1","GCAM","new",0.31474
2013,"RF_BC","W/m^2","GCAM_SSP1","GCAM","new",0.297169
2014,"RF_BC","W/m^2","GCAM_SSP1","GCAM","new",0.301916
2015,"RF_BC","W/m^2","GCAM_SSP1","GCAM","new",0.300602
2016,"RF_BC","W/m^2","GCAM_SSP1","GCAM","new",0.278807
2017,"RF_BC","W/m^2","GCAM_SSP1","GCAM","new",0.282218
2018,"RF_BC","W/m^2","GCAM_SSP1","GCAM","new",0.271266
2019,"RF_BC","W/m^2","GCAM_SSP1","GCAM","new",0.287781
2020,"RF_BC","W/m^2","GCAM_SSP1","GCAM","new",0.26463
2021,"RF_BC","W/m^2","GCAM_SSP1","GCAM","new",0.284781
2022,"RF_BC","W/m^2","GCAM_SSP1","GCAM","new",0.249836
2023,"RF_BC","W/m^2","GCAM_SSP1","GCAM","new",0.266884
2024,"RF_BC","W/m^2","GCAM_SSP1","GCAM","new",0.254676
2025,"RF_BC","W/m^2","GCAM_SSP1","GCAM","new",0.242468
2026,"RF_BC","W/m^2","GCAM_SSP1","GCAM","new",0.235546
2027,"RF_BC","W/m^2","GCAM_SSP1","GCAM","new",0.228625
2028,"RF_BC","W/m^2","GCAM_SSP1","GCAM","new",0.221703
2029,"RF_BC","W/m^2","GCAM_SSP1","GCAM","new",0.214781
2030,"RF_BC","W/m^2","GCAM_SSP1","GCAM","new",0.207859
2031,"RF_BC","W/m^2","GCAM_SSP1","GCAM","new",0.20089
2032,"RF_BC","W/m^2","GCAM_SSP1","GCAM","new",0.193921
2033,"RF_BC","W/m^2","GCAM_SSP1","GCAM","new",0.186952
2034,"RF_BC","W/m^2","GCAM_SSP1","GCAM","new",0.179983
2035,"RF_BC","W/m^2","GCAM_SSP1","GCAM","new",0.173014
2036,"RF_BC","W/m^2","GCAM_SSP1","GCAM","new",0.166386
2037,"RF_BC","W/m^2","GCAM_SSP1","GCAM","new",0.159759
2038,"RF_BC","W/m^2","GCAM_SSP1","GCAM","new",0.153131
2039,"RF_BC","W/m^2","GCAM_SSP1","GCAM","new",0.146503
2040,"RF_BC","W/m^2","GCAM_SSP1","GCAM","new",0.139875
2041,"RF_BC","W/m^2","GCAM_SSP1","GCAM","new",0.135535
2042,"RF_BC","W/m^2","GCAM_SSP1","GCAM","new",0.131195
2043,"RF_BC","W/m^2","GCAM_SSP1","GCAM","new",0.126855
2044,"RF_BC","W/m^2","GCAM_SSP1","GCAM","new",0.122515
2045,"RF_BC","W/m^2","GCAM_SSP1","GCAM","new",0.118175
2046,"RF_BC","W/m^2","GCAM_SSP1","GCAM","new",0.11396
2047,"RF_BC","W/m^2","GCAM_SSP1","GCAM","new",0.109746
2048,"RF_BC","W/m^2","GCAM_SSP1","GCAM","new",0.105531
2049,"RF_BC","W/m^2","GCAM_SSP1","GCAM","new",0.101317
2050,"RF_BC","W/m^2","GCAM_SSP1","GCAM","new",0.0971024
2051,"RF_BC","W/m^2","GCAM_SSP1","GCAM","new",0.0951617
2052,"RF_BC","W/m^2","GCAM_SSP1","GCAM","new",0.0932209
2053,"RF_BC","W/m^2","GCAM_SSP1","GCAM","new",0.0912802
2054,"RF_BC","W/m^2","GCAM_SSP1","GCAM","new",0.0893395
2055,"RF_BC","W/m^2","GCAM_SSP1","GCAM","new",0.0873988
2056,"RF_BC","W/m^2","GCAM_SSP1","GCAM","new",0.085536
2057,"RF_BC","W/m^2","GCAM_SSP1","GCAM","new",0.0836732
2058,"RF_BC","W/m^2","GCAM_SSP1","GCAM","new",0.0818104
2059,"RF_BC","W/m^2","GCAM_SSP1","GCAM","new",0.0799476
2060,"RF_BC","W/m^2","GCAM_SSP1","GCAM","new",0.0780848
2061,"RF_BC","W/m^2","GCAM_SSP1","GCAM","new",0.0762419
2062,"RF_BC","W/m^2","GCAM_SSP1","GCAM","new",0.074399
2063,"RF_BC","W/m^2","GCAM_SSP1","GCAM","new",0.072556
2064,"RF_BC","W/m^2","GCAM_SSP1","GCAM","new",0.0707131
2065,"RF_BC","W/m^2","GCAM_SSP1","GCAM","new",0.0688701
2066,"RF_BC","W/m^2","GCAM_SSP1","GCAM","new",0.0671432
2067,"RF_BC","W/m^2","GCAM_SSP1","GCAM","new",0.0654163
2068,"RF_BC","W/m^2","GCAM_SSP1","GCAM","new",0.0636894
2069,"RF_BC","W/m^2","GCAM_SSP1","GCAM","new",0.0619625
2070,"RF_BC","W/m^2","GCAM_SSP1","GCAM","new",0.0602355
2071,"RF_BC","W/m^2","GCAM_SSP1","GCAM","new",0.0585408
2072,"RF_BC","W/m^2","GCAM_SSP1","GCAM","new",0.056846
2073,"RF_BC","W/m^2","GCAM_SSP1","GCAM","new",0.0551512
2074,"RF_BC","W/m^2","GCAM_SSP1","GCAM","new",0.0534565
2075,"RF_BC","W/m^2","GCAM_SSP1","GCAM","new",0.0517617
2076,"RF_BC","W/m^2","GCAM_SSP1","GCAM","new",0.0500958
2077,"RF_BC","W/m^2","GCAM_SSP1","GCAM","new",0.0484299
2078,"RF_BC","W/m^2","GCAM_SSP1","GCAM","new",0.046764
2079,"RF_BC","W/m^2","GCAM_SSP1","GCAM","new",0.0450981
2080,"RF_BC","W/m^2","GCAM_SSP1","GCAM","new",0.0434322
2081,"RF_BC","W/m^2","GCAM_SSP1","GCAM","new",0.0418969
2082,"RF_BC","W/m^2","GCAM_SSP1","GCAM","new",0.0403615
2083,"RF_BC","W/m^2","GCAM_SSP1","GCAM","new",0.0388262
2084,"RF_BC","W/m^2","GCAM_SSP1","GCAM","new",0.0372909
2085,"RF_BC","W/m^2","GCAM_SSP1","GCAM","new",0.0357555
2086,"RF_BC","W/m^2","GCAM_SSP1","GCAM","new",0.0342906
2087,"RF_BC","W/m^2","GCAM_SSP1","GCAM","new",0.0328257
2088,"RF_BC","W/m^2","GCAM_SSP1","GCAM","new",0.0313608
2089,"RF_BC","W/m^2","GCAM_SSP1","GCAM","new",0.0298958
2090,"RF_BC","W/m^2","GCAM_SSP1","GCAM","new",0.0284309
2091,"RF_BC","W/m^2","GCAM_SSP1","GCAM","new",0.0270784
2092,"RF_BC","W/m^2","GCAM_SSP1","GCAM","new",0.0257259
2093,"RF_BC","W/m^2","GCAM_SSP1","GCAM","new",0.0243733
2094,"RF_BC","W/m^2","GCAM_SSP1","GCAM","new",0.0230208
2095,"RF_BC","W/m^2","GCAM_SSP1","GCAM","new",0.0216683
2096,"RF_BC","W/m^2","GCAM_SSP1","GCAM","new",0.0204948
2097,"RF_BC","W/m^2","GCAM_SSP1","GCAM","new",0.0193213
2098,"RF_BC","W/m^2","GCAM_SSP1","GCAM","new",0.0181478
2099,"RF_BC","W/m^2","GCAM_SSP1","GCAM","new",0.0169743
2100,"RF_BC","W/m^2","GCAM_SSP1","GCAM","new",0.0158008
1976,"RF_BC","W/m^2","GCAM_SSP2","GCAM","new",0.22752
1977,"RF_BC","W/m^2","GCAM_SSP2","GCAM","new",0.235871
1978,"RF_BC","W/m^2","GCAM_SSP2","GCAM","new",0.249131
1979,"RF_BC","W/m^2","GCAM_SSP2","GCAM","new",0.253112
1980,"RF_BC","W/m^2","GCAM_SSP2","GCAM","new",0.246122
1981,"RF_BC","W/m^2","GCAM_SSP2","GCAM","new",0.239553
1982,"RF_BC","W/m^2","GCAM_SSP2","GCAM","new",0.255249
1983,"RF_BC","W/m^2","GCAM_SSP2","GCAM","new",0.238573
1984,"RF_BC","W/m^2","GCAM_SSP2","GCAM","new",0.249779
1985,"RF_BC","W/m^2","GCAM_SSP2","GCAM","new",0.25456
1986,"RF_BC","W/m^2","GCAM_SSP2","GCAM","new",0.262042
1987,"RF_BC","W/m^2","GCAM_SSP2","GCAM","new",0.272342
1988,"RF_BC","W/m^2","GCAM_SSP2","GCAM","new",0.282715
1989,"RF_BC","W/m^2","GCAM_SSP2","GCAM","new",0.280275
1990,"RF_BC","W/m^2","GCAM_SSP2","GCAM","new",0.286243
1991,"RF_BC","W/m^2","GCAM_SSP2","GCAM","new",0.31518
1992,"RF_BC","W/m^2","GCAM_SSP2","GCAM","new",0.279695
1993,"RF_BC","W/m^2","GCAM_SSP2","GCAM","new",0.290515
1994,"RF_BC","W/m^2","GCAM_SSP2","GCAM","new",0.314053
1995,"RF_BC","W/m^2","GCAM_SSP2","GCAM","new",0.313805
1996,"RF_BC","W/m^2","GCAM_SSP2","GCAM","new",0.302685
1997,"RF_BC","W/m^2","GCAM_SSP2","GCAM","new",0.335762
1998,"RF_BC","W/m^2","GCAM_SSP2","GCAM","new",0.337064
1999,"RF_BC","W/m^2","GCAM_SSP2","GCAM","new",0.29405
2000,"RF_BC","W/m^2","GCAM_SSP2","GCAM","new",0.27336
2001,"RF_BC","W/m^2","GCAM_SSP2","GCAM","new",0.275854
2002,"RF_BC","W/m^2","GCAM_SSP2","GCAM","new",0.295911
2003,"RF_BC","W/m^2","GCAM_SSP2","GCAM","new",0.300089
2004,"RF_BC","W/m^2","GCAM_SSP2","GCAM","new",0.309871
2005,"RF_BC","W/m^2","GCAM_SSP2","GCAM","new",0.320061
2006,"RF_BC","W/m^2","GCAM_SSP2","GCAM","new",0.316864
2007,"RF_BC","W/m^2","GCAM_SSP2","GCAM","new",0.325279
2008,"RF_BC","W/m^2","GCAM_SSP2","GCAM","new",0.312834
2009,"RF_BC","W/m^2","GCAM_SSP2","GCAM","new",0.301844
2010,"RF_BC","W/m^2","GCAM_SSP2","GCAM","new",0.324329
2011,"RF_BC","W/m^2","GCAM_SSP2","GCAM","new",0.303864
2012,"RF_BC","W/m^2","GCAM_SSP2","GCAM","new",0.31474
2013,"RF_BC","W/m^2","GCAM_SSP2","GCAM","new",0.297169
2014,"RF_BC","W/m^2","GCAM_SSP2","GCAM","new",0.301916
2015,"RF_BC","W/m^2","GCAM_SSP2","GCAM","new",0.300602
2016,"RF_BC","W/m^2","GCAM_SSP2","GCAM","new",0.278807
2017,"RF_BC","W/m^2","GCAM_SSP2","GCAM","new",0.282218
2018,"RF_BC","W/m^2","GCAM_SSP2","GCAM","new",0.271266
2019,"RF_BC","W/m^2","GCAM_SSP2","GCAM","new",0.287781
2020,"RF_BC","W/m^2","GCAM_SSP2","GCAM","new",0.26463
2021,"RF_BC","W/m^2","GCAM_SSP2","GCAM","new",0.284781
2022,"RF_BC","W/m^2","GCAM_SSP2","GCAM","new",0.249836
2023,"RF_BC","W/m^2","GCAM_SSP2","GCAM","new",0.266884
2024,"RF_BC","W/m^2","GCAM_SSP2","GCAM","new",0.257831
2025,"RF_BC","W/m^2","GCAM_SSP2","GCAM","new",0.248778
2026,"RF_BC","W/m^2","GCAM_SSP2","GCAM","new",0.242767
2027,"RF_BC","W/m^2","GCAM_SSP2","GCAM","new",0.236756
2028,"RF_BC","W/m^2","GCAM_SSP2","GCAM","new",0.230745
2029,"RF_BC","W/m^2","GCAM_SSP2","GCAM","new",0.224734
2030,"RF_BC","W/m^2","GCAM_SSP2","GCAM","new",0.218722
2031,"RF_BC","W/m^2","GCAM_SSP2","GCAM","new",0.212887
2032,"RF_BC","W/m^2","GCAM_SSP2","GCAM","new",0.207051
2033,"RF_BC","W/m^2","GCAM_SSP2","GCAM","new",0.201215
2034,"RF_BC","W/m^2","GCAM_SSP2","GCAM","new",0.19538
2035,"RF_BC","W/m^2","GCAM_SSP2","GCAM","new",0.189544
2036,"RF_BC","W/m^2","GCAM_SSP2","GCAM","new",0.18353
2037,"RF_BC","W/m^2","GCAM_SSP2","GCAM","new",0.177517
2038,"RF_BC","W/m^2","GCAM_SSP2","GCAM","new",0.171503
2039,"RF_BC","W/m^2","GCAM_SSP2","GCAM","new",0.16549
2040,"RF_BC","W/m^2","GCAM_SSP2","GCAM","new",0.159476
2041,"RF_BC","W/m^2","GCAM_SSP2","GCAM","new",0.155184
2042,"RF_BC","W/m^2","GCAM_SSP2","GCAM","new",0.150892
2043,"RF_BC","W/m^2","GCAM_SSP2","GCAM","new",0.1466
2044,"RF_BC","W/m^2","GCAM_SSP2","GCAM","new",0.142308
2045,"RF_BC","W/m^2","GCAM_SSP2","GCAM","new",0.138016
2046,"RF_BC","W/m^2","GCAM_SSP2","GCAM","new",0.133814
2047,"RF_BC","W/m^2","GCAM_SSP2","GCAM","new",0.129612
2048,"RF_BC","W/m^2","GCAM_SSP2","GCAM","new",0.12541
2049,"RF_BC","W/m^2","GCAM_SSP2","GCAM","new",0.121208
2050,"RF_BC","W/m^2","GCAM_SSP2","GCAM","new",0.117006
2051,"RF_BC","W/m^2","GCAM_SSP2","GCAM","new",0.114648
2052,"RF_BC","W/m^2","GCAM_SSP2","GCAM","new",0.11229
2053,"RF_BC","W/m^2","GCAM_SSP2","GCAM","new",0.109932
2054,"RF_BC","W/m^2","GCAM_SSP2","GCAM","new",0.107574
2055,"RF_BC","W/m^2","GCAM_SSP2","GCAM","new",0.105216
2056,"RF_BC","W/m^2","GCAM_SSP2","GCAM","new",0.103296
2057,"RF_BC","W/m^2","GCAM_SSP2","GCAM","new",0.101375
2058,"RF_BC","W/m^2","GCAM_SSP2","GCAM","new",0.0994551
2059,"RF_BC","W/m^2","GCAM_SSP2","GCAM","new",0.0975348
2060,"RF_BC","W/m^2","GCAM_SSP2","GCAM","new",0.0956145
2061,"RF_BC","W/m^2","GCAM_SSP2","GCAM","new",0.094002
2062,"RF_BC","W/m^2","GCAM_SSP2","GCAM","new",0.0923894
2063,"RF_BC","W/m^2","GCAM_SSP2","GCAM","new",0.0907769
2064,"RF_BC","W/m^2","GCAM_SSP2","GCAM","new",0.0891644
2065,"RF_BC","W/m^2","GCAM_SSP2","GCAM","new",0.0875518
2066,"RF_BC","W/m^2","GCAM_SSP2","GCAM","new",0.0860434
2067,"RF_BC","W/m^2","GCAM_SSP2","GCAM","new",0.0845349
2068,"RF_BC","W/m^2","GCAM_SSP2","GCAM","new",0.0830264
2069,"RF_BC","W/m^2","GCAM_SSP2","GCAM","new",0.0815179
2070,"RF_BC","W/m^2","GCAM_SSP2","GCAM","new",0.0800094
2071,"RF_BC","W/m^2","GCAM_SSP2","GCAM","new",0.0785166
2072,"RF_BC","W/m^2","GCAM_SSP2","GCAM","new",0.0770237
2073,"RF_BC","W/m^2","GCAM_SSP2","GCAM","new",0.0755308
2074,"RF_BC","W/m^2","GCAM_SSP2","GCAM","new",0.0740379
2075,"RF_BC","W/m^2","GCAM_SSP2","GCAM","new",0.072545
2076,"RF_BC","W/m^2","GCAM_SSP2","GCAM","new",0.0709552
2077,"RF_BC","W/m^2","GCAM_SSP2","GCAM","new",0.0693655
2078,"RF_BC","W/m^2","GCAM_SSP2","GCAM","new",0.0677757
2079,"RF_BC","W/m^2","GCAM_SSP2","GCAM","new",0.066186
2080,"RF_BC","W/m^2","GCAM_SSP2","GCAM","new",0.0645962
2081,"RF_BC","W/m^2","GCAM_SSP2","GCAM","new",0.0630641
2082,"RF_BC","W/m^2","GCAM_SSP2","GCAM","new",0.0615321
2083,"RF_BC","W/m^2","GCAM_SSP2","GCAM","new",0.06
2084,"RF_BC","W/m^2","GCAM_SSP2","GCAM","new",0.058468
2085,"RF_BC","W/m^2","GCAM_SSP2","GCAM","new",0.0569359
2086,"RF_BC","W/m^2","GCAM_SSP2","GCAM","new",0.0554425
2087,"RF_BC","W/m^2","GCAM_SSP2","GCAM","new",0.0539491
2088,"RF_BC","W/m^2","GCAM_SSP2","GCAM","new",0.0524557
2089,"RF_BC","W/m^2","GCAM_SSP2","GCAM","new",0.0509623
2090,"RF_BC","W/m^2","GCAM_SSP2","GCAM","new",0.0494688
2091,"RF_BC","W/m^2","GCAM_SSP2","GCAM","new",0.0479809
2092,"RF_BC","W/m^2","GCAM_SSP2","GCAM","new",0.046493
2093,"RF_BC","W/m^2","GCAM_SSP2","GCAM","new",0.0450051
2094,"RF_BC","W/m^2","GCAM_SSP2","GCAM","new",0.0435172
2095,"RF_BC","W/m^2","GCAM_SSP2","GCAM","new",0.0420293
2096,"RF_BC","W/m^2","GCAM_SSP2","GCAM","new",0.0406116
2097,"RF_BC","W/m^2","GCAM_SSP2","GCAM","new",0.0391938
2098,"RF_BC","W/m^2","GCAM_SSP2","GCAM","new",0.037776
2099,"RF_BC","W/m^2","GCAM_SSP2","GCAM","new",0.0363583
2100,"RF_BC","W/m^2","GCAM_SSP2","GCAM","new",0.0349405
1976,"RF_BC","W/m^2","GCAM_SSP3","GCAM","new",0.22752
1977,"RF_BC","W/m^2","GCAM_SSP3","GCAM","new",0.235871
1978,"RF_BC","W/m^2","GCAM_SSP3","GCAM","new",0.249131
1979,"RF_BC","W/m^2","GCAM_SSP3","GCAM","new",0.253112
1980,"RF_BC","W/m^2","GCAM_SSP3","GCAM","new",0.246122
1981,"RF_BC","W/m^2","GCAM_SSP3","GCAM","new",0.239553
1982,"RF_BC","W/m^2","GCAM_SSP3","GCAM","new",0.255249
1983,"RF_BC","W/m^2","GCAM_SSP3","GCAM","new",0.238573
1984,"RF_BC","W/m^2","GCAM_SSP3","GCAM","new",0.249779
1985,"RF_BC","W/m^2","GCAM_SSP3","GCAM","new",0.25456
1986,"RF_BC","W/m^2","GCAM_SSP3","GCAM","new",0.262042
1987,"RF_BC","W/m^2","GCAM_SSP3","GCAM","new",0.272342
1988,"RF_BC","W/m^2","GCAM_SSP3","GCAM","new",0.282715
1989,"RF_BC","W/m^2","GCAM_SSP3","GCAM","new",0.280275
1990,"RF_BC","W/m^2","GCAM_SSP3","GCAM","new",0.286243
1991,"RF_BC","W/m^2","GCAM_SSP3","GCAM","new",0.31518
1992,"RF_BC","W/m^2","GCAM_SSP3","GCAM","new",0.279695
1993,"RF_BC","W/m^2","GCAM_SSP3","GCAM","new",0.290515
1994,"RF_BC","W/m^2","GCAM_SSP3","GCAM","new",0.314053
1995,"RF_BC","W/m^2","GCAM_SSP3","GCAM","new",0.313805
1996,"RF_BC","W/m^2","GCAM_SSP3","GCAM","new",0.302685
1997,"RF_BC","W/m^2","GCAM_SSP3","GCAM","new",0.335762
1998,"RF_BC","W/m^2","GCAM_SSP3","GCAM","new",0.337064
1999,"RF_BC","W/m^2","GCAM_SSP3","GCAM","new",0.29405
2000,"RF_BC","W/m^2","GCAM_SSP3","GCAM","new",0.27336
2001,"RF_BC","W/m^2","GCAM_SSP3","GCAM","new",0.275854
2002,"RF_BC","W/m^2","GCAM_SSP3","GCAM","new",0.295911
2003,"RF_BC","W/m^2","GCAM_SSP3","GCAM","new",0.300089
2004,"RF_BC","W/m^2","GCAM_SSP3","GCAM","new",0.309871
2005,"RF_BC","W/m^2","GCAM_SSP3","GCAM","new",0.320061
2006,"RF_BC","W/m^2","GCAM_SSP3","GCAM","new",0.316864
2007,"RF_BC","W/m^2","GCAM_SSP3","GCAM","new",0.325279
2008,"RF_BC","W/m^2","GCAM_SSP3","GCAM","new",0.312834
2009,"RF_BC","W/m^2","GCAM_SSP3","GCAM","new",0.301844
2010,"RF_BC","W/m^2","GCAM_SSP3","GCAM","new",0.324329
2011,"RF_BC","W/m^2","GCAM_SSP3","GCAM","new",0.303864
2012,"RF_BC","W/m^2","GCAM_SSP3","GCAM","new",0.31474
2013,"RF_BC","W/m^2","GCAM_SSP3","GCAM","new",0.297169
2014,"RF_BC","W/m^2","GCAM_SSP3","GCAM","new",0.301916
2015,"RF_BC","W/m^2","GCAM_SSP3","GCAM","new",0.300602
2016,"RF_BC","W/m^2","GCAM_SSP3","GCAM","new",0.278807
2017,"RF_BC","W/m^2","GCAM_SSP3","GCAM","new",0.282218
2018,"RF_BC","W/m^2","GCAM_SSP3","GCAM","new",0.271266
2019,"RF_BC","W/m^2","GCAM_SSP3","GCAM","new",0.287781
2020,"RF_BC","W/m^2","GCAM_SSP3","GCAM","new",0.26463
2021,"RF_BC","W/m^2","GCAM_SSP3","GCAM","new",0.284781
2022,"RF_BC","W/m^2","GCAM_SSP3","GCAM","new",0.249836
2023,"RF_BC","W/m^2","GCAM_SSP3","GCAM","new",0.266884
2024,"RF_BC","W/m^2","GCAM_SSP3","GCAM","new",0.265798
2025,"RF_BC","W/m^2","GCAM_SSP3","GCAM","new",0.264711
2026,"RF_BC","W/m^2","GCAM_SSP3","GCAM","new",0.25981
2027,"RF_BC","W/m^2","GCAM_SSP3","GCAM","new",0.254908
2028,"RF_BC","W/m^2","GCAM_SSP3","GCAM","new",0.250006
2029,"RF_BC","W/m^2","GCAM_SSP3","GCAM","new",0.245105
2030,"RF_BC","W/m^2","GCAM_SSP3","GCAM","new",0.240203
2031,"RF_BC","W/m^2","GCAM_SSP3","GCAM","new",0.236488
2032,"RF_BC","W/m^2","GCAM_SSP3","GCAM","new",0.232773
2033,"RF_BC","W/m^2","GCAM_SSP3","GCAM","new",0.229059
2034,"RF_BC","W/m^2","GCAM_SSP3","GCAM","new",0.225344
2035,"RF_BC","W/m^2","GCAM_SSP3","GCAM","new",0.221629
2036,"RF_BC","W/m^2","GCAM_SSP3","GCAM","new",0.217562
2037,"RF_BC","W/m^2","GCAM_SSP3","GCAM","new",0.213495
2038,"RF_BC","W/m^2","GCAM_SSP3","GCAM","new",0.209428
2039,"RF_BC","W/m^2","GCAM_SSP3","GCAM","new",0.205361
2040,"RF_BC","W/m^2","GCAM_SSP3","GCAM","new",0.201294
2041,"RF_BC","W/m^2","GCAM_SSP3","GCAM","new",0.198658
2042,"RF_BC","W/m^2","GCAM_SSP3","GCAM","new",0.196021
2043,"RF_BC","W/m^2","GCAM_SSP3","GCAM","new",0.193384
2044,"RF_BC","W/m^2","GCAM_SSP3","GCAM","new",0.190748
2045,"RF_BC","W/m^2","GCAM_SSP3","GCAM","new",0.188111
2046,"RF_BC","W/m^2","GCAM_SSP3","GCAM","new",0.185471
2047,"RF_BC","W/m^2","GCAM_SSP3","GCAM","new",0.182832
2048,"RF_BC","W/m^2","GCAM_SSP3","GCAM","new",0.180192
2049,"RF_BC","W/m^2","GCAM_SSP3","GCAM","new",0.177552
2050,"RF_BC","W/m^2","GCAM_SSP3","GCAM","new",0.174912
2051,"RF_BC","W/m^2","GCAM_SSP3","GCAM","new",0.17242
2052,"RF_BC","W/m^2","GCAM_SSP3","GCAM","new",0.169927
2053,"RF_BC","W/m^2","GCAM_SSP3","GCAM","new",0.167434
2054,"RF_BC","W/m^2","GCAM_SSP3","GCAM","new",0.164942
2055,"RF_BC","W/m^2","GCAM_SSP3","GCAM","new",0.162449
2056,"RF_BC","W/m^2","GCAM_SSP3","GCAM","new",0.160347
2057,"RF_BC","W/m^2","GCAM_SSP3","GCAM","new",0.158245
2058,"RF_BC","W/m^2","GCAM_SSP3","GCAM","new",0.156143
2059,"RF_BC","W/m^2","GCAM_SSP3","GCAM","new",0.15404
2060,"RF_BC","W/m^2","GCAM_SSP3","GCAM","new",0.151938
2061,"RF_BC","W/m^2","GCAM_SSP3","GCAM","new",0.149948
2062,"RF_BC","W/m^2","GCAM_SSP3","GCAM","new",0.147958
2063,"RF_BC","W/m^2","GCAM_SSP3","GCAM","new",0.145968
2064,"RF_BC","W/m^2","GCAM_SSP3","GCAM","new",0.143978
2065,"RF_BC","W/m^2","GCAM_SSP3","GCAM","new",0.141988
2066,"RF_BC","W/m^2","GCAM_SSP3","GCAM","new",0.14011
2067,"RF_BC","W/m^2","GCAM_SSP3","GCAM","new",0.138233
2068,"RF_BC","W/m^2","GCAM_SSP3","GCAM","new",0.136356
2069,"RF_BC","W/m^2","GCAM_SSP3","GCAM","new",0.134478
2070,"RF_BC","W/m^2","GCAM_SSP3","GCAM","new",0.132601
2071,"RF_BC","W/m^2","GCAM_SSP3","GCAM","new",0.130651
2072,"RF_BC","W/m^2","GCAM_SSP3","GCAM","new",0.128702
2073,"RF_BC","W/m^2","GCAM_SSP3","GCAM","new",0.126752
2074,"RF_BC","W/m^2","GCAM_SSP3","GCAM","new",0.124802
2075,"RF_BC","W/m^2","GCAM_SSP3","GCAM","new",0.122853
2076,"RF_BC","W/m^2","GCAM_SSP3","GCAM","new",0.12098
2077,"RF_BC","W/m^2","GCAM_SSP3","GCAM","new",0.119107
2078,"RF_BC","W/m^2","GCAM_SSP3","GCAM","new",0.117234
2079,"RF_BC","W/m^2","GCAM_SSP3","GCAM","new",0.115361
2080,"RF_BC","W/m^2","GCAM_SSP3","GCAM","new",0.113488
2081,"RF_BC","W/m^2","GCAM_SSP3","GCAM","new",0.111748
2082,"RF_BC","W/m^2","GCAM_SSP3","GCAM","new",0.110007
2083,"RF_BC","W/m^2","GCAM_SSP3","GCAM","new",0.108267
2084,"RF_BC","W/m^2","GCAM_SSP3","GCAM","new",0.106527
2085,"RF_BC","W/m^2","GCAM_SSP3","GCAM","new",0.104786
2086,"RF_BC","W/m^2","GCAM_SSP3","GCAM","new",0.103171
2087,"RF_BC","W/m^2","GCAM_SSP3","GCAM","new",0.101555
2088,"RF_BC","W/m^2","GCAM_SSP3","GCAM","new",0.0999394
2089,"RF_BC","W/m^2","GCAM_SSP3","GCAM","new",0.0983238
2090,"RF_BC","W/m^2","GCAM_SSP3","GCAM","new",0.0967081
2091,"RF_BC","W/m^2","GCAM_SSP3","GCAM","new",0.0949727
2092,"RF_BC","W/m^2","GCAM_SSP3","GCAM","new",0.0932373
2093,"RF_BC","W/m^2","GCAM_SSP3","GCAM","new",0.0915019
2094,"RF_BC","W/m^2","GCAM_SSP3","GCAM","new",0.0897665
2095,"RF_BC","W/m^2","GCAM_SSP3","GCAM","new",0.0880311
2096,"RF_BC","W/m^2","GCAM_SSP3","GCAM","new",0.0863241
2097,"RF_BC","W/m^2","GCAM_SSP3","GCAM","new",0.084617
2098,"RF_BC","W/m^2","GCAM_SSP3","GCAM","new",0.08291
2099,"RF_BC","W/m^2","GCAM_SSP3","GCAM","new",0.0812029
2100,"RF_BC","W/m^2","GCAM_SSP3","GCAM","new",0.0794958
1976,"RF_SO2","W/m^2","Reference","GCAM","new",-0.517654
1977,"RF_SO2","W/m^2","Reference","GCAM","new",-0.521491
1978,"RF_SO2","W/m^2","Reference","GCAM","new",-0.524347
1979,"RF_SO2","W/m^2","Reference","GCAM","new",-0.534959
1980,"RF_SO2","W/m^2","Reference","GCAM","new",-0.53332
1981,"RF_SO2","W/m^2","Reference","GCAM","new",-0.515412
1982,"RF_SO2","W/m^2","Reference","GCAM","new",-0.504215
1983,"RF_SO2","W/m^2","Reference","GCAM","new",-0.495152
1984,"RF_SO2","W/m^2","Reference","GCAM","new",-0.500966
1985,"RF_SO2","W/m^2","Reference","GCAM","new",-0.503002
1986,"RF_SO2","W/m^2","Reference","GCAM","new",-0.50184
1987,"RF_SO2","W/m^2","Reference","GCAM","new",-0.511029
1988,"RF_SO2","W/m^2","Reference","GCAM","new",-0.515304
1989,"RF_SO2","W/m^2","Reference","GCAM","new",-0.513722
1990,"RF_SO2","W/m^2","Reference","GCAM","new",-0.513163
1991,"RF_SO2","W/m^2","Reference","GCAM","new",-0.504258
1992,"RF_SO2","W/m^2","Reference","GCAM","new",-0.484145
1993,"RF_SO2","W/m^2","Reference","GCAM","new",-0.475951
1994,"RF_SO2","W/m^2","Reference","GCAM","new",-0.466036
1995,"RF_SO2","W/m^2","Reference","GCAM","new",-0.45597
1996,"RF_SO2","W/m^2","Reference","GCAM","new",-0.444488
1997,"RF_SO2","W/m^2","Reference","GCAM","new",-0.446897
1998,"RF_SO2","W/m^2","Reference","GCAM","new",-0.439949
1999,"RF_SO2","W/m^2","Reference","GCAM","new",-0.419362
2000,"RF_SO2","W/m^2","Reference","GCAM","new",-0.416363
2001,"RF_SO2","W/m^2","Reference","GCAM","new",-0.419621
2002,"RF_SO2","W/m^2","Reference","GCAM","new",-0.417627
2003,"RF_SO2","W/m^2","Reference","GCAM","new",-0.43652
2004,"RF_SO2","W/m^2","Reference","GCAM","new",-0.454878
2005,"RF_SO2","W/m^2","Reference","GCAM","new",-0.477109
2006,"RF_SO2","W/m^2","Reference","GCAM","new",-0.479354
2007,"RF_SO2","W/m^2","Reference","GCAM","new",-0.475588
2008,"RF_SO2","W/m^2","Reference","GCAM","new",-0.459292
2009,"RF_SO2","W/m^2","Reference","GCAM","new",-0.420832
2010,"RF_SO2","W/m^2","Reference","GCAM","new",-0.408751
2011,"RF_SO2","W/m^2","Reference","GCAM","new",-0.421684
2012,"RF_SO2","W/m^2","Reference","GCAM","new",-0.40914
2013,"RF_SO2","W/m^2","Reference","GCAM","new",-0.389649
2014,"RF_SO2","W/m^2","Reference","GCAM","new",-0.372409
2015,"RF_SO2","W/m^2","Reference","GCAM","new",-0.350169
2016,"RF_SO2","W/m^2","Reference","GCAM","new",-0.334759
2017,"RF_SO2","W/m^2","Reference","GCAM","new",-0.321194
2018,"RF_SO2","W/m^2","Reference","GCAM","new",-0.311759
2019,"RF_SO2","W/m^2","Reference","GCAM","new",-0.305751
2020,"RF_SO2","W/m^2","Reference","GCAM","new",-0.256224
2021,"RF_SO2","W/m^2","Reference","GCAM","new",-0.267718
2022,"RF_SO2","W/m^2","Reference","GCAM","new",-0.265508
2023,"RF_SO2","W/m^2","Reference","GCAM","new",-0.268503
2024,"RF_SO2","W/m^2","Reference","GCAM","new",-0.253776
2025,"RF_SO2","W/m^2","Reference","GCAM","new",-0.239049
2026,"RF_SO2","W/m^2","Reference","GCAM","new",-0.235023
2027,"RF_SO2","W/m^2","Reference","GCAM","new",-0.230996
2028,"RF_SO2","W/m^2","Reference","GCAM","new",-0.22697
2029,"RF_SO2","W/m^2","Reference","GCAM","new",-0.222944
2030,"RF_SO2","W/m^2","Reference","GCAM","new",-0.218918
2031,"RF_SO2","W/m^2","Reference","GCAM","new",-0.215339
2032,"RF_SO2","W/m^2","Reference","GCAM","new",-0.21176
2033,"RF_SO2","W/m^2","Reference","GCAM","new",-0.20818
2034,"RF_SO2","W/m^2","Reference","GCAM","new",-0.204601
2035,"RF_SO2","W/m^2","Reference","GCAM","new",-0.201022
2036,"RF_SO2","W/m^2","Reference","GCAM","new",-0.198624
2037,"RF_SO2","W/m^2","Reference","GCAM","new",-0.196225
2038,"RF_SO2","W/m^2","Reference","GCAM","new",-0.193827
2039,"RF_SO2","W/m^2","Reference","GCAM","new",-0.191429
2040,"RF_SO2","W/m^2","Reference","GCAM","new",-0.189031
2041,"RF_SO2","W/m^2","Reference","GCAM","new",-0.187071
2042,"RF_SO2","W/m^2","Reference","GCAM","new",-0.185112
2043,"RF_SO2","W/m^2","Reference","GCAM","new",-0.183152
2044,"RF_SO2","W/m^2","Reference","GCAM","new",-0.181193
2045,"RF_SO2","W/m^2","Reference","GCAM","new",-0.179234
2046,"RF_SO2","W/m^2","Reference","GCAM","new",-0.177539
2047,"RF_SO2","W/m^2","Reference","GCAM","new",-0.175844
2048,"RF_SO2","W/m^2","Reference","GCAM","new",-0.174149
2049,"RF_SO2","W/m^2","Reference","GCAM","new",-0.172454
2050,"RF_SO2","W/m^2","Reference","GCAM","new",-0.17076
2051,"RF_SO2","W/m^2","Reference","GCAM","new",-0.169326
2052,"RF_SO2","W/m^2","Reference","GCAM","new",-0.167891
2053,"RF_SO2","W/m^2","Reference","GCAM","new",-0.166457
2054,"RF_SO2","W/m^2","Reference","GCAM","new",-0.165023
2055,"RF_SO2","W/m^2","Reference","GCAM","new",-0.163589
2056,"RF_SO2","W/m^2","Reference","GCAM","new",-0.162784
2057,"RF_SO2","W/m^2","Reference","GCAM","new",-0.161978
2058,"RF_SO2","W/m^2","Reference","GCAM","new",-0.161173
2059,"RF_SO2","W/m^2","Reference","GCAM","new",-0.160368
2060,"RF_SO2","W/m^2","Reference","GCAM","new",-0.159562
2061,"RF_SO2","W/m^2","Reference","GCAM","new",-0.159066
2062,"RF_SO2","W/m^2","Reference","GCAM","new",-0.158571
2063,"RF_SO2","W/m^2","Reference","GCAM","new",-0.158075
2064,"RF_SO2","W/m^2","Reference","GCAM","new",-0.157579
2065,"RF_SO2","W/m^2","Reference","GCAM","new",-0.157083
2066,"RF_SO2","W/m^2","Reference","GCAM","new",-0.156683
2067,"RF_SO2","W/m^2","Reference","GCAM","new",-0.156282
2068,"RF_SO2","W/m^2","Reference","GCAM","new",-0.155881
2069,"RF_SO2","W/m^2","Reference","GCAM","new",-0.155481
2070,"RF_SO2","W/m^2","Reference","GCAM","new",-0.15508
2071,"RF_SO2","W/m^2","Reference","GCAM","new",-0.154776
2072,"RF_SO2","W/m^2","Reference","GCAM","new",-0.154473
2073,"RF_SO2","W/m^2","Reference","GCAM","new",-0.154169
2074,"RF_SO2","W/m^2","Reference","GCAM","new",-0.153865
2075,"RF_SO2","W/m^2","Reference","GCAM","new",-0.153562
2076,"RF_SO2","W/m^2","Reference","GCAM","new",-0.153272
2077,"RF_SO2","W/m^2","Reference","GCAM","new",-0.152983
2078,"RF_SO2","W/m^2","Reference","GCAM","new",-0.152693
2079,"RF_SO2","W/m^2","Reference","GCAM","new",-0.152404
2080,"RF_SO2","W/m^2","Reference","GCAM","new",-0.152114
2081,"RF_SO2","W/m^2","Reference","GCAM","new",-0.151396
2082,"RF_SO2","W/m^2","Reference","GCAM","new",-0.150679
2083,"RF_SO2","W/m^2","Reference","GCAM","new",-0.149961
2084,"RF_SO2","W/m^2","Reference","GCAM","new",-0.149243
2085,"RF_SO2","W/m^2","Reference","GCAM","new",-0.148525
2086,"RF_SO2","W/m^2","Reference","GCAM","new",-0.147949
2087,"RF_SO2","W/m^2","Reference","GCAM","new",-0.147372
2088,"RF_SO2","W/m^2","Reference","GCAM","new",-0.146796
2089,"RF_SO2","W/m^2","Reference","GCAM","new",-0.14622
2090,"RF_SO2","W/m^2","Reference","GCAM","new",-0.145643
2091,"RF_SO2","W/m^2","Reference","GCAM","new",-0.14506
2092,"RF_SO2","W/m^2","Reference","GCAM","new",-0.144476
2093,"RF_SO2","W/m^2","Reference","GCAM","new",-0.143893
2094,"RF_SO2","W/m^2","Reference","GCAM","new",-0.143309
2095,"RF_SO2","W/m^2","Reference","GCAM","new",-0.142726
2096,"RF_SO2","W/m^2","Reference","GCAM","new",-0.142003
2097,"RF_SO2","W/m^2","Reference","GCAM","new",-0.14128
2098,"RF_SO2","W/m^2","Reference","GCAM","new",-0.140557
2099,"RF_SO2","W/m^2","Reference","GCAM","new",-0.139834
2100,"RF_SO2","W/m^2","Reference","GCAM","new",-0.139111
1976,"RF_SO2","W/m^2","GCAM_SSP4","GCAM","new",-0.517654
1977,"RF_SO2","W/m^2","GCAM_SSP4","GCAM","new",-0.521491
1978,"RF_SO2","W/m^2","GCAM_SSP4","GCAM","new",-0.524347
1979,"RF_SO2","W/m^2","GCAM_SSP4","GCAM","new",-0.534959
1980,"RF_SO2","W/m^2","GCAM_SSP4","GCAM","new",-0.53332
1981,"RF_SO2","W/m^2","GCAM_SSP4","GCAM","new",-0.515412
1982,"RF_SO2","W/m^2","GCAM_SSP4","GCAM","new",-0.504215
1983,"RF_SO2","W/m^2","GCAM_SSP4","GCAM","new",-0.495152
1984,"RF_SO2","W/m^2","GCAM_SSP4","GCAM","new",-0.500966
1985,"RF_SO2","W/m^2","GCAM_SSP4","GCAM","new",-0.503002
1986,"RF_SO2","W/m^2","GCAM_SSP4","GCAM","new",-0.50184
1987,"RF_SO2","W/m^2","GCAM_SSP4","GCAM","new",-0.511029
1988,"RF_SO2","W/m^2","GCAM_SSP4","GCAM","new",-0.515304
1989,"RF_SO2","W/m^2","GCAM_SSP4","GCAM","new",-0.513722
1990,"RF_SO2","W/m^2","GCAM_SSP4","GCAM","new",-0.513163
1991,"RF_SO2","W/m^2","GCAM_SSP4","GCAM","new",-0.504258
1992,"RF_SO2","W/m^2","GCAM_SSP4","GCAM","new",-0.484145
1993,"RF_SO2","W/m^2","GCAM_SSP4","GCAM","new",-0.475951
1994,"RF_SO2","W/m^2","GCAM_SSP4","GCAM","new",-0.466036
1995,"RF_SO2","W/m^2","GCAM_SSP4","GCAM","new",-0.45597
1996,"RF_SO2","W/m^2","GCAM_SSP4","GCAM","new",-0.444488
1997,"RF_SO2","W/m^2","GCAM_SSP4","GCAM","new",-0.446897
1998,"RF_SO2","W/m^2","GCAM_SSP4","GCAM","new",-0.439949
1999,"RF_SO2","W/m^2","GCAM_SSP4","GCAM","new",-0.419362
2000,"RF_SO2","W/m^2","GCAM_SSP4","GCAM","new",-0.416363
2001,"RF_SO2","W/m^2","GCAM_SSP4","GCAM","new",-0.419621
2002,"RF_SO2","W/m^2","GCAM_SSP4","GCAM","new",-0.417627
2003,"RF_SO2","W/m^2","GCAM_SSP4","GCAM","new",-0.43652
2004,"RF_SO2","W/m^2","GCAM_SSP4","GCAM","new",-0.454878
2005,"RF_SO2","W/m^2","GCAM_SSP4","GCAM","new",-0.477109
2006,"RF_SO2","W/m^2","GCAM_SSP4","GCAM","new",-0.479354
2007,"RF_SO2","W/m^2","GCAM_SSP4","GCAM","new",-0.475588
2008,"RF_SO2","W/m^2","GCAM_SSP4","GCAM","new",-0.459292
2009,"RF_SO2","W/m^2","GCAM_SSP4","GCAM","new",-0.420832
2010,"RF_SO2","W/m^2","GCAM_SSP4","GCAM","new",-0.408751
2011,"RF_SO2","W/m^2","GCAM_SSP4","GCAM","new",-0.421684
2012,"RF_SO2","W/m^2","GCAM_SSP4","GCAM","new",-0.40914
2013,"RF_SO2","W/m^2","GCAM_SSP4","GCAM","new",-0.389649
2014,"RF_SO2","W/m^2","GCAM_SSP4","GCAM","new",-0.372409
2015,"RF_SO2","W/m^2","GCAM_SSP4","GCAM","new",-0.350169
2016,"RF_SO2","W/m^2","GCAM_SSP4","GCAM","new",-0.334759
2017,"RF_SO2","W/m^2","GCAM_SSP4","GCAM","new",-0.321194
2018,"RF_SO2","W/m^2","GCAM_SSP4","GCAM","new",-0.311759
2019,"RF_SO2","W/m^2","GCAM_SSP4","GCAM","new",-0.305751
2020,"RF_SO2","W/m^2","GCAM_SSP4","GCAM","new",-0.256224
2021,"RF_SO2","W/m^2","GCAM_SSP4","GCAM","new",-0.267718
2022,"RF_SO2","W/m^2","GCAM_SSP4","GCAM","new",-0.265508
2023,"RF_SO2","W/m^2","GCAM_SSP4","GCAM","new",-0.268503
2024,"RF_SO2","W/m^2","GCAM_SSP4","GCAM","new",-0.272665
2025,"RF_SO2","W/m^2","GCAM_SSP4","GCAM","new",-0.276827
2026,"RF_SO2","W/m^2","GCAM_SSP4","GCAM","new",-0.271899
2027,"RF_SO2","W/m^2","GCAM_SSP4","GCAM","new",-0.266971
2028,"RF_SO2","W/m^2","GCAM_SSP4","GCAM","new",-0.262043
2029,"RF_SO2","W/m^2","GCAM_SSP4","GCAM","new",-0.257115
2030,"RF_SO2","W/m^2","GCAM_SSP4","GCAM","new",-0.252188
2031,"RF_SO2","W/m^2","GCAM_SSP4","GCAM","new",-0.246944
2032,"RF_SO2","W/m^2","GCAM_SSP4","GCAM","new",-0.241701
2033,"RF_SO2","W/m^2","GCAM_SSP4","GCAM","new",-0.236458
2034,"RF_SO2","W/m^2","GCAM_SSP4","GCAM","new",-0.231214
2035,"RF_SO2","W/m^2","GCAM_SSP4","GCAM","new",-0.225971
2036,"RF_SO2","W/m^2","GCAM_SSP4","GCAM","new",-0.222125
2037,"RF_SO2","W/m^2","GCAM_SSP4","GCAM","new",-0.218278
2038,"RF_SO2","W/m^2","GCAM_SSP4","GCAM","new",-0.214432
2039,"RF_SO2","W/m^2","GCAM_SSP4","GCAM","new",-0.210586
2040,"RF_SO2","W/m^2","GCAM_SSP4","GCAM","new",-0.206739
2041,"RF_SO2","W/m^2","GCAM_SSP4","GCAM","new",-0.203547
2042,"RF_SO2","W/m^2","GCAM_SSP4","GCAM","new",-0.200356
2043,"RF_SO2","W/m^2","GCAM_SSP4","GCAM","new",-0.197164
2044,"RF_SO2","W/m^2","GCAM_SSP4","GCAM","new",-0.193972
2045,"RF_SO2","W/m^2","GCAM_SSP4","GCAM","new",-0.19078
2046,"RF_SO2","W/m^2","GCAM_SSP4","GCAM","new",-0.187925
2047,"RF_SO2","W/m^2","GCAM_SSP4","GCAM","new",-0.18507
2048,"RF_SO2","W/m^2","GCAM_SSP4","GCAM","new",-0.182214
2049,"RF_SO2","W/m^2","GCAM_SSP4","GCAM","new",-0.179359
2050,"RF_SO2","W/m^2","GCAM_SSP4","GCAM","new",-0.176504
2051,"RF_SO2","W/m^2","GCAM_SSP4","GCAM","new",-0.174419
2052,"RF_SO2","W/m^2","GCAM_SSP4","GCAM","new",-0.172334
2053,"RF_SO2","W/m^2","GCAM_SSP4","GCAM","new",-0.170249
2054,"RF_SO2","W/m^2","GCAM_SSP4","GCAM","new",-0.168165
2055,"RF_SO2","W/m^2","GCAM_SSP4","GCAM","new",-0.16608
2056,"RF_SO2","W/m^2","GCAM_SSP4","GCAM","new",-0.164561
2057,"RF_SO2","W/m^2","GCAM_SSP4","GCAM","new",-0.163042
2058,"RF_SO2","W/m^2","GCAM_SSP4","GCAM","new",-0.161523
2059,"RF_SO2","W/m^2","GCAM_SSP4","GCAM","new",-0.160004
2060,"RF_SO2","W/m^2","GCAM_SSP4","GCAM","new",-0.158485
2061,"RF_SO2","W/m^2","GCAM_SSP4","GCAM","new",-0.157106
2062,"RF_SO2","W/m^2","GCAM_SSP4","GCAM","new",-0.155728
2063,"RF_SO2","W/m^2","GCAM_SSP4","GCAM","new",-0.154349
2064,"RF_SO2","W/m^2","GCAM_SSP4","GCAM","new",-0.152971
2065,"RF_SO2","W/m^2","GCAM_SSP4","GCAM","new",-0.151592
2066,"RF_SO2","W/m^2","GCAM_SSP4","GCAM","new",-0.150115
2067,"RF_SO2","W/m^2","GCAM_SSP4","GCAM","new",-0.148638
2068,"RF_SO2","W/m^2","GCAM_SSP4","GCAM","new",-0.14716
2069,"RF_SO2","W/m^2","GCAM_SSP4","GCAM","new",-0.145683
2070,"RF_SO2","W/m^2","GCAM_SSP4","GCAM","new",-0.144205
2071,"RF_SO2","W/m^2","GCAM_SSP4","GCAM","new",-0.142762
2072,"RF_SO2","W/m^2","GCAM_SSP4","GCAM","new",-0.141319
2073,"RF_SO2","W/m^2","GCAM_SSP4","GCAM","new",-0.139876
2074,"RF_SO2","W/m^2","GCAM_SSP4","GCAM","new",-0.138433
2075,"RF_SO2","W/m^2","GCAM_SSP4","GCAM","new",-0.136989
2076,"RF_SO2","W/m^2","GCAM_SSP4","GCAM","new",-0.135426
2077,"RF_SO2","W/m^2","GCAM_SSP4","GCAM","new",-0.133862
2078,"RF_SO2","W/m^2","GCAM_SSP4","GCAM","new",-0.132298
2079,"RF_SO2","W/m^2","GCAM_SSP4","GCAM","new",-0.130734
2080,"RF_SO2","W/m^2","GCAM_SSP4","GCAM","new",-0.12917
2081,"RF_SO2","W/m^2","GCAM_SSP4","GCAM","new",-0.127274
2082,"RF_SO2","W/m^2","GCAM_SSP4","GCAM","new",-0.125379
2083,"RF_SO2","W/m^2","GCAM_SSP4","GCAM","new",-0.123484
2084,"RF_SO2","W/m^2","GCAM_SSP4","GCAM","new",-0.121588
2085,"RF_SO2","W/m^2","GCAM_SSP4","GCAM","new",-0.119693
2086,"RF_SO2","W/m^2","GCAM_SSP4","GCAM","new",-0.117956
2087,"RF_SO2","W/m^2","GCAM_SSP4","GCAM","new",-0.116219
2088,"RF_SO2","W/m^2","GCAM_SSP4","GCAM","new",-0.114482
2089,"RF_SO2","W/m^2","GCAM_SSP4","GCAM","new",-0.112744
2090,"RF_SO2","W/m^2","GCAM_SSP4","GCAM","new",-0.111007
2091,"RF_SO2","W/m^2","GCAM_SSP4","GCAM","new",-0.109278
2092,"RF_SO2","W/m^2","GCAM_SSP4","GCAM","new",-0.107549
2093,"RF_SO2","W/m^2","GCAM_SSP4","GCAM","new",-0.10582
2094,"RF_SO2","W/m^2","GCAM_SSP4","GCAM","new",-0.104091
2095,"RF_SO2","W/m^2","GCAM_SSP4","GCAM","new",-0.102362
2096,"RF_SO2","W/m^2","GCAM_SSP4","GCAM","new",-0.100492
2097,"RF_SO2","W/m^2","GCAM_SSP4","GCAM","new",-0.0986219
2098,"RF_SO2","W/m^2","GCAM_SSP4","GCAM","new",-0.096752
2099,"RF_SO2","W/m^2","GCAM_SSP4","GCAM","new",-0.0948821
2100,"RF_SO2","W/m^2","GCAM_SSP4","GCAM","new",-0.0930121
1976,"RF_SO2","W/m^2","GCAM_SSP5","GCAM","new",-0.517654
1977,"RF_SO2","W/m^2","GCAM_SSP5","GCAM","new",-0.521491
1978,"RF_SO2","W/m^2","GCAM_SSP5","GCAM","new",-0.524347
1979,"RF_SO2","W/m^2","GCAM_SSP5","GCAM","new",-0.534959
1980,"RF_SO2","W/m^2","GCAM_SSP5","GCAM","new",-0.53332
1981,"RF_SO2","W/m^2","GCAM_SSP5","GCAM","new",-0.515412
1982,"RF_SO2","W/m^2","GCAM_SSP5","GCAM","new",-0.504215
1983,"RF_SO2","W/m^2","GCAM_SSP5","GCAM","new",-0.495152
1984,"RF_SO2","W/m^2","GCAM_SSP5","GCAM","new",-0.500966
1985,"RF_SO2","W/m^2","GCAM_SSP5","GCAM","new",-0.503002
1986,"RF_SO2","W/m^2","GCAM_SSP5","GCAM","new",-0.50184
1987,"RF_SO2","W/m^2","GCAM_SSP5","GCAM","new",-0.511029
1988,"RF_SO2","W/m^2","GCAM_SSP5","GCAM","new",-0.515304
1989,"RF_SO2","W/m^2","GCAM_SSP5","GCAM","new",-0.513722
1990,"RF_SO2","W/m^2","GCAM_SSP5","GCAM","new",-0.513163
1991,"RF_SO2","W/m^2","GCAM_SSP5","GCAM","new",-0.504258
1992,"RF_SO2","W/m^2","GCAM_SSP5","GCAM","new",-0.484145
1993,"RF_SO2","W/m^2","GCAM_SSP5","GCAM","new",-0.475951
1994,"RF_SO2","W/m^2","GCAM_SSP5","GCAM","new",-0.466036
1995,"RF_SO2","W/m^2","GCAM_SSP5","GCAM","new",-0.45597
1996,"RF_SO2","W/m^2","GCAM_SSP5","GCAM","new",-0.444488
1997,"RF_SO2","W/m^2","GCAM_SSP5","GCAM","new",-0.446897
1998,"RF_SO2","W/m^2","GCAM_SSP5","GCAM","new",-0.439949
1999,"RF_SO2","W/m^2","GCAM_SSP5","GCAM","new",-0.419362
2000,"RF_SO2","W/m^2","GCAM_SSP5","GCAM","new",-0.416363
2001,"RF_SO2","W/m^2","GCAM_SSP5","GCAM","new",-0.419621
2002,"RF_SO2","W/m^2","GCAM_SSP5","GCAM","new",-0.417627
2003,"RF_SO2","W/m^2","GCAM_SSP5","GCAM","new",-0.43652
2004,"RF_SO2","W/m^2","GCAM_SSP5","GCAM","new",-0.454878
2005,"RF_SO2","W/m^2","GCAM_SSP5","GCAM","new",-0.477109
2006,"RF_SO2","W/m^2","GCAM_SSP5","GCAM","new",-0.479354
2007,"RF_SO2","W/m^2","GCAM_SSP5","GCAM","new",-0.475588
2008,"RF_SO2","W/m^2","GCAM_SSP5","GCAM","new",-0.459292
2009,"RF_SO2","W/m^2","GCAM_SSP5","GCAM","new",-0.420832
2010,"RF_SO2","W/m^2","GCAM_SSP5","GCAM","new",-0.408751
2011,"RF_SO2","W/m^2","GCAM_SSP5","GCAM","new",-0.421684
2012,"RF_SO2","W/m^2","GCAM_SSP5","GCAM","new",-0.40914
2013,"RF_SO2","W/m^2","GCAM_SSP5","GCAM","new",-0.389649
2014,"RF_SO2","W/m^2","GCAM_SSP5","GCAM","new",-0.372409
2015,"RF_SO2","W/m^2","GCAM_SSP5","GCAM","new",-0.350169
2016,"RF_SO2","W/m^2","GCAM_SSP5","GCAM","new",-0.334759
2017,"RF_SO2","W/m^2","GCAM_SSP5","GCAM","new",-0.321194
2018,"RF_SO2","W/m^2","GCAM_SSP5","GCAM","new",-0.311759
2019,"RF_SO2","W/m^2","GCAM_SSP5","GCAM","new",-0.305751
2020,"RF_SO2","W/m^2","GCAM_SSP5","GCAM","new",-0.256224
2021,"RF_SO2","W/m^2","GCAM_SSP5","GCAM","new",-0.267718
2022,"RF_SO2","W/m^2","GCAM_SSP5","GCAM","new",-0.265508
2023,"RF_SO2","W/m^2","GCAM_SSP5","GCAM","new",-0.268503
2024,"RF_SO2","W/m^2","GCAM_SSP5","GCAM","new",-0.254509
2025,"RF_SO2","W/m^2","GCAM_SSP5","GCAM","new",-0.240516
2026,"RF_SO2","W/m^2","GCAM_SSP5","GCAM","new",-0.2338
2027,"RF_SO2","W/m^2","GCAM_SSP5","GCAM","new",-0.227084
2028,"RF_SO2","W/m^2","GCAM_SSP5","GCAM","new",-0.220368
2029,"RF_SO2","W/m^2","GCAM_SSP5","GCAM","new",-0.213653
2030,"RF_SO2","W/m^2","GCAM_SSP5","GCAM","new",-0.206937
2031,"RF_SO2","W/m^2","GCAM_SSP5","GCAM","new",-0.202455
2032,"RF_SO2","W/m^2","GCAM_SSP5","GCAM","new",-0.197974
2033,"RF_SO2","W/m^2","GCAM_SSP5","GCAM","new",-0.193492
2034,"RF_SO2","W/m^2","GCAM_SSP5","GCAM","new",-0.189011
2035,"RF_SO2","W/m^2","GCAM_SSP5","GCAM","new",-0.184529
2036,"RF_SO2","W/m^2","GCAM_SSP5","GCAM","new",-0.180417
2037,"RF_SO2","W/m^2","GCAM_SSP5","GCAM","new",-0.176304
2038,"RF_SO2","W/m^2","GCAM_SSP5","GCAM","new",-0.172192
2039,"RF_SO2","W/m^2","GCAM_SSP5","GCAM","new",-0.168079
2040,"RF_SO2","W/m^2","GCAM_SSP5","GCAM","new",-0.163967
2041,"RF_SO2","W/m^2","GCAM_SSP5","GCAM","new",-0.159805
2042,"RF_SO2","W/m^2","GCAM_SSP5","GCAM","new",-0.155642
2043,"RF_SO2","W/m^2","GCAM_SSP5","GCAM","new",-0.15148
2044,"RF_SO2","W/m^2","GCAM_SSP5","GCAM","new",-0.147317
2045,"RF_SO2","W/m^2","GCAM_SSP5","GCAM","new",-0.143155
2046,"RF_SO2","W/m^2","GCAM_SSP5","GCAM","new",-0.138994
2047,"RF_SO2","W/m^2","GCAM_SSP5","GCAM","new",-0.134834
2048,"RF_SO2","W/m^2","GCAM_SSP5","GCAM","new",-0.130673
2049,"RF_SO2","W/m^2","GCAM_SSP5","GCAM","new",-0.126512
2050,"RF_SO2","W/m^2","GCAM_SSP5","GCAM","new",-0.122351
2051,"RF_SO2","W/m^2","GCAM_SSP5","GCAM","new",-0.121028
2052,"RF_SO2","W/m^2","GCAM_SSP5","GCAM","new",-0.119704
2053,"RF_SO2","W/m^2","GCAM_SSP5","GCAM","new",-0.11838
2054,"RF_SO2","W/m^2","GCAM_SSP5","GCAM","new",-0.117056
2055,"RF_SO2","W/m^2","GCAM_SSP5","GCAM","new",-0.115732
2056,"RF_SO2","W/m^2","GCAM_SSP5","GCAM","new",-0.114448
2057,"RF_SO2","W/m^2","GCAM_SSP5","GCAM","new",-0.113164
2058,"RF_SO2","W/m^2","GCAM_SSP5","GCAM","new",-0.11188
2059,"RF_SO2","W/m^2","GCAM_SSP5","GCAM","new",-0.110596
2060,"RF_SO2","W/m^2","GCAM_SSP5","GCAM","new",-0.109312
2061,"RF_SO2","W/m^2","GCAM_SSP5","GCAM","new",-0.108159
2062,"RF_SO2","W/m^2","GCAM_SSP5","GCAM","new",-0.107006
2063,"RF_SO2","W/m^2","GCAM_SSP5","GCAM","new",-0.105853
2064,"RF_SO2","W/m^2","GCAM_SSP5","GCAM","new",-0.1047
2065,"RF_SO2","W/m^2","GCAM_SSP5","GCAM","new",-0.103547
2066,"RF_SO2","W/m^2","GCAM_SSP5","GCAM","new",-0.102334
2067,"RF_SO2","W/m^2","GCAM_SSP5","GCAM","new",-0.101121
2068,"RF_SO2","W/m^2","GCAM_SSP5","GCAM","new",-0.0999084
2069,"RF_SO2","W/m^2","GCAM_SSP5","GCAM","new",-0.0986954
2070,"RF_SO2","W/m^2","GCAM_SSP5","GCAM","new",-0.0974824
2071,"RF_SO2","W/m^2","GCAM_SSP5","GCAM","new",-0.0963092
2072,"RF_SO2","W/m^2","GCAM_SSP5","GCAM","new",-0.0951361
2073,"RF_SO2","W/m^2","GCAM_SSP5","GCAM","new",-0.0939629
2074,"RF_SO2","W/m^2","GCAM_SSP5","GCAM","new",-0.0927898
2075,"RF_SO2","W/m^2","GCAM_SSP5","GCAM","new",-0.0916166
2076,"RF_SO2","W/m^2","GCAM_SSP5","GCAM","new",-0.0904246
2077,"RF_SO2","W/m^2","GCAM_SSP5","GCAM","new",-0.0892326
2078,"RF_SO2","W/m^2","GCAM_SSP5","GCAM","new",-0.0880405
2079,"RF_SO2","W/m^2","GCAM_SSP5","GCAM","new",-0.0868485
2080,"RF_SO2","W/m^2","GCAM_SSP5","GCAM","new",-0.0856565
2081,"RF_SO2","W/m^2","GCAM_SSP5","GCAM","new",-0.0843347
2082,"RF_SO2","W/m^2","GCAM_SSP5","GCAM","new",-0.083013
2083,"RF_SO2","W/m^2","GCAM_SSP5","GCAM","new",-0.0816912
2084,"RF_SO2","W/m^2","GCAM_SSP5","GCAM","new",-0.0803695
2085,"RF_SO2","W/m^2","GCAM_SSP5","GCAM","new",-0.0790477
2086,"RF_SO2","W/m^2","GCAM_SSP5","GCAM","new",-0.077775
2087,"RF_SO2","W/m^2","GCAM_SSP5","GCAM","new",-0.0765023
2088,"RF_SO2","W/m^2","GCAM_SSP5","GCAM","new",-0.0752295
2089,"RF_SO2","W/m^2","GCAM_SSP5","GCAM","new",-0.0739568
2090,"RF_SO2","W/m^2","GCAM_SSP5","GCAM","new",-0.0726841
2091,"RF_SO2","W/m^2","GCAM_SSP5","GCAM","new",-0.0715006
2092,"RF_SO2","W/m^2","GCAM_SSP5","GCAM","new",-0.0703172
2093,"RF_SO2","W/m^2","GCAM_SSP5","GCAM","new",-0.0691337
2094,"RF_SO2","W/m^2","GCAM_SSP5","GCAM","new",-0.0679503
2095,"RF_SO2","W/m^2","GCAM_SSP5","GCAM","new",-0.0667668
2096,"RF_SO2","W/m^2","GCAM_SSP5","GCAM","new",-0.0655459
2097,"RF_SO2","W/m^2","GCAM_SSP5","GCAM","new",-0.064325
2098,"RF_SO2","W/m^2","GCAM_SSP5","GCAM","new",-0.0631041
2099,"RF_SO2","W/m^2","GCAM_SSP5","GCAM","new",-0.0618832
2100,"RF_SO2","W/m^2","GCAM_SSP5","GCAM","new",-0.0606624
1976,"RF_SO2","W/m^2","GCAM_SSP1","GCAM","new",-0.517654
1977,"RF_SO2","W/m^2","GCAM_SSP1","GCAM","new",-0.521491
1978,"RF_SO2","W/m^2","GCAM_SSP1","GCAM","new",-0.524347
1979,"RF_SO2","W/m^2","GCAM_SSP1","GCAM","new",-0.534959
1980,"RF_SO2","W/m^2","GCAM_SSP1","GCAM","new",-0.53332
1981,"RF_SO2","W/m^2","GCAM_SSP1","GCAM","new",-0.515412
1982,"RF_SO2","W/m^2","GCAM_SSP1","GCAM","new",-0.504215
1983,"RF_SO2","W/m^2","GCAM_SSP1","GCAM","new",-0.495152
1984,"RF_SO2","W/m^2","GCAM_SSP1","GCAM","new",-0.500966
1985,"RF_SO2","W/m^2","GCAM_SSP1","GCAM","new",-0.503002
1986,"RF_SO2","W/m^2","GCAM_SSP1","GCAM","new",-0.50184
1987,"RF_SO2","W/m^2","GCAM_SSP1","GCAM","new",-0.511029
1988,"RF_SO2","W/m^2","GCAM_SSP1","GCAM","new",-0.515304
1989,"RF_SO2","W/m^2","GCAM_SSP1","GCAM","new",-0.513722
1990,"RF_SO2","W/m^2","GCAM_SSP1","GCAM","new",-0.513163
1991,"RF_SO2","W/m^2","GCAM_SSP1","GCAM","new",-0.504258
1992,"RF_SO2","W/m^2","GCAM_SSP1","GCAM","new",-0.484145
1993,"RF_SO2","W/m^2","GCAM_SSP1","GCAM","new",-0.475951
1994,"RF_SO2","W/m^2","GCAM_SSP1","GCAM","new",-0.466036
1995,"RF_SO2","W/m^2","GCAM_SSP1","GCAM","new",-0.45597
1996,"RF_SO2","W/m^2","GCAM_SSP1","GCAM","new",-0.444488
1997,"RF_SO2","W/m^2","GCAM_SSP1","GCAM","new",-0.446897
1998,"RF_SO2","W/m^2","GCAM_SSP1","GCAM","new",-0.439949
1999,"RF_SO2","W/m^2","GCAM_SSP1","GCAM","new",-0.419362
2000,"RF_SO2","W/m^2","GCAM_SSP1","GCAM","new",-0.416363
2001,"RF_SO2","W/m^2","GCAM_SSP1","GCAM","new",-0.419621
2002,"RF_SO2","W/m^2","GCAM_SSP1","GCAM","new",-0.417627
2003,"RF_SO2","W/m^2","GCAM_SSP1","GCAM","new",-0.43652
2004,"RF_SO2","W/m^2","GCAM_SSP1","GCAM","new",-0.454878
2005,"RF_SO2","W/m^2","GCAM_SSP1","GCAM","new",-0.477109
2006,"RF_SO2","W/m^2","GCAM_SSP1","GCAM","new",-0.479354
2007,"RF_SO2","W/m^2","GCAM_SSP1","GCAM","new",-0.475588
2008,"RF_SO2","W/m^2","GCAM_SSP1","GCAM","new",-0.459292
2009,"RF_SO2","W/m^2","GCAM_SSP1","GCAM","new",-0.420832
2010,"RF_SO2","W/m^2","GCAM_SSP1","GCAM","new",-0.408751
2011,"RF_SO2","W/m^2","GCAM_SSP1","GCAM","new",-0.421684
2012,"RF_SO2","W/m^2","GCAM_SSP1","GCAM","new",-0.40914
2013,"RF_SO2","W/m^2","GCAM_SSP1","GCAM","new",-0.389649
2014,"RF_SO2","W/m^2","GCAM_SSP1","GCAM","new",-0.372409
2015,"RF_SO2","W/m^2","GCAM_SSP1","GCAM","new",-0.350169
2016,"RF_SO2","W/m^2","GCAM_SSP1","GCAM","new",-0.334759
2017,"RF_SO2","W/m^2","GCAM_SSP1","GCAM","new",-0.321194
2018,"RF_SO2","W/m^2","GCAM_SSP1","GCAM","new",-0.311759
2019,"RF_SO2","W/m^2","GCAM_SSP1","GCAM","new",-0.305751
2020,"RF_SO2","W/m^2","GCAM_SSP1","GCAM","new",-0.256224
2021,"RF_SO2","W/m^2","GCAM_SSP1","GCAM","new",-0.267718
2022,"RF_SO2","W/m^2","GCAM_SSP1","GCAM","new",-0.265508
2023,"RF_SO2","W/m^2","GCAM_SSP1","GCAM","new",-0.268503
2024,"RF_SO2","W/m^2","GCAM_SSP1","GCAM","new",-0.250779
2025,"RF_SO2","W/m^2","GCAM_SSP1","GCAM","new",-0.233056
2026,"RF_SO2","W/m^2","GCAM_SSP1","GCAM","new",-0.225432
2027,"RF_SO2","W/m^2","GCAM_SSP1","GCAM","new",-0.217808
2028,"RF_SO2","W/m^2","GCAM_SSP1","GCAM","new",-0.210183
2029,"RF_SO2","W/m^2","GCAM_SSP1","GCAM","new",-0.202559
2030,"RF_SO2","W/m^2","GCAM_SSP1","GCAM","new",-0.194935
2031,"RF_SO2","W/m^2","GCAM_SSP1","GCAM","new",-0.189358
2032,"RF_SO2","W/m^2","GCAM_SSP1","GCAM","new",-0.183781
2033,"RF_SO2","W/m^2","GCAM_SSP1","GCAM","new",-0.178204
2034,"RF_SO2","W/m^2","GCAM_SSP1","GCAM","new",-0.172627
2035,"RF_SO2","W/m^2","GCAM_SSP1","GCAM","new",-0.16705
2036,"RF_SO2","W/m^2","GCAM_SSP1","GCAM","new",-0.162237
2037,"RF_SO2","W/m^2","GCAM_SSP1","GCAM","new",-0.157424
2038,"RF_SO2","W/m^2","GCAM_SSP1","GCAM","new",-0.152611
2039,"RF_SO2","W/m^2","GCAM_SSP1","GCAM","new",-0.147799
2040,"RF_SO2","W/m^2","GCAM_SSP1","GCAM","new",-0.142986
2041,"RF_SO2","W/m^2","GCAM_SSP1","GCAM","new",-0.138527
2042,"RF_SO2","W/m^2","GCAM_SSP1","GCAM","new",-0.134068
2043,"RF_SO2","W/m^2","GCAM_SSP1","GCAM","new",-0.12961
2044,"RF_SO2","W/m^2","GCAM_SSP1","GCAM","new",-0.125151
2045,"RF_SO2","W/m^2","GCAM_SSP1","GCAM","new",-0.120692
2046,"RF_SO2","W/m^2","GCAM_SSP1","GCAM","new",-0.11674
2047,"RF_SO2","W/m^2","GCAM_SSP1","GCAM","new",-0.112787
2048,"RF_SO2","W/m^2","GCAM_SSP1","GCAM","new",-0.108835
2049,"RF_SO2","W/m^2","GCAM_SSP1","GCAM","new",-0.104883
2050,"RF_SO2","W/m^2","GCAM_SSP1","GCAM","new",-0.100931
2051,"RF_SO2","W/m^2","GCAM_SSP1","GCAM","new",-0.0992623
2052,"RF_SO2","W/m^2","GCAM_SSP1","GCAM","new",-0.0975939
2053,"RF_SO2","W/m^2","GCAM_SSP1","GCAM","new",-0.0959256
2054,"RF_SO2","W/m^2","GCAM_SSP1","GCAM","new",-0.0942573
2055,"RF_SO2","W/m^2","GCAM_SSP1","GCAM","new",-0.092589
2056,"RF_SO2","W/m^2","GCAM_SSP1","GCAM","new",-0.0911126
2057,"RF_SO2","W/m^2","GCAM_SSP1","GCAM","new",-0.0896363
2058,"RF_SO2","W/m^2","GCAM_SSP1","GCAM","new",-0.08816
2059,"RF_SO2","W/m^2","GCAM_SSP1","GCAM","new",-0.0866837
2060,"RF_SO2","W/m^2","GCAM_SSP1","GCAM","new",-0.0852074
2061,"RF_SO2","W/m^2","GCAM_SSP1","GCAM","new",-0.0838055
2062,"RF_SO2","W/m^2","GCAM_SSP1","GCAM","new",-0.0824036
2063,"RF_SO2","W/m^2","GCAM_SSP1","GCAM","new",-0.0810016
2064,"RF_SO2","W/m^2","GCAM_SSP1","GCAM","new",-0.0795997
2065,"RF_SO2","W/m^2","GCAM_SSP1","GCAM","new",-0.0781978
2066,"RF_SO2","W/m^2","GCAM_SSP1","GCAM","new",-0.0768587
2067,"RF_SO2","W/m^2","GCAM_SSP1","GCAM","new",-0.0755196
2068,"RF_SO2","W/m^2","GCAM_SSP1","GCAM","new",-0.0741805
2069,"RF_SO2","W/m^2","GCAM_SSP1","GCAM","new",-0.0728414
2070,"RF_SO2","W/m^2","GCAM_SSP1","GCAM","new",-0.0715023
2071,"RF_SO2","W/m^2","GCAM_SSP1","GCAM","new",-0.0702932
2072,"RF_SO2","W/m^2","GCAM_SSP1","GCAM","new",-0.0690841
2073,"RF_SO2","W/m^2","GCAM_SSP1","GCAM","new",-0.0678751
2074,"RF_SO2","W/m^2","GCAM_SSP1","GCAM","new",-0.066666
2075,"RF_SO2","W/m^2","GCAM_SSP1","GCAM","new",-0.0654569
2076,"RF_SO2","W/m^2","GCAM_SSP1","GCAM","new",-0.0643608
2077,"RF_SO2","W/m^2","GCAM_SSP1","GCAM","new",-0.0632648
2078,"RF_SO2","W/m^2","GCAM_SSP1","GCAM","new",-0.0621687
2079,"RF_SO2","W/m^2","GCAM_SSP1","GCAM","new",-0.0610727
2080,"RF_SO2","W/m^2","GCAM_SSP1","GCAM","new",-0.0599766
2081,"RF_SO2","W/m^2","GCAM_SSP1","GCAM","new",-0.0589199
2082,"RF_SO2","W/m^2","GCAM_SSP1","GCAM","new",-0.0578632
2083,"RF_SO2","W/m^2","GCAM_SSP1","GCAM","new",-0.0568065
2084,"RF_SO2","W/m^2","GCAM_SSP1","GCAM","new",-0.0557498
2085,"RF_SO2","W/m^2","GCAM_SSP1","GCAM","new",-0.0546931
2086,"RF_SO2","W/m^2","GCAM_SSP1","GCAM","new",-0.053696
2087,"RF_SO2","W/m^2","GCAM_SSP1","GCAM","new",-0.0526989
2088,"RF_SO2","W/m^2","GCAM_SSP1","GCAM","new",-0.0517018
2089,"RF_SO2","W/m^2","GCAM_SSP1","GCAM","new",-0.0507047
2090,"RF_SO2","W/m^2","GCAM_SSP1","GCAM","new",-0.0497076
2091,"RF_SO2","W/m^2","GCAM_SSP1","GCAM","new",-0.0487673
2092,"RF_SO2","W/m^2","GCAM_SSP1","GCAM","new",-0.0478269
2093,"RF_SO2","W/m^2","GCAM_SSP1","GCAM","new",-0.0468866
2094,"RF_SO2","W/m^2","GCAM_SSP1","GCAM","new",-0.0459462
2095,"RF_SO2","W/m^2","GCAM_SSP1","GCAM","new",-0.0450058
2096,"RF_SO2","W/m^2","GCAM_SSP1","GCAM","new",-0.0441117
2097,"RF_SO2","W/m^2","GCAM_SSP1","GCAM","new",-0.0432176
2098,"RF_SO2","W/m^2","GCAM_SSP1","GCAM","new",-0.0423235
2099,"RF_SO2","W/m^2","GCAM_SSP1","GCAM","new",-0.0414294
2100,"RF_SO2","W/m^2","GCAM_SSP1","GCAM","new",-0.0405353
1976,"RF_SO2","W/m^2","GCAM_SSP2","GCAM","new",-0.517654
1977,"RF_SO2","W/m^2","GCAM_SSP2","GCAM","new",-0.521491
1978,"RF_SO2","W/m^2","GCAM_SSP2","GCAM","new",-0.524347
1979,"RF_SO2","W/m^2","GCAM_SSP2","GCAM","new",-0.534959
1980,"RF_SO2","W/m^2","GCAM_SSP2","GCAM","new",-0.53332
1981,"RF_SO2","W/m^2","GCAM_SSP2","GCAM","new",-0.515412
1982,"RF_SO2","W/m^2","GCAM_SSP2","GCAM","new",-0.504215
1983,"RF_SO2","W/m^2","GCAM_SSP2","GCAM","new",-0.495152
1984,"RF_SO2","W/m^2","GCAM_SSP2","GCAM","new",-0.500966
1985,"RF_SO2","W/m^2","GCAM_SSP2","GCAM","new",-0.503002
1986,"RF_SO2","W/m^2","GCAM_SSP2","GCAM","new",-0.50184
1987,"RF_SO2","W/m^2","GCAM_SSP2","GCAM","new",-0.511029
1988,"RF_SO2","W/m^2","GCAM_SSP2","GCAM","new",-0.515304
1989,"RF_SO2","W/m^2","GCAM_SSP2","GCAM","new",-0.513722
1990,"RF_SO2","W/m^2","GCAM_SSP2","GCAM","new",-0.513163
1991,"RF_SO2","W/m^2","GCAM_SSP2","GCAM","new",-0.504258
1992,"RF_SO2","W/m^2","GCAM_SSP2","GCAM","new",-0.484145
1993,"RF_SO2","W/m^2","GCAM_SSP2","GCAM","new",-0.475951
1994,"RF_SO2","W/m^2","GCAM_SSP2","GCAM","new",-0.466036
1995,"RF_SO2","W/m^2","GCAM_SSP2","GCAM","new",-0.45597
1996,"RF_SO2","W/m^2","GCAM_SSP2","GCAM","new",-0.444488
1997,"RF_SO2","W/m^2","GCAM_SSP2","GCAM","new",-0.446897
1998,"RF_SO2","W/m^2","GCAM_SSP2","GCAM","new",-0.439949
1999,"RF_SO2","W/m^2","GCAM_SSP2","GCAM","new",-0.419362
2000,"RF_SO2","W/m^2","GCAM_SSP2","GCAM","new",-0.416363
2001,"RF_SO2","W/m^2","GCAM_SSP2","GCAM","new",-0.419621
2002,"RF_SO2","W/m^2","GCAM_SSP2","GCAM","new",-0.417627
2003,"RF_SO2","W/m^2","GCAM_SSP2","GCAM","new",-0.43652
2004,"RF_SO2","W/m^2","GCAM_SSP2","GCAM","new",-0.454878
2005,"RF_SO2","W/m^2","GCAM_SSP2","GCAM","new",-0.477109
2006,"RF_SO2","W/m^2","GCAM_SSP2","GCAM","new",-0.479354
2007,"RF_SO2","W/m^2","GCAM_SSP2","GCAM","new",-0.475588
2008,"RF_SO2","W/m^2","GCAM_SSP2","GCAM","new",-0.459292
2009,"RF_SO2","W/m^2","GCAM_SSP2","GCAM","new",-0.420832
2010,"RF_SO2","W/m^2","GCAM_SSP2","GCAM","new",-0.408751
2011,"RF_SO2","W/m^2","GCAM_SSP2","GCAM","new",-0.421684
2012,"RF_SO2","W/m^2","GCAM_SSP2","GCAM","new",-0.40914
2013,"RF_SO2","W/m^2","GCAM_SSP2","GCAM","new",-0.389649
2014,"RF_SO2","W/m^2","GCAM_SSP2","GCAM","new",-0.372409
2015,"RF_SO2","W/m^2","GCAM_SSP2","GCAM","new",-0.350169
2016,"RF_SO2","W/m^2","GCAM_SSP2","GCAM","new",-0.334759
2017,"RF_SO2","W/m^2","GCAM_SSP2","GCAM","new",-0.321194
2018,"RF_SO2","W/m^2","GCAM_SSP2","GCAM","new",-0.311759
2019,"RF_SO2","W/m^2","GCAM_SSP2","GCAM","new",-0.305751
2020,"RF_SO2","W/m^2","GCAM_SSP2","GCAM","new",-0.256224
2021,"RF_SO2","W/m^2","GCAM_SSP2","GCAM","new",-0.267718
2022,"RF_SO2","W/m^2","GCAM_SSP2","GCAM","new",-0.265508
2023,"RF_SO2","W/m^2","GCAM_SSP2","GCAM","new",-0.268503
2024,"RF_SO2","W/m^2","GCAM_SSP2","GCAM","new",-0.261715
2025,"RF_SO2","W/m^2","GCAM_SSP2","GCAM","new",-0.254928
2026,"RF_SO2","W/m^2","GCAM_SSP2","GCAM","new",-0.248727
2027,"RF_SO2","W/m^2","GCAM_SSP2","GCAM","new",-0.242527
2028,"RF_SO2","W/m^2","GCAM_SSP2","GCAM","new",-0.236326
2029,"RF_SO2","W/m^2","GCAM_SSP2","GCAM","new",-0.230126
2030,"RF_SO2","W/m^2","GCAM_SSP2","GCAM","new",-0.223925
2031,"RF_SO2","W/m^2","GCAM_SSP2","GCAM","new",-0.218497
2032,"RF_SO2","W/m^2","GCAM_SSP2","GCAM","new",-0.213069
2033,"RF_SO2","W/m^2","GCAM_SSP2","GCAM","new",-0.207642
2034,"RF_SO2","W/m^2","GCAM_SSP2","GCAM","new",-0.202214
2035,"RF_SO2","W/m^2","GCAM_SSP2","GCAM","new",-0.196786
2036,"RF_SO2","W/m^2","GCAM_SSP2","GCAM","new",-0.192109
2037,"RF_SO2","W/m^2","GCAM_SSP2","GCAM","new",-0.187432
2038,"RF_SO2","W/m^2","GCAM_SSP2","GCAM","new",-0.182754
2039,"RF_SO2","W/m^2","GCAM_SSP2","GCAM","new",-0.178077
2040,"RF_SO2","W/m^2","GCAM_SSP2","GCAM","new",-0.1734
2041,"RF_SO2","W/m^2","GCAM_SSP2","GCAM","new",-0.168882
2042,"RF_SO2","W/m^2","GCAM_SSP2","GCAM","new",-0.164364
2043,"RF_SO2","W/m^2","GCAM_SSP2","GCAM","new",-0.159846
2044,"RF_SO2","W/m^2","GCAM_SSP2","GCAM","new",-0.155328
2045,"RF_SO2","W/m^2","GCAM_SSP2","GCAM","new",-0.15081
2046,"RF_SO2","W/m^2","GCAM_SSP2","GCAM","new",-0.14683
2047,"RF_SO2","W/m^2","GCAM_SSP2","GCAM","new",-0.142851
2048,"RF_SO2","W/m^2","GCAM_SSP2","GCAM","new",-0.138871
2049,"RF_SO2","W/m^2","GCAM_SSP2","GCAM","new",-0.134891
2050,"RF_SO2","W/m^2","GCAM_SSP2","GCAM","new",-0.130911
2051,"RF_SO2","W/m^2","GCAM_SSP2","GCAM","new",-0.12932
2052,"RF_SO2","W/m^2","GCAM_SSP2","GCAM","new",-0.127729
2053,"RF_SO2","W/m^2","GCAM_SSP2","GCAM","new",-0.126138
2054,"RF_SO2","W/m^2","GCAM_SSP2","GCAM","new",-0.124546
2055,"RF_SO2","W/m^2","GCAM_SSP2","GCAM","new",-0.122955
2056,"RF_SO2","W/m^2","GCAM_SSP2","GCAM","new",-0.121792
2057,"RF_SO2","W/m^2","GCAM_SSP2","GCAM","new",-0.120629
2058,"RF_SO2","W/m^2","GCAM_SSP2","GCAM","new",-0.119466
2059,"RF_SO2","W/m^2","GCAM_SSP2","GCAM","new",-0.118303
2060,"RF_SO2","W/m^2","GCAM_SSP2","GCAM","new",-0.11714
2061,"RF_SO2","W/m^2","GCAM_SSP2","GCAM","new",-0.116207
2062,"RF_SO2","W/m^2","GCAM_SSP2","GCAM","new",-0.115274
2063,"RF_SO2","W/m^2","GCAM_SSP2","GCAM","new",-0.114341
2064,"RF_SO2","W/m^2","GCAM_SSP2","GCAM","new",-0.113408
2065,"RF_SO2","W/m^2","GCAM_SSP2","GCAM","new",-0.112474
2066,"RF_SO2","W/m^2","GCAM_SSP2","GCAM","new",-0.111614
2067,"RF_SO2","W/m^2","GCAM_SSP2","GCAM","new",-0.110753
2068,"RF_SO2","W/m^2","GCAM_SSP2","GCAM","new",-0.109892
2069,"RF_SO2","W/m^2","GCAM_SSP2","GCAM","new",-0.109031
2070,"RF_SO2","W/m^2","GCAM_SSP2","GCAM","new",-0.108171
2071,"RF_SO2","W/m^2","GCAM_SSP2","GCAM","new",-0.107404
2072,"RF_SO2","W/m^2","GCAM_SSP2","GCAM","new",-0.106636
2073,"RF_SO2","W/m^2","GCAM_SSP2","GCAM","new",-0.105869
2074,"RF_SO2","W/m^2","GCAM_SSP2","GCAM","new",-0.105102
2075,"RF_SO2","W/m^2","GCAM_SSP2","GCAM","new",-0.104335
2076,"RF_SO2","W/m^2","GCAM_SSP2","GCAM","new",-0.10357
2077,"RF_SO2","W/m^2","GCAM_SSP2","GCAM","new",-0.102804
2078,"RF_SO2","W/m^2","GCAM_SSP2","GCAM","new",-0.102038
2079,"RF_SO2","W/m^2","GCAM_SSP2","GCAM","new",-0.101272
2080,"RF_SO2","W/m^2","GCAM_SSP2","GCAM","new",-0.100507
2081,"RF_SO2","W/m^2","GCAM_SSP2","GCAM","new",-0.0995535
2082,"RF_SO2","W/m^2","GCAM_SSP2","GCAM","new",-0.0986001
2083,"RF_SO2","W/m^2","GCAM_SSP2","GCAM","new",-0.0976468
2084,"RF_SO2","W/m^2","GCAM_SSP2","GCAM","new",-0.0966935
2085,"RF_SO2","W/m^2","GCAM_SSP2","GCAM","new",-0.0957401
2086,"RF_SO2","W/m^2","GCAM_SSP2","GCAM","new",-0.0948629
2087,"RF_SO2","W/m^2","GCAM_SSP2","GCAM","new",-0.0939857
2088,"RF_SO2","W/m^2","GCAM_SSP2","GCAM","new",-0.0931084
2089,"RF_SO2","W/m^2","GCAM_SSP2","GCAM","new",-0.0922312
2090,"RF_SO2","W/m^2","GCAM_SSP2","GCAM","new",-0.091354
2091,"RF_SO2","W/m^2","GCAM_SSP2","GCAM","new",-0.0904736
2092,"RF_SO2","W/m^2","GCAM_SSP2","GCAM","new",-0.0895932
2093,"RF_SO2","W/m^2","GCAM_SSP2","GCAM","new",-0.0887129
2094,"RF_SO2","W/m^2","GCAM_SSP2","GCAM","new",-0.0878325
2095,"RF_SO2","W/m^2","GCAM_SSP2","GCAM","new",-0.0869521
2096,"RF_SO2","W/m^2","GCAM_SSP2","GCAM","new",-0.085962
2097,"RF_SO2","W/m^2","GCAM_SSP2","GCAM","new",-0.0849719
2098,"RF_SO2","W/m^2","GCAM_SSP2","GCAM","new",-0.0839817
2099,"RF_SO2","W/m^2","GCAM_SSP2","GCAM","new",-0.0829916
2100,"RF_SO2","W/m^2","GCAM_SSP2","GCAM","new",-0.0820015
1976,"RF_SO2","W/m^2","GCAM_SSP3","GCAM","new",-0.517654
1977,"RF_SO2","W/m^2","GCAM_SSP3","GCAM","new",-0.521491
1978,"RF_SO2","W/m^2","GCAM_SSP3","GCAM","new",-0.524347
1979,"RF_SO2","W/m^2","GCAM_SSP3","GCAM","new",-0.534959
1980,"RF_SO2","W/m^2","GCAM_SSP3","GCAM","new",-0.53332
1981,"RF_SO2","W/m^2","GCAM_SSP3","GCAM","new",-0.515412
1982,"RF_SO2","W/m^2","GCAM_SSP3","GCAM","new",-0.504215
1983,"RF_SO2","W/m^2","GCAM_SSP3","GCAM","new",-0.495152
1984,"RF_SO2","W/m^2","GCAM_SSP3","GCAM","new",-0.500966
1985,"RF_SO2","W/m^2","GCAM_SSP3","GCAM","new",-0.503002
1986,"RF_SO2","W/m^2","GCAM_SSP3","GCAM","new",-0.50184
1987,"RF_SO2","W/m^2","GCAM_SSP3","GCAM","new",-0.511029
1988,"RF_SO2","W/m^2","GCAM_SSP3","GCAM","new",-0.515304
1989,"RF_SO2","W/m^2","GCAM_SSP3","GCAM","new",-0.513722
1990,"RF_SO2","W/m^2","GCAM_SSP3","GCAM","new",-0.513163
1991,"RF_SO2","W/m^2","GCAM_SSP3","GCAM","new",-0.504258
1992,"RF_SO2","W/m^2","GCAM_SSP3","GCAM","new",-0.484145
1993,"RF_SO2","W/m^2","GCAM_SSP3","GCAM","new",-0.475951
1994,"RF_SO2","W/m^2","GCAM_SSP3","GCAM","new",-0.466036
1995,"RF_SO2","W/m^2","GCAM_SSP3","GCAM","new",-0.45597
1996,"RF_SO2","W/m^2","GCAM_SSP3","GCAM","new",-0.444488
1997,"RF_SO2","W/m^2","GCAM_SSP3","GCAM","new",-0.446897
1998,"RF_SO2","W/m^2","GCAM_SSP3","GCAM","new",-0.439949
1999,"RF_SO2","W/m^2","GCAM_SSP3","GCAM","new",-0.419362
2000,"RF_SO2","W/m^2","GCAM_SSP3","GCAM","new",-0.416363
2001,"RF_SO2","W/m^2","GCAM_SSP3","GCAM","new",-0.419621
2002,"RF_SO2","W/m^2","GCAM_SSP3","GCAM","new",-0.417627
2003,"RF_SO2","W/m^2","GCAM_SSP3","GCAM","new",-0.43652
2004,"RF_SO2","W/m^2","GCAM_SSP3","GCAM","new",-0.454878
2005,"RF_SO2","W/m^2","GCAM_SSP3","GCAM","new",-0.477109
2006,"RF_SO2","W/m^2","GCAM_SSP3","GCAM","new",-0.479354
2007,"RF_SO2","W/m^2","GCAM_SSP3","GCAM","new",-0.475588
2008,"RF_SO2","W/m^2","GCAM_SSP3","GCAM","new",-0.459292
2009,"RF_SO2","W/m^2","GCAM_SSP3","GCAM","new",-0.420832
2010,"RF_SO2","W/m^2","GCAM_SSP3","GCAM","new",-0.408751
2011,"RF_SO2","W/m^2","GCAM_SSP3","GCAM","new",-0.421684
2012,"RF_SO2","W/m^2","GCAM_SSP3","GCAM","new",-0.40914
2013,"RF_SO2","W/m^2","GCAM_SSP3","GCAM","new",-0.389649
2014,"RF_SO2","W/m^2","GCAM_SSP3","GCAM","new",-0.372409
2015,"RF_SO2","W/m^2","GCAM_SSP3","GCAM","new",-0.350169
2016,"RF_SO2","W/m^2","GCAM_SSP3","GCAM","new",-0.334759
2017,"RF_SO2","W/m^2","GCAM_SSP3","GCAM","new",-0.321194
2018,"RF_SO2","W/m^2","GCAM_SSP3","GCAM","new",-0.311759
2019,"RF_SO2","W/m^2","GCAM_SSP3","GCAM","new",-0.305751
2020,"RF_SO2","W/m^2","GCAM_SSP3","GCAM","new",-0.256224
2021,"RF_SO2","W/m^2","GCAM_SSP3","GCAM","new",-0.267718
2022,"RF_SO2","W/m^2","GCAM_SSP3","GCAM","new",-0.265508
2023,"RF_SO2","W/m^2","GCAM_SSP3","GCAM","new",-0.268503
2024,"RF_SO2","W/m^2","GCAM_SSP3","GCAM","new",-0.273716
2025,"RF_SO2","W/m^2","GCAM_SSP3","GCAM","new",-0.278929
2026,"RF_SO2","W/m^2","GCAM_SSP3","GCAM","new",-0.275018
2027,"RF_SO2","W/m^2","GCAM_SSP3","GCAM","new",-0.271107
2028,"RF_SO2","W/m^2","GCAM_SSP3","GCAM","new",-0.267196
2029,"RF_SO2","W/m^2","GCAM_SSP3","GCAM","new",-0.263285
2030,"RF_SO2","W/m^2","GCAM_SSP3","GCAM","new",-0.259374
2031,"RF_SO2","W/m^2","GCAM_SSP3","GCAM","new",-0.255797
2032,"RF_SO2","W/m^2","GCAM_SSP3","GCAM","new",-0.252219
2033,"RF_SO2","W/m^2","GCAM_SSP3","GCAM","new",-0.248642
2034,"RF_SO2","W/m^2","GCAM_SSP3","GCAM","new",-0.245065
2035,"RF_SO2","W/m^2","GCAM_SSP3","GCAM","new",-0.241487
2036,"RF_SO2","W/m^2","GCAM_SSP3","GCAM","new",-0.238964
2037,"RF_SO2","W/m^2","GCAM_SSP3","GCAM","new",-0.236441
2038,"RF_SO2","W/m^2","GCAM_SSP3","GCAM","new",-0.233918
2039,"RF_SO2","W/m^2","GCAM_SSP3","GCAM","new",-0.231395
2040,"RF_SO2","W/m^2","GCAM_SSP3","GCAM","new",-0.228872
2041,"RF_SO2","W/m^2","GCAM_SSP3","GCAM","new",-0.226832
2042,"RF_SO2","W/m^2","GCAM_SSP3","GCAM","new",-0.224793
2043,"RF_SO2","W/m^2","GCAM_SSP3","GCAM","new",-0.222754
2044,"RF_SO2","W/m^2","GCAM_SSP3","GCAM","new",-0.220715
2045,"RF_SO2","W/m^2","GCAM_SSP3","GCAM","new",-0.218676
2046,"RF_SO2","W/m^2","GCAM_SSP3","GCAM","new",-0.217008
2047,"RF_SO2","W/m^2","GCAM_SSP3","GCAM","new",-0.21534
2048,"RF_SO2","W/m^2","GCAM_SSP3","GCAM","new",-0.213672
2049,"RF_SO2","W/m^2","GCAM_SSP3","GCAM","new",-0.212004
2050,"RF_SO2","W/m^2","GCAM_SSP3","GCAM","new",-0.210336
2051,"RF_SO2","W/m^2","GCAM_SSP3","GCAM","new",-0.208834
2052,"RF_SO2","W/m^2","GCAM_SSP3","GCAM","new",-0.207332
2053,"RF_SO2","W/m^2","GCAM_SSP3","GCAM","new",-0.20583
2054,"RF_SO2","W/m^2","GCAM_SSP3","GCAM","new",-0.204329
2055,"RF_SO2","W/m^2","GCAM_SSP3","GCAM","new",-0.202827
2056,"RF_SO2","W/m^2","GCAM_SSP3","GCAM","new",-0.2018
2057,"RF_SO2","W/m^2","GCAM_SSP3","GCAM","new",-0.200774
2058,"RF_SO2","W/m^2","GCAM_SSP3","GCAM","new",-0.199748
2059,"RF_SO2","W/m^2","GCAM_SSP3","GCAM","new",-0.198721
2060,"RF_SO2","W/m^2","GCAM_SSP3","GCAM","new",-0.197695
2061,"RF_SO2","W/m^2","GCAM_SSP3","GCAM","new",-0.196725
2062,"RF_SO2","W/m^2","GCAM_SSP3","GCAM","new",-0.195756
2063,"RF_SO2","W/m^2","GCAM_SSP3","GCAM","new",-0.194786
2064,"RF_SO2","W/m^2","GCAM_SSP3","GCAM","new",-0.193817
2065,"RF_SO2","W/m^2","GCAM_SSP3","GCAM","new",-0.192847
2066,"RF_SO2","W/m^2","GCAM_SSP3","GCAM","new",-0.19179
2067,"RF_SO2","W/m^2","GCAM_SSP3","GCAM","new",-0.190733
2068,"RF_SO2","W/m^2","GCAM_SSP3","GCAM","new",-0.189676
2069,"RF_SO2","W/m^2","GCAM_SSP3","GCAM","new",-0.188619
2070,"RF_SO2","W/m^2","GCAM_SSP3","GCAM","new",-0.187561
2071,"RF_SO2","W/m^2","GCAM_SSP3","GCAM","new",-0.186427
2072,"RF_SO2","W/m^2","GCAM_SSP3","GCAM","new",-0.185293
2073,"RF_SO2","W/m^2","GCAM_SSP3","GCAM","new",-0.184159
2074,"RF_SO2","W/m^2","GCAM_SSP3","GCAM","new",-0.183024
2075,"RF_SO2","W/m^2","GCAM_SSP3","GCAM","new",-0.18189
2076,"RF_SO2","W/m^2","GCAM_SSP3","GCAM","new",-0.180658
2077,"RF_SO2","W/m^2","GCAM_SSP3","GCAM","new",-0.179426
2078,"RF_SO2","W/m^2","GCAM_SSP3","GCAM","new",-0.178194
2079,"RF_SO2","W/m^2","GCAM_SSP3","GCAM","new",-0.176962
2080,"RF_SO2","W/m^2","GCAM_SSP3","GCAM","new",-0.17573
2081,"RF_SO2","W/m^2","GCAM_SSP3","GCAM","new",-0.173935
2082,"RF_SO2","W/m^2","GCAM_SSP3","GCAM","new",-0.17214
2083,"RF_SO2","W/m^2","GCAM_SSP3","GCAM","new",-0.170345
2084,"RF_SO2","W/m^2","GCAM_SSP3","GCAM","new",-0.16855
2085,"RF_SO2","W/m^2","GCAM_SSP3","GCAM","new",-0.166755
2086,"RF_SO2","W/m^2","GCAM_SSP3","GCAM","new",-0.165065
2087,"RF_SO2","W/m^2","GCAM_SSP3","GCAM","new",-0.163376
2088,"RF_SO2","W/m^2","GCAM_SSP3","GCAM","new",-0.161686
2089,"RF_SO2","W/m^2","GCAM_SSP3","GCAM","new",-0.159997
2090,"RF_SO2","W/m^2","GCAM_SSP3","GCAM","new",-0.158308
2091,"RF_SO2","W/m^2","GCAM_SSP3","GCAM","new",-0.156532
2092,"RF_SO2","W/m^2","GCAM_SSP3","GCAM","new",-0.154757
2093,"RF_SO2","W/m^2","GCAM_SSP3","GCAM","new",-0.152982
2094,"RF_SO2","W/m^2","GCAM_SSP3","GCAM","new",-0.151206
2095,"RF_SO2","W/m^2","GCAM_SSP3","GCAM","new",-0.149431
2096,"RF_SO2","W/m^2","GCAM_SSP3","GCAM","new",-0.147429
2097,"RF_SO2","W/m^2","GCAM_SSP3","GCAM","new",-0.145427
2098,"RF_SO2","W/m^2","GCAM_SSP3","GCAM","new",-0.143424
2099,"RF_SO2","W/m^2","GCAM_SSP3","GCAM","new",-0.141422
2100,"RF_SO2","W/m^2","GCAM_SSP3","GCAM","new",-0.13942
1976,"RF_NH3","W/m^2","Reference","GCAM","new",-0.0773158
1977,"RF_NH3","W/m^2","Reference","GCAM","new",-0.0788279
1978,"RF_NH3","W/m^2","Reference","GCAM","new",-0.0810033
1979,"RF_NH3","W/m^2","Reference","GCAM","new",-0.0829479
1980,"RF_NH3","W/m^2","Reference","GCAM","new",-0.0844673
1981,"RF_NH3","W/m^2","Reference","GCAM","new",-0.0852381
1982,"RF_NH3","W/m^2","Reference","GCAM","new",-0.087624
1983,"RF_NH3","W/m^2","Reference","GCAM","new",-0.0868699
1984,"RF_NH3","W/m^2","Reference","GCAM","new",-0.0890095
1985,"RF_NH3","W/m^2","Reference","GCAM","new",-0.0905264
1986,"RF_NH3","W/m^2","Reference","GCAM","new",-0.0921135
1987,"RF_NH3","W/m^2","Reference","GCAM","new",-0.094264
1988,"RF_NH3","W/m^2","Reference","GCAM","new",-0.0951739
1989,"RF_NH3","W/m^2","Reference","GCAM","new",-0.0961888
1990,"RF_NH3","W/m^2","Reference","GCAM","new",-0.0970523
1991,"RF_NH3","W/m^2","Reference","GCAM","new",-0.101076
1992,"RF_NH3","W/m^2","Reference","GCAM","new",-0.0969883
1993,"RF_NH3","W/m^2","Reference","GCAM","new",-0.098142
1994,"RF_NH3","W/m^2","Reference","GCAM","new",-0.101942
1995,"RF_NH3","W/m^2","Reference","GCAM","new",-0.100245
1996,"RF_NH3","W/m^2","Reference","GCAM","new",-0.100576
1997,"RF_NH3","W/m^2","Reference","GCAM","new",-0.106862
1998,"RF_NH3","W/m^2","Reference","GCAM","new",-0.108228
1999,"RF_NH3","W/m^2","Reference","GCAM","new",-0.104101
2000,"RF_NH3","W/m^2","Reference","GCAM","new",-0.103846
2001,"RF_NH3","W/m^2","Reference","GCAM","new",-0.103323
2002,"RF_NH3","W/m^2","Reference","GCAM","new",-0.107287
2003,"RF_NH3","W/m^2","Reference","GCAM","new",-0.108475
2004,"RF_NH3","W/m^2","Reference","GCAM","new",-0.109069
2005,"RF_NH3","W/m^2","Reference","GCAM","new",-0.110826
2006,"RF_NH3","W/m^2","Reference","GCAM","new",-0.114011
2007,"RF_NH3","W/m^2","Reference","GCAM","new",-0.115575
2008,"RF_NH3","W/m^2","Reference","GCAM","new",-0.115582
2009,"RF_NH3","W/m^2","Reference","GCAM","new",-0.115911
2010,"RF_NH3","W/m^2","Reference","GCAM","new",-0.119005
2011,"RF_NH3","W/m^2","Reference","GCAM","new",-0.119493
2012,"RF_NH3","W/m^2","Reference","GCAM","new",-0.123459
2013,"RF_NH3","W/m^2","Reference","GCAM","new",-0.122924
2014,"RF_NH3","W/m^2","Reference","GCAM","new",-0.125641
2015,"RF_NH3","W/m^2","Reference","GCAM","new",-0.127644
2016,"RF_NH3","W/m^2","Reference","GCAM","new",-0.126888
2017,"RF_NH3","W/m^2","Reference","GCAM","new",-0.127861
2018,"RF_NH3","W/m^2","Reference","GCAM","new",-0.129284
2019,"RF_NH3","W/m^2","Reference","GCAM","new",-0.132997
2020,"RF_NH3","W/m^2","Reference","GCAM","new",-0.132858
2021,"RF_NH3","W/m^2","Reference","GCAM","new",-0.137388
2022,"RF_NH3","W/m^2","Reference","GCAM","new",-0.134195
2023,"RF_NH3","W/m^2","Reference","GCAM","new",-0.13742
2024,"RF_NH3","W/m^2","Reference","GCAM","new",-0.140622
2025,"RF_NH3","W/m^2","Reference","GCAM","new",-0.143824
2026,"RF_NH3","W/m^2","Reference","GCAM","new",-0.145613
2027,"RF_NH3","W/m^2","Reference","GCAM","new",-0.147401
2028,"RF_NH3","W/m^2","Reference","GCAM","new",-0.149189
2029,"RF_NH3","W/m^2","Reference","GCAM","new",-0.150977
2030,"RF_NH3","W/m^2","Reference","GCAM","new",-0.152766
2031,"RF_NH3","W/m^2","Reference","GCAM","new",-0.154869
2032,"RF_NH3","W/m^2","Reference","GCAM","new",-0.156972
2033,"RF_NH3","W/m^2","Reference","GCAM","new",-0.159075
2034,"RF_NH3","W/m^2","Reference","GCAM","new",-0.161178
2035,"RF_NH3","W/m^2","Reference","GCAM","new",-0.163281
2036,"RF_NH3","W/m^2","Reference","GCAM","new",-0.16531
2037,"RF_NH3","W/m^2","Reference","GCAM","new",-0.167339
2038,"RF_NH3","W/m^2","Reference","GCAM","new",-0.169368
2039,"RF_NH3","W/m^2","Reference","GCAM","new",-0.171397
2040,"RF_NH3","W/m^2","Reference","GCAM","new",-0.173426
2041,"RF_NH3","W/m^2","Reference","GCAM","new",-0.175392
2042,"RF_NH3","W/m^2","Reference","GCAM","new",-0.177357
2043,"RF_NH3","W/m^2","Reference","GCAM","new",-0.179323
2044,"RF_NH3","W/m^2","Reference","GCAM","new",-0.181288
2045,"RF_NH3","W/m^2","Reference","GCAM","new",-0.183254
2046,"RF_NH3","W/m^2","Reference","GCAM","new",-0.185097
2047,"RF_NH3","W/m^2","Reference","GCAM","new",-0.18694
2048,"RF_NH3","W/m^2","Reference","GCAM","new",-0.188784
2049,"RF_NH3","W/m^2","Reference","GCAM","new",-0.190627
2050,"RF_NH3","W/m^2","Reference","GCAM","new",-0.19247
2051,"RF_NH3","W/m^2","Reference","GCAM","new",-0.194189
2052,"RF_NH3","W/m^2","Reference","GCAM","new",-0.195907
2053,"RF_NH3","W/m^2","Reference","GCAM","new",-0.197626
2054,"RF_NH3","W/m^2","Reference","GCAM","new",-0.199344
2055,"RF_NH3","W/m^2","Reference","GCAM","new",-0.201063
2056,"RF_NH3","W/m^2","Reference","GCAM","new",-0.202874
2057,"RF_NH3","W/m^2","Reference","GCAM","new",-0.204685
2058,"RF_NH3","W/m^2","Reference","GCAM","new",-0.206496
2059,"RF_NH3","W/m^2","Reference","GCAM","new",-0.208307
2060,"RF_NH3","W/m^2","Reference","GCAM","new",-0.210119
2061,"RF_NH3","W/m^2","Reference","GCAM","new",-0.211813
2062,"RF_NH3","W/m^2","Reference","GCAM","new",-0.213508
2063,"RF_NH3","W/m^2","Reference","GCAM","new",-0.215202
2064,"RF_NH3","W/m^2","Reference","GCAM","new",-0.216897
2065,"RF_NH3","W/m^2","Reference","GCAM","new",-0.218591
2066,"RF_NH3","W/m^2","Reference","GCAM","new",-0.220111
2067,"RF_NH3","W/m^2","Reference","GCAM","new",-0.22163
2068,"RF_NH3","W/m^2","Reference","GCAM","new",-0.22315
2069,"RF_NH3","W/m^2","Reference","GCAM","new",-0.224669
2070,"RF_NH3","W/m^2","Reference","GCAM","new",-0.226189
2071,"RF_NH3","W/m^2","Reference","GCAM","new",-0.227509
2072,"RF_NH3","W/m^2","Reference","GCAM","new",-0.228829
2073,"RF_NH3","W/m^2","Reference","GCAM","new",-0.230149
2074,"RF_NH3","W/m^2","Reference","GCAM","new",-0.231469
2075,"RF_NH3","W/m^2","Reference","GCAM","new",-0.232789
2076,"RF_NH3","W/m^2","Reference","GCAM","new",-0.23393
2077,"RF_NH3","W/m^2","Reference","GCAM","new",-0.235072
2078,"RF_NH3","W/m^2","Reference","GCAM","new",-0.236213
2079,"RF_NH3","W/m^2","Reference","GCAM","new",-0.237354
2080,"RF_NH3","W/m^2","Reference","GCAM","new",-0.238495
2081,"RF_NH3","W/m^2","Reference","GCAM","new",-0.239489
2082,"RF_NH3","W/m^2","Reference","GCAM","new",-0.240482
2083,"RF_NH3","W/m^2","Reference","GCAM","new",-0.241476
2084,"RF_NH3","W/m^2","Reference","GCAM","new",-0.24247
2085,"RF_NH3","W/m^2","Reference","GCAM","new",-0.243463
2086,"RF_NH3","W/m^2","Reference","GCAM","new",-0.244351
2087,"RF_NH3","W/m^2","Reference","GCAM","new",-0.245239
2088,"RF_NH3","W/m^2","Reference","GCAM","new",-0.246127
2089,"RF_NH3","W/m^2","Reference","GCAM","new",-0.247016
2090,"RF_NH3","W/m^2","Reference","GCAM","new",-0.247904
2091,"RF_NH3","W/m^2","Reference","GCAM","new",-0.248534
2092,"RF_NH3","W/m^2","Reference","GCAM","new",-0.249164
2093,"RF_NH3","W/m^2","Reference","GCAM","new",-0.249795
2094,"RF_NH3","W/m^2","Reference","GCAM","new",-0.250425
2095,"RF_NH3","W/m^2","Reference","GCAM","new",-0.251056
2096,"RF_NH3","W/m^2","Reference","GCAM","new",-0.25151
2097,"RF_NH3","W/m^2","Reference","GCAM","new",-0.251964
2098,"RF_NH3","W/m^2","Reference","GCAM","new",-0.252418
2099,"RF_NH3","W/m^2","Reference","GCAM","new",-0.252872
2100,"RF_NH3","W/m^2","Reference","GCAM","new",-0.253326
1976,"RF_NH3","W/m^2","GCAM_SSP4","GCAM","new",-0.0773158
1977,"RF_NH3","W/m^2","GCAM_SSP4","GCAM","new",-0.0788279
1978,"RF_NH3","W/m^2","GCAM_SSP4","GCAM","new",-0.0810033
1979,"RF_NH3","W/m^2","GCAM_SSP4","GCAM","new",-0.0829479
1980,"RF_NH3","W/m^2","GCAM_SSP4","GCAM","new",-0.0844673
1981,"RF_NH3","W/m^2","GCAM_SSP4","GCAM","new",-0.0852381
1982,"RF_NH3","W/m^2","GCAM_SSP4","GCAM","new",-0.087624
1983,"RF_NH3","W/m^2","GCAM_SSP4","GCAM","new",-0.0868699
1984,"RF_NH3","W/m^2","GCAM_SSP4","GCAM","new",-0.0890095
1985,"RF_NH3","W/m^2","GCAM_SSP4","GCAM","new",-0.0905264
1986,"RF_NH3","W/m^2","GCAM_SSP4","GCAM","new",-0.0921135
1987,"RF_NH3","W/m^2","GCAM_SSP4","GCAM","new",-0.094264
1988,"RF_NH3","W/m^2","GCAM_SSP4","GCAM","new",-0.0951739
1989,"RF_NH3","W/m^2","GCAM_SSP4","GCAM","new",-0.0961888
1990,"RF_NH3","W/m^2","GCAM_SSP4","GCAM","new",-0.0970523
1991,"RF_NH3","W/m^2","GCAM_SSP4","GCAM","new",-0.101076
1992,"RF_NH3","W/m^2","GCAM_SSP4","GCAM","new",-0.0969883
1993,"RF_NH3","W/m^2","GCAM_SSP4","GCAM","new",-0.098142
1994,"RF_NH3","W/m^2","GCAM_SSP4","GCAM","new",-0.101942
1995,"RF_NH3","W/m^2","GCAM_SSP4","GCAM","new",-0.100245
1996,"RF_NH3","W/m^2","GCAM_SSP4","GCAM","new",-0.100576
1997,"RF_NH3","W/m^2","GCAM_SSP4","GCAM","new",-0.106862
1998,"RF_NH3","W/m^2","GCAM_SSP4","GCAM","new",-0.108228
1999,"RF_NH3","W/m^2","GCAM_SSP4","GCAM","new",-0.104101
2000,"RF_NH3","W/m^2","GCAM_SSP4","GCAM","new",-0.103846
2001,"RF_NH3","W/m^2","GCAM_SSP4","GCAM","new",-0.103323
2002,"RF_NH3","W/m^2","GCAM_SSP4","GCAM","new",-0.107287
2003,"RF_NH3","W/m^2","GCAM_SSP4","GCAM","new",-0.108475
2004,"RF_NH3","W/m^2","GCAM_SSP4","GCAM","new",-0.109069
2005,"RF_NH3","W/m^2","GCAM_SSP4","GCAM","new",-0.110826
2006,"RF_NH3","W/m^2","GCAM_SSP4","GCAM","new",-0.114011
2007,"RF_NH3","W/m^2","GCAM_SSP4","GCAM","new",-0.115575
2008,"RF_NH3","W/m^2","GCAM_SSP4","GCAM","new",-0.115582
2009,"RF_NH3","W/m^2","GCAM_SSP4","GCAM","new",-0.115911
2010,"RF_NH3","W/m^2","GCAM_SSP4","GCAM","new",-0.119005
2011,"RF_NH3","W/m^2","GCAM_SSP4","GCAM","new",-0.119493
2012,"RF_NH3","W/m^2","GCAM_SSP4","GCAM","new",-0.123459
2013,"RF_NH3","W/m^2","GCAM_SSP4","GCAM","new",-0.122924
2014,"RF_NH3","W/m^2","GCAM_SSP4","GCAM","new",-0.125641
2015,"RF_NH3","W/m^2","GCAM_SSP4","GCAM","new",-0.127644
2016,"RF_NH3","W/m^2","GCAM_SSP4","GCAM","new",-0.126888
2017,"RF_NH3","W/m^2","GCAM_SSP4","GCAM","new",-0.127861
2018,"RF_NH3","W/m^2","GCAM_SSP4","GCAM","new",-0.129284
2019,"RF_NH3","W/m^2","GCAM_SSP4","GCAM","new",-0.132997
2020,"RF_NH3","W/m^2","GCAM_SSP4","GCAM","new",-0.132858
2021,"RF_NH3","W/m^2","GCAM_SSP4","GCAM","new",-0.137388
2022,"RF_NH3","W/m^2","GCAM_SSP4","GCAM","new",-0.134195
2023,"RF_NH3","W/m^2","GCAM_SSP4","GCAM","new",-0.13742
2024,"RF_NH3","W/m^2","GCAM_SSP4","GCAM","new",-0.140572
2025,"RF_NH3","W/m^2","GCAM_SSP4","GCAM","new",-0.143725
2026,"RF_NH3","W/m^2","GCAM_SSP4","GCAM","new",-0.145771
2027,"RF_NH3","W/m^2","GCAM_SSP4","GCAM","new",-0.147817
2028,"RF_NH3","W/m^2","GCAM_SSP4","GCAM","new",-0.149863
2029,"RF_NH3","W/m^2","GCAM_SSP4","GCAM","new",-0.151909
2030,"RF_NH3","W/m^2","GCAM_SSP4","GCAM","new",-0.153955
2031,"RF_NH3","W/m^2","GCAM_SSP4","GCAM","new",-0.156014
2032,"RF_NH3","W/m^2","GCAM_SSP4","GCAM","new",-0.158072
2033,"RF_NH3","W/m^2","GCAM_SSP4","GCAM","new",-0.16013
2034,"RF_NH3","W/m^2","GCAM_SSP4","GCAM","new",-0.162188
2035,"RF_NH3","W/m^2","GCAM_SSP4","GCAM","new",-0.164247
2036,"RF_NH3","W/m^2","GCAM_SSP4","GCAM","new",-0.166292
2037,"RF_NH3","W/m^2","GCAM_SSP4","GCAM","new",-0.168338
2038,"RF_NH3","W/m^2","GCAM_SSP4","GCAM","new",-0.170384
2039,"RF_NH3","W/m^2","GCAM_SSP4","GCAM","new",-0.172429
2040,"RF_NH3","W/m^2","GCAM_SSP4","GCAM","new",-0.174475
2041,"RF_NH3","W/m^2","GCAM_SSP4","GCAM","new",-0.176412
2042,"RF_NH3","W/m^2","GCAM_SSP4","GCAM","new",-0.178349
2043,"RF_NH3","W/m^2","GCAM_SSP4","GCAM","new",-0.180286
2044,"RF_NH3","W/m^2","GCAM_SSP4","GCAM","new",-0.182222
2045,"RF_NH3","W/m^2","GCAM_SSP4","GCAM","new",-0.184159
2046,"RF_NH3","W/m^2","GCAM_SSP4","GCAM","new",-0.185899
2047,"RF_NH3","W/m^2","GCAM_SSP4","GCAM","new",-0.187639
2048,"RF_NH3","W/m^2","GCAM_SSP4","GCAM","new",-0.18938
2049,"RF_NH3","W/m^2","GCAM_SSP4","GCAM","new",-0.19112
2050,"RF_NH3","W/m^2","GCAM_SSP4","GCAM","new",-0.19286
2051,"RF_NH3","W/m^2","GCAM_SSP4","GCAM","new",-0.194532
2052,"RF_NH3","W/m^2","GCAM_SSP4","GCAM","new",-0.196205
2053,"RF_NH3","W/m^2","GCAM_SSP4","GCAM","new",-0.197878
2054,"RF_NH3","W/m^2","GCAM_SSP4","GCAM","new",-0.19955
2055,"RF_NH3","W/m^2","GCAM_SSP4","GCAM","new",-0.201223
2056,"RF_NH3","W/m^2","GCAM_SSP4","GCAM","new",-0.202999
2057,"RF_NH3","W/m^2","GCAM_SSP4","GCAM","new",-0.204775
2058,"RF_NH3","W/m^2","GCAM_SSP4","GCAM","new",-0.206551
2059,"RF_NH3","W/m^2","GCAM_SSP4","GCAM","new",-0.208327
2060,"RF_NH3","W/m^2","GCAM_SSP4","GCAM","new",-0.210103
2061,"RF_NH3","W/m^2","GCAM_SSP4","GCAM","new",-0.211775
2062,"RF_NH3","W/m^2","GCAM_SSP4","GCAM","new",-0.213447
2063,"RF_NH3","W/m^2","GCAM_SSP4","GCAM","new",-0.215119
2064,"RF_NH3","W/m^2","GCAM_SSP4","GCAM","new",-0.216792
2065,"RF_NH3","W/m^2","GCAM_SSP4","GCAM","new",-0.218464
2066,"RF_NH3","W/m^2","GCAM_SSP4","GCAM","new",-0.220012
2067,"RF_NH3","W/m^2","GCAM_SSP4","GCAM","new",-0.221561
2068,"RF_NH3","W/m^2","GCAM_SSP4","GCAM","new",-0.22311
2069,"RF_NH3","W/m^2","GCAM_SSP4","GCAM","new",-0.224658
2070,"RF_NH3","W/m^2","GCAM_SSP4","GCAM","new",-0.226207
2071,"RF_NH3","W/m^2","GCAM_SSP4","GCAM","new",-0.227604
2072,"RF_NH3","W/m^2","GCAM_SSP4","GCAM","new",-0.229001
2073,"RF_NH3","W/m^2","GCAM_SSP4","GCAM","new",-0.230398
2074,"RF_NH3","W/m^2","GCAM_SSP4","GCAM","new",-0.231794
2075,"RF_NH3","W/m^2","GCAM_SSP4","GCAM","new",-0.233191
2076,"RF_NH3","W/m^2","GCAM_SSP4","GCAM","new",-0.234471
2077,"RF_NH3","W/m^2","GCAM_SSP4","GCAM","new",-0.235751
2078,"RF_NH3","W/m^2","GCAM_SSP4","GCAM","new",-0.23703
2079,"RF_NH3","W/m^2","GCAM_SSP4","GCAM","new",-0.23831
2080,"RF_NH3","W/m^2","GCAM_SSP4","GCAM","new",-0.23959
2081,"RF_NH3","W/m^2","GCAM_SSP4","GCAM","new",-0.240803
2082,"RF_NH3","W/m^2","GCAM_SSP4","GCAM","new",-0.242016
2083,"RF_NH3","W/m^2","GCAM_SSP4","GCAM","new",-0.243229
2084,"RF_NH3","W/m^2","GCAM_SSP4","GCAM","new",-0.244443
2085,"RF_NH3","W/m^2","GCAM_SSP4","GCAM","new",-0.245656
2086,"RF_NH3","W/m^2","GCAM_SSP4","GCAM","new",-0.246934
2087,"RF_NH3","W/m^2","GCAM_SSP4","GCAM","new",-0.248212
2088,"RF_NH3","W/m^2","GCAM_SSP4","GCAM","new",-0.24949
2089,"RF_NH3","W/m^2","GCAM_SSP4","GCAM","new",-0.250769
2090,"RF_NH3","W/m^2","GCAM_SSP4","GCAM","new",-0.252047
2091,"RF_NH3","W/m^2","GCAM_SSP4","GCAM","new",-0.253239
2092,"RF_NH3","W/m^2","GCAM_SSP4","GCAM","new",-0.254432
2093,"RF_NH3","W/m^2","GCAM_SSP4","GCAM","new",-0.255625
2094,"RF_NH3","W/m^2","GCAM_SSP4","GCAM","new",-0.256817
2095,"RF_NH3","W/m^2","GCAM_SSP4","GCAM","new",-0.25801
2096,"RF_NH3","W/m^2","GCAM_SSP4","GCAM","new",-0.259157
2097,"RF_NH3","W/m^2","GCAM_SSP4","GCAM","new",-0.260305
2098,"RF_NH3","W/m^2","GCAM_SSP4","GCAM","new",-0.261453
2099,"RF_NH3","W/m^2","GCAM_SSP4","GCAM","new",-0.2626
2100,"RF_NH3","W/m^2","GCAM_SSP4","GCAM","new",-0.263748
1976,"RF_NH3","W/m^2","GCAM_SSP5","GCAM","new",-0.0773158
1977,"RF_NH3","W/m^2","GCAM_SSP5","GCAM","new",-0.0788279
1978,"RF_NH3","W/m^2","GCAM_SSP5","GCAM","new",-0.0810033
1979,"RF_NH3","W/m^2","GCAM_SSP5","GCAM","new",-0.0829479
1980,"RF_NH3","W/m^2","GCAM_SSP5","GCAM","new",-0.0844673
1981,"RF_NH3","W/m^2","GCAM_SSP5","GCAM","new",-0.0852381
1982,"RF_NH3","W/m^2","GCAM_SSP5","GCAM","new",-0.087624
1983,"RF_NH3","W/m^2","GCAM_SSP5","GCAM","new",-0.0868699
1984,"RF_NH3","W/m^2","GCAM_SSP5","GCAM","new",-0.0890095
1985,"RF_NH3","W/m^2","GCAM_SSP5","GCAM","new",-0.0905264
1986,"RF_NH3","W/m^2","GCAM_SSP5","GCAM","new",-0.0921135
1987,"RF_NH3","W/m^2","GCAM_SSP5","GCAM","new",-0.094264
1988,"RF_NH3","W/m^2","GCAM_SSP5","GCAM","new",-0.0951739
1989,"RF_NH3","W/m^2","GCAM_SSP5","GCAM","new",-0.0961888
1990,"RF_NH3","W/m^2","GCAM_SSP5","GCAM","new",-0.0970523
1991,"RF_NH3","W/m^2","GCAM_SSP5","GCAM","new",-0.101076
1992,"RF_NH3","W/m^2","GCAM_SSP5","GCAM","new",-0.0969883
1993,"RF_NH3","W/m^2","GCAM_SSP5","GCAM","new",-0.098142
1994,"RF_NH3","W/m^2","GCAM_SSP5","GCAM","new",-0.101942
1995,"RF_NH3","W/m^2","GCAM_SSP5","GCAM","new",-0.100245
1996,"RF_NH3","W/m^2","GCAM_SSP5","GCAM","new",-0.100576
1997,"RF_NH3","W/m^2","GCAM_SSP5","GCAM","new",-0.106862
1998,"RF_NH3","W/m^2","GCAM_SSP5","GCAM","new",-0.108228
1999,"RF_NH3","W/m^2","GCAM_SSP5","GCAM","new",-0.104101
2000,"RF_NH3","W/m^2","GCAM_SSP5","GCAM","new",-0.103846
2001,"RF_NH3","W/m^2","GCAM_SSP5","GCAM","new",-0.103323
2002,"RF_NH3","W/m^2","GCAM_SSP5","GCAM","new",-0.107287
2003,"RF_NH3","W/m^2","GCAM_SSP5","GCAM","new",-0.108475
2004,"RF_NH3","W/m^2","GCAM_SSP5","GCAM","new",-0.109069
2005,"RF_NH3","W/m^2","GCAM_SSP5","GCAM","new",-0.110826
2006,"RF_NH3","W/m^2","GCAM_SSP5","GCAM","new",-0.114011
2007,"RF_NH3","W/m^2","GCAM_SSP5","GCAM","new",-0.115575
2008,"RF_NH3","W/m^2","GCAM_SSP5","GCAM","new",-0.115582
2009,"RF_NH3","W/m^2","GCAM_SSP5","GCAM","new",-0.115911
2010,"RF_NH3","W/m^2","GCAM_SSP5","GCAM","new",-0.119005
2011,"RF_NH3","W/m^2","GCAM_SSP5","GCAM","new",-0.119493
2012,"RF_NH3","W/m^2","GCAM_SSP5","GCAM","new",-0.123459
2013,"RF_NH3","W/m^2","GCAM_SSP5","GCAM","new",-0.122924
2014,"RF_NH3","W/m^2","GCAM_SSP5","GCAM","new",-0.125641
2015,"RF_NH3","W/m^2","GCAM_SSP5","GCAM","new",-0.127644
2016,"RF_NH3","W/m^2","GCAM_SSP5","GCAM","new",-0.126888
2017,"RF_NH3","W/m^2","GCAM_SSP5","GCAM","new",-0.127861
2018,"RF_NH3","W/m^2","GCAM_SSP5","GCAM","new",-0.129284
2019,"RF_NH3","W/m^2","GCAM_SSP5","GCAM","new",-0.132997
2020,"RF_NH3","W/m^2","GCAM_SSP5","GCAM","new",-0.132858
2021,"RF_NH3","W/m^2","GCAM_SSP5","GCAM","new",-0.137388
2022,"RF_NH3","W/m^2","GCAM_SSP5","GCAM","new",-0.134195
2023,"RF_NH3","W/m^2","GCAM_SSP5","GCAM","new",-0.13742
2024,"RF_NH3","W/m^2","GCAM_SSP5","GCAM","new",-0.140592
2025,"RF_NH3","W/m^2","GCAM_SSP5","GCAM","new",-0.143763
2026,"RF_NH3","W/m^2","GCAM_SSP5","GCAM","new",-0.145564
2027,"RF_NH3","W/m^2","GCAM_SSP5","GCAM","new",-0.147365
2028,"RF_NH3","W/m^2","GCAM_SSP5","GCAM","new",-0.149166
2029,"RF_NH3","W/m^2","GCAM_SSP5","GCAM","new",-0.150967
2030,"RF_NH3","W/m^2","GCAM_SSP5","GCAM","new",-0.152769
2031,"RF_NH3","W/m^2","GCAM_SSP5","GCAM","new",-0.155012
2032,"RF_NH3","W/m^2","GCAM_SSP5","GCAM","new",-0.157256
2033,"RF_NH3","W/m^2","GCAM_SSP5","GCAM","new",-0.1595
2034,"RF_NH3","W/m^2","GCAM_SSP5","GCAM","new",-0.161744
2035,"RF_NH3","W/m^2","GCAM_SSP5","GCAM","new",-0.163988
2036,"RF_NH3","W/m^2","GCAM_SSP5","GCAM","new",-0.166423
2037,"RF_NH3","W/m^2","GCAM_SSP5","GCAM","new",-0.168857
2038,"RF_NH3","W/m^2","GCAM_SSP5","GCAM","new",-0.171292
2039,"RF_NH3","W/m^2","GCAM_SSP5","GCAM","new",-0.173727
2040,"RF_NH3","W/m^2","GCAM_SSP5","GCAM","new",-0.176162
2041,"RF_NH3","W/m^2","GCAM_SSP5","GCAM","new",-0.178668
2042,"RF_NH3","W/m^2","GCAM_SSP5","GCAM","new",-0.181175
2043,"RF_NH3","W/m^2","GCAM_SSP5","GCAM","new",-0.183682
2044,"RF_NH3","W/m^2","GCAM_SSP5","GCAM","new",-0.186188
2045,"RF_NH3","W/m^2","GCAM_SSP5","GCAM","new",-0.188695
2046,"RF_NH3","W/m^2","GCAM_SSP5","GCAM","new",-0.190894
2047,"RF_NH3","W/m^2","GCAM_SSP5","GCAM","new",-0.193093
2048,"RF_NH3","W/m^2","GCAM_SSP5","GCAM","new",-0.195293
2049,"RF_NH3","W/m^2","GCAM_SSP5","GCAM","new",-0.197492
2050,"RF_NH3","W/m^2","GCAM_SSP5","GCAM","new",-0.199691
2051,"RF_NH3","W/m^2","GCAM_SSP5","GCAM","new",-0.201457
2052,"RF_NH3","W/m^2","GCAM_SSP5","GCAM","new",-0.203224
2053,"RF_NH3","W/m^2","GCAM_SSP5","GCAM","new",-0.20499
2054,"RF_NH3","W/m^2","GCAM_SSP5","GCAM","new",-0.206756
2055,"RF_NH3","W/m^2","GCAM_SSP5","GCAM","new",-0.208522
2056,"RF_NH3","W/m^2","GCAM_SSP5","GCAM","new",-0.210202
2057,"RF_NH3","W/m^2","GCAM_SSP5","GCAM","new",-0.211882
2058,"RF_NH3","W/m^2","GCAM_SSP5","GCAM","new",-0.213563
2059,"RF_NH3","W/m^2","GCAM_SSP5","GCAM","new",-0.215243
2060,"RF_NH3","W/m^2","GCAM_SSP5","GCAM","new",-0.216923
2061,"RF_NH3","W/m^2","GCAM_SSP5","GCAM","new",-0.218339
2062,"RF_NH3","W/m^2","GCAM_SSP5","GCAM","new",-0.219754
2063,"RF_NH3","W/m^2","GCAM_SSP5","GCAM","new",-0.22117
2064,"RF_NH3","W/m^2","GCAM_SSP5","GCAM","new",-0.222586
2065,"RF_NH3","W/m^2","GCAM_SSP5","GCAM","new",-0.224001
2066,"RF_NH3","W/m^2","GCAM_SSP5","GCAM","new",-0.225088
2067,"RF_NH3","W/m^2","GCAM_SSP5","GCAM","new",-0.226175
2068,"RF_NH3","W/m^2","GCAM_SSP5","GCAM","new",-0.227262
2069,"RF_NH3","W/m^2","GCAM_SSP5","GCAM","new",-0.228349
2070,"RF_NH3","W/m^2","GCAM_SSP5","GCAM","new",-0.229435
2071,"RF_NH3","W/m^2","GCAM_SSP5","GCAM","new",-0.230142
2072,"RF_NH3","W/m^2","GCAM_SSP5","GCAM","new",-0.230848
2073,"RF_NH3","W/m^2","GCAM_SSP5","GCAM","new",-0.231554
2074,"RF_NH3","W/m^2","GCAM_SSP5","GCAM","new",-0.23226
2075,"RF_NH3","W/m^2","GCAM_SSP5","GCAM","new",-0.232967
2076,"RF_NH3","W/m^2","GCAM_SSP5","GCAM","new",-0.23328
2077,"RF_NH3","W/m^2","GCAM_SSP5","GCAM","new",-0.233593
2078,"RF_NH3","W/m^2","GCAM_SSP5","GCAM","new",-0.233906
2079,"RF_NH3","W/m^2","GCAM_SSP5","GCAM","new",-0.23422
2080,"RF_NH3","W/m^2","GCAM_SSP5","GCAM","new",-0.234533
2081,"RF_NH3","W/m^2","GCAM_SSP5","GCAM","new",-0.234516
2082,"RF_NH3","W/m^2","GCAM_SSP5","GCAM","new",-0.234499
2083,"RF_NH3","W/m^2","GCAM_SSP5","GCAM","new",-0.234482
2084,"RF_NH3","W/m^2","GCAM_SSP5","GCAM","new",-0.234465
2085,"RF_NH3","W/m^2","GCAM_SSP5","GCAM","new",-0.234447
2086,"RF_NH3","W/m^2","GCAM_SSP5","GCAM","new",-0.234186
2087,"RF_NH3","W/m^2","GCAM_SSP5","GCAM","new",-0.233924
2088,"RF_NH3","W/m^2","GCAM_SSP5","GCAM","new",-0.233663
2089,"RF_NH3","W/m^2","GCAM_SSP5","GCAM","new",-0.233401
2090,"RF_NH3","W/m^2","GCAM_SSP5","GCAM","new",-0.233139
2091,"RF_NH3","W/m^2","GCAM_SSP5","GCAM","new",-0.232731
2092,"RF_NH3","W/m^2","GCAM_SSP5","GCAM","new",-0.232323
2093,"RF_NH3","W/m^2","GCAM_SSP5","GCAM","new",-0.231915
2094,"RF_NH3","W/m^2","GCAM_SSP5","GCAM","new",-0.231507
2095,"RF_NH3","W/m^2","GCAM_SSP5","GCAM","new",-0.231099
2096,"RF_NH3","W/m^2","GCAM_SSP5","GCAM","new",-0.230378
2097,"RF_NH3","W/m^2","GCAM_SSP5","GCAM","new",-0.229656
2098,"RF_NH3","W/m^2","GCAM_SSP5","GCAM","new",-0.228934
2099,"RF_NH3","W/m^2","GCAM_SSP5","GCAM","new",-0.228212
2100,"RF_NH3","W/m^2","GCAM_SSP5","GCAM","new",-0.227491
1976,"RF_NH3","W/m^2","GCAM_SSP1","GCAM","new",-0.0773158
1977,"RF_NH3","W/m^2","GCAM_SSP1","GCAM","new",-0.0788279
1978,"RF_NH3","W/m^2","GCAM_SSP1","GCAM","new",-0.0810033
1979,"RF_NH3","W/m^2","GCAM_SSP1","GCAM","new",-0.0829479
1980,"RF_NH3","W/m^2","GCAM_SSP1","GCAM","new",-0.0844673
1981,"RF_NH3","W/m^2","GCAM_SSP1","GCAM","new",-0.0852381
1982,"RF_NH3","W/m^2","GCAM_SSP1","GCAM","new",-0.087624
1983,"RF_NH3","W/m^2","GCAM_SSP1","GCAM","new",-0.0868699
1984,"RF_NH3","W/m^2","GCAM_SSP1","GCAM","new",-0.0890095
1985,"RF_NH3","W/m^2","GCAM_SSP1","GCAM","new",-0.0905264
1986,"RF_NH3","W/m^2","GCAM_SSP1","GCAM","new",-0.0921135
1987,"RF_NH3","W/m^2","GCAM_SSP1","GCAM","new",-0.094264
1988,"RF_NH3","W/m^2","GCAM_SSP1","GCAM","new",-0.0951739
1989,"RF_NH3","W/m^2","GCAM_SSP1","GCAM","new",-0.0961888
1990,"RF_NH3","W/m^2","GCAM_SSP1","GCAM","new",-0.0970523
1991,"RF_NH3","W/m^2","GCAM_SSP1","GCAM","new",-0.101076
1992,"RF_NH3","W/m^2","GCAM_SSP1","GCAM","new",-0.0969883
1993,"RF_NH3","W/m^2","GCAM_SSP1","GCAM","new",-0.098142
1994,"RF_NH3","W/m^2","GCAM_SSP1","GCAM","new",-0.101942
1995,"RF_NH3","W/m^2","GCAM_SSP1","GCAM","new",-0.100245
1996,"RF_NH3","W/m^2","GCAM_SSP1","GCAM","new",-0.100576
1997,"RF_NH3","W/m^2","GCAM_SSP1","GCAM","new",-0.106862
1998,"RF_NH3","W/m^2","GCAM_SSP1","GCAM","new",-0.108228
1999,"RF_NH3","W/m^2","GCAM_SSP1","GCAM","new",-0.104101
2000,"RF_NH3","W/m^2","GCAM_SSP1","GCAM","new",-0.103846
2001,"RF_NH3","W/m^2","GCAM_SSP1","GCAM","new",-0.103323
2002,"RF_NH3","W/m^2","GCAM_SSP1","GCAM","new",-0.107287
2003,"RF_NH3","W/m^2","GCAM_SSP1","GCAM","new",-0.108475
2004,"RF_NH3","W/m^2","GCAM_SSP1","GCAM","new",-0.109069
2005,"RF_NH3","W/m^2","GCAM_SSP1","GCAM","new",-0.110826
2006,"RF_NH3","W/m^2","GCAM_SSP1","GCAM","new",-0.114011
2007,"RF_NH3","W/m^2","GCAM_SSP1","GCAM","new",-0.115575
2008,"RF_NH3","W/m^2","GCAM_SSP1","GCAM","new",-0.115582
2009,"RF_NH3","W/m^2","GCAM_SSP1","GCAM","new",-0.115911
2010,"RF_NH3","W/m^2","GCAM_SSP1","GCAM","new",-0.119005
2011,"RF_NH3","W/m^2","GCAM_SSP1","GCAM","new",-0.119493
2012,"RF_NH3","W/m^2","GCAM_SSP1","GCAM","new",-0.123459
2013,"RF_NH3","W/m^2","GCAM_SSP1","GCAM","new",-0.122924
2014,"RF_NH3","W/m^2","GCAM_SSP1","GCAM","new",-0.125641
2015,"RF_NH3","W/m^2","GCAM_SSP1","GCAM","new",-0.127644
2016,"RF_NH3","W/m^2","GCAM_SSP1","GCAM","new",-0.126888
2017,"RF_NH3","W/m^2","GCAM_SSP1","GCAM","new",-0.127861
2018,"RF_NH3","W/m^2","GCAM_SSP1","GCAM","new",-0.129284
2019,"RF_NH3","W/m^2","GCAM_SSP1","GCAM","new",-0.132997
2020,"RF_NH3","W/m^2","GCAM_SSP1","GCAM","new",-0.132858
2021,"RF_NH3","W/m^2","GCAM_SSP1","GCAM","new",-0.137388
2022,"RF_NH3","W/m^2","GCAM_SSP1","GCAM","new",-0.134195
2023,"RF_NH3","W/m^2","GCAM_SSP1","GCAM","new",-0.13742
2024,"RF_NH3","W/m^2","GCAM_SSP1","GCAM","new",-0.140191
2025,"RF_NH3","W/m^2","GCAM_SSP1","GCAM","new",-0.142962
2026,"RF_NH3","W/m^2","GCAM_SSP1","GCAM","new",-0.144467
2027,"RF_NH3","W/m^2","GCAM_SSP1","GCAM","new",-0.145973
2028,"RF_NH3","W/m^2","GCAM_SSP1","GCAM","new",-0.147478
2029,"RF_NH3","W/m^2","GCAM_SSP1","GCAM","new",-0.148983
2030,"RF_NH3","W/m^2","GCAM_SSP1","GCAM","new",-0.150489
2031,"RF_NH3","W/m^2","GCAM_SSP1","GCAM","new",-0.152161
2032,"RF_NH3","W/m^2","GCAM_SSP1","GCAM","new",-0.153833
2033,"RF_NH3","W/m^2","GCAM_SSP1","GCAM","new",-0.155505
2034,"RF_NH3","W/m^2","GCAM_SSP1","GCAM","new",-0.157177
2035,"RF_NH3","W/m^2","GCAM_SSP1","GCAM","new",-0.158849
2036,"RF_NH3","W/m^2","GCAM_SSP1","GCAM","new",-0.16045
2037,"RF_NH3","W/m^2","GCAM_SSP1","GCAM","new",-0.16205
2038,"RF_NH3","W/m^2","GCAM_SSP1","GCAM","new",-0.163651
2039,"RF_NH3","W/m^2","GCAM_SSP1","GCAM","new",-0.165251
2040,"RF_NH3","W/m^2","GCAM_SSP1","GCAM","new",-0.166852
2041,"RF_NH3","W/m^2","GCAM_SSP1","GCAM","new",-0.168359
2042,"RF_NH3","W/m^2","GCAM_SSP1","GCAM","new",-0.169866
2043,"RF_NH3","W/m^2","GCAM_SSP1","GCAM","new",-0.171374
2044,"RF_NH3","W/m^2","GCAM_SSP1","GCAM","new",-0.172881
2045,"RF_NH3","W/m^2","GCAM_SSP1","GCAM","new",-0.174388
2046,"RF_NH3","W/m^2","GCAM_SSP1","GCAM","new",-0.17561
2047,"RF_NH3","W/m^2","GCAM_SSP1","GCAM","new",-0.176832
2048,"RF_NH3","W/m^2","GCAM_SSP1","GCAM","new",-0.178054
2049,"RF_NH3","W/m^2","GCAM_SSP1","GCAM","new",-0.179276
2050,"RF_NH3","W/m^2","GCAM_SSP1","GCAM","new",-0.180498
2051,"RF_NH3","W/m^2","GCAM_SSP1","GCAM","new",-0.181348
2052,"RF_NH3","W/m^2","GCAM_SSP1","GCAM","new",-0.182199
2053,"RF_NH3","W/m^2","GCAM_SSP1","GCAM","new",-0.183049
2054,"RF_NH3","W/m^2","GCAM_SSP1","GCAM","new",-0.183899
2055,"RF_NH3","W/m^2","GCAM_SSP1","GCAM","new",-0.18475
2056,"RF_NH3","W/m^2","GCAM_SSP1","GCAM","new",-0.185512
2057,"RF_NH3","W/m^2","GCAM_SSP1","GCAM","new",-0.186274
2058,"RF_NH3","W/m^2","GCAM_SSP1","GCAM","new",-0.187036
2059,"RF_NH3","W/m^2","GCAM_SSP1","GCAM","new",-0.187798
2060,"RF_NH3","W/m^2","GCAM_SSP1","GCAM","new",-0.18856
2061,"RF_NH3","W/m^2","GCAM_SSP1","GCAM","new",-0.189039
2062,"RF_NH3","W/m^2","GCAM_SSP1","GCAM","new",-0.189519
2063,"RF_NH3","W/m^2","GCAM_SSP1","GCAM","new",-0.189998
2064,"RF_NH3","W/m^2","GCAM_SSP1","GCAM","new",-0.190477
2065,"RF_NH3","W/m^2","GCAM_SSP1","GCAM","new",-0.190957
2066,"RF_NH3","W/m^2","GCAM_SSP1","GCAM","new",-0.191145
2067,"RF_NH3","W/m^2","GCAM_SSP1","GCAM","new",-0.191334
2068,"RF_NH3","W/m^2","GCAM_SSP1","GCAM","new",-0.191523
2069,"RF_NH3","W/m^2","GCAM_SSP1","GCAM","new",-0.191712
2070,"RF_NH3","W/m^2","GCAM_SSP1","GCAM","new",-0.1919
2071,"RF_NH3","W/m^2","GCAM_SSP1","GCAM","new",-0.191805
2072,"RF_NH3","W/m^2","GCAM_SSP1","GCAM","new",-0.19171
2073,"RF_NH3","W/m^2","GCAM_SSP1","GCAM","new",-0.191615
2074,"RF_NH3","W/m^2","GCAM_SSP1","GCAM","new",-0.19152
2075,"RF_NH3","W/m^2","GCAM_SSP1","GCAM","new",-0.191425
2076,"RF_NH3","W/m^2","GCAM_SSP1","GCAM","new",-0.191097
2077,"RF_NH3","W/m^2","GCAM_SSP1","GCAM","new",-0.190769
2078,"RF_NH3","W/m^2","GCAM_SSP1","GCAM","new",-0.190441
2079,"RF_NH3","W/m^2","GCAM_SSP1","GCAM","new",-0.190113
2080,"RF_NH3","W/m^2","GCAM_SSP1","GCAM","new",-0.189785
2081,"RF_NH3","W/m^2","GCAM_SSP1","GCAM","new",-0.189302
2082,"RF_NH3","W/m^2","GCAM_SSP1","GCAM","new",-0.188819
2083,"RF_NH3","W/m^2","GCAM_SSP1","GCAM","new",-0.188336
2084,"RF_NH3","W/m^2","GCAM_SSP1","GCAM","new",-0.187852
2085,"RF_NH3","W/m^2","GCAM_SSP1","GCAM","new",-0.187369
2086,"RF_NH3","W/m^2","GCAM_SSP1","GCAM","new",-0.186742
2087,"RF_NH3","W/m^2","GCAM_SSP1","GCAM","new",-0.186114
2088,"RF_NH3","W/m^2","GCAM_SSP1","GCAM","new",-0.185486
2089,"RF_NH3","W/m^2","GCAM_SSP1","GCAM","new",-0.184859
2090,"RF_NH3","W/m^2","GCAM_SSP1","GCAM","new",-0.184231
2091,"RF_NH3","W/m^2","GCAM_SSP1","GCAM","new",-0.18348
2092,"RF_NH3","W/m^2","GCAM_SSP1","GCAM","new",-0.18273
2093,"RF_NH3","W/m^2","GCAM_SSP1","GCAM","new",-0.181979
2094,"RF_NH3","W/m^2","GCAM_SSP1","GCAM","new",-0.181228
2095,"RF_NH3","W/m^2","GCAM_SSP1","GCAM","new",-0.180477
2096,"RF_NH3","W/m^2","GCAM_SSP1","GCAM","new",-0.179548
2097,"RF_NH3","W/m^2","GCAM_SSP1","GCAM","new",-0.178619
2098,"RF_NH3","W/m^2","GCAM_SSP1","GCAM","new",-0.17769
2099,"RF_NH3","W/m^2","GCAM_SSP1","GCAM","new",-0.176761
2100,"RF_NH3","W/m^2","GCAM_SSP1","GCAM","new",-0.175832
1976,"RF_NH3","W/m^2","GCAM_SSP2","GCAM","new",-0.0773158
1977,"RF_NH3","W/m^2","GCAM_SSP2","GCAM","new",-0.0788279
1978,"RF_NH3","W/m^2","GCAM_SSP2","GCAM","new",-0.0810033
1979,"RF_NH3","W/m^2","GCAM_SSP2","GCAM","new",-0.0829479
1980,"RF_NH3","W/m^2","GCAM_SSP2","GCAM","new",-0.0844673
1981,"RF_NH3","W/m^2","GCAM_SSP2","GCAM","new",-0.0852381
1982,"RF_NH3","W/m^2","GCAM_SSP2","GCAM","new",-0.087624
1983,"RF_NH3","W/m^2","GCAM_SSP2","GCAM","new",-0.0868699
1984,"RF_NH3","W/m^2","GCAM_SSP2","GCAM","new",-0.0890095
1985,"RF_NH3","W/m^2","GCAM_SSP2","GCAM","new",-0.0905264
1986,"RF_NH3","W/m^2","GCAM_SSP2","GCAM","new",-0.0921135
1987,"RF_NH3","W/m^2","GCAM_SSP2","GCAM","new",-0.094264
1988,"RF_NH3","W/m^2","GCAM_SSP2","GCAM","new",-0.0951739
1989,"RF_NH3","W/m^2","GCAM_SSP2","GCAM","new",-0.0961888
1990,"RF_NH3","W/m^2","GCAM_SSP2","GCAM","new",-0.0970523
1991,"RF_NH3","W/m^2","GCAM_SSP2","GCAM","new",-0.101076
1992,"RF_NH3","W/m^2","GCAM_SSP2","GCAM","new",-0.0969883
1993,"RF_NH3","W/m^2","GCAM_SSP2","GCAM","new",-0.098142
1994,"RF_NH3","W/m^2","GCAM_SSP2","GCAM","new",-0.101942
1995,"RF_NH3","W/m^2","GCAM_SSP2","GCAM","new",-0.100245
1996,"RF_NH3","W/m^2","GCAM_SSP2","GCAM","new",-0.100576
1997,"RF_NH3","W/m^2","GCAM_SSP2","GCAM","new",-0.106862
1998,"RF_NH3","W/m^2","GCAM_SSP2","GCAM","new",-0.108228
1999,"RF_NH3","W/m^2","GCAM_SSP2","GCAM","new",-0.104101
2000,"RF_NH3","W/m^2","GCAM_SSP2","GCAM","new",-0.103846
2001,"RF_NH3","W/m^2","GCAM_SSP2","GCAM","new",-0.103323
2002,"RF_NH3","W/m^2","GCAM_SSP2","GCAM","new",-0.107287
2003,"RF_NH3","W/m^2","GCAM_SSP2","GCAM","new",-0.108475
2004,"RF_NH3","W/m^2","GCAM_SSP2","GCAM","new",-0.109069
2005,"RF_NH3","W/m^2","GCAM_SSP2","GCAM","new",-0.110826
2006,"RF_NH3","W/m^2","GCAM_SSP2","GCAM","new",-0.114011
2007,"RF_NH3","W/m^2","GCAM_SSP2","GCAM","new",-0.115575
2008,"RF_NH3","W/m^2","GCAM_SSP2","GCAM","new",-0.115582
2009,"RF_NH3","W/m^2","GCAM_SSP2","GCAM","new",-0.115911
2010,"RF_NH3","W/m^2","GCAM_SSP2","GCAM","new",-0.119005
2011,"RF_NH3","W/m^2","GCAM_SSP2","GCAM","new",-0.119493
2012,"RF_NH3","W/m^2","GCAM_SSP2","GCAM","new",-0.123459
2013,"RF_NH3","W/m^2","GCAM_SSP2","GCAM","new",-0.122924
2014,"RF_NH3","W/m^2","GCAM_SSP2","GCAM","new",-0.125641
2015,"RF_NH3","W/m^2","GCAM_SSP2","GCAM","new",-0.127644
2016,"RF_NH3","W/m^2","GCAM_SSP2","GCAM","new",-0.126888
2017,"RF_NH3","W/m^2","GCAM_SSP2","GCAM","new",-0.127861
2018,"RF_NH3","W/m^2","GCAM_SSP2","GCAM","new",-0.129284
2019,"RF_NH3","W/m^2","GCAM_SSP2","GCAM","new",-0.132997
2020,"RF_NH3","W/m^2","GCAM_SSP2","GCAM","new",-0.132858
2021,"RF_NH3","W/m^2","GCAM_SSP2","GCAM","new",-0.137388
2022,"RF_NH3","W/m^2","GCAM_SSP2","GCAM","new",-0.134195
2023,"RF_NH3","W/m^2","GCAM_SSP2","GCAM","new",-0.13742
2024,"RF_NH3","W/m^2","GCAM_SSP2","GCAM","new",-0.14045
2025,"RF_NH3","W/m^2","GCAM_SSP2","GCAM","new",-0.14348
2026,"RF_NH3","W/m^2","GCAM_SSP2","GCAM","new",-0.145278
2027,"RF_NH3","W/m^2","GCAM_SSP2","GCAM","new",-0.147075
2028,"RF_NH3","W/m^2","GCAM_SSP2","GCAM","new",-0.148873
2029,"RF_NH3","W/m^2","GCAM_SSP2","GCAM","new",-0.150671
2030,"RF_NH3","W/m^2","GCAM_SSP2","GCAM","new",-0.152469
2031,"RF_NH3","W/m^2","GCAM_SSP2","GCAM","new",-0.154538
2032,"RF_NH3","W/m^2","GCAM_SSP2","GCAM","new",-0.156607
2033,"RF_NH3","W/m^2","GCAM_SSP2","GCAM","new",-0.158676
2034,"RF_NH3","W/m^2","GCAM_SSP2","GCAM","new",-0.160744
2035,"RF_NH3","W/m^2","GCAM_SSP2","GCAM","new",-0.162813
2036,"RF_NH3","W/m^2","GCAM_SSP2","GCAM","new",-0.164829
2037,"RF_NH3","W/m^2","GCAM_SSP2","GCAM","new",-0.166844
2038,"RF_NH3","W/m^2","GCAM_SSP2","GCAM","new",-0.16886
2039,"RF_NH3","W/m^2","GCAM_SSP2","GCAM","new",-0.170875
2040,"RF_NH3","W/m^2","GCAM_SSP2","GCAM","new",-0.172891
2041,"RF_NH3","W/m^2","GCAM_SSP2","GCAM","new",-0.174843
2042,"RF_NH3","W/m^2","GCAM_SSP2","GCAM","new",-0.176795
2043,"RF_NH3","W/m^2","GCAM_SSP2","GCAM","new",-0.178747
2044,"RF_NH3","W/m^2","GCAM_SSP2","GCAM","new",-0.180698
2045,"RF_NH3","W/m^2","GCAM_SSP2","GCAM","new",-0.18265
2046,"RF_NH3","W/m^2","GCAM_SSP2","GCAM","new",-0.184484
2047,"RF_NH3","W/m^2","GCAM_SSP2","GCAM","new",-0.186319
2048,"RF_NH3","W/m^2","GCAM_SSP2","GCAM","new",-0.188153
2049,"RF_NH3","W/m^2","GCAM_SSP2","GCAM","new",-0.189987
2050,"RF_NH3","W/m^2","GCAM_SSP2","GCAM","new",-0.191821
2051,"RF_NH3","W/m^2","GCAM_SSP2","GCAM","new",-0.193533
2052,"RF_NH3","W/m^2","GCAM_SSP2","GCAM","new",-0.195245
2053,"RF_NH3","W/m^2","GCAM_SSP2","GCAM","new",-0.196958
2054,"RF_NH3","W/m^2","GCAM_SSP2","GCAM","new",-0.19867
2055,"RF_NH3","W/m^2","GCAM_SSP2","GCAM","new",-0.200382
2056,"RF_NH3","W/m^2","GCAM_SSP2","GCAM","new",-0.202192
2057,"RF_NH3","W/m^2","GCAM_SSP2","GCAM","new",-0.204001
2058,"RF_NH3","W/m^2","GCAM_SSP2","GCAM","new",-0.205811
2059,"RF_NH3","W/m^2","GCAM_SSP2","GCAM","new",-0.207621
2060,"RF_NH3","W/m^2","GCAM_SSP2","GCAM","new",-0.20943
2061,"RF_NH3","W/m^2","GCAM_SSP2","GCAM","new",-0.211123
2062,"RF_NH3","W/m^2","GCAM_SSP2","GCAM","new",-0.212816
2063,"RF_NH3","W/m^2","GCAM_SSP2","GCAM","new",-0.214509
2064,"RF_NH3","W/m^2","GCAM_SSP2","GCAM","new",-0.216202
2065,"RF_NH3","W/m^2","GCAM_SSP2","GCAM","new",-0.217895
2066,"RF_NH3","W/m^2","GCAM_SSP2","GCAM","new",-0.219411
2067,"RF_NH3","W/m^2","GCAM_SSP2","GCAM","new",-0.220928
2068,"RF_NH3","W/m^2","GCAM_SSP2","GCAM","new",-0.222444
2069,"RF_NH3","W/m^2","GCAM_SSP2","GCAM","new",-0.223961
2070,"RF_NH3","W/m^2","GCAM_SSP2","GCAM","new",-0.225477
2071,"RF_NH3","W/m^2","GCAM_SSP2","GCAM","new",-0.226788
2072,"RF_NH3","W/m^2","GCAM_SSP2","GCAM","new",-0.2281
2073,"RF_NH3","W/m^2","GCAM_SSP2","GCAM","new",-0.229411
2074,"RF_NH3","W/m^2","GCAM_SSP2","GCAM","new",-0.230723
2075,"RF_NH3","W/m^2","GCAM_SSP2","GCAM","new",-0.232034
2076,"RF_NH3","W/m^2","GCAM_SSP2","GCAM","new",-0.233164
2077,"RF_NH3","W/m^2","GCAM_SSP2","GCAM","new",-0.234295
2078,"RF_NH3","W/m^2","GCAM_SSP2","GCAM","new",-0.235425
2079,"RF_NH3","W/m^2","GCAM_SSP2","GCAM","new",-0.236556
2080,"RF_NH3","W/m^2","GCAM_SSP2","GCAM","new",-0.237686
2081,"RF_NH3","W/m^2","GCAM_SSP2","GCAM","new",-0.238693
2082,"RF_NH3","W/m^2","GCAM_SSP2","GCAM","new",-0.2397
2083,"RF_NH3","W/m^2","GCAM_SSP2","GCAM","new",-0.240708
2084,"RF_NH3","W/m^2","GCAM_SSP2","GCAM","new",-0.241715
2085,"RF_NH3","W/m^2","GCAM_SSP2","GCAM","new",-0.242722
2086,"RF_NH3","W/m^2","GCAM_SSP2","GCAM","new",-0.24368
2087,"RF_NH3","W/m^2","GCAM_SSP2","GCAM","new",-0.244637
2088,"RF_NH3","W/m^2","GCAM_SSP2","GCAM","new",-0.245594
2089,"RF_NH3","W/m^2","GCAM_SSP2","GCAM","new",-0.246552
2090,"RF_NH3","W/m^2","GCAM_SSP2","GCAM","new",-0.247509
2091,"RF_NH3","W/m^2","GCAM_SSP2","GCAM","new",-0.248221
2092,"RF_NH3","W/m^2","GCAM_SSP2","GCAM","new",-0.248934
2093,"RF_NH3","W/m^2","GCAM_SSP2","GCAM","new",-0.249646
2094,"RF_NH3","W/m^2","GCAM_SSP2","GCAM","new",-0.250358
2095,"RF_NH3","W/m^2","GCAM_SSP2","GCAM","new",-0.251071
2096,"RF_NH3","W/m^2","GCAM_SSP2","GCAM","new",-0.251603
2097,"RF_NH3","W/m^2","GCAM_SSP2","GCAM","new",-0.252135
2098,"RF_NH3","W/m^2","GCAM_SSP2","GCAM","new",-0.252667
2099,"RF_NH3","W/m^2","GCAM_SSP2","GCAM","new",-0.253199
2100,"RF_NH3","W/m^2","GCAM_SSP2","GCAM","new",-0.253731
1976,"RF_NH3","W/m^2","GCAM_SSP3","GCAM","new",-0.0773158
1977,"RF_NH3","W/m^2","GCAM_SSP3","GCAM","new",-0.0788279
1978,"RF_NH3","W/m^2","GCAM_SSP3","GCAM","new",-0.0810033
1979,"RF_NH3","W/m^2","GCAM_SSP3","GCAM","new",-0.0829479
1980,"RF_NH3","W/m^2","GCAM_SSP3","GCAM","new",-0.0844673
1981,"RF_NH3","W/m^2","GCAM_SSP3","GCAM","new",-0.0852381
1982,"RF_NH3","W/m^2","GCAM_SSP3","GCAM","new",-0.087624
1983,"RF_NH3","W/m^2","GCAM_SSP3","GCAM","new",-0.0868699
1984,"RF_NH3","W/m^2","GCAM_SSP3","GCAM","new",-0.0890095
1985,"RF_NH3","W/m^2","GCAM_SSP3","GCAM","new",-0.0905264
1986,"RF_NH3","W/m^2","GCAM_SSP3","GCAM","new",-0.0921135
1987,"RF_NH3","W/m^2","GCAM_SSP3","GCAM","new",-0.094264
1988,"RF_NH3","W/m^2","GCAM_SSP3","GCAM","new",-0.0951739
1989,"RF_NH3","W/m^2","GCAM_SSP3","GCAM","new",-0.0961888
1990,"RF_NH3","W/m^2","GCAM_SSP3","GCAM","new",-0.0970523
1991,"RF_NH3","W/m^2","GCAM_SSP3","GCAM","new",-0.101076
1992,"RF_NH3","W/m^2","GCAM_SSP3","GCAM","new",-0.0969883
1993,"RF_NH3","W/m^2","GCAM_SSP3","GCAM","new",-0.098142
1994,"RF_NH3","W/m^2","GCAM_SSP3","GCAM","new",-0.101942
1995,"RF_NH3","W/m^2","GCAM_SSP3","GCAM","new",-0.100245
1996,"RF_NH3","W/m^2","GCAM_SSP3","GCAM","new",-0.100576
1997,"RF_NH3","W/m^2","GCAM_SSP3","GCAM","new",-0.106862
1998,"RF_NH3","W/m^2","GCAM_SSP3","GCAM","new",-0.108228
1999,"RF_NH3","W/m^2","GCAM_SSP3","GCAM","new",-0.104101
2000,"RF_NH3","W/m^2","GCAM_SSP3","GCAM","new",-0.103846
2001,"RF_NH3","W/m^2","GCAM_SSP3","GCAM","new",-0.103323
2002,"RF_NH3","W/m^2","GCAM_SSP3","GCAM","new",-0.107287
2003,"RF_NH3","W/m^2","GCAM_SSP3","GCAM","new",-0.108475
2004,"RF_NH3","W/m^2","GCAM_SSP3","GCAM","new",-0.109069
2005,"RF_NH3","W/m^2","GCAM_SSP3","GCAM","new",-0.110826
2006,"RF_NH3","W/m^2","GCAM_SSP3","GCAM","new",-0.114011
2007,"RF_NH3","W/m^2","GCAM_SSP3","GCAM","new",-0.115575
2008,"RF_NH3","W/m^2","GCAM_SSP3","GCAM","new",-0.115582
2009,"RF_NH3","W/m^2","GCAM_SSP3","GCAM","new",-0.115911
2010,"RF_NH3","W/m^2","GCAM_SSP3","GCAM","new",-0.119005
2011,"RF_NH3","W/m^2","GCAM_SSP3","GCAM","new",-0.119493
2012,"RF_NH3","W/m^2","GCAM_SSP3","GCAM","new",-0.123459
2013,"RF_NH3","W/m^2","GCAM_SSP3","GCAM","new",-0.122924
2014,"RF_NH3","W/m^2","GCAM_SSP3","GCAM","new",-0.125641
2015,"RF_NH3","W/m^2","GCAM_SSP3","GCAM","new",-0.127644
2016,"RF_NH3","W/m^2","GCAM_SSP3","GCAM","new",-0.126888
2017,"RF_NH3","W/m^2","GCAM_SSP3","GCAM","new",-0.127861
2018,"RF_NH3","W/m^2","GCAM_SSP3","GCAM","new",-0.129284
2019,"RF_NH3","W/m^2","GCAM_SSP3","GCAM","new",-0.132997
2020,"RF_NH3","W/m^2","GCAM_SSP3","GCAM","new",-0.132858
2021,"RF_NH3","W/m^2","GCAM_SSP3","GCAM","new",-0.137388
2022,"RF_NH3","W/m^2","GCAM_SSP3","GCAM","new",-0.134195
2023,"RF_NH3","W/m^2","GCAM_SSP3","GCAM","new",-0.13742
2024,"RF_NH3","W/m^2","GCAM_SSP3","GCAM","new",-0.140489
2025,"RF_NH3","W/m^2","GCAM_SSP3","GCAM","new",-0.143558
2026,"RF_NH3","W/m^2","GCAM_SSP3","GCAM","new",-0.145549
2027,"RF_NH3","W/m^2","GCAM_SSP3","GCAM","new",-0.14754
2028,"RF_NH3","W/m^2","GCAM_SSP3","GCAM","new",-0.149531
2029,"RF_NH3","W/m^2","GCAM_SSP3","GCAM","new",-0.151522
2030,"RF_NH3","W/m^2","GCAM_SSP3","GCAM","new",-0.153512
2031,"RF_NH3","W/m^2","GCAM_SSP3","GCAM","new",-0.155585
2032,"RF_NH3","W/m^2","GCAM_SSP3","GCAM","new",-0.157658
2033,"RF_NH3","W/m^2","GCAM_SSP3","GCAM","new",-0.159731
2034,"RF_NH3","W/m^2","GCAM_SSP3","GCAM","new",-0.161804
2035,"RF_NH3","W/m^2","GCAM_SSP3","GCAM","new",-0.163876
2036,"RF_NH3","W/m^2","GCAM_SSP3","GCAM","new",-0.165793
2037,"RF_NH3","W/m^2","GCAM_SSP3","GCAM","new",-0.16771
2038,"RF_NH3","W/m^2","GCAM_SSP3","GCAM","new",-0.169627
2039,"RF_NH3","W/m^2","GCAM_SSP3","GCAM","new",-0.171544
2040,"RF_NH3","W/m^2","GCAM_SSP3","GCAM","new",-0.173461
2041,"RF_NH3","W/m^2","GCAM_SSP3","GCAM","new",-0.17518
2042,"RF_NH3","W/m^2","GCAM_SSP3","GCAM","new",-0.176899
2043,"RF_NH3","W/m^2","GCAM_SSP3","GCAM","new",-0.178617
2044,"RF_NH3","W/m^2","GCAM_SSP3","GCAM","new",-0.180336
2045,"RF_NH3","W/m^2","GCAM_SSP3","GCAM","new",-0.182054
2046,"RF_NH3","W/m^2","GCAM_SSP3","GCAM","new",-0.183635
2047,"RF_NH3","W/m^2","GCAM_SSP3","GCAM","new",-0.185216
2048,"RF_NH3","W/m^2","GCAM_SSP3","GCAM","new",-0.186797
2049,"RF_NH3","W/m^2","GCAM_SSP3","GCAM","new",-0.188378
2050,"RF_NH3","W/m^2","GCAM_SSP3","GCAM","new",-0.189959
2051,"RF_NH3","W/m^2","GCAM_SSP3","GCAM","new",-0.191504
2052,"RF_NH3","W/m^2","GCAM_SSP3","GCAM","new",-0.193049
2053,"RF_NH3","W/m^2","GCAM_SSP3","GCAM","new",-0.194594
2054,"RF_NH3","W/m^2","GCAM_SSP3","GCAM","new",-0.196139
2055,"RF_NH3","W/m^2","GCAM_SSP3","GCAM","new",-0.197684
2056,"RF_NH3","W/m^2","GCAM_SSP3","GCAM","new",-0.199359
2057,"RF_NH3","W/m^2","GCAM_SSP3","GCAM","new",-0.201035
2058,"RF_NH3","W/m^2","GCAM_SSP3","GCAM","new",-0.20271
2059,"RF_NH3","W/m^2","GCAM_SSP3","GCAM","new",-0.204386
2060,"RF_NH3","W/m^2","GCAM_SSP3","GCAM","new",-0.206061
2061,"RF_NH3","W/m^2","GCAM_SSP3","GCAM","new",-0.207678
2062,"RF_NH3","W/m^2","GCAM_SSP3","GCAM","new",-0.209295
2063,"RF_NH3","W/m^2","GCAM_SSP3","GCAM","new",-0.210913
2064,"RF_NH3","W/m^2","GCAM_SSP3","GCAM","new",-0.21253
2065,"RF_NH3","W/m^2","GCAM_SSP3","GCAM","new",-0.214147
2066,"RF_NH3","W/m^2","GCAM_SSP3","GCAM","new",-0.215672
2067,"RF_NH3","W/m^2","GCAM_SSP3","GCAM","new",-0.217197
2068,"RF_NH3","W/m^2","GCAM_SSP3","GCAM","new",-0.218722
2069,"RF_NH3","W/m^2","GCAM_SSP3","GCAM","new",-0.220246
2070,"RF_NH3","W/m^2","GCAM_SSP3","GCAM","new",-0.221771
2071,"RF_NH3","W/m^2","GCAM_SSP3","GCAM","new",-0.223183
2072,"RF_NH3","W/m^2","GCAM_SSP3","GCAM","new",-0.224595
2073,"RF_NH3","W/m^2","GCAM_SSP3","GCAM","new",-0.226007
2074,"RF_NH3","W/m^2","GCAM_SSP3","GCAM","new",-0.227419
2075,"RF_NH3","W/m^2","GCAM_SSP3","GCAM","new",-0.228831
2076,"RF_NH3","W/m^2","GCAM_SSP3","GCAM","new",-0.230206
2077,"RF_NH3","W/m^2","GCAM_SSP3","GCAM","new",-0.23158
2078,"RF_NH3","W/m^2","GCAM_SSP3","GCAM","new",-0.232955
2079,"RF_NH3","W/m^2","GCAM_SSP3","GCAM","new",-0.234329
2080,"RF_NH3","W/m^2","GCAM_SSP3","GCAM","new",-0.235703
2081,"RF_NH3","W/m^2","GCAM_SSP3","GCAM","new",-0.237083
2082,"RF_NH3","W/m^2","GCAM_SSP3","GCAM","new",-0.238463
2083,"RF_NH3","W/m^2","GCAM_SSP3","GCAM","new",-0.239843
2084,"RF_NH3","W/m^2","GCAM_SSP3","GCAM","new",-0.241222
2085,"RF_NH3","W/m^2","GCAM_SSP3","GCAM","new",-0.242602
2086,"RF_NH3","W/m^2","GCAM_SSP3","GCAM","new",-0.244054
2087,"RF_NH3","W/m^2","GCAM_SSP3","GCAM","new",-0.245506
2088,"RF_NH3","W/m^2","GCAM_SSP3","GCAM","new",-0.246959
2089,"RF_NH3","W/m^2","GCAM_SSP3","GCAM","new",-0.248411
2090,"RF_NH3","W/m^2","GCAM_SSP3","GCAM","new",-0.249863
2091,"RF_NH3","W/m^2","GCAM_SSP3","GCAM","new",-0.25118
2092,"RF_NH3","W/m^2","GCAM_SSP3","GCAM","new",-0.252497
2093,"RF_NH3","W/m^2","GCAM_SSP3","GCAM","new",-0.253814
2094,"RF_NH3","W/m^2","GCAM_SSP3","GCAM","new",-0.255131
2095,"RF_NH3","W/m^2","GCAM_SSP3","GCAM","new",-0.256448
2096,"RF_NH3","W/m^2","GCAM_SSP3","GCAM","new",-0.257744
2097,"RF_NH3","W/m^2","GCAM_SSP3","GCAM","new",-0.259039
2098,"RF_NH3","W/m^2","GCAM_SSP3","GCAM","new",-0.260335
2099,"RF_NH3","W/m^2","GCAM_SSP3","GCAM","new",-0.26163
2100,"RF_NH3","W/m^2","GCAM_SSP3","GCAM","new",-0.262926
1976,"RF_N2O","W/m^2","Reference","GCAM","new",0.115037
1977,"RF_N2O","W/m^2","Reference","GCAM","new",0.116955
1978,"RF_N2O","W/m^2","Reference","GCAM","new",0.118975
1979,"RF_N2O","W/m^2","Reference","GCAM","new",0.12104
1980,"RF_N2O","W/m^2","Reference","GCAM","new",0.12313
1981,"RF_N2O","W/m^2","Reference","GCAM","new",0.125176
1982,"RF_N2O","W/m^2","Reference","GCAM","new",0.127234
1983,"RF_N2O","W/m^2","Reference","GCAM","new",0.129406
1984,"RF_N2O","W/m^2","Reference","GCAM","new",0.131643
1985,"RF_N2O","W/m^2","Reference","GCAM","new",0.133814
1986,"RF_N2O","W/m^2","Reference","GCAM","new",0.135942
1987,"RF_N2O","W/m^2","Reference","GCAM","new",0.138098
1988,"RF_N2O","W/m^2","Reference","GCAM","new",0.140234
1989,"RF_N2O","W/m^2","Reference","GCAM","new",0.142343
1990,"RF_N2O","W/m^2","Reference","GCAM","new",0.144516
1991,"RF_N2O","W/m^2","Reference","GCAM","new",0.146736
1992,"RF_N2O","W/m^2","Reference","GCAM","new",0.148892
1993,"RF_N2O","W/m^2","Reference","GCAM","new",0.151159
1994,"RF_N2O","W/m^2","Reference","GCAM","new",0.153517
1995,"RF_N2O","W/m^2","Reference","GCAM","new",0.155898
1996,"RF_N2O","W/m^2","Reference","GCAM","new",0.158303
1997,"RF_N2O","W/m^2","Reference","GCAM","new",0.160699
1998,"RF_N2O","W/m^2","Reference","GCAM","new",0.163071
1999,"RF_N2O","W/m^2","Reference","GCAM","new",0.165302
2000,"RF_N2O","W/m^2","Reference","GCAM","new",0.167457
2001,"RF_N2O","W/m^2","Reference","GCAM","new",0.169726
2002,"RF_N2O","W/m^2","Reference","GCAM","new",0.172114
2003,"RF_N2O","W/m^2","Reference","GCAM","new",0.17462
2004,"RF_N2O","W/m^2","Reference","GCAM","new",0.177203
2005,"RF_N2O","W/m^2","Reference","GCAM","new",0.179814
2006,"RF_N2O","W/m^2","Reference","GCAM","new",0.182478
2007,"RF_N2O","W/m^2","Reference","GCAM","new",0.185253
2008,"RF_N2O","W/m^2","Reference","GCAM","new",0.187914
2009,"RF_N2O","W/m^2","Reference","GCAM","new",0.1905
2010,"RF_N2O","W/m^2","Reference","GCAM","new",0.193225
2011,"RF_N2O","W/m^2","Reference","GCAM","new",0.196031
2012,"RF_N2O","W/m^2","Reference","GCAM","new",0.198877
2013,"RF_N2O","W/m^2","Reference","GCAM","new",0.201833
2014,"RF_N2O","W/m^2","Reference","GCAM","new",0.204907
2015,"RF_N2O","W/m^2","Reference","GCAM","new",0.208087
2016,"RF_N2O","W/m^2","Reference","GCAM","new",0.211235
2017,"RF_N2O","W/m^2","Reference","GCAM","new",0.214441
2018,"RF_N2O","W/m^2","Reference","GCAM","new",0.217636
2019,"RF_N2O","W/m^2","Reference","GCAM","new",0.22085
2020,"RF_N2O","W/m^2","Reference","GCAM","new",0.224001
2021,"RF_N2O","W/m^2","Reference","GCAM","new",0.227292
2022,"RF_N2O","W/m^2","Reference","GCAM","new",0.23037
2023,"RF_N2O","W/m^2","Reference","GCAM","new",0.23335
2024,"RF_N2O","W/m^2","Reference","GCAM","new",0.236394
2025,"RF_N2O","W/m^2","Reference","GCAM","new",0.239502
2026,"RF_N2O","W/m^2","Reference","GCAM","new",0.242624
2027,"RF_N2O","W/m^2","Reference","GCAM","new",0.245761
2028,"RF_N2O","W/m^2","Reference","GCAM","new",0.248912
2029,"RF_N2O","W/m^2","Reference","GCAM","new",0.252076
2030,"RF_N2O","W/m^2","Reference","GCAM","new",0.255253
2031,"RF_N2O","W/m^2","Reference","GCAM","new",0.258444
2032,"RF_N2O","W/m^2","Reference","GCAM","new",0.261652
2033,"RF_N2O","W/m^2","Reference","GCAM","new",0.264874
2034,"RF_N2O","W/m^2","Reference","GCAM","new",0.268111
2035,"RF_N2O","W/m^2","Reference","GCAM","new",0.271362
2036,"RF_N2O","W/m^2","Reference","GCAM","new",0.274625
2037,"RF_N2O","W/m^2","Reference","GCAM","new",0.277899
2038,"RF_N2O","W/m^2","Reference","GCAM","new",0.281184
2039,"RF_N2O","W/m^2","Reference","GCAM","new",0.284481
2040,"RF_N2O","W/m^2","Reference","GCAM","new",0.287788
2041,"RF_N2O","W/m^2","Reference","GCAM","new",0.291108
2042,"RF_N2O","W/m^2","Reference","GCAM","new",0.294442
2043,"RF_N2O","W/m^2","Reference","GCAM","new",0.297788
2044,"RF_N2O","W/m^2","Reference","GCAM","new",0.301147
2045,"RF_N2O","W/m^2","Reference","GCAM","new",0.304517
2046,"RF_N2O","W/m^2","Reference","GCAM","new",0.307909
2047,"RF_N2O","W/m^2","Reference","GCAM","new",0.311322
2048,"RF_N2O","W/m^2","Reference","GCAM","new",0.314757
2049,"RF_N2O","W/m^2","Reference","GCAM","new",0.318212
2050,"RF_N2O","W/m^2","Reference","GCAM","new",0.321688
2051,"RF_N2O","W/m^2","Reference","GCAM","new",0.325185
2052,"RF_N2O","W/m^2","Reference","GCAM","new",0.328701
2053,"RF_N2O","W/m^2","Reference","GCAM","new",0.332239
2054,"RF_N2O","W/m^2","Reference","GCAM","new",0.335797
2055,"RF_N2O","W/m^2","Reference","GCAM","new",0.339375
2056,"RF_N2O","W/m^2","Reference","GCAM","new",0.342975
2057,"RF_N2O","W/m^2","Reference","GCAM","new",0.346598
2058,"RF_N2O","W/m^2","Reference","GCAM","new",0.350243
2059,"RF_N2O","W/m^2","Reference","GCAM","new",0.353908
2060,"RF_N2O","W/m^2","Reference","GCAM","new",0.357594
2061,"RF_N2O","W/m^2","Reference","GCAM","new",0.361297
2062,"RF_N2O","W/m^2","Reference","GCAM","new",0.365019
2063,"RF_N2O","W/m^2","Reference","GCAM","new",0.368757
2064,"RF_N2O","W/m^2","Reference","GCAM","new",0.372511
2065,"RF_N2O","W/m^2","Reference","GCAM","new",0.37628
2066,"RF_N2O","W/m^2","Reference","GCAM","new",0.38006
2067,"RF_N2O","W/m^2","Reference","GCAM","new",0.383852
2068,"RF_N2O","W/m^2","Reference","GCAM","new",0.387654
2069,"RF_N2O","W/m^2","Reference","GCAM","new",0.391466
2070,"RF_N2O","W/m^2","Reference","GCAM","new",0.395288
2071,"RF_N2O","W/m^2","Reference","GCAM","new",0.399114
2072,"RF_N2O","W/m^2","Reference","GCAM","new",0.402946
2073,"RF_N2O","W/m^2","Reference","GCAM","new",0.406783
2074,"RF_N2O","W/m^2","Reference","GCAM","new",0.410623
2075,"RF_N2O","W/m^2","Reference","GCAM","new",0.414467
2076,"RF_N2O","W/m^2","Reference","GCAM","new",0.418313
2077,"RF_N2O","W/m^2","Reference","GCAM","new",0.422161
2078,"RF_N2O","W/m^2","Reference","GCAM","new",0.42601
2079,"RF_N2O","W/m^2","Reference","GCAM","new",0.42986
2080,"RF_N2O","W/m^2","Reference","GCAM","new",0.433711
2081,"RF_N2O","W/m^2","Reference","GCAM","new",0.43756
2082,"RF_N2O","W/m^2","Reference","GCAM","new",0.441406
2083,"RF_N2O","W/m^2","Reference","GCAM","new",0.445249
2084,"RF_N2O","W/m^2","Reference","GCAM","new",0.449089
2085,"RF_N2O","W/m^2","Reference","GCAM","new",0.452925
2086,"RF_N2O","W/m^2","Reference","GCAM","new",0.456757
2087,"RF_N2O","W/m^2","Reference","GCAM","new",0.460587
2088,"RF_N2O","W/m^2","Reference","GCAM","new",0.464411
2089,"RF_N2O","W/m^2","Reference","GCAM","new",0.468231
2090,"RF_N2O","W/m^2","Reference","GCAM","new",0.472045
2091,"RF_N2O","W/m^2","Reference","GCAM","new",0.475848
2092,"RF_N2O","W/m^2","Reference","GCAM","new",0.479641
2093,"RF_N2O","W/m^2","Reference","GCAM","new",0.483423
2094,"RF_N2O","W/m^2","Reference","GCAM","new",0.487193
2095,"RF_N2O","W/m^2","Reference","GCAM","new",0.490952
2096,"RF_N2O","W/m^2","Reference","GCAM","new",0.494695
2097,"RF_N2O","W/m^2","Reference","GCAM","new",0.498423
2098,"RF_N2O","W/m^2","Reference","GCAM","new",0.502136
2099,"RF_N2O","W/m^2","Reference","GCAM","new",0.505832
2100,"RF_N2O","W/m^2","Reference","GCAM","new",0.509514
1976,"RF_N2O","W/m^2","GCAM_SSP4","GCAM","new",0.115037
1977,"RF_N2O","W/m^2","GCAM_SSP4","GCAM","new",0.116955
1978,"RF_N2O","W/m^2","GCAM_SSP4","GCAM","new",0.118975
1979,"RF_N2O","W/m^2","GCAM_SSP4","GCAM","new",0.12104
1980,"RF_N2O","W/m^2","GCAM_SSP4","GCAM","new",0.12313
1981,"RF_N2O","W/m^2","GCAM_SSP4","GCAM","new",0.125176
1982,"RF_N2O","W/m^2","GCAM_SSP4","GCAM","new",0.127234
1983,"RF_N2O","W/m^2","GCAM_SSP4","GCAM","new",0.129406
1984,"RF_N2O","W/m^2","GCAM_SSP4","GCAM","new",0.131643
1985,"RF_N2O","W/m^2","GCAM_SSP4","GCAM","new",0.133814
1986,"RF_N2O","W/m^2","GCAM_SSP4","GCAM","new",0.135942
1987,"RF_N2O","W/m^2","GCAM_SSP4","GCAM","new",0.138098
1988,"RF_N2O","W/m^2","GCAM_SSP4","GCAM","new",0.140234
1989,"RF_N2O","W/m^2","GCAM_SSP4","GCAM","new",0.142343
1990,"RF_N2O","W/m^2","GCAM_SSP4","GCAM","new",0.144516
1991,"RF_N2O","W/m^2","GCAM_SSP4","GCAM","new",0.146736
1992,"RF_N2O","W/m^2","GCAM_SSP4","GCAM","new",0.148892
1993,"RF_N2O","W/m^2","GCAM_SSP4","GCAM","new",0.151159
1994,"RF_N2O","W/m^2","GCAM_SSP4","GCAM","new",0.153517
1995,"RF_N2O","W/m^2","GCAM_SSP4","GCAM","new",0.155898
1996,"RF_N2O","W/m^2","GCAM_SSP4","GCAM","new",0.158303
1997,"RF_N2O","W/m^2","GCAM_SSP4","GCAM","new",0.160699
1998,"RF_N2O","W/m^2","GCAM_SSP4","GCAM","new",0.163071
1999,"RF_N2O","W/m^2","GCAM_SSP4","GCAM","new",0.165302
2000,"RF_N2O","W/m^2","GCAM_SSP4","GCAM","new",0.167457
2001,"RF_N2O","W/m^2","GCAM_SSP4","GCAM","new",0.169726
2002,"RF_N2O","W/m^2","GCAM_SSP4","GCAM","new",0.172114
2003,"RF_N2O","W/m^2","GCAM_SSP4","GCAM","new",0.17462
2004,"RF_N2O","W/m^2","GCAM_SSP4","GCAM","new",0.177203
2005,"RF_N2O","W/m^2","GCAM_SSP4","GCAM","new",0.179814
2006,"RF_N2O","W/m^2","GCAM_SSP4","GCAM","new",0.182478
2007,"RF_N2O","W/m^2","GCAM_SSP4","GCAM","new",0.185253
2008,"RF_N2O","W/m^2","GCAM_SSP4","GCAM","new",0.187914
2009,"RF_N2O","W/m^2","GCAM_SSP4","GCAM","new",0.1905
2010,"RF_N2O","W/m^2","GCAM_SSP4","GCAM","new",0.193225
2011,"RF_N2O","W/m^2","GCAM_SSP4","GCAM","new",0.196031
2012,"RF_N2O","W/m^2","GCAM_SSP4","GCAM","new",0.198877
2013,"RF_N2O","W/m^2","GCAM_SSP4","GCAM","new",0.201833
2014,"RF_N2O","W/m^2","GCAM_SSP4","GCAM","new",0.204907
2015,"RF_N2O","W/m^2","GCAM_SSP4","GCAM","new",0.208087
2016,"RF_N2O","W/m^2","GCAM_SSP4","GCAM","new",0.211235
2017,"RF_N2O","W/m^2","GCAM_SSP4","GCAM","new",0.214441
2018,"RF_N2O","W/m^2","GCAM_SSP4","GCAM","new",0.217636
2019,"RF_N2O","W/m^2","GCAM_SSP4","GCAM","new",0.22085
2020,"RF_N2O","W/m^2","GCAM_SSP4","GCAM","new",0.224001
2021,"RF_N2O","W/m^2","GCAM_SSP4","GCAM","new",0.227292
2022,"RF_N2O","W/m^2","GCAM_SSP4","GCAM","new",0.23037
2023,"RF_N2O","W/m^2","GCAM_SSP4","GCAM","new",0.23335
2024,"RF_N2O","W/m^2","GCAM_SSP4","GCAM","new",0.236434
2025,"RF_N2O","W/m^2","GCAM_SSP4","GCAM","new",0.239616
2026,"RF_N2O","W/m^2","GCAM_SSP4","GCAM","new",0.242815
2027,"RF_N2O","W/m^2","GCAM_SSP4","GCAM","new",0.246032
2028,"RF_N2O","W/m^2","GCAM_SSP4","GCAM","new",0.249268
2029,"RF_N2O","W/m^2","GCAM_SSP4","GCAM","new",0.252522
2030,"RF_N2O","W/m^2","GCAM_SSP4","GCAM","new",0.255793
2031,"RF_N2O","W/m^2","GCAM_SSP4","GCAM","new",0.259073
2032,"RF_N2O","W/m^2","GCAM_SSP4","GCAM","new",0.262365
2033,"RF_N2O","W/m^2","GCAM_SSP4","GCAM","new",0.265667
2034,"RF_N2O","W/m^2","GCAM_SSP4","GCAM","new",0.268979
2035,"RF_N2O","W/m^2","GCAM_SSP4","GCAM","new",0.272301
2036,"RF_N2O","W/m^2","GCAM_SSP4","GCAM","new",0.275632
2037,"RF_N2O","W/m^2","GCAM_SSP4","GCAM","new",0.27897
2038,"RF_N2O","W/m^2","GCAM_SSP4","GCAM","new",0.282316
2039,"RF_N2O","W/m^2","GCAM_SSP4","GCAM","new",0.285671
2040,"RF_N2O","W/m^2","GCAM_SSP4","GCAM","new",0.289035
2041,"RF_N2O","W/m^2","GCAM_SSP4","GCAM","new",0.292409
2042,"RF_N2O","W/m^2","GCAM_SSP4","GCAM","new",0.295795
2043,"RF_N2O","W/m^2","GCAM_SSP4","GCAM","new",0.299191
2044,"RF_N2O","W/m^2","GCAM_SSP4","GCAM","new",0.302598
2045,"RF_N2O","W/m^2","GCAM_SSP4","GCAM","new",0.306014
2046,"RF_N2O","W/m^2","GCAM_SSP4","GCAM","new",0.309449
2047,"RF_N2O","W/m^2","GCAM_SSP4","GCAM","new",0.312901
2048,"RF_N2O","W/m^2","GCAM_SSP4","GCAM","new",0.31637
2049,"RF_N2O","W/m^2","GCAM_SSP4","GCAM","new",0.319857
2050,"RF_N2O","W/m^2","GCAM_SSP4","GCAM","new",0.323361
2051,"RF_N2O","W/m^2","GCAM_SSP4","GCAM","new",0.326884
2052,"RF_N2O","W/m^2","GCAM_SSP4","GCAM","new",0.330424
2053,"RF_N2O","W/m^2","GCAM_SSP4","GCAM","new",0.333983
2054,"RF_N2O","W/m^2","GCAM_SSP4","GCAM","new",0.33756
2055,"RF_N2O","W/m^2","GCAM_SSP4","GCAM","new",0.341156
2056,"RF_N2O","W/m^2","GCAM_SSP4","GCAM","new",0.344771
2057,"RF_N2O","W/m^2","GCAM_SSP4","GCAM","new",0.348406
2058,"RF_N2O","W/m^2","GCAM_SSP4","GCAM","new",0.35206
2059,"RF_N2O","W/m^2","GCAM_SSP4","GCAM","new",0.355733
2060,"RF_N2O","W/m^2","GCAM_SSP4","GCAM","new",0.359424
2061,"RF_N2O","W/m^2","GCAM_SSP4","GCAM","new",0.363129
2062,"RF_N2O","W/m^2","GCAM_SSP4","GCAM","new",0.366851
2063,"RF_N2O","W/m^2","GCAM_SSP4","GCAM","new",0.370585
2064,"RF_N2O","W/m^2","GCAM_SSP4","GCAM","new",0.374333
2065,"RF_N2O","W/m^2","GCAM_SSP4","GCAM","new",0.378094
2066,"RF_N2O","W/m^2","GCAM_SSP4","GCAM","new",0.381863
2067,"RF_N2O","W/m^2","GCAM_SSP4","GCAM","new",0.385641
2068,"RF_N2O","W/m^2","GCAM_SSP4","GCAM","new",0.389427
2069,"RF_N2O","W/m^2","GCAM_SSP4","GCAM","new",0.39322
2070,"RF_N2O","W/m^2","GCAM_SSP4","GCAM","new",0.397021
2071,"RF_N2O","W/m^2","GCAM_SSP4","GCAM","new",0.400825
2072,"RF_N2O","W/m^2","GCAM_SSP4","GCAM","new",0.404634
2073,"RF_N2O","W/m^2","GCAM_SSP4","GCAM","new",0.408445
2074,"RF_N2O","W/m^2","GCAM_SSP4","GCAM","new",0.412258
2075,"RF_N2O","W/m^2","GCAM_SSP4","GCAM","new",0.416074
2076,"RF_N2O","W/m^2","GCAM_SSP4","GCAM","new",0.41989
2077,"RF_N2O","W/m^2","GCAM_SSP4","GCAM","new",0.423709
2078,"RF_N2O","W/m^2","GCAM_SSP4","GCAM","new",0.427529
2079,"RF_N2O","W/m^2","GCAM_SSP4","GCAM","new",0.431349
2080,"RF_N2O","W/m^2","GCAM_SSP4","GCAM","new",0.43517
2081,"RF_N2O","W/m^2","GCAM_SSP4","GCAM","new",0.43899
2082,"RF_N2O","W/m^2","GCAM_SSP4","GCAM","new",0.442809
2083,"RF_N2O","W/m^2","GCAM_SSP4","GCAM","new",0.446627
2084,"RF_N2O","W/m^2","GCAM_SSP4","GCAM","new",0.450444
2085,"RF_N2O","W/m^2","GCAM_SSP4","GCAM","new",0.454258
2086,"RF_N2O","W/m^2","GCAM_SSP4","GCAM","new",0.458073
2087,"RF_N2O","W/m^2","GCAM_SSP4","GCAM","new",0.461888
2088,"RF_N2O","W/m^2","GCAM_SSP4","GCAM","new",0.465702
2089,"RF_N2O","W/m^2","GCAM_SSP4","GCAM","new",0.469515
2090,"RF_N2O","W/m^2","GCAM_SSP4","GCAM","new",0.473327
2091,"RF_N2O","W/m^2","GCAM_SSP4","GCAM","new",0.477136
2092,"RF_N2O","W/m^2","GCAM_SSP4","GCAM","new",0.480945
2093,"RF_N2O","W/m^2","GCAM_SSP4","GCAM","new",0.484752
2094,"RF_N2O","W/m^2","GCAM_SSP4","GCAM","new",0.488555
2095,"RF_N2O","W/m^2","GCAM_SSP4","GCAM","new",0.492356
2096,"RF_N2O","W/m^2","GCAM_SSP4","GCAM","new",0.496153
2097,"RF_N2O","W/m^2","GCAM_SSP4","GCAM","new",0.499946
2098,"RF_N2O","W/m^2","GCAM_SSP4","GCAM","new",0.503735
2099,"RF_N2O","W/m^2","GCAM_SSP4","GCAM","new",0.50752
2100,"RF_N2O","W/m^2","GCAM_SSP4","GCAM","new",0.5113
1976,"RF_N2O","W/m^2","GCAM_SSP5","GCAM","new",0.115037
1977,"RF_N2O","W/m^2","GCAM_SSP5","GCAM","new",0.116955
1978,"RF_N2O","W/m^2","GCAM_SSP5","GCAM","new",0.118975
1979,"RF_N2O","W/m^2","GCAM_SSP5","GCAM","new",0.12104
1980,"RF_N2O","W/m^2","GCAM_SSP5","GCAM","new",0.12313
1981,"RF_N2O","W/m^2","GCAM_SSP5","GCAM","new",0.125176
1982,"RF_N2O","W/m^2","GCAM_SSP5","GCAM","new",0.127234
1983,"RF_N2O","W/m^2","GCAM_SSP5","GCAM","new",0.129406
1984,"RF_N2O","W/m^2","GCAM_SSP5","GCAM","new",0.131643
1985,"RF_N2O","W/m^2","GCAM_SSP5","GCAM","new",0.133814
1986,"RF_N2O","W/m^2","GCAM_SSP5","GCAM","new",0.135942
1987,"RF_N2O","W/m^2","GCAM_SSP5","GCAM","new",0.138098
1988,"RF_N2O","W/m^2","GCAM_SSP5","GCAM","new",0.140234
1989,"RF_N2O","W/m^2","GCAM_SSP5","GCAM","new",0.142343
1990,"RF_N2O","W/m^2","GCAM_SSP5","GCAM","new",0.144516
1991,"RF_N2O","W/m^2","GCAM_SSP5","GCAM","new",0.146736
1992,"RF_N2O","W/m^2","GCAM_SSP5","GCAM","new",0.148892
1993,"RF_N2O","W/m^2","GCAM_SSP5","GCAM","new",0.151159
1994,"RF_N2O","W/m^2","GCAM_SSP5","GCAM","new",0.153517
1995,"RF_N2O","W/m^2","GCAM_SSP5","GCAM","new",0.155898
1996,"RF_N2O","W/m^2","GCAM_SSP5","GCAM","new",0.158303
1997,"RF_N2O","W/m^2","GCAM_SSP5","GCAM","new",0.160699
1998,"RF_N2O","W/m^2","GCAM_SSP5","GCAM","new",0.163071
1999,"RF_N2O","W/m^2","GCAM_SSP5","GCAM","new",0.165302
2000,"RF_N2O","W/m^2","GCAM_SSP5","GCAM","new",0.167457
2001,"RF_N2O","W/m^2","GCAM_SSP5","GCAM","new",0.169726
2002,"RF_N2O","W/m^2","GCAM_SSP5","GCAM","new",0.172114
2003,"RF_N2O","W/m^2","GCAM_SSP5","GCAM","new",0.17462
2004,"RF_N2O","W/m^2","GCAM_SSP5","GCAM","new",0.177203
2005,"RF_N2O","W/m^2","GCAM_SSP5","GCAM","new",0.179814
2006,"RF_N2O","W/m^2","GCAM_SSP5","GCAM","new",0.182478
2007,"RF_N2O","W/m^2","GCAM_SSP5","GCAM","new",0.185253
2008,"RF_N2O","W/m^2","GCAM_SSP5","GCAM","new",0.187914
2009,"RF_N2O","W/m^2","GCAM_SSP5","GCAM","new",0.1905
2010,"RF_N2O","W/m^2","GCAM_SSP5","GCAM","new",0.193225
2011,"RF_N2O","W/m^2","GCAM_SSP5","GCAM","new",0.196031
2012,"RF_N2O","W/m^2","GCAM_SSP5","GCAM","new",0.198877
2013,"RF_N2O","W/m^2","GCAM_SSP5","GCAM","new",0.201833
2014,"RF_N2O","W/m^2","GCAM_SSP5","GCAM","new",0.204907
2015,"RF_N2O","W/m^2","GCAM_SSP5","GCAM","new",0.208087
2016,"RF_N2O","W/m^2","GCAM_SSP5","GCAM","new",0.211235
2017,"RF_N2O","W/m^2","GCAM_SSP5","GCAM","new",0.214441
2018,"RF_N2O","W/m^2","GCAM_SSP5","GCAM","new",0.217636
2019,"RF_N2O","W/m^2","GCAM_SSP5","GCAM","new",0.22085
2020,"RF_N2O","W/m^2","GCAM_SSP5","GCAM","new",0.224001
2021,"RF_N2O","W/m^2","GCAM_SSP5","GCAM","new",0.227292
2022,"RF_N2O","W/m^2","GCAM_SSP5","GCAM","new",0.23037
2023,"RF_N2O","W/m^2","GCAM_SSP5","GCAM","new",0.23335
2024,"RF_N2O","W/m^2","GCAM_SSP5","GCAM","new",0.236417
2025,"RF_N2O","W/m^2","GCAM_SSP5","GCAM","new",0.23957
2026,"RF_N2O","W/m^2","GCAM_SSP5","GCAM","new",0.242735
2027,"RF_N2O","W/m^2","GCAM_SSP5","GCAM","new",0.245915
2028,"RF_N2O","W/m^2","GCAM_SSP5","GCAM","new",0.249108
2029,"RF_N2O","W/m^2","GCAM_SSP5","GCAM","new",0.252313
2030,"RF_N2O","W/m^2","GCAM_SSP5","GCAM","new",0.255532
2031,"RF_N2O","W/m^2","GCAM_SSP5","GCAM","new",0.258771
2032,"RF_N2O","W/m^2","GCAM_SSP5","GCAM","new",0.262028
2033,"RF_N2O","W/m^2","GCAM_SSP5","GCAM","new",0.265306
2034,"RF_N2O","W/m^2","GCAM_SSP5","GCAM","new",0.268602
2035,"RF_N2O","W/m^2","GCAM_SSP5","GCAM","new",0.271918
2036,"RF_N2O","W/m^2","GCAM_SSP5","GCAM","new",0.275257
2037,"RF_N2O","W/m^2","GCAM_SSP5","GCAM","new",0.278618
2038,"RF_N2O","W/m^2","GCAM_SSP5","GCAM","new",0.282001
2039,"RF_N2O","W/m^2","GCAM_SSP5","GCAM","new",0.285406
2040,"RF_N2O","W/m^2","GCAM_SSP5","GCAM","new",0.288834
2041,"RF_N2O","W/m^2","GCAM_SSP5","GCAM","new",0.292289
2042,"RF_N2O","W/m^2","GCAM_SSP5","GCAM","new",0.295772
2043,"RF_N2O","W/m^2","GCAM_SSP5","GCAM","new",0.299281
2044,"RF_N2O","W/m^2","GCAM_SSP5","GCAM","new",0.302816
2045,"RF_N2O","W/m^2","GCAM_SSP5","GCAM","new",0.306377
2046,"RF_N2O","W/m^2","GCAM_SSP5","GCAM","new",0.309967
2047,"RF_N2O","W/m^2","GCAM_SSP5","GCAM","new",0.313587
2048,"RF_N2O","W/m^2","GCAM_SSP5","GCAM","new",0.317235
2049,"RF_N2O","W/m^2","GCAM_SSP5","GCAM","new",0.32091
2050,"RF_N2O","W/m^2","GCAM_SSP5","GCAM","new",0.324613
2051,"RF_N2O","W/m^2","GCAM_SSP5","GCAM","new",0.328337
2052,"RF_N2O","W/m^2","GCAM_SSP5","GCAM","new",0.332082
2053,"RF_N2O","W/m^2","GCAM_SSP5","GCAM","new",0.335848
2054,"RF_N2O","W/m^2","GCAM_SSP5","GCAM","new",0.339634
2055,"RF_N2O","W/m^2","GCAM_SSP5","GCAM","new",0.34344
2056,"RF_N2O","W/m^2","GCAM_SSP5","GCAM","new",0.347265
2057,"RF_N2O","W/m^2","GCAM_SSP5","GCAM","new",0.351108
2058,"RF_N2O","W/m^2","GCAM_SSP5","GCAM","new",0.354968
2059,"RF_N2O","W/m^2","GCAM_SSP5","GCAM","new",0.358845
2060,"RF_N2O","W/m^2","GCAM_SSP5","GCAM","new",0.362737
2061,"RF_N2O","W/m^2","GCAM_SSP5","GCAM","new",0.366639
2062,"RF_N2O","W/m^2","GCAM_SSP5","GCAM","new",0.370552
2063,"RF_N2O","W/m^2","GCAM_SSP5","GCAM","new",0.374474
2064,"RF_N2O","W/m^2","GCAM_SSP5","GCAM","new",0.378405
2065,"RF_N2O","W/m^2","GCAM_SSP5","GCAM","new",0.382343
2066,"RF_N2O","W/m^2","GCAM_SSP5","GCAM","new",0.386282
2067,"RF_N2O","W/m^2","GCAM_SSP5","GCAM","new",0.390221
2068,"RF_N2O","W/m^2","GCAM_SSP5","GCAM","new",0.39416
2069,"RF_N2O","W/m^2","GCAM_SSP5","GCAM","new",0.398097
2070,"RF_N2O","W/m^2","GCAM_SSP5","GCAM","new",0.402034
2071,"RF_N2O","W/m^2","GCAM_SSP5","GCAM","new",0.405961
2072,"RF_N2O","W/m^2","GCAM_SSP5","GCAM","new",0.409879
2073,"RF_N2O","W/m^2","GCAM_SSP5","GCAM","new",0.413787
2074,"RF_N2O","W/m^2","GCAM_SSP5","GCAM","new",0.417685
2075,"RF_N2O","W/m^2","GCAM_SSP5","GCAM","new",0.421573
2076,"RF_N2O","W/m^2","GCAM_SSP5","GCAM","new",0.425444
2077,"RF_N2O","W/m^2","GCAM_SSP5","GCAM","new",0.429299
2078,"RF_N2O","W/m^2","GCAM_SSP5","GCAM","new",0.433138
2079,"RF_N2O","W/m^2","GCAM_SSP5","GCAM","new",0.43696
2080,"RF_N2O","W/m^2","GCAM_SSP5","GCAM","new",0.440765
2081,"RF_N2O","W/m^2","GCAM_SSP5","GCAM","new",0.444546
2082,"RF_N2O","W/m^2","GCAM_SSP5","GCAM","new",0.448304
2083,"RF_N2O","W/m^2","GCAM_SSP5","GCAM","new",0.452039
2084,"RF_N2O","W/m^2","GCAM_SSP5","GCAM","new",0.455751
2085,"RF_N2O","W/m^2","GCAM_SSP5","GCAM","new",0.459438
2086,"RF_N2O","W/m^2","GCAM_SSP5","GCAM","new",0.463098
2087,"RF_N2O","W/m^2","GCAM_SSP5","GCAM","new",0.466733
2088,"RF_N2O","W/m^2","GCAM_SSP5","GCAM","new",0.470339
2089,"RF_N2O","W/m^2","GCAM_SSP5","GCAM","new",0.473918
2090,"RF_N2O","W/m^2","GCAM_SSP5","GCAM","new",0.477469
2091,"RF_N2O","W/m^2","GCAM_SSP5","GCAM","new",0.480989
2092,"RF_N2O","W/m^2","GCAM_SSP5","GCAM","new",0.48448
2093,"RF_N2O","W/m^2","GCAM_SSP5","GCAM","new",0.48794
2094,"RF_N2O","W/m^2","GCAM_SSP5","GCAM","new",0.491371
2095,"RF_N2O","W/m^2","GCAM_SSP5","GCAM","new",0.494771
2096,"RF_N2O","W/m^2","GCAM_SSP5","GCAM","new",0.498132
2097,"RF_N2O","W/m^2","GCAM_SSP5","GCAM","new",0.501456
2098,"RF_N2O","W/m^2","GCAM_SSP5","GCAM","new",0.504742
2099,"RF_N2O","W/m^2","GCAM_SSP5","GCAM","new",0.50799
2100,"RF_N2O","W/m^2","GCAM_SSP5","GCAM","new",0.5112
1976,"RF_N2O","W/m^2","GCAM_SSP1","GCAM","new",0.115037
1977,"RF_N2O","W/m^2","GCAM_SSP1","GCAM","new",0.116955
1978,"RF_N2O","W/m^2","GCAM_SSP1","GCAM","new",0.118975
1979,"RF_N2O","W/m^2","GCAM_SSP1","GCAM","new",0.12104
1980,"RF_N2O","W/m^2","GCAM_SSP1","GCAM","new",0.12313
1981,"RF_N2O","W/m^2","GCAM_SSP1","GCAM","new",0.125176
1982,"RF_N2O","W/m^2","GCAM_SSP1","GCAM","new",0.127234
1983,"RF_N2O","W/m^2","GCAM_SSP1","GCAM","new",0.129406
1984,"RF_N2O","W/m^2","GCAM_SSP1","GCAM","new",0.131643
1985,"RF_N2O","W/m^2","GCAM_SSP1","GCAM","new",0.133814
1986,"RF_N2O","W/m^2","GCAM_SSP1","GCAM","new",0.135942
1987,"RF_N2O","W/m^2","GCAM_SSP1","GCAM","new",0.138098
1988,"RF_N2O","W/m^2","GCAM_SSP1","GCAM","new",0.140234
1989,"RF_N2O","W/m^2","GCAM_SSP1","GCAM","new",0.142343
1990,"RF_N2O","W/m^2","GCAM_SSP1","GCAM","new",0.144516
1991,"RF_N2O","W/m^2","GCAM_SSP1","GCAM","new",0.146736
1992,"RF_N2O","W/m^2","GCAM_SSP1","GCAM","new",0.148892
1993,"RF_N2O","W/m^2","GCAM_SSP1","GCAM","new",0.151159
1994,"RF_N2O","W/m^2","GCAM_SSP1","GCAM","new",0.153517
1995,"RF_N2O","W/m^2","GCAM_SSP1","GCAM","new",0.155898
1996,"RF_N2O","W/m^2","GCAM_SSP1","GCAM","new",0.158303
1997,"RF_N2O","W/m^2","GCAM_SSP1","GCAM","new",0.160699
1998,"RF_N2O","W/m^2","GCAM_SSP1","GCAM","new",0.163071
1999,"RF_N2O","W/m^2","GCAM_SSP1","GCAM","new",0.165302
2000,"RF_N2O","W/m^2","GCAM_SSP1","GCAM","new",0.167457
2001,"RF_N2O","W/m^2","GCAM_SSP1","GCAM","new",0.169726
2002,"RF_N2O","W/m^2","GCAM_SSP1","GCAM","new",0.172114
2003,"RF_N2O","W/m^2","GCAM_SSP1","GCAM","new",0.17462
2004,"RF_N2O","W/m^2","GCAM_SSP1","GCAM","new",0.177203
2005,"RF_N2O","W/m^2","GCAM_SSP1","GCAM","new",0.179814
2006,"RF_N2O","W/m^2","GCAM_SSP1","GCAM","new",0.182478
2007,"RF_N2O","W/m^2","GCAM_SSP1","GCAM","new",0.185253
2008,"RF_N2O","W/m^2","GCAM_SSP1","GCAM","new",0.187914
2009,"RF_N2O","W/m^2","GCAM_SSP1","GCAM","new",0.1905
2010,"RF_N2O","W/m^2","GCAM_SSP1","GCAM","new",0.193225
2011,"RF_N2O","W/m^2","GCAM_SSP1","GCAM","new",0.196031
2012,"RF_N2O","W/m^2","GCAM_SSP1","GCAM","new",0.198877
2013,"RF_N2O","W/m^2","GCAM_SSP1","GCAM","new",0.201833
2014,"RF_N2O","W/m^2","GCAM_SSP1","GCAM","new",0.204907
2015,"RF_N2O","W/m^2","GCAM_SSP1","GCAM","new",0.208087
2016,"RF_N2O","W/m^2","GCAM_SSP1","GCAM","new",0.211235
2017,"RF_N2O","W/m^2","GCAM_SSP1","GCAM","new",0.214441
2018,"RF_N2O","W/m^2","GCAM_SSP1","GCAM","new",0.217636
2019,"RF_N2O","W/m^2","GCAM_SSP1","GCAM","new",0.22085
2020,"RF_N2O","W/m^2","GCAM_SSP1","GCAM","new",0.224001
2021,"RF_N2O","W/m^2","GCAM_SSP1","GCAM","new",0.227292
2022,"RF_N2O","W/m^2","GCAM_SSP1","GCAM","new",0.23037
2023,"RF_N2O","W/m^2","GCAM_SSP1","GCAM","new",0.23335
2024,"RF_N2O","W/m^2","GCAM_SSP1","GCAM","new",0.236401
2025,"RF_N2O","W/m^2","GCAM_SSP1","GCAM","new",0.239523
2026,"RF_N2O","W/m^2","GCAM_SSP1","GCAM","new",0.242645
2027,"RF_N2O","W/m^2","GCAM_SSP1","GCAM","new",0.245772
2028,"RF_N2O","W/m^2","GCAM_SSP1","GCAM","new",0.248899
2029,"RF_N2O","W/m^2","GCAM_SSP1","GCAM","new",0.252028
2030,"RF_N2O","W/m^2","GCAM_SSP1","GCAM","new",0.255159
2031,"RF_N2O","W/m^2","GCAM_SSP1","GCAM","new",0.258288
2032,"RF_N2O","W/m^2","GCAM_SSP1","GCAM","new",0.261418
2033,"RF_N2O","W/m^2","GCAM_SSP1","GCAM","new",0.264548
2034,"RF_N2O","W/m^2","GCAM_SSP1","GCAM","new",0.267677
2035,"RF_N2O","W/m^2","GCAM_SSP1","GCAM","new",0.270806
2036,"RF_N2O","W/m^2","GCAM_SSP1","GCAM","new",0.273931
2037,"RF_N2O","W/m^2","GCAM_SSP1","GCAM","new",0.277051
2038,"RF_N2O","W/m^2","GCAM_SSP1","GCAM","new",0.280167
2039,"RF_N2O","W/m^2","GCAM_SSP1","GCAM","new",0.28328
2040,"RF_N2O","W/m^2","GCAM_SSP1","GCAM","new",0.286388
2041,"RF_N2O","W/m^2","GCAM_SSP1","GCAM","new",0.289495
2042,"RF_N2O","W/m^2","GCAM_SSP1","GCAM","new",0.2926
2043,"RF_N2O","W/m^2","GCAM_SSP1","GCAM","new",0.295704
2044,"RF_N2O","W/m^2","GCAM_SSP1","GCAM","new",0.298805
2045,"RF_N2O","W/m^2","GCAM_SSP1","GCAM","new",0.301903
2046,"RF_N2O","W/m^2","GCAM_SSP1","GCAM","new",0.305003
2047,"RF_N2O","W/m^2","GCAM_SSP1","GCAM","new",0.308107
2048,"RF_N2O","W/m^2","GCAM_SSP1","GCAM","new",0.311213
2049,"RF_N2O","W/m^2","GCAM_SSP1","GCAM","new",0.314321
2050,"RF_N2O","W/m^2","GCAM_SSP1","GCAM","new",0.317431
2051,"RF_N2O","W/m^2","GCAM_SSP1","GCAM","new",0.320541
2052,"RF_N2O","W/m^2","GCAM_SSP1","GCAM","new",0.323649
2053,"RF_N2O","W/m^2","GCAM_SSP1","GCAM","new",0.326756
2054,"RF_N2O","W/m^2","GCAM_SSP1","GCAM","new",0.329862
2055,"RF_N2O","W/m^2","GCAM_SSP1","GCAM","new",0.332968
2056,"RF_N2O","W/m^2","GCAM_SSP1","GCAM","new",0.336069
2057,"RF_N2O","W/m^2","GCAM_SSP1","GCAM","new",0.339168
2058,"RF_N2O","W/m^2","GCAM_SSP1","GCAM","new",0.342262
2059,"RF_N2O","W/m^2","GCAM_SSP1","GCAM","new",0.345352
2060,"RF_N2O","W/m^2","GCAM_SSP1","GCAM","new",0.348437
2061,"RF_N2O","W/m^2","GCAM_SSP1","GCAM","new",0.35151
2062,"RF_N2O","W/m^2","GCAM_SSP1","GCAM","new",0.354573
2063,"RF_N2O","W/m^2","GCAM_SSP1","GCAM","new",0.357625
2064,"RF_N2O","W/m^2","GCAM_SSP1","GCAM","new",0.360665
2065,"RF_N2O","W/m^2","GCAM_SSP1","GCAM","new",0.363692
2066,"RF_N2O","W/m^2","GCAM_SSP1","GCAM","new",0.3667
2067,"RF_N2O","W/m^2","GCAM_SSP1","GCAM","new",0.369689
2068,"RF_N2O","W/m^2","GCAM_SSP1","GCAM","new",0.372659
2069,"RF_N2O","W/m^2","GCAM_SSP1","GCAM","new",0.37561
2070,"RF_N2O","W/m^2","GCAM_SSP1","GCAM","new",0.378541
2071,"RF_N2O","W/m^2","GCAM_SSP1","GCAM","new",0.381446
2072,"RF_N2O","W/m^2","GCAM_SSP1","GCAM","new",0.384326
2073,"RF_N2O","W/m^2","GCAM_SSP1","GCAM","new",0.38718
2074,"RF_N2O","W/m^2","GCAM_SSP1","GCAM","new",0.390008
2075,"RF_N2O","W/m^2","GCAM_SSP1","GCAM","new",0.392811
2076,"RF_N2O","W/m^2","GCAM_SSP1","GCAM","new",0.395584
2077,"RF_N2O","W/m^2","GCAM_SSP1","GCAM","new",0.39833
2078,"RF_N2O","W/m^2","GCAM_SSP1","GCAM","new",0.401047
2079,"RF_N2O","W/m^2","GCAM_SSP1","GCAM","new",0.403735
2080,"RF_N2O","W/m^2","GCAM_SSP1","GCAM","new",0.406396
2081,"RF_N2O","W/m^2","GCAM_SSP1","GCAM","new",0.409024
2082,"RF_N2O","W/m^2","GCAM_SSP1","GCAM","new",0.411621
2083,"RF_N2O","W/m^2","GCAM_SSP1","GCAM","new",0.414186
2084,"RF_N2O","W/m^2","GCAM_SSP1","GCAM","new",0.416719
2085,"RF_N2O","W/m^2","GCAM_SSP1","GCAM","new",0.41922
2086,"RF_N2O","W/m^2","GCAM_SSP1","GCAM","new",0.421687
2087,"RF_N2O","W/m^2","GCAM_SSP1","GCAM","new",0.424121
2088,"RF_N2O","W/m^2","GCAM_SSP1","GCAM","new",0.42652
2089,"RF_N2O","W/m^2","GCAM_SSP1","GCAM","new",0.428885
2090,"RF_N2O","W/m^2","GCAM_SSP1","GCAM","new",0.431216
2091,"RF_N2O","W/m^2","GCAM_SSP1","GCAM","new",0.433511
2092,"RF_N2O","W/m^2","GCAM_SSP1","GCAM","new",0.435769
2093,"RF_N2O","W/m^2","GCAM_SSP1","GCAM","new",0.43799
2094,"RF_N2O","W/m^2","GCAM_SSP1","GCAM","new",0.440176
2095,"RF_N2O","W/m^2","GCAM_SSP1","GCAM","new",0.442325
2096,"RF_N2O","W/m^2","GCAM_SSP1","GCAM","new",0.444433
2097,"RF_N2O","W/m^2","GCAM_SSP1","GCAM","new",0.446502
2098,"RF_N2O","W/m^2","GCAM_SSP1","GCAM","new",0.44853
2099,"RF_N2O","W/m^2","GCAM_SSP1","GCAM","new",0.450518
2100,"RF_N2O","W/m^2","GCAM_SSP1","GCAM","new",0.452466
1976,"RF_N2O","W/m^2","GCAM_SSP2","GCAM","new",0.115037
1977,"RF_N2O","W/m^2","GCAM_SSP2","GCAM","new",0.116955
1978,"RF_N2O","W/m^2","GCAM_SSP2","GCAM","new",0.118975
1979,"RF_N2O","W/m^2","GCAM_SSP2","GCAM","new",0.12104
1980,"RF_N2O","W/m^2","GCAM_SSP2","GCAM","new",0.12313
1981,"RF_N2O","W/m^2","GCAM_SSP2","GCAM","new",0.125176
1982,"RF_N2O","W/m^2","GCAM_SSP2","GCAM","new",0.127234
1983,"RF_N2O","W/m^2","GCAM_SSP2","GCAM","new",0.129406
1984,"RF_N2O","W/m^2","GCAM_SSP2","GCAM","new",0.131643
1985,"RF_N2O","W/m^2","GCAM_SSP2","GCAM","new",0.133814
1986,"RF_N2O","W/m^2","GCAM_SSP2","GCAM","new",0.135942
1987,"RF_N2O","W/m^2","GCAM_SSP2","GCAM","new",0.138098
1988,"RF_N2O","W/m^2","GCAM_SSP2","GCAM","new",0.140234
1989,"RF_N2O","W/m^2","GCAM_SSP2","GCAM","new",0.142343
1990,"RF_N2O","W/m^2","GCAM_SSP2","GCAM","new",0.144516
1991,"RF_N2O","W/m^2","GCAM_SSP2","GCAM","new",0.146736
1992,"RF_N2O","W/m^2","GCAM_SSP2","GCAM","new",0.148892
1993,"RF_N2O","W/m^2","GCAM_SSP2","GCAM","new",0.151159
1994,"RF_N2O","W/m^2","GCAM_SSP2","GCAM","new",0.153517
1995,"RF_N2O","W/m^2","GCAM_SSP2","GCAM","new",0.155898
1996,"RF_N2O","W/m^2","GCAM_SSP2","GCAM","new",0.158303
1997,"RF_N2O","W/m^2","GCAM_SSP2","GCAM","new",0.160699
1998,"RF_N2O","W/m^2","GCAM_SSP2","GCAM","new",0.163071
1999,"RF_N2O","W/m^2","GCAM_SSP2","GCAM","new",0.165302
2000,"RF_N2O","W/m^2","GCAM_SSP2","GCAM","new",0.167457
2001,"RF_N2O","W/m^2","GCAM_SSP2","GCAM","new",0.169726
2002,"RF_N2O","W/m^2","GCAM_SSP2","GCAM","new",0.172114
2003,"RF_N2O","W/m^2","GCAM_SSP2","GCAM","new",0.17462
2004,"RF_N2O","W/m^2","GCAM_SSP2","GCAM","new",0.177203
2005,"RF_N2O","W/m^2","GCAM_SSP2","GCAM","new",0.179814
2006,"RF_N2O","W/m^2","GCAM_SSP2","GCAM","new",0.182478
2007,"RF_N2O","W/m^2","GCAM_SSP2","GCAM","new",0.185253
2008,"RF_N2O","W/m^2","GCAM_SSP2","GCAM","new",0.187914
2009,"RF_N2O","W/m^2","GCAM_SSP2","GCAM","new",0.1905
2010,"RF_N2O","W/m^2","GCAM_SSP2","GCAM","new",0.193225
2011,"RF_N2O","W/m^2","GCAM_SSP2","GCAM","new",0.196031
2012,"RF_N2O","W/m^2","GCAM_SSP2","GCAM","new",0.198877
2013,"RF_N2O","W/m^2","GCAM_SSP2","GCAM","new",0.201833
2014,"RF_N2O","W/m^2","GCAM_SSP2","GCAM","new",0.204907
2015,"RF_N2O","W/m^2","GCAM_SSP2","GCAM","new",0.208087
2016,"RF_N2O","W/m^2","GCAM_SSP2","GCAM","new",0.211235
2017,"RF_N2O","W/m^2","GCAM_SSP2","GCAM","new",0.214441
2018,"RF_N2O","W/m^2","GCAM_SSP2","GCAM","new",0.217636
2019,"RF_N2O","W/m^2","GCAM_SSP2","GCAM","new",0.22085
2020,"RF_N2O","W/m^2","GCAM_SSP2","GCAM","new",0.224001
2021,"RF_N2O","W/m^2","GCAM_SSP2","GCAM","new",0.227292
2022,"RF_N2O","W/m^2","GCAM_SSP2","GCAM","new",0.23037
2023,"RF_N2O","W/m^2","GCAM_SSP2","GCAM","new",0.23335
2024,"RF_N2O","W/m^2","GCAM_SSP2","GCAM","new",0.236413
2025,"RF_N2O","W/m^2","GCAM_SSP2","GCAM","new",0.239558
2026,"RF_N2O","W/m^2","GCAM_SSP2","GCAM","new",0.242715
2027,"RF_N2O","W/m^2","GCAM_SSP2","GCAM","new",0.245886
2028,"RF_N2O","W/m^2","GCAM_SSP2","GCAM","new",0.249069
2029,"RF_N2O","W/m^2","GCAM_SSP2","GCAM","new",0.252264
2030,"RF_N2O","W/m^2","GCAM_SSP2","GCAM","new",0.255471
2031,"RF_N2O","W/m^2","GCAM_SSP2","GCAM","new",0.258689
2032,"RF_N2O","W/m^2","GCAM_SSP2","GCAM","new",0.261917
2033,"RF_N2O","W/m^2","GCAM_SSP2","GCAM","new",0.265157
2034,"RF_N2O","W/m^2","GCAM_SSP2","GCAM","new",0.268406
2035,"RF_N2O","W/m^2","GCAM_SSP2","GCAM","new",0.271665
2036,"RF_N2O","W/m^2","GCAM_SSP2","GCAM","new",0.274933
2037,"RF_N2O","W/m^2","GCAM_SSP2","GCAM","new",0.278207
2038,"RF_N2O","W/m^2","GCAM_SSP2","GCAM","new",0.281489
2039,"RF_N2O","W/m^2","GCAM_SSP2","GCAM","new",0.284778
2040,"RF_N2O","W/m^2","GCAM_SSP2","GCAM","new",0.288075
2041,"RF_N2O","W/m^2","GCAM_SSP2","GCAM","new",0.291384
2042,"RF_N2O","W/m^2","GCAM_SSP2","GCAM","new",0.294705
2043,"RF_N2O","W/m^2","GCAM_SSP2","GCAM","new",0.298037
2044,"RF_N2O","W/m^2","GCAM_SSP2","GCAM","new",0.301379
2045,"RF_N2O","W/m^2","GCAM_SSP2","GCAM","new",0.304732
2046,"RF_N2O","W/m^2","GCAM_SSP2","GCAM","new",0.308106
2047,"RF_N2O","W/m^2","GCAM_SSP2","GCAM","new",0.3115
2048,"RF_N2O","W/m^2","GCAM_SSP2","GCAM","new",0.314914
2049,"RF_N2O","W/m^2","GCAM_SSP2","GCAM","new",0.318348
2050,"RF_N2O","W/m^2","GCAM_SSP2","GCAM","new",0.321801
2051,"RF_N2O","W/m^2","GCAM_SSP2","GCAM","new",0.325279
2052,"RF_N2O","W/m^2","GCAM_SSP2","GCAM","new",0.328778
2053,"RF_N2O","W/m^2","GCAM_SSP2","GCAM","new",0.332301
2054,"RF_N2O","W/m^2","GCAM_SSP2","GCAM","new",0.335847
2055,"RF_N2O","W/m^2","GCAM_SSP2","GCAM","new",0.339415
2056,"RF_N2O","W/m^2","GCAM_SSP2","GCAM","new",0.343008
2057,"RF_N2O","W/m^2","GCAM_SSP2","GCAM","new",0.346626
2058,"RF_N2O","W/m^2","GCAM_SSP2","GCAM","new",0.350267
2059,"RF_N2O","W/m^2","GCAM_SSP2","GCAM","new",0.353931
2060,"RF_N2O","W/m^2","GCAM_SSP2","GCAM","new",0.357618
2061,"RF_N2O","W/m^2","GCAM_SSP2","GCAM","new",0.361325
2062,"RF_N2O","W/m^2","GCAM_SSP2","GCAM","new",0.365052
2063,"RF_N2O","W/m^2","GCAM_SSP2","GCAM","new",0.368797
2064,"RF_N2O","W/m^2","GCAM_SSP2","GCAM","new",0.37256
2065,"RF_N2O","W/m^2","GCAM_SSP2","GCAM","new",0.37634
2066,"RF_N2O","W/m^2","GCAM_SSP2","GCAM","new",0.380133
2067,"RF_N2O","W/m^2","GCAM_SSP2","GCAM","new",0.38394
2068,"RF_N2O","W/m^2","GCAM_SSP2","GCAM","new",0.387759
2069,"RF_N2O","W/m^2","GCAM_SSP2","GCAM","new",0.391589
2070,"RF_N2O","W/m^2","GCAM_SSP2","GCAM","new",0.39543
2071,"RF_N2O","W/m^2","GCAM_SSP2","GCAM","new",0.399278
2072,"RF_N2O","W/m^2","GCAM_SSP2","GCAM","new",0.403133
2073,"RF_N2O","W/m^2","GCAM_SSP2","GCAM","new",0.406993
2074,"RF_N2O","W/m^2","GCAM_SSP2","GCAM","new",0.410859
2075,"RF_N2O","W/m^2","GCAM_SSP2","GCAM","new",0.41473
2076,"RF_N2O","W/m^2","GCAM_SSP2","GCAM","new",0.418603
2077,"RF_N2O","W/m^2","GCAM_SSP2","GCAM","new",0.42248
2078,"RF_N2O","W/m^2","GCAM_SSP2","GCAM","new",0.426359
2079,"RF_N2O","W/m^2","GCAM_SSP2","GCAM","new",0.43024
2080,"RF_N2O","W/m^2","GCAM_SSP2","GCAM","new",0.434123
2081,"RF_N2O","W/m^2","GCAM_SSP2","GCAM","new",0.438002
2082,"RF_N2O","W/m^2","GCAM_SSP2","GCAM","new",0.441881
2083,"RF_N2O","W/m^2","GCAM_SSP2","GCAM","new",0.445756
2084,"RF_N2O","W/m^2","GCAM_SSP2","GCAM","new",0.449627
2085,"RF_N2O","W/m^2","GCAM_SSP2","GCAM","new",0.453496
2086,"RF_N2O","W/m^2","GCAM_SSP2","GCAM","new",0.457359
2087,"RF_N2O","W/m^2","GCAM_SSP2","GCAM","new",0.46122
2088,"RF_N2O","W/m^2","GCAM_SSP2","GCAM","new",0.465075
2089,"RF_N2O","W/m^2","GCAM_SSP2","GCAM","new",0.468925
2090,"RF_N2O","W/m^2","GCAM_SSP2","GCAM","new",0.47277
2091,"RF_N2O","W/m^2","GCAM_SSP2","GCAM","new",0.476603
2092,"RF_N2O","W/m^2","GCAM_SSP2","GCAM","new",0.480428
2093,"RF_N2O","W/m^2","GCAM_SSP2","GCAM","new",0.484243
2094,"RF_N2O","W/m^2","GCAM_SSP2","GCAM","new",0.488046
2095,"RF_N2O","W/m^2","GCAM_SSP2","GCAM","new",0.491839
2096,"RF_N2O","W/m^2","GCAM_SSP2","GCAM","new",0.495616
2097,"RF_N2O","W/m^2","GCAM_SSP2","GCAM","new",0.499377
2098,"RF_N2O","W/m^2","GCAM_SSP2","GCAM","new",0.503123
2099,"RF_N2O","W/m^2","GCAM_SSP2","GCAM","new",0.506852
2100,"RF_N2O","W/m^2","GCAM_SSP2","GCAM","new",0.510564
1976,"RF_N2O","W/m^2","GCAM_SSP3","GCAM","new",0.115037
1977,"RF_N2O","W/m^2","GCAM_SSP3","GCAM","new",0.116955
1978,"RF_N2O","W/m^2","GCAM_SSP3","GCAM","new",0.118975
1979,"RF_N2O","W/m^2","GCAM_SSP3","GCAM","new",0.12104
1980,"RF_N2O","W/m^2","GCAM_SSP3","GCAM","new",0.12313
1981,"RF_N2O","W/m^2","GCAM_SSP3","GCAM","new",0.125176
1982,"RF_N2O","W/m^2","GCAM_SSP3","GCAM","new",0.127234
1983,"RF_N2O","W/m^2","GCAM_SSP3","GCAM","new",0.129406
1984,"RF_N2O","W/m^2","GCAM_SSP3","GCAM","new",0.131643
1985,"RF_N2O","W/m^2","GCAM_SSP3","GCAM","new",0.133814
1986,"RF_N2O","W/m^2","GCAM_SSP3","GCAM","new",0.135942
1987,"RF_N2O","W/m^2","GCAM_SSP3","GCAM","new",0.138098
1988,"RF_N2O","W/m^2","GCAM_SSP3","GCAM","new",0.140234
1989,"RF_N2O","W/m^2","GCAM_SSP3","GCAM","new",0.142343
1990,"RF_N2O","W/m^2","GCAM_SSP3","GCAM","new",0.144516
1991,"RF_N2O","W/m^2","GCAM_SSP3","GCAM","new",0.146736
1992,"RF_N2O","W/m^2","GCAM_SSP3","GCAM","new",0.148892
1993,"RF_N2O","W/m^2","GCAM_SSP3","GCAM","new",0.151159
1994,"RF_N2O","W/m^2","GCAM_SSP3","GCAM","new",0.153517
1995,"RF_N2O","W/m^2","GCAM_SSP3","GCAM","new",0.155898
1996,"RF_N2O","W/m^2","GCAM_SSP3","GCAM","new",0.158303
1997,"RF_N2O","W/m^2","GCAM_SSP3","GCAM","new",0.160699
1998,"RF_N2O","W/m^2","GCAM_SSP3","GCAM","new",0.163071
1999,"RF_N2O","W/m^2","GCAM_SSP3","GCAM","new",0.165302
2000,"RF_N2O","W/m^2","GCAM_SSP3","GCAM","new",0.167457
2001,"RF_N2O","W/m^2","GCAM_SSP3","GCAM","new",0.169726
2002,"RF_N2O","W/m^2","GCAM_SSP3","GCAM","new",0.172114
2003,"RF_N2O","W/m^2","GCAM_SSP3","GCAM","new",0.17462
2004,"RF_N2O","W/m^2","GCAM_SSP3","GCAM","new",0.177203
2005,"RF_N2O","W/m^2","GCAM_SSP3","GCAM","new",0.179814
2006,"RF_N2O","W/m^2","GCAM_SSP3","GCAM","new",0.182478
2007,"RF_N2O","W/m^2","GCAM_SSP3","GCAM","new",0.185253
2008,"RF_N2O","W/m^2","GCAM_SSP3","GCAM","new",0.187914
2009,"RF_N2O","W/m^2","GCAM_SSP3","GCAM","new",0.1905
2010,"RF_N2O","W/m^2","GCAM_SSP3","GCAM","new",0.193225
2011,"RF_N2O","W/m^2","GCAM_SSP3","GCAM","new",0.196031
2012,"RF_N2O","W/m^2","GCAM_SSP3","GCAM","new",0.198877
2013,"RF_N2O","W/m^2","GCAM_SSP3","GCAM","new",0.201833
2014,"RF_N2O","W/m^2","GCAM_SSP3","GCAM","new",0.204907
2015,"RF_N2O","W/m^2","GCAM_SSP3","GCAM","new",0.208087
2016,"RF_N2O","W/m^2","GCAM_SSP3","GCAM","new",0.211235
2017,"RF_N2O","W/m^2","GCAM_SSP3","GCAM","new",0.214441
2018,"RF_N2O","W/m^2","GCAM_SSP3","GCAM","new",0.217636
2019,"RF_N2O","W/m^2","GCAM_SSP3","GCAM","new",0.22085
2020,"RF_N2O","W/m^2","GCAM_SSP3","GCAM","new",0.224001
2021,"RF_N2O","W/m^2","GCAM_SSP3","GCAM","new",0.227292
2022,"RF_N2O","W/m^2","GCAM_SSP3","GCAM","new",0.23037
2023,"RF_N2O","W/m^2","GCAM_SSP3","GCAM","new",0.23335
2024,"RF_N2O","W/m^2","GCAM_SSP3","GCAM","new",0.236431
2025,"RF_N2O","W/m^2","GCAM_SSP3","GCAM","new",0.239605
2026,"RF_N2O","W/m^2","GCAM_SSP3","GCAM","new",0.242796
2027,"RF_N2O","W/m^2","GCAM_SSP3","GCAM","new",0.246003
2028,"RF_N2O","W/m^2","GCAM_SSP3","GCAM","new",0.249227
2029,"RF_N2O","W/m^2","GCAM_SSP3","GCAM","new",0.252468
2030,"RF_N2O","W/m^2","GCAM_SSP3","GCAM","new",0.255725
2031,"RF_N2O","W/m^2","GCAM_SSP3","GCAM","new",0.258992
2032,"RF_N2O","W/m^2","GCAM_SSP3","GCAM","new",0.262271
2033,"RF_N2O","W/m^2","GCAM_SSP3","GCAM","new",0.26556
2034,"RF_N2O","W/m^2","GCAM_SSP3","GCAM","new",0.26886
2035,"RF_N2O","W/m^2","GCAM_SSP3","GCAM","new",0.272169
2036,"RF_N2O","W/m^2","GCAM_SSP3","GCAM","new",0.275483
2037,"RF_N2O","W/m^2","GCAM_SSP3","GCAM","new",0.278802
2038,"RF_N2O","W/m^2","GCAM_SSP3","GCAM","new",0.282125
2039,"RF_N2O","W/m^2","GCAM_SSP3","GCAM","new",0.285453
2040,"RF_N2O","W/m^2","GCAM_SSP3","GCAM","new",0.288785
2041,"RF_N2O","W/m^2","GCAM_SSP3","GCAM","new",0.292121
2042,"RF_N2O","W/m^2","GCAM_SSP3","GCAM","new",0.295463
2043,"RF_N2O","W/m^2","GCAM_SSP3","GCAM","new",0.298809
2044,"RF_N2O","W/m^2","GCAM_SSP3","GCAM","new",0.302158
2045,"RF_N2O","W/m^2","GCAM_SSP3","GCAM","new",0.305511
2046,"RF_N2O","W/m^2","GCAM_SSP3","GCAM","new",0.308876
2047,"RF_N2O","W/m^2","GCAM_SSP3","GCAM","new",0.312255
2048,"RF_N2O","W/m^2","GCAM_SSP3","GCAM","new",0.315646
2049,"RF_N2O","W/m^2","GCAM_SSP3","GCAM","new",0.319049
2050,"RF_N2O","W/m^2","GCAM_SSP3","GCAM","new",0.322464
2051,"RF_N2O","W/m^2","GCAM_SSP3","GCAM","new",0.325894
2052,"RF_N2O","W/m^2","GCAM_SSP3","GCAM","new",0.329337
2053,"RF_N2O","W/m^2","GCAM_SSP3","GCAM","new",0.332794
2054,"RF_N2O","W/m^2","GCAM_SSP3","GCAM","new",0.336266
2055,"RF_N2O","W/m^2","GCAM_SSP3","GCAM","new",0.339751
2056,"RF_N2O","W/m^2","GCAM_SSP3","GCAM","new",0.343253
2057,"RF_N2O","W/m^2","GCAM_SSP3","GCAM","new",0.346771
2058,"RF_N2O","W/m^2","GCAM_SSP3","GCAM","new",0.350306
2059,"RF_N2O","W/m^2","GCAM_SSP3","GCAM","new",0.353855
2060,"RF_N2O","W/m^2","GCAM_SSP3","GCAM","new",0.35742
2061,"RF_N2O","W/m^2","GCAM_SSP3","GCAM","new",0.360997
2062,"RF_N2O","W/m^2","GCAM_SSP3","GCAM","new",0.364589
2063,"RF_N2O","W/m^2","GCAM_SSP3","GCAM","new",0.368191
2064,"RF_N2O","W/m^2","GCAM_SSP3","GCAM","new",0.371806
2065,"RF_N2O","W/m^2","GCAM_SSP3","GCAM","new",0.375431
2066,"RF_N2O","W/m^2","GCAM_SSP3","GCAM","new",0.379065
2067,"RF_N2O","W/m^2","GCAM_SSP3","GCAM","new",0.382708
2068,"RF_N2O","W/m^2","GCAM_SSP3","GCAM","new",0.38636
2069,"RF_N2O","W/m^2","GCAM_SSP3","GCAM","new",0.390019
2070,"RF_N2O","W/m^2","GCAM_SSP3","GCAM","new",0.393686
2071,"RF_N2O","W/m^2","GCAM_SSP3","GCAM","new",0.397358
2072,"RF_N2O","W/m^2","GCAM_SSP3","GCAM","new",0.401035
2073,"RF_N2O","W/m^2","GCAM_SSP3","GCAM","new",0.404716
2074,"RF_N2O","W/m^2","GCAM_SSP3","GCAM","new",0.408402
2075,"RF_N2O","W/m^2","GCAM_SSP3","GCAM","new",0.412091
2076,"RF_N2O","W/m^2","GCAM_SSP3","GCAM","new",0.415784
2077,"RF_N2O","W/m^2","GCAM_SSP3","GCAM","new",0.419482
2078,"RF_N2O","W/m^2","GCAM_SSP3","GCAM","new",0.423184
2079,"RF_N2O","W/m^2","GCAM_SSP3","GCAM","new",0.426889
2080,"RF_N2O","W/m^2","GCAM_SSP3","GCAM","new",0.430598
2081,"RF_N2O","W/m^2","GCAM_SSP3","GCAM","new",0.434307
2082,"RF_N2O","W/m^2","GCAM_SSP3","GCAM","new",0.438017
2083,"RF_N2O","W/m^2","GCAM_SSP3","GCAM","new",0.441728
2084,"RF_N2O","W/m^2","GCAM_SSP3","GCAM","new",0.445438
2085,"RF_N2O","W/m^2","GCAM_SSP3","GCAM","new",0.449147
2086,"RF_N2O","W/m^2","GCAM_SSP3","GCAM","new",0.452858
2087,"RF_N2O","W/m^2","GCAM_SSP3","GCAM","new",0.456572
2088,"RF_N2O","W/m^2","GCAM_SSP3","GCAM","new",0.460286
2089,"RF_N2O","W/m^2","GCAM_SSP3","GCAM","new",0.464
2090,"RF_N2O","W/m^2","GCAM_SSP3","GCAM","new",0.467716
2091,"RF_N2O","W/m^2","GCAM_SSP3","GCAM","new",0.471429
2092,"RF_N2O","W/m^2","GCAM_SSP3","GCAM","new",0.475142
2093,"RF_N2O","W/m^2","GCAM_SSP3","GCAM","new",0.478852
2094,"RF_N2O","W/m^2","GCAM_SSP3","GCAM","new",0.482561
2095,"RF_N2O","W/m^2","GCAM_SSP3","GCAM","new",0.486267
2096,"RF_N2O","W/m^2","GCAM_SSP3","GCAM","new",0.489969
2097,"RF_N2O","W/m^2","GCAM_SSP3","GCAM","new",0.493668
2098,"RF_N2O","W/m^2","GCAM_SSP3","GCAM","new",0.497362
2099,"RF_N2O","W/m^2","GCAM_SSP3","GCAM","new",0.501053
2100,"RF_N2O","W/m^2","GCAM_SSP3","GCAM","new",0.504739
1976,"RF_CH4","W/m^2","Reference","GCAM","new",0.411596
1977,"RF_CH4","W/m^2","Reference","GCAM","new",0.418849
1978,"RF_CH4","W/m^2","Reference","GCAM","new",0.425829
1979,"RF_CH4","W/m^2","Reference","GCAM","new",0.43289
1980,"RF_CH4","W/m^2","Reference","GCAM","new",0.439448
1981,"RF_CH4","W/m^2","Reference","GCAM","new",0.445091
1982,"RF_CH4","W/m^2","Reference","GCAM","new",0.452464
1983,"RF_CH4","W/m^2","Reference","GCAM","new",0.4575
1984,"RF_CH4","W/m^2","Reference","GCAM","new",0.462547
1985,"RF_CH4","W/m^2","Reference","GCAM","new",0.467663
1986,"RF_CH4","W/m^2","Reference","GCAM","new",0.472782
1987,"RF_CH4","W/m^2","Reference","GCAM","new",0.477841
1988,"RF_CH4","W/m^2","Reference","GCAM","new",0.482281
1989,"RF_CH4","W/m^2","Reference","GCAM","new",0.48624
1990,"RF_CH4","W/m^2","Reference","GCAM","new",0.489815
1991,"RF_CH4","W/m^2","Reference","GCAM","new",0.496888
1992,"RF_CH4","W/m^2","Reference","GCAM","new",0.498334
1993,"RF_CH4","W/m^2","Reference","GCAM","new",0.499714
1994,"RF_CH4","W/m^2","Reference","GCAM","new",0.503998
1995,"RF_CH4","W/m^2","Reference","GCAM","new",0.50525
1996,"RF_CH4","W/m^2","Reference","GCAM","new",0.506382
1997,"RF_CH4","W/m^2","Reference","GCAM","new",0.513959
1998,"RF_CH4","W/m^2","Reference","GCAM","new",0.515915
1999,"RF_CH4","W/m^2","Reference","GCAM","new",0.51557
2000,"RF_CH4","W/m^2","Reference","GCAM","new",0.514564
2001,"RF_CH4","W/m^2","Reference","GCAM","new",0.513868
2002,"RF_CH4","W/m^2","Reference","GCAM","new",0.515304
2003,"RF_CH4","W/m^2","Reference","GCAM","new",0.516502
2004,"RF_CH4","W/m^2","Reference","GCAM","new",0.517774
2005,"RF_CH4","W/m^2","Reference","GCAM","new",0.519387
2006,"RF_CH4","W/m^2","Reference","GCAM","new",0.522383
2007,"RF_CH4","W/m^2","Reference","GCAM","new",0.522443
2008,"RF_CH4","W/m^2","Reference","GCAM","new",0.522212
2009,"RF_CH4","W/m^2","Reference","GCAM","new",0.523645
2010,"RF_CH4","W/m^2","Reference","GCAM","new",0.525679
2011,"RF_CH4","W/m^2","Reference","GCAM","new",0.526944
2012,"RF_CH4","W/m^2","Reference","GCAM","new",0.529626
2013,"RF_CH4","W/m^2","Reference","GCAM","new",0.531886
2014,"RF_CH4","W/m^2","Reference","GCAM","new",0.536221
2015,"RF_CH4","W/m^2","Reference","GCAM","new",0.542014
2016,"RF_CH4","W/m^2","Reference","GCAM","new",0.544391
2017,"RF_CH4","W/m^2","Reference","GCAM","new",0.546983
2018,"RF_CH4","W/m^2","Reference","GCAM","new",0.550133
2019,"RF_CH4","W/m^2","Reference","GCAM","new",0.555149
2020,"RF_CH4","W/m^2","Reference","GCAM","new",0.55833
2021,"RF_CH4","W/m^2","Reference","GCAM","new",0.563137
2022,"RF_CH4","W/m^2","Reference","GCAM","new",0.565964
2023,"RF_CH4","W/m^2","Reference","GCAM","new",0.569996
2024,"RF_CH4","W/m^2","Reference","GCAM","new",0.575092
2025,"RF_CH4","W/m^2","Reference","GCAM","new",0.581204
2026,"RF_CH4","W/m^2","Reference","GCAM","new",0.587431
2027,"RF_CH4","W/m^2","Reference","GCAM","new",0.593763
2028,"RF_CH4","W/m^2","Reference","GCAM","new",0.600191
2029,"RF_CH4","W/m^2","Reference","GCAM","new",0.606706
2030,"RF_CH4","W/m^2","Reference","GCAM","new",0.613303
2031,"RF_CH4","W/m^2","Reference","GCAM","new",0.619985
2032,"RF_CH4","W/m^2","Reference","GCAM","new",0.626747
2033,"RF_CH4","W/m^2","Reference","GCAM","new",0.633582
2034,"RF_CH4","W/m^2","Reference","GCAM","new",0.640484
2035,"RF_CH4","W/m^2","Reference","GCAM","new",0.647447
2036,"RF_CH4","W/m^2","Reference","GCAM","new",0.654394
2037,"RF_CH4","W/m^2","Reference","GCAM","new",0.661326
2038,"RF_CH4","W/m^2","Reference","GCAM","new",0.668245
2039,"RF_CH4","W/m^2","Reference","GCAM","new",0.675151
2040,"RF_CH4","W/m^2","Reference","GCAM","new",0.682046
2041,"RF_CH4","W/m^2","Reference","GCAM","new",0.688795
2042,"RF_CH4","W/m^2","Reference","GCAM","new",0.695408
2043,"RF_CH4","W/m^2","Reference","GCAM","new",0.701897
2044,"RF_CH4","W/m^2","Reference","GCAM","new",0.70827
2045,"RF_CH4","W/m^2","Reference","GCAM","new",0.714536
2046,"RF_CH4","W/m^2","Reference","GCAM","new",0.720762
2047,"RF_CH4","W/m^2","Reference","GCAM","new",0.72695
2048,"RF_CH4","W/m^2","Reference","GCAM","new",0.733102
2049,"RF_CH4","W/m^2","Reference","GCAM","new",0.73922
2050,"RF_CH4","W/m^2","Reference","GCAM","new",0.745307
2051,"RF_CH4","W/m^2","Reference","GCAM","new",0.751388
2052,"RF_CH4","W/m^2","Reference","GCAM","new",0.757463
2053,"RF_CH4","W/m^2","Reference","GCAM","new",0.763532
2054,"RF_CH4","W/m^2","Reference","GCAM","new",0.769595
2055,"RF_CH4","W/m^2","Reference","GCAM","new",0.775651
2056,"RF_CH4","W/m^2","Reference","GCAM","new",0.781691
2057,"RF_CH4","W/m^2","Reference","GCAM","new",0.787717
2058,"RF_CH4","W/m^2","Reference","GCAM","new",0.793728
2059,"RF_CH4","W/m^2","Reference","GCAM","new",0.799724
2060,"RF_CH4","W/m^2","Reference","GCAM","new",0.805705
2061,"RF_CH4","W/m^2","Reference","GCAM","new",0.811644
2062,"RF_CH4","W/m^2","Reference","GCAM","new",0.817542
2063,"RF_CH4","W/m^2","Reference","GCAM","new",0.823402
2064,"RF_CH4","W/m^2","Reference","GCAM","new",0.829225
2065,"RF_CH4","W/m^2","Reference","GCAM","new",0.835014
2066,"RF_CH4","W/m^2","Reference","GCAM","new",0.840727
2067,"RF_CH4","W/m^2","Reference","GCAM","new",0.846369
2068,"RF_CH4","W/m^2","Reference","GCAM","new",0.851946
2069,"RF_CH4","W/m^2","Reference","GCAM","new",0.85746
2070,"RF_CH4","W/m^2","Reference","GCAM","new",0.862915
2071,"RF_CH4","W/m^2","Reference","GCAM","new",0.868292
2072,"RF_CH4","W/m^2","Reference","GCAM","new",0.873594
2073,"RF_CH4","W/m^2","Reference","GCAM","new",0.878827
2074,"RF_CH4","W/m^2","Reference","GCAM","new",0.883995
2075,"RF_CH4","W/m^2","Reference","GCAM","new",0.889101
2076,"RF_CH4","W/m^2","Reference","GCAM","new",0.894099
2077,"RF_CH4","W/m^2","Reference","GCAM","new",0.898995
2078,"RF_CH4","W/m^2","Reference","GCAM","new",0.903797
2079,"RF_CH4","W/m^2","Reference","GCAM","new",0.908509
2080,"RF_CH4","W/m^2","Reference","GCAM","new",0.913138
2081,"RF_CH4","W/m^2","Reference","GCAM","new",0.917628
2082,"RF_CH4","W/m^2","Reference","GCAM","new",0.921988
2083,"RF_CH4","W/m^2","Reference","GCAM","new",0.926227
2084,"RF_CH4","W/m^2","Reference","GCAM","new",0.930353
2085,"RF_CH4","W/m^2","Reference","GCAM","new",0.934372
2086,"RF_CH4","W/m^2","Reference","GCAM","new",0.938236
2087,"RF_CH4","W/m^2","Reference","GCAM","new",0.941955
2088,"RF_CH4","W/m^2","Reference","GCAM","new",0.945537
2089,"RF_CH4","W/m^2","Reference","GCAM","new",0.948992
2090,"RF_CH4","W/m^2","Reference","GCAM","new",0.952328
2091,"RF_CH4","W/m^2","Reference","GCAM","new",0.955531
2092,"RF_CH4","W/m^2","Reference","GCAM","new",0.95861
2093,"RF_CH4","W/m^2","Reference","GCAM","new",0.961573
2094,"RF_CH4","W/m^2","Reference","GCAM","new",0.964426
2095,"RF_CH4","W/m^2","Reference","GCAM","new",0.967178
2096,"RF_CH4","W/m^2","Reference","GCAM","new",0.969819
2097,"RF_CH4","W/m^2","Reference","GCAM","new",0.972355
2098,"RF_CH4","W/m^2","Reference","GCAM","new",0.974794
2099,"RF_CH4","W/m^2","Reference","GCAM","new",0.977141
2100,"RF_CH4","W/m^2","Reference","GCAM","new",0.979403
1976,"RF_CH4","W/m^2","GCAM_SSP4","GCAM","new",0.411596
1977,"RF_CH4","W/m^2","GCAM_SSP4","GCAM","new",0.418849
1978,"RF_CH4","W/m^2","GCAM_SSP4","GCAM","new",0.425829
1979,"RF_CH4","W/m^2","GCAM_SSP4","GCAM","new",0.43289
1980,"RF_CH4","W/m^2","GCAM_SSP4","GCAM","new",0.439448
1981,"RF_CH4","W/m^2","GCAM_SSP4","GCAM","new",0.445091
1982,"RF_CH4","W/m^2","GCAM_SSP4","GCAM","new",0.452464
1983,"RF_CH4","W/m^2","GCAM_SSP4","GCAM","new",0.4575
1984,"RF_CH4","W/m^2","GCAM_SSP4","GCAM","new",0.462547
1985,"RF_CH4","W/m^2","GCAM_SSP4","GCAM","new",0.467663
1986,"RF_CH4","W/m^2","GCAM_SSP4","GCAM","new",0.472782
1987,"RF_CH4","W/m^2","GCAM_SSP4","GCAM","new",0.477841
1988,"RF_CH4","W/m^2","GCAM_SSP4","GCAM","new",0.482281
1989,"RF_CH4","W/m^2","GCAM_SSP4","GCAM","new",0.48624
1990,"RF_CH4","W/m^2","GCAM_SSP4","GCAM","new",0.489815
1991,"RF_CH4","W/m^2","GCAM_SSP4","GCAM","new",0.496888
1992,"RF_CH4","W/m^2","GCAM_SSP4","GCAM","new",0.498334
1993,"RF_CH4","W/m^2","GCAM_SSP4","GCAM","new",0.499714
1994,"RF_CH4","W/m^2","GCAM_SSP4","GCAM","new",0.503998
1995,"RF_CH4","W/m^2","GCAM_SSP4","GCAM","new",0.50525
1996,"RF_CH4","W/m^2","GCAM_SSP4","GCAM","new",0.506382
1997,"RF_CH4","W/m^2","GCAM_SSP4","GCAM","new",0.513959
1998,"RF_CH4","W/m^2","GCAM_SSP4","GCAM","new",0.515915
1999,"RF_CH4","W/m^2","GCAM_SSP4","GCAM","new",0.51557
2000,"RF_CH4","W/m^2","GCAM_SSP4","GCAM","new",0.514564
2001,"RF_CH4","W/m^2","GCAM_SSP4","GCAM","new",0.513868
2002,"RF_CH4","W/m^2","GCAM_SSP4","GCAM","new",0.515304
2003,"RF_CH4","W/m^2","GCAM_SSP4","GCAM","new",0.516502
2004,"RF_CH4","W/m^2","GCAM_SSP4","GCAM","new",0.517774
2005,"RF_CH4","W/m^2","GCAM_SSP4","GCAM","new",0.519387
2006,"RF_CH4","W/m^2","GCAM_SSP4","GCAM","new",0.522383
2007,"RF_CH4","W/m^2","GCAM_SSP4","GCAM","new",0.522443
2008,"RF_CH4","W/m^2","GCAM_SSP4","GCAM","new",0.522212
2009,"RF_CH4","W/m^2","GCAM_SSP4","GCAM","new",0.523645
2010,"RF_CH4","W/m^2","GCAM_SSP4","GCAM","new",0.525679
2011,"RF_CH4","W/m^2","GCAM_SSP4","GCAM","new",0.526944
2012,"RF_CH4","W/m^2","GCAM_SSP4","GCAM","new",0.529626
2013,"RF_CH4","W/m^2","GCAM_SSP4","GCAM","new",0.531886
2014,"RF_CH4","W/m^2","GCAM_SSP4","GCAM","new",0.536221
2015,"RF_CH4","W/m^2","GCAM_SSP4","GCAM","new",0.542014
2016,"RF_CH4","W/m^2","GCAM_SSP4","GCAM","new",0.544391
2017,"RF_CH4","W/m^2","GCAM_SSP4","GCAM","new",0.546983
2018,"RF_CH4","W/m^2","GCAM_SSP4","GCAM","new",0.550133
2019,"RF_CH4","W/m^2","GCAM_SSP4","GCAM","new",0.555149
2020,"RF_CH4","W/m^2","GCAM_SSP4","GCAM","new",0.55833
2021,"RF_CH4","W/m^2","GCAM_SSP4","GCAM","new",0.563137
2022,"RF_CH4","W/m^2","GCAM_SSP4","GCAM","new",0.565964
2023,"RF_CH4","W/m^2","GCAM_SSP4","GCAM","new",0.569996
2024,"RF_CH4","W/m^2","GCAM_SSP4","GCAM","new",0.573008
2025,"RF_CH4","W/m^2","GCAM_SSP4","GCAM","new",0.575127
2026,"RF_CH4","W/m^2","GCAM_SSP4","GCAM","new",0.577643
2027,"RF_CH4","W/m^2","GCAM_SSP4","GCAM","new",0.580524
2028,"RF_CH4","W/m^2","GCAM_SSP4","GCAM","new",0.583738
2029,"RF_CH4","W/m^2","GCAM_SSP4","GCAM","new",0.587259
2030,"RF_CH4","W/m^2","GCAM_SSP4","GCAM","new",0.591059
2031,"RF_CH4","W/m^2","GCAM_SSP4","GCAM","new",0.595131
2032,"RF_CH4","W/m^2","GCAM_SSP4","GCAM","new",0.599452
2033,"RF_CH4","W/m^2","GCAM_SSP4","GCAM","new",0.604001
2034,"RF_CH4","W/m^2","GCAM_SSP4","GCAM","new",0.608758
2035,"RF_CH4","W/m^2","GCAM_SSP4","GCAM","new",0.613707
2036,"RF_CH4","W/m^2","GCAM_SSP4","GCAM","new",0.618831
2037,"RF_CH4","W/m^2","GCAM_SSP4","GCAM","new",0.624115
2038,"RF_CH4","W/m^2","GCAM_SSP4","GCAM","new",0.629547
2039,"RF_CH4","W/m^2","GCAM_SSP4","GCAM","new",0.635114
2040,"RF_CH4","W/m^2","GCAM_SSP4","GCAM","new",0.640804
2041,"RF_CH4","W/m^2","GCAM_SSP4","GCAM","new",0.646404
2042,"RF_CH4","W/m^2","GCAM_SSP4","GCAM","new",0.651921
2043,"RF_CH4","W/m^2","GCAM_SSP4","GCAM","new",0.657362
2044,"RF_CH4","W/m^2","GCAM_SSP4","GCAM","new",0.662732
2045,"RF_CH4","W/m^2","GCAM_SSP4","GCAM","new",0.668037
2046,"RF_CH4","W/m^2","GCAM_SSP4","GCAM","new",0.673364
2047,"RF_CH4","W/m^2","GCAM_SSP4","GCAM","new",0.678709
2048,"RF_CH4","W/m^2","GCAM_SSP4","GCAM","new",0.684072
2049,"RF_CH4","W/m^2","GCAM_SSP4","GCAM","new",0.68945
2050,"RF_CH4","W/m^2","GCAM_SSP4","GCAM","new",0.694842
2051,"RF_CH4","W/m^2","GCAM_SSP4","GCAM","new",0.700251
2052,"RF_CH4","W/m^2","GCAM_SSP4","GCAM","new",0.705677
2053,"RF_CH4","W/m^2","GCAM_SSP4","GCAM","new",0.711117
2054,"RF_CH4","W/m^2","GCAM_SSP4","GCAM","new",0.716569
2055,"RF_CH4","W/m^2","GCAM_SSP4","GCAM","new",0.722032
2056,"RF_CH4","W/m^2","GCAM_SSP4","GCAM","new",0.727508
2057,"RF_CH4","W/m^2","GCAM_SSP4","GCAM","new",0.732996
2058,"RF_CH4","W/m^2","GCAM_SSP4","GCAM","new",0.738493
2059,"RF_CH4","W/m^2","GCAM_SSP4","GCAM","new",0.743999
2060,"RF_CH4","W/m^2","GCAM_SSP4","GCAM","new",0.749511
2061,"RF_CH4","W/m^2","GCAM_SSP4","GCAM","new",0.755009
2062,"RF_CH4","W/m^2","GCAM_SSP4","GCAM","new",0.760493
2063,"RF_CH4","W/m^2","GCAM_SSP4","GCAM","new",0.765962
2064,"RF_CH4","W/m^2","GCAM_SSP4","GCAM","new",0.771418
2065,"RF_CH4","W/m^2","GCAM_SSP4","GCAM","new",0.776861
2066,"RF_CH4","W/m^2","GCAM_SSP4","GCAM","new",0.782257
2067,"RF_CH4","W/m^2","GCAM_SSP4","GCAM","new",0.787609
2068,"RF_CH4","W/m^2","GCAM_SSP4","GCAM","new",0.792919
2069,"RF_CH4","W/m^2","GCAM_SSP4","GCAM","new",0.798191
2070,"RF_CH4","W/m^2","GCAM_SSP4","GCAM","new",0.803427
2071,"RF_CH4","W/m^2","GCAM_SSP4","GCAM","new",0.808627
2072,"RF_CH4","W/m^2","GCAM_SSP4","GCAM","new",0.813793
2073,"RF_CH4","W/m^2","GCAM_SSP4","GCAM","new",0.818928
2074,"RF_CH4","W/m^2","GCAM_SSP4","GCAM","new",0.824033
2075,"RF_CH4","W/m^2","GCAM_SSP4","GCAM","new",0.82911
2076,"RF_CH4","W/m^2","GCAM_SSP4","GCAM","new",0.834137
2077,"RF_CH4","W/m^2","GCAM_SSP4","GCAM","new",0.839117
2078,"RF_CH4","W/m^2","GCAM_SSP4","GCAM","new",0.844053
2079,"RF_CH4","W/m^2","GCAM_SSP4","GCAM","new",0.848948
2080,"RF_CH4","W/m^2","GCAM_SSP4","GCAM","new",0.853805
2081,"RF_CH4","W/m^2","GCAM_SSP4","GCAM","new",0.858608
2082,"RF_CH4","W/m^2","GCAM_SSP4","GCAM","new",0.863359
2083,"RF_CH4","W/m^2","GCAM_SSP4","GCAM","new",0.868063
2084,"RF_CH4","W/m^2","GCAM_SSP4","GCAM","new",0.872723
2085,"RF_CH4","W/m^2","GCAM_SSP4","GCAM","new",0.877341
2086,"RF_CH4","W/m^2","GCAM_SSP4","GCAM","new",0.881945
2087,"RF_CH4","W/m^2","GCAM_SSP4","GCAM","new",0.886534
2088,"RF_CH4","W/m^2","GCAM_SSP4","GCAM","new",0.891109
2089,"RF_CH4","W/m^2","GCAM_SSP4","GCAM","new",0.895672
2090,"RF_CH4","W/m^2","GCAM_SSP4","GCAM","new",0.900221
2091,"RF_CH4","W/m^2","GCAM_SSP4","GCAM","new",0.90475
2092,"RF_CH4","W/m^2","GCAM_SSP4","GCAM","new",0.909259
2093,"RF_CH4","W/m^2","GCAM_SSP4","GCAM","new",0.91375
2094,"RF_CH4","W/m^2","GCAM_SSP4","GCAM","new",0.918223
2095,"RF_CH4","W/m^2","GCAM_SSP4","GCAM","new",0.922678
2096,"RF_CH4","W/m^2","GCAM_SSP4","GCAM","new",0.927112
2097,"RF_CH4","W/m^2","GCAM_SSP4","GCAM","new",0.931524
2098,"RF_CH4","W/m^2","GCAM_SSP4","GCAM","new",0.935915
2099,"RF_CH4","W/m^2","GCAM_SSP4","GCAM","new",0.940287
2100,"RF_CH4","W/m^2","GCAM_SSP4","GCAM","new",0.944641
1976,"RF_CH4","W/m^2","GCAM_SSP5","GCAM","new",0.411596
1977,"RF_CH4","W/m^2","GCAM_SSP5","GCAM","new",0.418849
1978,"RF_CH4","W/m^2","GCAM_SSP5","GCAM","new",0.425829
1979,"RF_CH4","W/m^2","GCAM_SSP5","GCAM","new",0.43289
1980,"RF_CH4","W/m^2","GCAM_SSP5","GCAM","new",0.439448
1981,"RF_CH4","W/m^2","GCAM_SSP5","GCAM","new",0.445091
1982,"RF_CH4","W/m^2","GCAM_SSP5","GCAM","new",0.452464
1983,"RF_CH4","W/m^2","GCAM_SSP5","GCAM","new",0.4575
1984,"RF_CH4","W/m^2","GCAM_SSP5","GCAM","new",0.462547
1985,"RF_CH4","W/m^2","GCAM_SSP5","GCAM","new",0.467663
1986,"RF_CH4","W/m^2","GCAM_SSP5","GCAM","new",0.472782
1987,"RF_CH4","W/m^2","GCAM_SSP5","GCAM","new",0.477841
1988,"RF_CH4","W/m^2","GCAM_SSP5","GCAM","new",0.482281
1989,"RF_CH4","W/m^2","GCAM_SSP5","GCAM","new",0.48624
1990,"RF_CH4","W/m^2","GCAM_SSP5","GCAM","new",0.489815
1991,"RF_CH4","W/m^2","GCAM_SSP5","GCAM","new",0.496888
1992,"RF_CH4","W/m^2","GCAM_SSP5","GCAM","new",0.498334
1993,"RF_CH4","W/m^2","GCAM_SSP5","GCAM","new",0.499714
1994,"RF_CH4","W/m^2","GCAM_SSP5","GCAM","new",0.503998
1995,"RF_CH4","W/m^2","GCAM_SSP5","GCAM","new",0.50525
1996,"RF_CH4","W/m^2","GCAM_SSP5","GCAM","new",0.506382
1997,"RF_CH4","W/m^2","GCAM_SSP5","GCAM","new",0.513959
1998,"RF_CH4","W/m^2","GCAM_SSP5","GCAM","new",0.515915
1999,"RF_CH4","W/m^2","GCAM_SSP5","GCAM","new",0.51557
2000,"RF_CH4","W/m^2","GCAM_SSP5","GCAM","new",0.514564
2001,"RF_CH4","W/m^2","GCAM_SSP5","GCAM","new",0.513868
2002,"RF_CH4","W/m^2","GCAM_SSP5","GCAM","new",0.515304
2003,"RF_CH4","W/m^2","GCAM_SSP5","GCAM","new",0.516502
2004,"RF_CH4","W/m^2","GCAM_SSP5","GCAM","new",0.517774
2005,"RF_CH4","W/m^2","GCAM_SSP5","GCAM","new",0.519387
2006,"RF_CH4","W/m^2","GCAM_SSP5","GCAM","new",0.522383
2007,"RF_CH4","W/m^2","GCAM_SSP5","GCAM","new",0.522443
2008,"RF_CH4","W/m^2","GCAM_SSP5","GCAM","new",0.522212
2009,"RF_CH4","W/m^2","GCAM_SSP5","GCAM","new",0.523645
2010,"RF_CH4","W/m^2","GCAM_SSP5","GCAM","new",0.525679
2011,"RF_CH4","W/m^2","GCAM_SSP5","GCAM","new",0.526944
2012,"RF_CH4","W/m^2","GCAM_SSP5","GCAM","new",0.529626
2013,"RF_CH4","W/m^2","GCAM_SSP5","GCAM","new",0.531886
2014,"RF_CH4","W/m^2","GCAM_SSP5","GCAM","new",0.536221
2015,"RF_CH4","W/m^2","GCAM_SSP5","GCAM","new",0.542014
2016,"RF_CH4","W/m^2","GCAM_SSP5","GCAM","new",0.544391
2017,"RF_CH4","W/m^2","GCAM_SSP5","GCAM","new",0.546983
2018,"RF_CH4","W/m^2","GCAM_SSP5","GCAM","new",0.550133
2019,"RF_CH4","W/m^2","GCAM_SSP5","GCAM","new",0.555149
2020,"RF_CH4","W/m^2","GCAM_SSP5","GCAM","new",0.55833
2021,"RF_CH4","W/m^2","GCAM_SSP5","GCAM","new",0.563137
2022,"RF_CH4","W/m^2","GCAM_SSP5","GCAM","new",0.565964
2023,"RF_CH4","W/m^2","GCAM_SSP5","GCAM","new",0.569996
2024,"RF_CH4","W/m^2","GCAM_SSP5","GCAM","new",0.574024
2025,"RF_CH4","W/m^2","GCAM_SSP5","GCAM","new",0.57811
2026,"RF_CH4","W/m^2","GCAM_SSP5","GCAM","new",0.582519
2027,"RF_CH4","W/m^2","GCAM_SSP5","GCAM","new",0.587223
2028,"RF_CH4","W/m^2","GCAM_SSP5","GCAM","new",0.592199
2029,"RF_CH4","W/m^2","GCAM_SSP5","GCAM","new",0.597422
2030,"RF_CH4","W/m^2","GCAM_SSP5","GCAM","new",0.602871
2031,"RF_CH4","W/m^2","GCAM_SSP5","GCAM","new",0.608561
2032,"RF_CH4","W/m^2","GCAM_SSP5","GCAM","new",0.61447
2033,"RF_CH4","W/m^2","GCAM_SSP5","GCAM","new",0.620579
2034,"RF_CH4","W/m^2","GCAM_SSP5","GCAM","new",0.626872
2035,"RF_CH4","W/m^2","GCAM_SSP5","GCAM","new",0.633333
2036,"RF_CH4","W/m^2","GCAM_SSP5","GCAM","new",0.640028
2037,"RF_CH4","W/m^2","GCAM_SSP5","GCAM","new",0.646937
2038,"RF_CH4","W/m^2","GCAM_SSP5","GCAM","new",0.654043
2039,"RF_CH4","W/m^2","GCAM_SSP5","GCAM","new",0.661328
2040,"RF_CH4","W/m^2","GCAM_SSP5","GCAM","new",0.668777
2041,"RF_CH4","W/m^2","GCAM_SSP5","GCAM","new",0.676191
2042,"RF_CH4","W/m^2","GCAM_SSP5","GCAM","new",0.683573
2043,"RF_CH4","W/m^2","GCAM_SSP5","GCAM","new",0.690924
2044,"RF_CH4","W/m^2","GCAM_SSP5","GCAM","new",0.698244
2045,"RF_CH4","W/m^2","GCAM_SSP5","GCAM","new",0.705536
2046,"RF_CH4","W/m^2","GCAM_SSP5","GCAM","new",0.712865
2047,"RF_CH4","W/m^2","GCAM_SSP5","GCAM","new",0.720226
2048,"RF_CH4","W/m^2","GCAM_SSP5","GCAM","new",0.727615
2049,"RF_CH4","W/m^2","GCAM_SSP5","GCAM","new",0.73503
2050,"RF_CH4","W/m^2","GCAM_SSP5","GCAM","new",0.742466
2051,"RF_CH4","W/m^2","GCAM_SSP5","GCAM","new",0.74983
2052,"RF_CH4","W/m^2","GCAM_SSP5","GCAM","new",0.757128
2053,"RF_CH4","W/m^2","GCAM_SSP5","GCAM","new",0.764361
2054,"RF_CH4","W/m^2","GCAM_SSP5","GCAM","new",0.771535
2055,"RF_CH4","W/m^2","GCAM_SSP5","GCAM","new",0.778651
2056,"RF_CH4","W/m^2","GCAM_SSP5","GCAM","new",0.785683
2057,"RF_CH4","W/m^2","GCAM_SSP5","GCAM","new",0.792637
2058,"RF_CH4","W/m^2","GCAM_SSP5","GCAM","new",0.799517
2059,"RF_CH4","W/m^2","GCAM_SSP5","GCAM","new",0.806326
2060,"RF_CH4","W/m^2","GCAM_SSP5","GCAM","new",0.813069
2061,"RF_CH4","W/m^2","GCAM_SSP5","GCAM","new",0.81971
2062,"RF_CH4","W/m^2","GCAM_SSP5","GCAM","new",0.826256
2063,"RF_CH4","W/m^2","GCAM_SSP5","GCAM","new",0.832712
2064,"RF_CH4","W/m^2","GCAM_SSP5","GCAM","new",0.839084
2065,"RF_CH4","W/m^2","GCAM_SSP5","GCAM","new",0.845377
2066,"RF_CH4","W/m^2","GCAM_SSP5","GCAM","new",0.851533
2067,"RF_CH4","W/m^2","GCAM_SSP5","GCAM","new",0.857561
2068,"RF_CH4","W/m^2","GCAM_SSP5","GCAM","new",0.86347
2069,"RF_CH4","W/m^2","GCAM_SSP5","GCAM","new",0.869268
2070,"RF_CH4","W/m^2","GCAM_SSP5","GCAM","new",0.874962
2071,"RF_CH4","W/m^2","GCAM_SSP5","GCAM","new",0.880504
2072,"RF_CH4","W/m^2","GCAM_SSP5","GCAM","new",0.885906
2073,"RF_CH4","W/m^2","GCAM_SSP5","GCAM","new",0.891177
2074,"RF_CH4","W/m^2","GCAM_SSP5","GCAM","new",0.896326
2075,"RF_CH4","W/m^2","GCAM_SSP5","GCAM","new",0.901362
2076,"RF_CH4","W/m^2","GCAM_SSP5","GCAM","new",0.906221
2077,"RF_CH4","W/m^2","GCAM_SSP5","GCAM","new",0.910916
2078,"RF_CH4","W/m^2","GCAM_SSP5","GCAM","new",0.915459
2079,"RF_CH4","W/m^2","GCAM_SSP5","GCAM","new",0.919861
2080,"RF_CH4","W/m^2","GCAM_SSP5","GCAM","new",0.92413
2081,"RF_CH4","W/m^2","GCAM_SSP5","GCAM","new",0.928201
2082,"RF_CH4","W/m^2","GCAM_SSP5","GCAM","new",0.932089
2083,"RF_CH4","W/m^2","GCAM_SSP5","GCAM","new",0.935805
2084,"RF_CH4","W/m^2","GCAM_SSP5","GCAM","new",0.939362
2085,"RF_CH4","W/m^2","GCAM_SSP5","GCAM","new",0.942772
2086,"RF_CH4","W/m^2","GCAM_SSP5","GCAM","new",0.945986
2087,"RF_CH4","W/m^2","GCAM_SSP5","GCAM","new",0.94902
2088,"RF_CH4","W/m^2","GCAM_SSP5","GCAM","new",0.951886
2089,"RF_CH4","W/m^2","GCAM_SSP5","GCAM","new",0.954594
2090,"RF_CH4","W/m^2","GCAM_SSP5","GCAM","new",0.957156
2091,"RF_CH4","W/m^2","GCAM_SSP5","GCAM","new",0.959542
2092,"RF_CH4","W/m^2","GCAM_SSP5","GCAM","new",0.961764
2093,"RF_CH4","W/m^2","GCAM_SSP5","GCAM","new",0.963832
2094,"RF_CH4","W/m^2","GCAM_SSP5","GCAM","new",0.965758
2095,"RF_CH4","W/m^2","GCAM_SSP5","GCAM","new",0.967549
2096,"RF_CH4","W/m^2","GCAM_SSP5","GCAM","new",0.969191
2097,"RF_CH4","W/m^2","GCAM_SSP5","GCAM","new",0.970693
2098,"RF_CH4","W/m^2","GCAM_SSP5","GCAM","new",0.972063
2099,"RF_CH4","W/m^2","GCAM_SSP5","GCAM","new",0.973311
2100,"RF_CH4","W/m^2","GCAM_SSP5","GCAM","new",0.974444
1976,"RF_CH4","W/m^2","GCAM_SSP1","GCAM","new",0.411596
1977,"RF_CH4","W/m^2","GCAM_SSP1","GCAM","new",0.418849
1978,"RF_CH4","W/m^2","GCAM_SSP1","GCAM","new",0.425829
1979,"RF_CH4","W/m^2","GCAM_SSP1","GCAM","new",0.43289
1980,"RF_CH4","W/m^2","GCAM_SSP1","GCAM","new",0.439448
1981,"RF_CH4","W/m^2","GCAM_SSP1","GCAM","new",0.445091
1982,"RF_CH4","W/m^2","GCAM_SSP1","GCAM","new",0.452464
1983,"RF_CH4","W/m^2","GCAM_SSP1","GCAM","new",0.4575
1984,"RF_CH4","W/m^2","GCAM_SSP1","GCAM","new",0.462547
1985,"RF_CH4","W/m^2","GCAM_SSP1","GCAM","new",0.467663
1986,"RF_CH4","W/m^2","GCAM_SSP1","GCAM","new",0.472782
1987,"RF_CH4","W/m^2","GCAM_SSP1","GCAM","new",0.477841
1988,"RF_CH4","W/m^2","GCAM_SSP1","GCAM","new",0.482281
1989,"RF_CH4","W/m^2","GCAM_SSP1","GCAM","new",0.48624
1990,"RF_CH4","W/m^2","GCAM_SSP1","GCAM","new",0.489815
1991,"RF_CH4","W/m^2","GCAM_SSP1","GCAM","new",0.496888
1992,"RF_CH4","W/m^2","GCAM_SSP1","GCAM","new",0.498334
1993,"RF_CH4","W/m^2","GCAM_SSP1","GCAM","new",0.499714
1994,"RF_CH4","W/m^2","GCAM_SSP1","GCAM","new",0.503998
1995,"RF_CH4","W/m^2","GCAM_SSP1","GCAM","new",0.50525
1996,"RF_CH4","W/m^2","GCAM_SSP1","GCAM","new",0.506382
1997,"RF_CH4","W/m^2","GCAM_SSP1","GCAM","new",0.513959
1998,"RF_CH4","W/m^2","GCAM_SSP1","GCAM","new",0.515915
1999,"RF_CH4","W/m^2","GCAM_SSP1","GCAM","new",0.51557
2000,"RF_CH4","W/m^2","GCAM_SSP1","GCAM","new",0.514564
2001,"RF_CH4","W/m^2","GCAM_SSP1","GCAM","new",0.513868
2002,"RF_CH4","W/m^2","GCAM_SSP1","GCAM","new",0.515304
2003,"RF_CH4","W/m^2","GCAM_SSP1","GCAM","new",0.516502
2004,"RF_CH4","W/m^2","GCAM_SSP1","GCAM","new",0.517774
2005,"RF_CH4","W/m^2","GCAM_SSP1","GCAM","new",0.519387
2006,"RF_CH4","W/m^2","GCAM_SSP1","GCAM","new",0.522383
2007,"RF_CH4","W/m^2","GCAM_SSP1","GCAM","new",0.522443
2008,"RF_CH4","W/m^2","GCAM_SSP1","GCAM","new",0.522212
2009,"RF_CH4","W/m^2","GCAM_SSP1","GCAM","new",0.523645
2010,"RF_CH4","W/m^2","GCAM_SSP1","GCAM","new",0.525679
2011,"RF_CH4","W/m^2","GCAM_SSP1","GCAM","new",0.526944
2012,"RF_CH4","W/m^2","GCAM_SSP1","GCAM","new",0.529626
2013,"RF_CH4","W/m^2","GCAM_SSP1","GCAM","new",0.531886
2014,"RF_CH4","W/m^2","GCAM_SSP1","GCAM","new",0.536221
2015,"RF_CH4","W/m^2","GCAM_SSP1","GCAM","new",0.542014
2016,"RF_CH4","W/m^2","GCAM_SSP1","GCAM","new",0.544391
2017,"RF_CH4","W/m^2","GCAM_SSP1","GCAM","new",0.546983
2018,"RF_CH4","W/m^2","GCAM_SSP1","GCAM","new",0.550133
2019,"RF_CH4","W/m^2","GCAM_SSP1","GCAM","new",0.555149
2020,"RF_CH4","W/m^2","GCAM_SSP1","GCAM","new",0.55833
2021,"RF_CH4","W/m^2","GCAM_SSP1","GCAM","new",0.563137
2022,"RF_CH4","W/m^2","GCAM_SSP1","GCAM","new",0.565964
2023,"RF_CH4","W/m^2","GCAM_SSP1","GCAM","new",0.569996
2024,"RF_CH4","W/m^2","GCAM_SSP1","GCAM","new",0.573845
2025,"RF_CH4","W/m^2","GCAM_SSP1","GCAM","new",0.577589
2026,"RF_CH4","W/m^2","GCAM_SSP1","GCAM","new",0.581555
2027,"RF_CH4","W/m^2","GCAM_SSP1","GCAM","new",0.585726
2028,"RF_CH4","W/m^2","GCAM_SSP1","GCAM","new",0.590083
2029,"RF_CH4","W/m^2","GCAM_SSP1","GCAM","new",0.594611
2030,"RF_CH4","W/m^2","GCAM_SSP1","GCAM","new",0.599297
2031,"RF_CH4","W/m^2","GCAM_SSP1","GCAM","new",0.604019
2032,"RF_CH4","W/m^2","GCAM_SSP1","GCAM","new",0.608776
2033,"RF_CH4","W/m^2","GCAM_SSP1","GCAM","new",0.613564
2034,"RF_CH4","W/m^2","GCAM_SSP1","GCAM","new",0.618382
2035,"RF_CH4","W/m^2","GCAM_SSP1","GCAM","new",0.623226
2036,"RF_CH4","W/m^2","GCAM_SSP1","GCAM","new",0.628128
2037,"RF_CH4","W/m^2","GCAM_SSP1","GCAM","new",0.633082
2038,"RF_CH4","W/m^2","GCAM_SSP1","GCAM","new",0.638084
2039,"RF_CH4","W/m^2","GCAM_SSP1","GCAM","new",0.64313
2040,"RF_CH4","W/m^2","GCAM_SSP1","GCAM","new",0.648219
2041,"RF_CH4","W/m^2","GCAM_SSP1","GCAM","new",0.653111
2042,"RF_CH4","W/m^2","GCAM_SSP1","GCAM","new",0.657825
2043,"RF_CH4","W/m^2","GCAM_SSP1","GCAM","new",0.662372
2044,"RF_CH4","W/m^2","GCAM_SSP1","GCAM","new",0.666767
2045,"RF_CH4","W/m^2","GCAM_SSP1","GCAM","new",0.671022
2046,"RF_CH4","W/m^2","GCAM_SSP1","GCAM","new",0.675176
2047,"RF_CH4","W/m^2","GCAM_SSP1","GCAM","new",0.679237
2048,"RF_CH4","W/m^2","GCAM_SSP1","GCAM","new",0.683212
2049,"RF_CH4","W/m^2","GCAM_SSP1","GCAM","new",0.687109
2050,"RF_CH4","W/m^2","GCAM_SSP1","GCAM","new",0.690933
2051,"RF_CH4","W/m^2","GCAM_SSP1","GCAM","new",0.694603
2052,"RF_CH4","W/m^2","GCAM_SSP1","GCAM","new",0.698132
2053,"RF_CH4","W/m^2","GCAM_SSP1","GCAM","new",0.70153
2054,"RF_CH4","W/m^2","GCAM_SSP1","GCAM","new",0.704807
2055,"RF_CH4","W/m^2","GCAM_SSP1","GCAM","new",0.70797
2056,"RF_CH4","W/m^2","GCAM_SSP1","GCAM","new",0.710986
2057,"RF_CH4","W/m^2","GCAM_SSP1","GCAM","new",0.713864
2058,"RF_CH4","W/m^2","GCAM_SSP1","GCAM","new",0.716616
2059,"RF_CH4","W/m^2","GCAM_SSP1","GCAM","new",0.719249
2060,"RF_CH4","W/m^2","GCAM_SSP1","GCAM","new",0.721773
2061,"RF_CH4","W/m^2","GCAM_SSP1","GCAM","new",0.724139
2062,"RF_CH4","W/m^2","GCAM_SSP1","GCAM","new",0.726358
2063,"RF_CH4","W/m^2","GCAM_SSP1","GCAM","new",0.728442
2064,"RF_CH4","W/m^2","GCAM_SSP1","GCAM","new",0.730399
2065,"RF_CH4","W/m^2","GCAM_SSP1","GCAM","new",0.732239
2066,"RF_CH4","W/m^2","GCAM_SSP1","GCAM","new",0.733914
2067,"RF_CH4","W/m^2","GCAM_SSP1","GCAM","new",0.735437
2068,"RF_CH4","W/m^2","GCAM_SSP1","GCAM","new",0.736818
2069,"RF_CH4","W/m^2","GCAM_SSP1","GCAM","new",0.738066
2070,"RF_CH4","W/m^2","GCAM_SSP1","GCAM","new",0.739191
2071,"RF_CH4","W/m^2","GCAM_SSP1","GCAM","new",0.740164
2072,"RF_CH4","W/m^2","GCAM_SSP1","GCAM","new",0.740994
2073,"RF_CH4","W/m^2","GCAM_SSP1","GCAM","new",0.741693
2074,"RF_CH4","W/m^2","GCAM_SSP1","GCAM","new",0.742267
2075,"RF_CH4","W/m^2","GCAM_SSP1","GCAM","new",0.742727
2076,"RF_CH4","W/m^2","GCAM_SSP1","GCAM","new",0.743043
2077,"RF_CH4","W/m^2","GCAM_SSP1","GCAM","new",0.743225
2078,"RF_CH4","W/m^2","GCAM_SSP1","GCAM","new",0.743282
2079,"RF_CH4","W/m^2","GCAM_SSP1","GCAM","new",0.743222
2080,"RF_CH4","W/m^2","GCAM_SSP1","GCAM","new",0.743053
2081,"RF_CH4","W/m^2","GCAM_SSP1","GCAM","new",0.742758
2082,"RF_CH4","W/m^2","GCAM_SSP1","GCAM","new",0.742346
2083,"RF_CH4","W/m^2","GCAM_SSP1","GCAM","new",0.741823
2084,"RF_CH4","W/m^2","GCAM_SSP1","GCAM","new",0.741197
2085,"RF_CH4","W/m^2","GCAM_SSP1","GCAM","new",0.740475
2086,"RF_CH4","W/m^2","GCAM_SSP1","GCAM","new",0.739617
2087,"RF_CH4","W/m^2","GCAM_SSP1","GCAM","new",0.738632
2088,"RF_CH4","W/m^2","GCAM_SSP1","GCAM","new",0.737529
2089,"RF_CH4","W/m^2","GCAM_SSP1","GCAM","new",0.736314
2090,"RF_CH4","W/m^2","GCAM_SSP1","GCAM","new",0.734994
2091,"RF_CH4","W/m^2","GCAM_SSP1","GCAM","new",0.733548
2092,"RF_CH4","W/m^2","GCAM_SSP1","GCAM","new",0.731983
2093,"RF_CH4","W/m^2","GCAM_SSP1","GCAM","new",0.730307
2094,"RF_CH4","W/m^2","GCAM_SSP1","GCAM","new",0.728527
2095,"RF_CH4","W/m^2","GCAM_SSP1","GCAM","new",0.726647
2096,"RF_CH4","W/m^2","GCAM_SSP1","GCAM","new",0.724655
2097,"RF_CH4","W/m^2","GCAM_SSP1","GCAM","new",0.722555
2098,"RF_CH4","W/m^2","GCAM_SSP1","GCAM","new",0.720355
2099,"RF_CH4","W/m^2","GCAM_SSP1","GCAM","new",0.71806
2100,"RF_CH4","W/m^2","GCAM_SSP1","GCAM","new",0.715675
1976,"RF_CH4","W/m^2","GCAM_SSP2","GCAM","new",0.411596
1977,"RF_CH4","W/m^2","GCAM_SSP2","GCAM","new",0.418849
1978,"RF_CH4","W/m^2","GCAM_SSP2","GCAM","new",0.425829
1979,"RF_CH4","W/m^2","GCAM_SSP2","GCAM","new",0.43289
1980,"RF_CH4","W/m^2","GCAM_SSP2","GCAM","new",0.439448
1981,"RF_CH4","W/m^2","GCAM_SSP2","GCAM","new",0.445091
1982,"RF_CH4","W/m^2","GCAM_SSP2","GCAM","new",0.452464
1983,"RF_CH4","W/m^2","GCAM_SSP2","GCAM","new",0.4575
1984,"RF_CH4","W/m^2","GCAM_SSP2","GCAM","new",0.462547
1985,"RF_CH4","W/m^2","GCAM_SSP2","GCAM","new",0.467663
1986,"RF_CH4","W/m^2","GCAM_SSP2","GCAM","new",0.472782
1987,"RF_CH4","W/m^2","GCAM_SSP2","GCAM","new",0.477841
1988,"RF_CH4","W/m^2","GCAM_SSP2","GCAM","new",0.482281
1989,"RF_CH4","W/m^2","GCAM_SSP2","GCAM","new",0.48624
1990,"RF_CH4","W/m^2","GCAM_SSP2","GCAM","new",0.489815
1991,"RF_CH4","W/m^2","GCAM_SSP2","GCAM","new",0.496888
1992,"RF_CH4","W/m^2","GCAM_SSP2","GCAM","new",0.498334
1993,"RF_CH4","W/m^2","GCAM_SSP2","GCAM","new",0.499714
1994,"RF_CH4","W/m^2","GCAM_SSP2","GCAM","new",0.503998
1995,"RF_CH4","W/m^2","GCAM_SSP2","GCAM","new",0.50525
1996,"RF_CH4","W/m^2","GCAM_SSP2","GCAM","new",0.506382
1997,"RF_CH4","W/m^2","GCAM_SSP2","GCAM","new",0.513959
1998,"RF_CH4","W/m^2","GCAM_SSP2","GCAM","new",0.515915
1999,"RF_CH4","W/m^2","GCAM_SSP2","GCAM","new",0.51557
2000,"RF_CH4","W/m^2","GCAM_SSP2","GCAM","new",0.514564
2001,"RF_CH4","W/m^2","GCAM_SSP2","GCAM","new",0.513868
2002,"RF_CH4","W/m^2","GCAM_SSP2","GCAM","new",0.515304
2003,"RF_CH4","W/m^2","GCAM_SSP2","GCAM","new",0.516502
2004,"RF_CH4","W/m^2","GCAM_SSP2","GCAM","new",0.517774
2005,"RF_CH4","W/m^2","GCAM_SSP2","GCAM","new",0.519387
2006,"RF_CH4","W/m^2","GCAM_SSP2","GCAM","new",0.522383
2007,"RF_CH4","W/m^2","GCAM_SSP2","GCAM","new",0.522443
2008,"RF_CH4","W/m^2","GCAM_SSP2","GCAM","new",0.522212
2009,"RF_CH4","W/m^2","GCAM_SSP2","GCAM","new",0.523645
2010,"RF_CH4","W/m^2","GCAM_SSP2","GCAM","new",0.525679
2011,"RF_CH4","W/m^2","GCAM_SSP2","GCAM","new",0.526944
2012,"RF_CH4","W/m^2","GCAM_SSP2","GCAM","new",0.529626
2013,"RF_CH4","W/m^2","GCAM_SSP2","GCAM","new",0.531886
2014,"RF_CH4","W/m^2","GCAM_SSP2","GCAM","new",0.536221
2015,"RF_CH4","W/m^2","GCAM_SSP2","GCAM","new",0.542014
2016,"RF_CH4","W/m^2","GCAM_SSP2","GCAM","new",0.544391
2017,"RF_CH4","W/m^2","GCAM_SSP2","GCAM","new",0.546983
2018,"RF_CH4","W/m^2","GCAM_SSP2","GCAM","new",0.550133
2019,"RF_CH4","W/m^2","GCAM_SSP2","GCAM","new",0.555149
2020,"RF_CH4","W/m^2","GCAM_SSP2","GCAM","new",0.55833
2021,"RF_CH4","W/m^2","GCAM_SSP2","GCAM","new",0.563137
2022,"RF_CH4","W/m^2","GCAM_SSP2","GCAM","new",0.565964
2023,"RF_CH4","W/m^2","GCAM_SSP2","GCAM","new",0.569996
2024,"RF_CH4","W/m^2","GCAM_SSP2","GCAM","new",0.573436
2025,"RF_CH4","W/m^2","GCAM_SSP2","GCAM","new",0.57639
2026,"RF_CH4","W/m^2","GCAM_SSP2","GCAM","new",0.579675
2027,"RF_CH4","W/m^2","GCAM_SSP2","GCAM","new",0.583263
2028,"RF_CH4","W/m^2","GCAM_SSP2","GCAM","new",0.587127
2029,"RF_CH4","W/m^2","GCAM_SSP2","GCAM","new",0.591246
2030,"RF_CH4","W/m^2","GCAM_SSP2","GCAM","new",0.595597
2031,"RF_CH4","W/m^2","GCAM_SSP2","GCAM","new",0.600304
2032,"RF_CH4","W/m^2","GCAM_SSP2","GCAM","new",0.605336
2033,"RF_CH4","W/m^2","GCAM_SSP2","GCAM","new",0.610665
2034,"RF_CH4","W/m^2","GCAM_SSP2","GCAM","new",0.616266
2035,"RF_CH4","W/m^2","GCAM_SSP2","GCAM","new",0.622116
2036,"RF_CH4","W/m^2","GCAM_SSP2","GCAM","new",0.628193
2037,"RF_CH4","W/m^2","GCAM_SSP2","GCAM","new",0.634478
2038,"RF_CH4","W/m^2","GCAM_SSP2","GCAM","new",0.640954
2039,"RF_CH4","W/m^2","GCAM_SSP2","GCAM","new",0.647605
2040,"RF_CH4","W/m^2","GCAM_SSP2","GCAM","new",0.654416
2041,"RF_CH4","W/m^2","GCAM_SSP2","GCAM","new",0.661164
2042,"RF_CH4","W/m^2","GCAM_SSP2","GCAM","new",0.667853
2043,"RF_CH4","W/m^2","GCAM_SSP2","GCAM","new",0.674489
2044,"RF_CH4","W/m^2","GCAM_SSP2","GCAM","new",0.681076
2045,"RF_CH4","W/m^2","GCAM_SSP2","GCAM","new",0.687618
2046,"RF_CH4","W/m^2","GCAM_SSP2","GCAM","new",0.694186
2047,"RF_CH4","W/m^2","GCAM_SSP2","GCAM","new",0.700778
2048,"RF_CH4","W/m^2","GCAM_SSP2","GCAM","new",0.707391
2049,"RF_CH4","W/m^2","GCAM_SSP2","GCAM","new",0.714024
2050,"RF_CH4","W/m^2","GCAM_SSP2","GCAM","new",0.720675
2051,"RF_CH4","W/m^2","GCAM_SSP2","GCAM","new",0.727224
2052,"RF_CH4","W/m^2","GCAM_SSP2","GCAM","new",0.733678
2053,"RF_CH4","W/m^2","GCAM_SSP2","GCAM","new",0.740043
2054,"RF_CH4","W/m^2","GCAM_SSP2","GCAM","new",0.746326
2055,"RF_CH4","W/m^2","GCAM_SSP2","GCAM","new",0.752531
2056,"RF_CH4","W/m^2","GCAM_SSP2","GCAM","new",0.758666
2057,"RF_CH4","W/m^2","GCAM_SSP2","GCAM","new",0.764734
2058,"RF_CH4","W/m^2","GCAM_SSP2","GCAM","new",0.770741
2059,"RF_CH4","W/m^2","GCAM_SSP2","GCAM","new",0.776688
2060,"RF_CH4","W/m^2","GCAM_SSP2","GCAM","new",0.78258
2061,"RF_CH4","W/m^2","GCAM_SSP2","GCAM","new",0.78839
2062,"RF_CH4","W/m^2","GCAM_SSP2","GCAM","new",0.794121
2063,"RF_CH4","W/m^2","GCAM_SSP2","GCAM","new",0.79978
2064,"RF_CH4","W/m^2","GCAM_SSP2","GCAM","new",0.805369
2065,"RF_CH4","W/m^2","GCAM_SSP2","GCAM","new",0.810894
2066,"RF_CH4","W/m^2","GCAM_SSP2","GCAM","new",0.816316
2067,"RF_CH4","W/m^2","GCAM_SSP2","GCAM","new",0.821641
2068,"RF_CH4","W/m^2","GCAM_SSP2","GCAM","new",0.826875
2069,"RF_CH4","W/m^2","GCAM_SSP2","GCAM","new",0.832025
2070,"RF_CH4","W/m^2","GCAM_SSP2","GCAM","new",0.837095
2071,"RF_CH4","W/m^2","GCAM_SSP2","GCAM","new",0.842066
2072,"RF_CH4","W/m^2","GCAM_SSP2","GCAM","new",0.846945
2073,"RF_CH4","W/m^2","GCAM_SSP2","GCAM","new",0.851737
2074,"RF_CH4","W/m^2","GCAM_SSP2","GCAM","new",0.856449
2075,"RF_CH4","W/m^2","GCAM_SSP2","GCAM","new",0.861084
2076,"RF_CH4","W/m^2","GCAM_SSP2","GCAM","new",0.865606
2077,"RF_CH4","W/m^2","GCAM_SSP2","GCAM","new",0.870021
2078,"RF_CH4","W/m^2","GCAM_SSP2","GCAM","new",0.874336
2079,"RF_CH4","W/m^2","GCAM_SSP2","GCAM","new",0.878558
2080,"RF_CH4","W/m^2","GCAM_SSP2","GCAM","new",0.882693
2081,"RF_CH4","W/m^2","GCAM_SSP2","GCAM","new",0.886725
2082,"RF_CH4","W/m^2","GCAM_SSP2","GCAM","new",0.89066
2083,"RF_CH4","W/m^2","GCAM_SSP2","GCAM","new",0.894505
2084,"RF_CH4","W/m^2","GCAM_SSP2","GCAM","new",0.898266
2085,"RF_CH4","W/m^2","GCAM_SSP2","GCAM","new",0.901947
2086,"RF_CH4","W/m^2","GCAM_SSP2","GCAM","new",0.905531
2087,"RF_CH4","W/m^2","GCAM_SSP2","GCAM","new",0.909023
2088,"RF_CH4","W/m^2","GCAM_SSP2","GCAM","new",0.912431
2089,"RF_CH4","W/m^2","GCAM_SSP2","GCAM","new",0.915758
2090,"RF_CH4","W/m^2","GCAM_SSP2","GCAM","new",0.919011
2091,"RF_CH4","W/m^2","GCAM_SSP2","GCAM","new",0.922142
2092,"RF_CH4","W/m^2","GCAM_SSP2","GCAM","new",0.925162
2093,"RF_CH4","W/m^2","GCAM_SSP2","GCAM","new",0.928076
2094,"RF_CH4","W/m^2","GCAM_SSP2","GCAM","new",0.930892
2095,"RF_CH4","W/m^2","GCAM_SSP2","GCAM","new",0.933615
2096,"RF_CH4","W/m^2","GCAM_SSP2","GCAM","new",0.936245
2097,"RF_CH4","W/m^2","GCAM_SSP2","GCAM","new",0.938786
2098,"RF_CH4","W/m^2","GCAM_SSP2","GCAM","new",0.941246
2099,"RF_CH4","W/m^2","GCAM_SSP2","GCAM","new",0.943628
2100,"RF_CH4","W/m^2","GCAM_SSP2","GCAM","new",0.945938
1976,"RF_CH4","W/m^2","GCAM_SSP3","GCAM","new",0.411596
1977,"RF_CH4","W/m^2","GCAM_SSP3","GCAM","new",0.418849
1978,"RF_CH4","W/m^2","GCAM_SSP3","GCAM","new",0.425829
1979,"RF_CH4","W/m^2","GCAM_SSP3","GCAM","new",0.43289
1980,"RF_CH4","W/m^2","GCAM_SSP3","GCAM","new",0.439448
1981,"RF_CH4","W/m^2","GCAM_SSP3","GCAM","new",0.445091
1982,"RF_CH4","W/m^2","GCAM_SSP3","GCAM","new",0.452464
1983,"RF_CH4","W/m^2","GCAM_SSP3","GCAM","new",0.4575
1984,"RF_CH4","W/m^2","GCAM_SSP3","GCAM","new",0.462547
1985,"RF_CH4","W/m^2","GCAM_SSP3","GCAM","new",0.467663
1986,"RF_CH4","W/m^2","GCAM_SSP3","GCAM","new",0.472782
1987,"RF_CH4","W/m^2","GCAM_SSP3","GCAM","new",0.477841
1988,"RF_CH4","W/m^2","GCAM_SSP3","GCAM","new",0.482281
1989,"RF_CH4","W/m^2","GCAM_SSP3","GCAM","new",0.48624
1990,"RF_CH4","W/m^2","GCAM_SSP3","GCAM","new",0.489815
1991,"RF_CH4","W/m^2","GCAM_SSP3","GCAM","new",0.496888
1992,"RF_CH4","W/m^2","GCAM_SSP3","GCAM","new",0.498334
1993,"RF_CH4","W/m^2","GCAM_SSP3","GCAM","new",0.499714
1994,"RF_CH4","W/m^2","GCAM_SSP3","GCAM","new",0.503998
1995,"RF_CH4","W/m^2","GCAM_SSP3","GCAM","new",0.50525
1996,"RF_CH4","W/m^2","GCAM_SSP3","GCAM","new",0.506382
1997,"RF_CH4","W/m^2","GCAM_SSP3","GCAM","new",0.513959
1998,"RF_CH4","W/m^2","GCAM_SSP3","GCAM","new",0.515915
1999,"RF_CH4","W/m^2","GCAM_SSP3","GCAM","new",0.51557
2000,"RF_CH4","W/m^2","GCAM_SSP3","GCAM","new",0.514564
2001,"RF_CH4","W/m^2","GCAM_SSP3","GCAM","new",0.513868
2002,"RF_CH4","W/m^2","GCAM_SSP3","GCAM","new",0.515304
2003,"RF_CH4","W/m^2","GCAM_SSP3","GCAM","new",0.516502
2004,"RF_CH4","W/m^2","GCAM_SSP3","GCAM","new",0.517774
2005,"RF_CH4","W/m^2","GCAM_SSP3","GCAM","new",0.519387
2006,"RF_CH4","W/m^2","GCAM_SSP3","GCAM","new",0.522383
2007,"RF_CH4","W/m^2","GCAM_SSP3","GCAM","new",0.522443
2008,"RF_CH4","W/m^2","GCAM_SSP3","GCAM","new",0.522212
2009,"RF_CH4","W/m^2","GCAM_SSP3","GCAM","new",0.523645
2010,"RF_CH4","W/m^2","GCAM_SSP3","GCAM","new",0.525679
2011,"RF_CH4","W/m^2","GCAM_SSP3","GCAM","new",0.526944
2012,"RF_CH4","W/m^2","GCAM_SSP3","GCAM","new",0.529626
2013,"RF_CH4","W/m^2","GCAM_SSP3","GCAM","new",0.531886
2014,"RF_CH4","W/m^2","GCAM_SSP3","GCAM","new",0.536221
2015,"RF_CH4","W/m^2","GCAM_SSP3","GCAM","new",0.542014
2016,"RF_CH4","W/m^2","GCAM_SSP3","GCAM","new",0.544391
2017,"RF_CH4","W/m^2","GCAM_SSP3","GCAM","new",0.546983
2018,"RF_CH4","W/m^2","GCAM_SSP3","GCAM","new",0.550133
2019,"RF_CH4","W/m^2","GCAM_SSP3","GCAM","new",0.555149
2020,"RF_CH4","W/m^2","GCAM_SSP3","GCAM","new",0.55833
2021,"RF_CH4","W/m^2","GCAM_SSP3","GCAM","new",0.563137
2022,"RF_CH4","W/m^2","GCAM_SSP3","GCAM","new",0.565964
2023,"RF_CH4","W/m^2","GCAM_SSP3","GCAM","new",0.569996
2024,"RF_CH4","W/m^2","GCAM_SSP3","GCAM","new",0.573007
2025,"RF_CH4","W/m^2","GCAM_SSP3","GCAM","new",0.575121
2026,"RF_CH4","W/m^2","GCAM_SSP3","GCAM","new",0.57761
2027,"RF_CH4","W/m^2","GCAM_SSP3","GCAM","new",0.580441
2028,"RF_CH4","W/m^2","GCAM_SSP3","GCAM","new",0.583588
2029,"RF_CH4","W/m^2","GCAM_SSP3","GCAM","new",0.587022
2030,"RF_CH4","W/m^2","GCAM_SSP3","GCAM","new",0.59072
2031,"RF_CH4","W/m^2","GCAM_SSP3","GCAM","new",0.594717
2032,"RF_CH4","W/m^2","GCAM_SSP3","GCAM","new",0.59899
2033,"RF_CH4","W/m^2","GCAM_SSP3","GCAM","new",0.603514
2034,"RF_CH4","W/m^2","GCAM_SSP3","GCAM","new",0.608267
2035,"RF_CH4","W/m^2","GCAM_SSP3","GCAM","new",0.613231
2036,"RF_CH4","W/m^2","GCAM_SSP3","GCAM","new",0.61835
2037,"RF_CH4","W/m^2","GCAM_SSP3","GCAM","new",0.623613
2038,"RF_CH4","W/m^2","GCAM_SSP3","GCAM","new",0.629006
2039,"RF_CH4","W/m^2","GCAM_SSP3","GCAM","new",0.634518
2040,"RF_CH4","W/m^2","GCAM_SSP3","GCAM","new",0.64014
2041,"RF_CH4","W/m^2","GCAM_SSP3","GCAM","new",0.645638
2042,"RF_CH4","W/m^2","GCAM_SSP3","GCAM","new",0.651021
2043,"RF_CH4","W/m^2","GCAM_SSP3","GCAM","new",0.656299
2044,"RF_CH4","W/m^2","GCAM_SSP3","GCAM","new",0.661479
2045,"RF_CH4","W/m^2","GCAM_SSP3","GCAM","new",0.66657
2046,"RF_CH4","W/m^2","GCAM_SSP3","GCAM","new",0.671655
2047,"RF_CH4","W/m^2","GCAM_SSP3","GCAM","new",0.676734
2048,"RF_CH4","W/m^2","GCAM_SSP3","GCAM","new",0.681808
2049,"RF_CH4","W/m^2","GCAM_SSP3","GCAM","new",0.686876
2050,"RF_CH4","W/m^2","GCAM_SSP3","GCAM","new",0.691939
2051,"RF_CH4","W/m^2","GCAM_SSP3","GCAM","new",0.697004
2052,"RF_CH4","W/m^2","GCAM_SSP3","GCAM","new",0.702072
2053,"RF_CH4","W/m^2","GCAM_SSP3","GCAM","new",0.707142
2054,"RF_CH4","W/m^2","GCAM_SSP3","GCAM","new",0.712213
2055,"RF_CH4","W/m^2","GCAM_SSP3","GCAM","new",0.717285
2056,"RF_CH4","W/m^2","GCAM_SSP3","GCAM","new",0.722366
2057,"RF_CH4","W/m^2","GCAM_SSP3","GCAM","new",0.727455
2058,"RF_CH4","W/m^2","GCAM_SSP3","GCAM","new",0.732551
2059,"RF_CH4","W/m^2","GCAM_SSP3","GCAM","new",0.737652
2060,"RF_CH4","W/m^2","GCAM_SSP3","GCAM","new",0.742757
2061,"RF_CH4","W/m^2","GCAM_SSP3","GCAM","new",0.747852
2062,"RF_CH4","W/m^2","GCAM_SSP3","GCAM","new",0.752938
2063,"RF_CH4","W/m^2","GCAM_SSP3","GCAM","new",0.758014
2064,"RF_CH4","W/m^2","GCAM_SSP3","GCAM","new",0.76308
2065,"RF_CH4","W/m^2","GCAM_SSP3","GCAM","new",0.768137
2066,"RF_CH4","W/m^2","GCAM_SSP3","GCAM","new",0.773165
2067,"RF_CH4","W/m^2","GCAM_SSP3","GCAM","new",0.778166
2068,"RF_CH4","W/m^2","GCAM_SSP3","GCAM","new",0.783141
2069,"RF_CH4","W/m^2","GCAM_SSP3","GCAM","new",0.788093
2070,"RF_CH4","W/m^2","GCAM_SSP3","GCAM","new",0.793021
2071,"RF_CH4","W/m^2","GCAM_SSP3","GCAM","new",0.797924
2072,"RF_CH4","W/m^2","GCAM_SSP3","GCAM","new",0.802803
2073,"RF_CH4","W/m^2","GCAM_SSP3","GCAM","new",0.807659
2074,"RF_CH4","W/m^2","GCAM_SSP3","GCAM","new",0.812494
2075,"RF_CH4","W/m^2","GCAM_SSP3","GCAM","new",0.817307
2076,"RF_CH4","W/m^2","GCAM_SSP3","GCAM","new",0.82209
2077,"RF_CH4","W/m^2","GCAM_SSP3","GCAM","new",0.826843
2078,"RF_CH4","W/m^2","GCAM_SSP3","GCAM","new",0.831569
2079,"RF_CH4","W/m^2","GCAM_SSP3","GCAM","new",0.836269
2080,"RF_CH4","W/m^2","GCAM_SSP3","GCAM","new",0.840945
2081,"RF_CH4","W/m^2","GCAM_SSP3","GCAM","new",0.845595
2082,"RF_CH4","W/m^2","GCAM_SSP3","GCAM","new",0.850222
2083,"RF_CH4","W/m^2","GCAM_SSP3","GCAM","new",0.854827
2084,"RF_CH4","W/m^2","GCAM_SSP3","GCAM","new",0.859411
2085,"RF_CH4","W/m^2","GCAM_SSP3","GCAM","new",0.863975
2086,"RF_CH4","W/m^2","GCAM_SSP3","GCAM","new",0.868518
2087,"RF_CH4","W/m^2","GCAM_SSP3","GCAM","new",0.87304
2088,"RF_CH4","W/m^2","GCAM_SSP3","GCAM","new",0.877544
2089,"RF_CH4","W/m^2","GCAM_SSP3","GCAM","new",0.88203
2090,"RF_CH4","W/m^2","GCAM_SSP3","GCAM","new",0.886498
2091,"RF_CH4","W/m^2","GCAM_SSP3","GCAM","new",0.890919
2092,"RF_CH4","W/m^2","GCAM_SSP3","GCAM","new",0.895295
2093,"RF_CH4","W/m^2","GCAM_SSP3","GCAM","new",0.89963
2094,"RF_CH4","W/m^2","GCAM_SSP3","GCAM","new",0.903926
2095,"RF_CH4","W/m^2","GCAM_SSP3","GCAM","new",0.908186
2096,"RF_CH4","W/m^2","GCAM_SSP3","GCAM","new",0.912419
2097,"RF_CH4","W/m^2","GCAM_SSP3","GCAM","new",0.916628
2098,"RF_CH4","W/m^2","GCAM_SSP3","GCAM","new",0.920813
2099,"RF_CH4","W/m^2","GCAM_SSP3","GCAM","new",0.924976
2100,"RF_CH4","W/m^2","GCAM_SSP3","GCAM","new",0.929119
1976,"RF_CO2","W/m^2","Reference","GCAM","new",1.10569
1977,"RF_CO2","W/m^2","Reference","GCAM","new",1.12652
1978,"RF_CO2","W/m^2","Reference","GCAM","new",1.14923
1979,"RF_CO2","W/m^2","Reference","GCAM","new",1.17241
1980,"RF_CO2","W/m^2","Reference","GCAM","new",1.19456
1981,"RF_CO2","W/m^2","Reference","GCAM","new",1.21606
1982,"RF_CO2","W/m^2","Reference","GCAM","new",1.23624
1983,"RF_CO2","W/m^2","Reference","GCAM","new",1.25497
1984,"RF_CO2","W/m^2","Reference","GCAM","new",1.27371
1985,"RF_CO2","W/m^2","Reference","GCAM","new",1.29478
1986,"RF_CO2","W/m^2","Reference","GCAM","new",1.31703
1987,"RF_CO2","W/m^2","Reference","GCAM","new",1.34001
1988,"RF_CO2","W/m^2","Reference","GCAM","new",1.36299
1989,"RF_CO2","W/m^2","Reference","GCAM","new",1.38629
1990,"RF_CO2","W/m^2","Reference","GCAM","new",1.40956
1991,"RF_CO2","W/m^2","Reference","GCAM","new",1.43326
1992,"RF_CO2","W/m^2","Reference","GCAM","new",1.4556
1993,"RF_CO2","W/m^2","Reference","GCAM","new",1.47624
1994,"RF_CO2","W/m^2","Reference","GCAM","new",1.49678
1995,"RF_CO2","W/m^2","Reference","GCAM","new",1.52012
1996,"RF_CO2","W/m^2","Reference","GCAM","new",1.54399
1997,"RF_CO2","W/m^2","Reference","GCAM","new",1.56921
1998,"RF_CO2","W/m^2","Reference","GCAM","new",1.5973
1999,"RF_CO2","W/m^2","Reference","GCAM","new",1.62259
2000,"RF_CO2","W/m^2","Reference","GCAM","new",1.64776
2001,"RF_CO2","W/m^2","Reference","GCAM","new",1.67329
2002,"RF_CO2","W/m^2","Reference","GCAM","new",1.69761
2003,"RF_CO2","W/m^2","Reference","GCAM","new",1.72343
2004,"RF_CO2","W/m^2","Reference","GCAM","new",1.75308
2005,"RF_CO2","W/m^2","Reference","GCAM","new",1.78271
2006,"RF_CO2","W/m^2","Reference","GCAM","new",1.81239
2007,"RF_CO2","W/m^2","Reference","GCAM","new",1.84334
2008,"RF_CO2","W/m^2","Reference","GCAM","new",1.87492
2009,"RF_CO2","W/m^2","Reference","GCAM","new",1.90695
2010,"RF_CO2","W/m^2","Reference","GCAM","new",1.93822
2011,"RF_CO2","W/m^2","Reference","GCAM","new",1.97236
2012,"RF_CO2","W/m^2","Reference","GCAM","new",2.00716
2013,"RF_CO2","W/m^2","Reference","GCAM","new",2.04236
2014,"RF_CO2","W/m^2","Reference","GCAM","new",2.07747
2015,"RF_CO2","W/m^2","Reference","GCAM","new",2.11253
2016,"RF_CO2","W/m^2","Reference","GCAM","new",2.14692
2017,"RF_CO2","W/m^2","Reference","GCAM","new",2.17902
2018,"RF_CO2","W/m^2","Reference","GCAM","new",2.21167
2019,"RF_CO2","W/m^2","Reference","GCAM","new",2.24428
2020,"RF_CO2","W/m^2","Reference","GCAM","new",2.27633
2021,"RF_CO2","W/m^2","Reference","GCAM","new",2.30472
2022,"RF_CO2","W/m^2","Reference","GCAM","new",2.33645
2023,"RF_CO2","W/m^2","Reference","GCAM","new",2.36854
2024,"RF_CO2","W/m^2","Reference","GCAM","new",2.40105
2025,"RF_CO2","W/m^2","Reference","GCAM","new",2.43181
2026,"RF_CO2","W/m^2","Reference","GCAM","new",2.46327
2027,"RF_CO2","W/m^2","Reference","GCAM","new",2.49336
2028,"RF_CO2","W/m^2","Reference","GCAM","new",2.52379
2029,"RF_CO2","W/m^2","Reference","GCAM","new",2.55442
2030,"RF_CO2","W/m^2","Reference","GCAM","new",2.58521
2031,"RF_CO2","W/m^2","Reference","GCAM","new",2.61613
2032,"RF_CO2","W/m^2","Reference","GCAM","new",2.64645
2033,"RF_CO2","W/m^2","Reference","GCAM","new",2.67666
2034,"RF_CO2","W/m^2","Reference","GCAM","new",2.70676
2035,"RF_CO2","W/m^2","Reference","GCAM","new",2.73675
2036,"RF_CO2","W/m^2","Reference","GCAM","new",2.7666
2037,"RF_CO2","W/m^2","Reference","GCAM","new",2.79651
2038,"RF_CO2","W/m^2","Reference","GCAM","new",2.82616
2039,"RF_CO2","W/m^2","Reference","GCAM","new",2.85556
2040,"RF_CO2","W/m^2","Reference","GCAM","new",2.88471
2041,"RF_CO2","W/m^2","Reference","GCAM","new",2.91364
2042,"RF_CO2","W/m^2","Reference","GCAM","new",2.94189
2043,"RF_CO2","W/m^2","Reference","GCAM","new",2.96991
2044,"RF_CO2","W/m^2","Reference","GCAM","new",2.99768
2045,"RF_CO2","W/m^2","Reference","GCAM","new",3.02524
2046,"RF_CO2","W/m^2","Reference","GCAM","new",3.05257
2047,"RF_CO2","W/m^2","Reference","GCAM","new",3.07962
2048,"RF_CO2","W/m^2","Reference","GCAM","new",3.10646
2049,"RF_CO2","W/m^2","Reference","GCAM","new",3.13311
2050,"RF_CO2","W/m^2","Reference","GCAM","new",3.15957
2051,"RF_CO2","W/m^2","Reference","GCAM","new",3.18586
2052,"RF_CO2","W/m^2","Reference","GCAM","new",3.21289
2053,"RF_CO2","W/m^2","Reference","GCAM","new",3.23977
2054,"RF_CO2","W/m^2","Reference","GCAM","new",3.26653
2055,"RF_CO2","W/m^2","Reference","GCAM","new",3.29318
2056,"RF_CO2","W/m^2","Reference","GCAM","new",3.31974
2057,"RF_CO2","W/m^2","Reference","GCAM","new",3.34619
2058,"RF_CO2","W/m^2","Reference","GCAM","new",3.37274
2059,"RF_CO2","W/m^2","Reference","GCAM","new",3.39937
2060,"RF_CO2","W/m^2","Reference","GCAM","new",3.42609
2061,"RF_CO2","W/m^2","Reference","GCAM","new",3.45291
2062,"RF_CO2","W/m^2","Reference","GCAM","new",3.47914
2063,"RF_CO2","W/m^2","Reference","GCAM","new",3.50556
2064,"RF_CO2","W/m^2","Reference","GCAM","new",3.53214
2065,"RF_CO2","W/m^2","Reference","GCAM","new",3.5589
2066,"RF_CO2","W/m^2","Reference","GCAM","new",3.58582
2067,"RF_CO2","W/m^2","Reference","GCAM","new",3.61243
2068,"RF_CO2","W/m^2","Reference","GCAM","new",3.63924
2069,"RF_CO2","W/m^2","Reference","GCAM","new",3.6662
2070,"RF_CO2","W/m^2","Reference","GCAM","new",3.69334
2071,"RF_CO2","W/m^2","Reference","GCAM","new",3.72064
2072,"RF_CO2","W/m^2","Reference","GCAM","new",3.74773
2073,"RF_CO2","W/m^2","Reference","GCAM","new",3.77503
2074,"RF_CO2","W/m^2","Reference","GCAM","new",3.80252
2075,"RF_CO2","W/m^2","Reference","GCAM","new",3.8302
2076,"RF_CO2","W/m^2","Reference","GCAM","new",3.85808
2077,"RF_CO2","W/m^2","Reference","GCAM","new",3.88579
2078,"RF_CO2","W/m^2","Reference","GCAM","new",3.91361
2079,"RF_CO2","W/m^2","Reference","GCAM","new",3.94151
2080,"RF_CO2","W/m^2","Reference","GCAM","new",3.96951
2081,"RF_CO2","W/m^2","Reference","GCAM","new",3.99759
2082,"RF_CO2","W/m^2","Reference","GCAM","new",4.02525
2083,"RF_CO2","W/m^2","Reference","GCAM","new",4.05289
2084,"RF_CO2","W/m^2","Reference","GCAM","new",4.08053
2085,"RF_CO2","W/m^2","Reference","GCAM","new",4.10817
2086,"RF_CO2","W/m^2","Reference","GCAM","new",4.13581
2087,"RF_CO2","W/m^2","Reference","GCAM","new",4.16289
2088,"RF_CO2","W/m^2","Reference","GCAM","new",4.19011
2089,"RF_CO2","W/m^2","Reference","GCAM","new",4.21743
2090,"RF_CO2","W/m^2","Reference","GCAM","new",4.24486
2091,"RF_CO2","W/m^2","Reference","GCAM","new",4.27239
2092,"RF_CO2","W/m^2","Reference","GCAM","new",4.29949
2093,"RF_CO2","W/m^2","Reference","GCAM","new",4.32669
2094,"RF_CO2","W/m^2","Reference","GCAM","new",4.35397
2095,"RF_CO2","W/m^2","Reference","GCAM","new",4.38134
2096,"RF_CO2","W/m^2","Reference","GCAM","new",4.40879
2097,"RF_CO2","W/m^2","Reference","GCAM","new",4.43594
2098,"RF_CO2","W/m^2","Reference","GCAM","new",4.46316
2099,"RF_CO2","W/m^2","Reference","GCAM","new",4.49044
2100,"RF_CO2","W/m^2","Reference","GCAM","new",4.51778
1976,"RF_CO2","W/m^2","GCAM_SSP4","GCAM","new",1.10569
1977,"RF_CO2","W/m^2","GCAM_SSP4","GCAM","new",1.12652
1978,"RF_CO2","W/m^2","GCAM_SSP4","GCAM","new",1.14923
1979,"RF_CO2","W/m^2","GCAM_SSP4","GCAM","new",1.17241
1980,"RF_CO2","W/m^2","GCAM_SSP4","GCAM","new",1.19456
1981,"RF_CO2","W/m^2","GCAM_SSP4","GCAM","new",1.21606
1982,"RF_CO2","W/m^2","GCAM_SSP4","GCAM","new",1.23624
1983,"RF_CO2","W/m^2","GCAM_SSP4","GCAM","new",1.25497
1984,"RF_CO2","W/m^2","GCAM_SSP4","GCAM","new",1.27371
1985,"RF_CO2","W/m^2","GCAM_SSP4","GCAM","new",1.29478
1986,"RF_CO2","W/m^2","GCAM_SSP4","GCAM","new",1.31703
1987,"RF_CO2","W/m^2","GCAM_SSP4","GCAM","new",1.34001
1988,"RF_CO2","W/m^2","GCAM_SSP4","GCAM","new",1.36299
1989,"RF_CO2","W/m^2","GCAM_SSP4","GCAM","new",1.38629
1990,"RF_CO2","W/m^2","GCAM_SSP4","GCAM","new",1.40956
1991,"RF_CO2","W/m^2","GCAM_SSP4","GCAM","new",1.43326
1992,"RF_CO2","W/m^2","GCAM_SSP4","GCAM","new",1.4556
1993,"RF_CO2","W/m^2","GCAM_SSP4","GCAM","new",1.47624
1994,"RF_CO2","W/m^2","GCAM_SSP4","GCAM","new",1.49678
1995,"RF_CO2","W/m^2","GCAM_SSP4","GCAM","new",1.52012
1996,"RF_CO2","W/m^2","GCAM_SSP4","GCAM","new",1.54399
1997,"RF_CO2","W/m^2","GCAM_SSP4","GCAM","new",1.56921
1998,"RF_CO2","W/m^2","GCAM_SSP4","GCAM","new",1.5973
1999,"RF_CO2","W/m^2","GCAM_SSP4","GCAM","new",1.62259
2000,"RF_CO2","W/m^2","GCAM_SSP4","GCAM","new",1.64776
2001,"RF_CO2","W/m^2","GCAM_SSP4","GCAM","new",1.67329
2002,"RF_CO2","W/m^2","GCAM_SSP4","GCAM","new",1.69761
2003,"RF_CO2","W/m^2","GCAM_SSP4","GCAM","new",1.72343
2004,"RF_CO2","W/m^2","GCAM_SSP4","GCAM","new",1.75308
2005,"RF_CO2","W/m^2","GCAM_SSP4","GCAM","new",1.78271
2006,"RF_CO2","W/m^2","GCAM_SSP4","GCAM","new",1.81239
2007,"RF_CO2","W/m^2","GCAM_SSP4","GCAM","new",1.84334
2008,"RF_CO2","W/m^2","GCAM_SSP4","GCAM","new",1.87492
2009,"RF_CO2","W/m^2","GCAM_SSP4","GCAM","new",1.90695
2010,"RF_CO2","W/m^2","GCAM_SSP4","GCAM","new",1.93822
2011,"RF_CO2","W/m^2","GCAM_SSP4","GCAM","new",1.97236
2012,"RF_CO2","W/m^2","GCAM_SSP4","GCAM","new",2.00716
2013,"RF_CO2","W/m^2","GCAM_SSP4","GCAM","new",2.04236
2014,"RF_CO2","W/m^2","GCAM_SSP4","GCAM","new",2.07747
2015,"RF_CO2","W/m^2","GCAM_SSP4","GCAM","new",2.11253
2016,"RF_CO2","W/m^2","GCAM_SSP4","GCAM","new",2.14692
2017,"RF_CO2","W/m^2","GCAM_SSP4","GCAM","new",2.17902
2018,"RF_CO2","W/m^2","GCAM_SSP4","GCAM","new",2.21167
2019,"RF_CO2","W/m^2","GCAM_SSP4","GCAM","new",2.24428
2020,"RF_CO2","W/m^2","GCAM_SSP4","GCAM","new",2.27633
2021,"RF_CO2","W/m^2","GCAM_SSP4","GCAM","new",2.30472
2022,"RF_CO2","W/m^2","GCAM_SSP4","GCAM","new",2.33645
2023,"RF_CO2","W/m^2","GCAM_SSP4","GCAM","new",2.36854
2024,"RF_CO2","W/m^2","GCAM_SSP4","GCAM","new",2.40105
2025,"RF_CO2","W/m^2","GCAM_SSP4","GCAM","new",2.43465
2026,"RF_CO2","W/m^2","GCAM_SSP4","GCAM","new",2.46942
2027,"RF_CO2","W/m^2","GCAM_SSP4","GCAM","new",2.50357
2028,"RF_CO2","W/m^2","GCAM_SSP4","GCAM","new",2.53782
2029,"RF_CO2","W/m^2","GCAM_SSP4","GCAM","new",2.57206
2030,"RF_CO2","W/m^2","GCAM_SSP4","GCAM","new",2.6063
2031,"RF_CO2","W/m^2","GCAM_SSP4","GCAM","new",2.64049
2032,"RF_CO2","W/m^2","GCAM_SSP4","GCAM","new",2.67344
2033,"RF_CO2","W/m^2","GCAM_SSP4","GCAM","new",2.70602
2034,"RF_CO2","W/m^2","GCAM_SSP4","GCAM","new",2.73822
2035,"RF_CO2","W/m^2","GCAM_SSP4","GCAM","new",2.77005
2036,"RF_CO2","W/m^2","GCAM_SSP4","GCAM","new",2.80152
2037,"RF_CO2","W/m^2","GCAM_SSP4","GCAM","new",2.83318
2038,"RF_CO2","W/m^2","GCAM_SSP4","GCAM","new",2.86433
2039,"RF_CO2","W/m^2","GCAM_SSP4","GCAM","new",2.89503
2040,"RF_CO2","W/m^2","GCAM_SSP4","GCAM","new",2.92529
2041,"RF_CO2","W/m^2","GCAM_SSP4","GCAM","new",2.95513
2042,"RF_CO2","W/m^2","GCAM_SSP4","GCAM","new",2.98402
2043,"RF_CO2","W/m^2","GCAM_SSP4","GCAM","new",3.01246
2044,"RF_CO2","W/m^2","GCAM_SSP4","GCAM","new",3.04047
2045,"RF_CO2","W/m^2","GCAM_SSP4","GCAM","new",3.06808
2046,"RF_CO2","W/m^2","GCAM_SSP4","GCAM","new",3.0953
2047,"RF_CO2","W/m^2","GCAM_SSP4","GCAM","new",3.12206
2048,"RF_CO2","W/m^2","GCAM_SSP4","GCAM","new",3.14836
2049,"RF_CO2","W/m^2","GCAM_SSP4","GCAM","new",3.17423
2050,"RF_CO2","W/m^2","GCAM_SSP4","GCAM","new",3.19968
2051,"RF_CO2","W/m^2","GCAM_SSP4","GCAM","new",3.22475
2052,"RF_CO2","W/m^2","GCAM_SSP4","GCAM","new",3.25059
2053,"RF_CO2","W/m^2","GCAM_SSP4","GCAM","new",3.27616
2054,"RF_CO2","W/m^2","GCAM_SSP4","GCAM","new",3.30149
2055,"RF_CO2","W/m^2","GCAM_SSP4","GCAM","new",3.32659
2056,"RF_CO2","W/m^2","GCAM_SSP4","GCAM","new",3.35148
2057,"RF_CO2","W/m^2","GCAM_SSP4","GCAM","new",3.3761
2058,"RF_CO2","W/m^2","GCAM_SSP4","GCAM","new",3.40065
2059,"RF_CO2","W/m^2","GCAM_SSP4","GCAM","new",3.42513
2060,"RF_CO2","W/m^2","GCAM_SSP4","GCAM","new",3.44955
2061,"RF_CO2","W/m^2","GCAM_SSP4","GCAM","new",3.47391
2062,"RF_CO2","W/m^2","GCAM_SSP4","GCAM","new",3.49735
2063,"RF_CO2","W/m^2","GCAM_SSP4","GCAM","new",3.52084
2064,"RF_CO2","W/m^2","GCAM_SSP4","GCAM","new",3.54436
2065,"RF_CO2","W/m^2","GCAM_SSP4","GCAM","new",3.56792
2066,"RF_CO2","W/m^2","GCAM_SSP4","GCAM","new",3.59151
2067,"RF_CO2","W/m^2","GCAM_SSP4","GCAM","new",3.61468
2068,"RF_CO2","W/m^2","GCAM_SSP4","GCAM","new",3.63796
2069,"RF_CO2","W/m^2","GCAM_SSP4","GCAM","new",3.6613
2070,"RF_CO2","W/m^2","GCAM_SSP4","GCAM","new",3.68473
2071,"RF_CO2","W/m^2","GCAM_SSP4","GCAM","new",3.70823
2072,"RF_CO2","W/m^2","GCAM_SSP4","GCAM","new",3.73125
2073,"RF_CO2","W/m^2","GCAM_SSP4","GCAM","new",3.7544
2074,"RF_CO2","W/m^2","GCAM_SSP4","GCAM","new",3.77766
2075,"RF_CO2","W/m^2","GCAM_SSP4","GCAM","new",3.80104
2076,"RF_CO2","W/m^2","GCAM_SSP4","GCAM","new",3.82453
2077,"RF_CO2","W/m^2","GCAM_SSP4","GCAM","new",3.84772
2078,"RF_CO2","W/m^2","GCAM_SSP4","GCAM","new",3.87094
2079,"RF_CO2","W/m^2","GCAM_SSP4","GCAM","new",3.89418
2080,"RF_CO2","W/m^2","GCAM_SSP4","GCAM","new",3.91745
2081,"RF_CO2","W/m^2","GCAM_SSP4","GCAM","new",3.94076
2082,"RF_CO2","W/m^2","GCAM_SSP4","GCAM","new",3.96361
2083,"RF_CO2","W/m^2","GCAM_SSP4","GCAM","new",3.98644
2084,"RF_CO2","W/m^2","GCAM_SSP4","GCAM","new",4.00926
2085,"RF_CO2","W/m^2","GCAM_SSP4","GCAM","new",4.03208
2086,"RF_CO2","W/m^2","GCAM_SSP4","GCAM","new",4.05489
2087,"RF_CO2","W/m^2","GCAM_SSP4","GCAM","new",4.07705
2088,"RF_CO2","W/m^2","GCAM_SSP4","GCAM","new",4.09935
2089,"RF_CO2","W/m^2","GCAM_SSP4","GCAM","new",4.12177
2090,"RF_CO2","W/m^2","GCAM_SSP4","GCAM","new",4.1443
2091,"RF_CO2","W/m^2","GCAM_SSP4","GCAM","new",4.16693
2092,"RF_CO2","W/m^2","GCAM_SSP4","GCAM","new",4.18905
2093,"RF_CO2","W/m^2","GCAM_SSP4","GCAM","new",4.21134
2094,"RF_CO2","W/m^2","GCAM_SSP4","GCAM","new",4.23379
2095,"RF_CO2","W/m^2","GCAM_SSP4","GCAM","new",4.25639
2096,"RF_CO2","W/m^2","GCAM_SSP4","GCAM","new",4.27913
2097,"RF_CO2","W/m^2","GCAM_SSP4","GCAM","new",4.30173
2098,"RF_CO2","W/m^2","GCAM_SSP4","GCAM","new",4.32449
2099,"RF_CO2","W/m^2","GCAM_SSP4","GCAM","new",4.34741
2100,"RF_CO2","W/m^2","GCAM_SSP4","GCAM","new",4.37047
1976,"RF_CO2","W/m^2","GCAM_SSP5","GCAM","new",1.10569
1977,"RF_CO2","W/m^2","GCAM_SSP5","GCAM","new",1.12652
1978,"RF_CO2","W/m^2","GCAM_SSP5","GCAM","new",1.14923
1979,"RF_CO2","W/m^2","GCAM_SSP5","GCAM","new",1.17241
1980,"RF_CO2","W/m^2","GCAM_SSP5","GCAM","new",1.19456
1981,"RF_CO2","W/m^2","GCAM_SSP5","GCAM","new",1.21606
1982,"RF_CO2","W/m^2","GCAM_SSP5","GCAM","new",1.23624
1983,"RF_CO2","W/m^2","GCAM_SSP5","GCAM","new",1.25497
1984,"RF_CO2","W/m^2","GCAM_SSP5","GCAM","new",1.27371
1985,"RF_CO2","W/m^2","GCAM_SSP5","GCAM","new",1.29478
1986,"RF_CO2","W/m^2","GCAM_SSP5","GCAM","new",1.31703
1987,"RF_CO2","W/m^2","GCAM_SSP5","GCAM","new",1.34001
1988,"RF_CO2","W/m^2","GCAM_SSP5","GCAM","new",1.36299
1989,"RF_CO2","W/m^2","GCAM_SSP5","GCAM","new",1.38629
1990,"RF_CO2","W/m^2","GCAM_SSP5","GCAM","new",1.40956
1991,"RF_CO2","W/m^2","GCAM_SSP5","GCAM","new",1.43326
1992,"RF_CO2","W/m^2","GCAM_SSP5","GCAM","new",1.4556
1993,"RF_CO2","W/m^2","GCAM_SSP5","GCAM","new",1.47624
1994,"RF_CO2","W/m^2","GCAM_SSP5","GCAM","new",1.49678
1995,"RF_CO2","W/m^2","GCAM_SSP5","GCAM","new",1.52012
1996,"RF_CO2","W/m^2","GCAM_SSP5","GCAM","new",1.54399
1997,"RF_CO2","W/m^2","GCAM_SSP5","GCAM","new",1.56921
1998,"RF_CO2","W/m^2","GCAM_SSP5","GCAM","new",1.5973
1999,"RF_CO2","W/m^2","GCAM_SSP5","GCAM","new",1.62259
2000,"RF_CO2","W/m^2","GCAM_SSP5","GCAM","new",1.64776
2001,"RF_CO2","W/m^2","GCAM_SSP5","GCAM","new",1.67329
2002,"RF_CO2","W/m^2","GCAM_SSP5","GCAM","new",1.69761
2003,"RF_CO2","W/m^2","GCAM_SSP5","GCAM","new",1.72343
2004,"RF_CO2","W/m^2","GCAM_SSP5","GCAM","new",1.75308
2005,"RF_CO2","W/m^2","GCAM_SSP5","GCAM","new",1.78271
2006,"RF_CO2","W/m^2","GCAM_SSP5","GCAM","new",1.81239
2007,"RF_CO2","W/m^2","GCAM_SSP5","GCAM","new",1.84334
2008,"RF_CO2","W/m^2","GCAM_SSP5","GCAM","new",1.87492
2009,"RF_CO2","W/m^2","GCAM_SSP5","GCAM","new",1.90695
2010,"RF_CO2","W/m^2","GCAM_SSP5","GCAM","new",1.93822
2011,"RF_CO2","W/m^2","GCAM_SSP5","GCAM","new",1.97236
2012,"RF_CO2","W/m^2","GCAM_SSP5","GCAM","new",2.00716
2013,"RF_CO2","W/m^2","GCAM_SSP5","GCAM","new",2.04236
2014,"RF_CO2","W/m^2","GCAM_SSP5","GCAM","new",2.07747
2015,"RF_CO2","W/m^2","GCAM_SSP5","GCAM","new",2.11253
2016,"RF_CO2","W/m^2","GCAM_SSP5","GCAM","new",2.14692
2017,"RF_CO2","W/m^2","GCAM_SSP5","GCAM","new",2.17902
2018,"RF_CO2","W/m^2","GCAM_SSP5","GCAM","new",2.21167
2019,"RF_CO2","W/m^2","GCAM_SSP5","GCAM","new",2.24428
2020,"RF_CO2","W/m^2","GCAM_SSP5","GCAM","new",2.27633
2021,"RF_CO2","W/m^2","GCAM_SSP5","GCAM","new",2.30472
2022,"RF_CO2","W/m^2","GCAM_SSP5","GCAM","new",2.33645
2023,"RF_CO2","W/m^2","GCAM_SSP5","GCAM","new",2.36854
2024,"RF_CO2","W/m^2","GCAM_SSP5","GCAM","new",2.40105
2025,"RF_CO2","W/m^2","GCAM_SSP5","GCAM","new",2.43257
2026,"RF_CO2","W/m^2","GCAM_SSP5","GCAM","new",2.46579
2027,"RF_CO2","W/m^2","GCAM_SSP5","GCAM","new",2.49778
2028,"RF_CO2","W/m^2","GCAM_SSP5","GCAM","new",2.53021
2029,"RF_CO2","W/m^2","GCAM_SSP5","GCAM","new",2.56293
2030,"RF_CO2","W/m^2","GCAM_SSP5","GCAM","new",2.59592
2031,"RF_CO2","W/m^2","GCAM_SSP5","GCAM","new",2.62914
2032,"RF_CO2","W/m^2","GCAM_SSP5","GCAM","new",2.66298
2033,"RF_CO2","W/m^2","GCAM_SSP5","GCAM","new",2.69692
2034,"RF_CO2","W/m^2","GCAM_SSP5","GCAM","new",2.73098
2035,"RF_CO2","W/m^2","GCAM_SSP5","GCAM","new",2.76514
2036,"RF_CO2","W/m^2","GCAM_SSP5","GCAM","new",2.79937
2037,"RF_CO2","W/m^2","GCAM_SSP5","GCAM","new",2.83495
2038,"RF_CO2","W/m^2","GCAM_SSP5","GCAM","new",2.87056
2039,"RF_CO2","W/m^2","GCAM_SSP5","GCAM","new",2.90625
2040,"RF_CO2","W/m^2","GCAM_SSP5","GCAM","new",2.94199
2041,"RF_CO2","W/m^2","GCAM_SSP5","GCAM","new",2.97778
2042,"RF_CO2","W/m^2","GCAM_SSP5","GCAM","new",3.01353
2043,"RF_CO2","W/m^2","GCAM_SSP5","GCAM","new",3.04939
2044,"RF_CO2","W/m^2","GCAM_SSP5","GCAM","new",3.08535
2045,"RF_CO2","W/m^2","GCAM_SSP5","GCAM","new",3.12141
2046,"RF_CO2","W/m^2","GCAM_SSP5","GCAM","new",3.15757
2047,"RF_CO2","W/m^2","GCAM_SSP5","GCAM","new",3.1932
2048,"RF_CO2","W/m^2","GCAM_SSP5","GCAM","new",3.22893
2049,"RF_CO2","W/m^2","GCAM_SSP5","GCAM","new",3.26473
2050,"RF_CO2","W/m^2","GCAM_SSP5","GCAM","new",3.30063
2051,"RF_CO2","W/m^2","GCAM_SSP5","GCAM","new",3.33662
2052,"RF_CO2","W/m^2","GCAM_SSP5","GCAM","new",3.37329
2053,"RF_CO2","W/m^2","GCAM_SSP5","GCAM","new",3.41001
2054,"RF_CO2","W/m^2","GCAM_SSP5","GCAM","new",3.44682
2055,"RF_CO2","W/m^2","GCAM_SSP5","GCAM","new",3.4837
2056,"RF_CO2","W/m^2","GCAM_SSP5","GCAM","new",3.52069
2057,"RF_CO2","W/m^2","GCAM_SSP5","GCAM","new",3.55745
2058,"RF_CO2","W/m^2","GCAM_SSP5","GCAM","new",3.59446
2059,"RF_CO2","W/m^2","GCAM_SSP5","GCAM","new",3.63171
2060,"RF_CO2","W/m^2","GCAM_SSP5","GCAM","new",3.6692
2061,"RF_CO2","W/m^2","GCAM_SSP5","GCAM","new",3.70694
2062,"RF_CO2","W/m^2","GCAM_SSP5","GCAM","new",3.74414
2063,"RF_CO2","W/m^2","GCAM_SSP5","GCAM","new",3.78163
2064,"RF_CO2","W/m^2","GCAM_SSP5","GCAM","new",3.81939
2065,"RF_CO2","W/m^2","GCAM_SSP5","GCAM","new",3.85742
2066,"RF_CO2","W/m^2","GCAM_SSP5","GCAM","new",3.89571
2067,"RF_CO2","W/m^2","GCAM_SSP5","GCAM","new",3.93366
2068,"RF_CO2","W/m^2","GCAM_SSP5","GCAM","new",3.97185
2069,"RF_CO2","W/m^2","GCAM_SSP5","GCAM","new",4.01026
2070,"RF_CO2","W/m^2","GCAM_SSP5","GCAM","new",4.0489
2071,"RF_CO2","W/m^2","GCAM_SSP5","GCAM","new",4.08777
2072,"RF_CO2","W/m^2","GCAM_SSP5","GCAM","new",4.1264
2073,"RF_CO2","W/m^2","GCAM_SSP5","GCAM","new",4.16522
2074,"RF_CO2","W/m^2","GCAM_SSP5","GCAM","new",4.20423
2075,"RF_CO2","W/m^2","GCAM_SSP5","GCAM","new",4.24341
2076,"RF_CO2","W/m^2","GCAM_SSP5","GCAM","new",4.28278
2077,"RF_CO2","W/m^2","GCAM_SSP5","GCAM","new",4.32202
2078,"RF_CO2","W/m^2","GCAM_SSP5","GCAM","new",4.36131
2079,"RF_CO2","W/m^2","GCAM_SSP5","GCAM","new",4.40064
2080,"RF_CO2","W/m^2","GCAM_SSP5","GCAM","new",4.44004
2081,"RF_CO2","W/m^2","GCAM_SSP5","GCAM","new",4.4795
2082,"RF_CO2","W/m^2","GCAM_SSP5","GCAM","new",4.51847
2083,"RF_CO2","W/m^2","GCAM_SSP5","GCAM","new",4.55734
2084,"RF_CO2","W/m^2","GCAM_SSP5","GCAM","new",4.59612
2085,"RF_CO2","W/m^2","GCAM_SSP5","GCAM","new",4.63483
2086,"RF_CO2","W/m^2","GCAM_SSP5","GCAM","new",4.67347
2087,"RF_CO2","W/m^2","GCAM_SSP5","GCAM","new",4.71119
2088,"RF_CO2","W/m^2","GCAM_SSP5","GCAM","new",4.74891
2089,"RF_CO2","W/m^2","GCAM_SSP5","GCAM","new",4.7866
2090,"RF_CO2","W/m^2","GCAM_SSP5","GCAM","new",4.82429
2091,"RF_CO2","W/m^2","GCAM_SSP5","GCAM","new",4.86197
2092,"RF_CO2","W/m^2","GCAM_SSP5","GCAM","new",4.89907
2093,"RF_CO2","W/m^2","GCAM_SSP5","GCAM","new",4.9361
2094,"RF_CO2","W/m^2","GCAM_SSP5","GCAM","new",4.97308
2095,"RF_CO2","W/m^2","GCAM_SSP5","GCAM","new",5.00999
2096,"RF_CO2","W/m^2","GCAM_SSP5","GCAM","new",5.04685
2097,"RF_CO2","W/m^2","GCAM_SSP5","GCAM","new",5.08295
2098,"RF_CO2","W/m^2","GCAM_SSP5","GCAM","new",5.11892
2099,"RF_CO2","W/m^2","GCAM_SSP5","GCAM","new",5.15475
2100,"RF_CO2","W/m^2","GCAM_SSP5","GCAM","new",5.19047
1976,"RF_CO2","W/m^2","GCAM_SSP1","GCAM","new",1.10569
1977,"RF_CO2","W/m^2","GCAM_SSP1","GCAM","new",1.12652
1978,"RF_CO2","W/m^2","GCAM_SSP1","GCAM","new",1.14923
1979,"RF_CO2","W/m^2","GCAM_SSP1","GCAM","new",1.17241
1980,"RF_CO2","W/m^2","GCAM_SSP1","GCAM","new",1.19456
1981,"RF_CO2","W/m^2","GCAM_SSP1","GCAM","new",1.21606
1982,"RF_CO2","W/m^2","GCAM_SSP1","GCAM","new",1.23624
1983,"RF_CO2","W/m^2","GCAM_SSP1","GCAM","new",1.25497
1984,"RF_CO2","W/m^2","GCAM_SSP1","GCAM","new",1.27371
1985,"RF_CO2","W/m^2","GCAM_SSP1","GCAM","new",1.29478
1986,"RF_CO2","W/m^2","GCAM_SSP1","GCAM","new",1.31703
1987,"RF_CO2","W/m^2","GCAM_SSP1","GCAM","new",1.34001
1988,"RF_CO2","W/m^2","GCAM_SSP1","GCAM","new",1.36299
1989,"RF_CO2","W/m^2","GCAM_SSP1","GCAM","new",1.38629
1990,"RF_CO2","W/m^2","GCAM_SSP1","GCAM","new",1.40956
1991,"RF_CO2","W/m^2","GCAM_SSP1","GCAM","new",1.43326
1992,"RF_CO2","W/m^2","GCAM_SSP1","GCAM","new",1.4556
1993,"RF_CO2","W/m^2","GCAM_SSP1","GCAM","new",1.47624
1994,"RF_CO2","W/m^2","GCAM_SSP1","GCAM","new",1.49678
1995,"RF_CO2","W/m^2","GCAM_SSP1","GCAM","new",1.52012
1996,"RF_CO2","W/m^2","GCAM_SSP1","GCAM","new",1.54399
1997,"RF_CO2","W/m^2","GCAM_SSP1","GCAM","new",1.56921
1998,"RF_CO2","W/m^2","GCAM_SSP1","GCAM","new",1.5973
1999,"RF_CO2","W/m^2","GCAM_SSP1","GCAM","new",1.62259
2000,"RF_CO2","W/m^2","GCAM_SSP1","GCAM","new",1.64776
2001,"RF_CO2","W/m^2","GCAM_SSP1","GCAM","new",1.67329
2002,"RF_CO2","W/m^2","GCAM_SSP1","GCAM","new",1.69761
2003,"RF_CO2","W/m^2","GCAM_SSP1","GCAM","new",1.72343
2004,"RF_CO2","W/m^2","GCAM_SSP1","GCAM","new",1.75308
2005,"RF_CO2","W/m^2","GCAM_SSP1","GCAM","new",1.78271
2006,"RF_CO2","W/m^2","GCAM_SSP1","GCAM","new",1.81239
2007,"RF_CO2","W/m^2","GCAM_SSP1","GCAM","new",1.84334
2008,"RF_CO2","W/m^2","GCAM_SSP1","GCAM","new",1.87492
2009,"RF_CO2","W/m^2","GCAM_SSP1","GCAM","new",1.90695
2010,"RF_CO2","W/m^2","GCAM_SSP1","GCAM","new",1.93822
2011,"RF_CO2","W/m^2","GCAM_SSP1","GCAM","new",1.97236
2012,"RF_CO2","W/m^2","GCAM_SSP1","GCAM","new",2.00716
2013,"RF_CO2","W/m^2","GCAM_SSP1","GCAM","new",2.04236
2014,"RF_CO2","W/m^2","GCAM_SSP1","GCAM","new",2.07747
2015,"RF_CO2","W/m^2","GCAM_SSP1","GCAM","new",2.11253
2016,"RF_CO2","W/m^2","GCAM_SSP1","GCAM","new",2.14692
2017,"RF_CO2","W/m^2","GCAM_SSP1","GCAM","new",2.17902
2018,"RF_CO2","W/m^2","GCAM_SSP1","GCAM","new",2.21167
2019,"RF_CO2","W/m^2","GCAM_SSP1","GCAM","new",2.24428
2020,"RF_CO2","W/m^2","GCAM_SSP1","GCAM","new",2.27633
2021,"RF_CO2","W/m^2","GCAM_SSP1","GCAM","new",2.30472
2022,"RF_CO2","W/m^2","GCAM_SSP1","GCAM","new",2.33645
2023,"RF_CO2","W/m^2","GCAM_SSP1","GCAM","new",2.36854
2024,"RF_CO2","W/m^2","GCAM_SSP1","GCAM","new",2.40105
2025,"RF_CO2","W/m^2","GCAM_SSP1","GCAM","new",2.4312
2026,"RF_CO2","W/m^2","GCAM_SSP1","GCAM","new",2.46236
2027,"RF_CO2","W/m^2","GCAM_SSP1","GCAM","new",2.49163
2028,"RF_CO2","W/m^2","GCAM_SSP1","GCAM","new",2.52108
2029,"RF_CO2","W/m^2","GCAM_SSP1","GCAM","new",2.55059
2030,"RF_CO2","W/m^2","GCAM_SSP1","GCAM","new",2.58013
2031,"RF_CO2","W/m^2","GCAM_SSP1","GCAM","new",2.60968
2032,"RF_CO2","W/m^2","GCAM_SSP1","GCAM","new",2.63822
2033,"RF_CO2","W/m^2","GCAM_SSP1","GCAM","new",2.66641
2034,"RF_CO2","W/m^2","GCAM_SSP1","GCAM","new",2.69425
2035,"RF_CO2","W/m^2","GCAM_SSP1","GCAM","new",2.72174
2036,"RF_CO2","W/m^2","GCAM_SSP1","GCAM","new",2.74889
2037,"RF_CO2","W/m^2","GCAM_SSP1","GCAM","new",2.77604
2038,"RF_CO2","W/m^2","GCAM_SSP1","GCAM","new",2.80285
2039,"RF_CO2","W/m^2","GCAM_SSP1","GCAM","new",2.82933
2040,"RF_CO2","W/m^2","GCAM_SSP1","GCAM","new",2.8555
2041,"RF_CO2","W/m^2","GCAM_SSP1","GCAM","new",2.88136
2042,"RF_CO2","W/m^2","GCAM_SSP1","GCAM","new",2.90629
2043,"RF_CO2","W/m^2","GCAM_SSP1","GCAM","new",2.93092
2044,"RF_CO2","W/m^2","GCAM_SSP1","GCAM","new",2.95526
2045,"RF_CO2","W/m^2","GCAM_SSP1","GCAM","new",2.97931
2046,"RF_CO2","W/m^2","GCAM_SSP1","GCAM","new",3.00309
2047,"RF_CO2","W/m^2","GCAM_SSP1","GCAM","new",3.02605
2048,"RF_CO2","W/m^2","GCAM_SSP1","GCAM","new",3.04868
2049,"RF_CO2","W/m^2","GCAM_SSP1","GCAM","new",3.07098
2050,"RF_CO2","W/m^2","GCAM_SSP1","GCAM","new",3.09297
2051,"RF_CO2","W/m^2","GCAM_SSP1","GCAM","new",3.11467
2052,"RF_CO2","W/m^2","GCAM_SSP1","GCAM","new",3.13681
2053,"RF_CO2","W/m^2","GCAM_SSP1","GCAM","new",3.15867
2054,"RF_CO2","W/m^2","GCAM_SSP1","GCAM","new",3.18028
2055,"RF_CO2","W/m^2","GCAM_SSP1","GCAM","new",3.20166
2056,"RF_CO2","W/m^2","GCAM_SSP1","GCAM","new",3.22283
2057,"RF_CO2","W/m^2","GCAM_SSP1","GCAM","new",3.24318
2058,"RF_CO2","W/m^2","GCAM_SSP1","GCAM","new",3.26341
2059,"RF_CO2","W/m^2","GCAM_SSP1","GCAM","new",3.2835
2060,"RF_CO2","W/m^2","GCAM_SSP1","GCAM","new",3.30348
2061,"RF_CO2","W/m^2","GCAM_SSP1","GCAM","new",3.32334
2062,"RF_CO2","W/m^2","GCAM_SSP1","GCAM","new",3.342
2063,"RF_CO2","W/m^2","GCAM_SSP1","GCAM","new",3.36061
2064,"RF_CO2","W/m^2","GCAM_SSP1","GCAM","new",3.37914
2065,"RF_CO2","W/m^2","GCAM_SSP1","GCAM","new",3.39761
2066,"RF_CO2","W/m^2","GCAM_SSP1","GCAM","new",3.41601
2067,"RF_CO2","W/m^2","GCAM_SSP1","GCAM","new",3.43379
2068,"RF_CO2","W/m^2","GCAM_SSP1","GCAM","new",3.45154
2069,"RF_CO2","W/m^2","GCAM_SSP1","GCAM","new",3.46924
2070,"RF_CO2","W/m^2","GCAM_SSP1","GCAM","new",3.48689
2071,"RF_CO2","W/m^2","GCAM_SSP1","GCAM","new",3.50449
2072,"RF_CO2","W/m^2","GCAM_SSP1","GCAM","new",3.52163
2073,"RF_CO2","W/m^2","GCAM_SSP1","GCAM","new",3.53874
2074,"RF_CO2","W/m^2","GCAM_SSP1","GCAM","new",3.55581
2075,"RF_CO2","W/m^2","GCAM_SSP1","GCAM","new",3.57285
2076,"RF_CO2","W/m^2","GCAM_SSP1","GCAM","new",3.58985
2077,"RF_CO2","W/m^2","GCAM_SSP1","GCAM","new",3.60657
2078,"RF_CO2","W/m^2","GCAM_SSP1","GCAM","new",3.62318
2079,"RF_CO2","W/m^2","GCAM_SSP1","GCAM","new",3.63967
2080,"RF_CO2","W/m^2","GCAM_SSP1","GCAM","new",3.65606
2081,"RF_CO2","W/m^2","GCAM_SSP1","GCAM","new",3.67234
2082,"RF_CO2","W/m^2","GCAM_SSP1","GCAM","new",3.68821
2083,"RF_CO2","W/m^2","GCAM_SSP1","GCAM","new",3.70393
2084,"RF_CO2","W/m^2","GCAM_SSP1","GCAM","new",3.71949
2085,"RF_CO2","W/m^2","GCAM_SSP1","GCAM","new",3.7349
2086,"RF_CO2","W/m^2","GCAM_SSP1","GCAM","new",3.75017
2087,"RF_CO2","W/m^2","GCAM_SSP1","GCAM","new",3.76472
2088,"RF_CO2","W/m^2","GCAM_SSP1","GCAM","new",3.77915
2089,"RF_CO2","W/m^2","GCAM_SSP1","GCAM","new",3.79343
2090,"RF_CO2","W/m^2","GCAM_SSP1","GCAM","new",3.80758
2091,"RF_CO2","W/m^2","GCAM_SSP1","GCAM","new",3.82159
2092,"RF_CO2","W/m^2","GCAM_SSP1","GCAM","new",3.83513
2093,"RF_CO2","W/m^2","GCAM_SSP1","GCAM","new",3.8485
2094,"RF_CO2","W/m^2","GCAM_SSP1","GCAM","new",3.86169
2095,"RF_CO2","W/m^2","GCAM_SSP1","GCAM","new",3.87469
2096,"RF_CO2","W/m^2","GCAM_SSP1","GCAM","new",3.88753
2097,"RF_CO2","W/m^2","GCAM_SSP1","GCAM","new",3.90005
2098,"RF_CO2","W/m^2","GCAM_SSP1","GCAM","new",3.91238
2099,"RF_CO2","W/m^2","GCAM_SSP1","GCAM","new",3.92451
2100,"RF_CO2","W/m^2","GCAM_SSP1","GCAM","new",3.93644
1976,"RF_CO2","W/m^2","GCAM_SSP2","GCAM","new",1.10569
1977,"RF_CO2","W/m^2","GCAM_SSP2","GCAM","new",1.12652
1978,"RF_CO2","W/m^2","GCAM_SSP2","GCAM","new",1.14923
1979,"RF_CO2","W/m^2","GCAM_SSP2","GCAM","new",1.17241
1980,"RF_CO2","W/m^2","GCAM_SSP2","GCAM","new",1.19456
1981,"RF_CO2","W/m^2","GCAM_SSP2","GCAM","new",1.21606
1982,"RF_CO2","W/m^2","GCAM_SSP2","GCAM","new",1.23624
1983,"RF_CO2","W/m^2","GCAM_SSP2","GCAM","new",1.25497
1984,"RF_CO2","W/m^2","GCAM_SSP2","GCAM","new",1.27371
1985,"RF_CO2","W/m^2","GCAM_SSP2","GCAM","new",1.29478
1986,"RF_CO2","W/m^2","GCAM_SSP2","GCAM","new",1.31703
1987,"RF_CO2","W/m^2","GCAM_SSP2","GCAM","new",1.34001
1988,"RF_CO2","W/m^2","GCAM_SSP2","GCAM","new",1.36299
1989,"RF_CO2","W/m^2","GCAM_SSP2","GCAM","new",1.38629
1990,"RF_CO2","W/m^2","GCAM_SSP2","GCAM","new",1.40956
1991,"RF_CO2","W/m^2","GCAM_SSP2","GCAM","new",1.43326
1992,"RF_CO2","W/m^2","GCAM_SSP2","GCAM","new",1.4556
1993,"RF_CO2","W/m^2","GCAM_SSP2","GCAM","new",1.47624
1994,"RF_CO2","W/m^2","GCAM_SSP2","GCAM","new",1.49678
1995,"RF_CO2","W/m^2","GCAM_SSP2","GCAM","new",1.52012
1996,"RF_CO2","W/m^2","GCAM_SSP2","GCAM","new",1.54399
1997,"RF_CO2","W/m^2","GCAM_SSP2","GCAM","new",1.56921
1998,"RF_CO2","W/m^2","GCAM_SSP2","GCAM","new",1.5973
1999,"RF_CO2","W/m^2","GCAM_SSP2","GCAM","new",1.62259
2000,"RF_CO2","W/m^2","GCAM_SSP2","GCAM","new",1.64776
2001,"RF_CO2","W/m^2","GCAM_SSP2","GCAM","new",1.67329
2002,"RF_CO2","W/m^2","GCAM_SSP2","GCAM","new",1.69761
2003,"RF_CO2","W/m^2","GCAM_SSP2","GCAM","new",1.72343
2004,"RF_CO2","W/m^2","GCAM_SSP2","GCAM","new",1.75308
2005,"RF_CO2","W/m^2","GCAM_SSP2","GCAM","new",1.78271
2006,"RF_CO2","W/m^2","GCAM_SSP2","GCAM","new",1.81239
2007,"RF_CO2","W/m^2","GCAM_SSP2","GCAM","new",1.84334
2008,"RF_CO2","W/m^2","GCAM_SSP2","GCAM","new",1.87492
2009,"RF_CO2","W/m^2","GCAM_SSP2","GCAM","new",1.90695
2010,"RF_CO2","W/m^2","GCAM_SSP2","GCAM","new",1.93822
2011,"RF_CO2","W/m^2","GCAM_SSP2","GCAM","new",1.97236
2012,"RF_CO2","W/m^2","GCAM_SSP2","GCAM","new",2.00716
2013,"RF_CO2","W/m^2","GCAM_SSP2","GCAM","new",2.04236
2014,"RF_CO2","W/m^2","GCAM_SSP2","GCAM","new",2.07747
2015,"RF_CO2","W/m^2","GCAM_SSP2","GCAM","new",2.11253
2016,"RF_CO2","W/m^2","GCAM_SSP2","GCAM","new",2.14692
2017,"RF_CO2","W/m^2","GCAM_SSP2","GCAM","new",2.17902
2018,"RF_CO2","W/m^2","GCAM_SSP2","GCAM","new",2.21167
2019,"RF_CO2","W/m^2","GCAM_SSP2","GCAM","new",2.24428
2020,"RF_CO2","W/m^2","GCAM_SSP2","GCAM","new",2.27633
2021,"RF_CO2","W/m^2","GCAM_SSP2","GCAM","new",2.30472
2022,"RF_CO2","W/m^2","GCAM_SSP2","GCAM","new",2.33645
2023,"RF_CO2","W/m^2","GCAM_SSP2","GCAM","new",2.36854
2024,"RF_CO2","W/m^2","GCAM_SSP2","GCAM","new",2.40105
2025,"RF_CO2","W/m^2","GCAM_SSP2","GCAM","new",2.43237
2026,"RF_CO2","W/m^2","GCAM_SSP2","GCAM","new",2.46432
2027,"RF_CO2","W/m^2","GCAM_SSP2","GCAM","new",2.495
2028,"RF_CO2","W/m^2","GCAM_SSP2","GCAM","new",2.52598
2029,"RF_CO2","W/m^2","GCAM_SSP2","GCAM","new",2.55714
2030,"RF_CO2","W/m^2","GCAM_SSP2","GCAM","new",2.58844
2031,"RF_CO2","W/m^2","GCAM_SSP2","GCAM","new",2.61985
2032,"RF_CO2","W/m^2","GCAM_SSP2","GCAM","new",2.65039
2033,"RF_CO2","W/m^2","GCAM_SSP2","GCAM","new",2.68079
2034,"RF_CO2","W/m^2","GCAM_SSP2","GCAM","new",2.71105
2035,"RF_CO2","W/m^2","GCAM_SSP2","GCAM","new",2.74117
2036,"RF_CO2","W/m^2","GCAM_SSP2","GCAM","new",2.77113
2037,"RF_CO2","W/m^2","GCAM_SSP2","GCAM","new",2.80125
2038,"RF_CO2","W/m^2","GCAM_SSP2","GCAM","new",2.83106
2039,"RF_CO2","W/m^2","GCAM_SSP2","GCAM","new",2.86058
2040,"RF_CO2","W/m^2","GCAM_SSP2","GCAM","new",2.88982
2041,"RF_CO2","W/m^2","GCAM_SSP2","GCAM","new",2.91879
2042,"RF_CO2","W/m^2","GCAM_SSP2","GCAM","new",2.94705
2043,"RF_CO2","W/m^2","GCAM_SSP2","GCAM","new",2.97504
2044,"RF_CO2","W/m^2","GCAM_SSP2","GCAM","new",3.00276
2045,"RF_CO2","W/m^2","GCAM_SSP2","GCAM","new",3.03024
2046,"RF_CO2","W/m^2","GCAM_SSP2","GCAM","new",3.05748
2047,"RF_CO2","W/m^2","GCAM_SSP2","GCAM","new",3.08445
2048,"RF_CO2","W/m^2","GCAM_SSP2","GCAM","new",3.11118
2049,"RF_CO2","W/m^2","GCAM_SSP2","GCAM","new",3.13767
2050,"RF_CO2","W/m^2","GCAM_SSP2","GCAM","new",3.16394
2051,"RF_CO2","W/m^2","GCAM_SSP2","GCAM","new",3.19001
2052,"RF_CO2","W/m^2","GCAM_SSP2","GCAM","new",3.21693
2053,"RF_CO2","W/m^2","GCAM_SSP2","GCAM","new",3.24365
2054,"RF_CO2","W/m^2","GCAM_SSP2","GCAM","new",3.27023
2055,"RF_CO2","W/m^2","GCAM_SSP2","GCAM","new",3.29665
2056,"RF_CO2","W/m^2","GCAM_SSP2","GCAM","new",3.32296
2057,"RF_CO2","W/m^2","GCAM_SSP2","GCAM","new",3.3491
2058,"RF_CO2","W/m^2","GCAM_SSP2","GCAM","new",3.37528
2059,"RF_CO2","W/m^2","GCAM_SSP2","GCAM","new",3.4015
2060,"RF_CO2","W/m^2","GCAM_SSP2","GCAM","new",3.42778
2061,"RF_CO2","W/m^2","GCAM_SSP2","GCAM","new",3.4541
2062,"RF_CO2","W/m^2","GCAM_SSP2","GCAM","new",3.47976
2063,"RF_CO2","W/m^2","GCAM_SSP2","GCAM","new",3.50558
2064,"RF_CO2","W/m^2","GCAM_SSP2","GCAM","new",3.53151
2065,"RF_CO2","W/m^2","GCAM_SSP2","GCAM","new",3.55759
2066,"RF_CO2","W/m^2","GCAM_SSP2","GCAM","new",3.58379
2067,"RF_CO2","W/m^2","GCAM_SSP2","GCAM","new",3.60966
2068,"RF_CO2","W/m^2","GCAM_SSP2","GCAM","new",3.63567
2069,"RF_CO2","W/m^2","GCAM_SSP2","GCAM","new",3.66183
2070,"RF_CO2","W/m^2","GCAM_SSP2","GCAM","new",3.68812
2071,"RF_CO2","W/m^2","GCAM_SSP2","GCAM","new",3.71453
2072,"RF_CO2","W/m^2","GCAM_SSP2","GCAM","new",3.74071
2073,"RF_CO2","W/m^2","GCAM_SSP2","GCAM","new",3.76708
2074,"RF_CO2","W/m^2","GCAM_SSP2","GCAM","new",3.79361
2075,"RF_CO2","W/m^2","GCAM_SSP2","GCAM","new",3.82031
2076,"RF_CO2","W/m^2","GCAM_SSP2","GCAM","new",3.84718
2077,"RF_CO2","W/m^2","GCAM_SSP2","GCAM","new",3.87387
2078,"RF_CO2","W/m^2","GCAM_SSP2","GCAM","new",3.90063
2079,"RF_CO2","W/m^2","GCAM_SSP2","GCAM","new",3.92746
2080,"RF_CO2","W/m^2","GCAM_SSP2","GCAM","new",3.95434
2081,"RF_CO2","W/m^2","GCAM_SSP2","GCAM","new",3.9813
2082,"RF_CO2","W/m^2","GCAM_SSP2","GCAM","new",4.00776
2083,"RF_CO2","W/m^2","GCAM_SSP2","GCAM","new",4.03419
2084,"RF_CO2","W/m^2","GCAM_SSP2","GCAM","new",4.06057
2085,"RF_CO2","W/m^2","GCAM_SSP2","GCAM","new",4.08694
2086,"RF_CO2","W/m^2","GCAM_SSP2","GCAM","new",4.11328
2087,"RF_CO2","W/m^2","GCAM_SSP2","GCAM","new",4.13894
2088,"RF_CO2","W/m^2","GCAM_SSP2","GCAM","new",4.16471
2089,"RF_CO2","W/m^2","GCAM_SSP2","GCAM","new",4.19057
2090,"RF_CO2","W/m^2","GCAM_SSP2","GCAM","new",4.21653
2091,"RF_CO2","W/m^2","GCAM_SSP2","GCAM","new",4.24256
2092,"RF_CO2","W/m^2","GCAM_SSP2","GCAM","new",4.26812
2093,"RF_CO2","W/m^2","GCAM_SSP2","GCAM","new",4.29377
2094,"RF_CO2","W/m^2","GCAM_SSP2","GCAM","new",4.3195
2095,"RF_CO2","W/m^2","GCAM_SSP2","GCAM","new",4.34529
2096,"RF_CO2","W/m^2","GCAM_SSP2","GCAM","new",4.37115
2097,"RF_CO2","W/m^2","GCAM_SSP2","GCAM","new",4.39665
2098,"RF_CO2","W/m^2","GCAM_SSP2","GCAM","new",4.42221
2099,"RF_CO2","W/m^2","GCAM_SSP2","GCAM","new",4.44781
2100,"RF_CO2","W/m^2","GCAM_SSP2","GCAM","new",4.47346
1976,"RF_CO2","W/m^2","GCAM_SSP3","GCAM","new",1.10569
1977,"RF_CO2","W/m^2","GCAM_SSP3","GCAM","new",1.12652
1978,"RF_CO2","W/m^2","GCAM_SSP3","GCAM","new",1.14923
1979,"RF_CO2","W/m^2","GCAM_SSP3","GCAM","new",1.17241
1980,"RF_CO2","W/m^2","GCAM_SSP3","GCAM","new",1.19456
1981,"RF_CO2","W/m^2","GCAM_SSP3","GCAM","new",1.21606
1982,"RF_CO2","W/m^2","GCAM_SSP3","GCAM","new",1.23624
1983,"RF_CO2","W/m^2","GCAM_SSP3","GCAM","new",1.25497
1984,"RF_CO2","W/m^2","GCAM_SSP3","GCAM","new",1.27371
1985,"RF_CO2","W/m^2","GCAM_SSP3","GCAM","new",1.29478
1986,"RF_CO2","W/m^2","GCAM_SSP3","GCAM","new",1.31703
1987,"RF_CO2","W/m^2","GCAM_SSP3","GCAM","new",1.34001
1988,"RF_CO2","W/m^2","GCAM_SSP3","GCAM","new",1.36299
1989,"RF_CO2","W/m^2","GCAM_SSP3","GCAM","new",1.38629
1990,"RF_CO2","W/m^2","GCAM_SSP3","GCAM","new",1.40956
1991,"RF_CO2","W/m^2","GCAM_SSP3","GCAM","new",1.43326
1992,"RF_CO2","W/m^2","GCAM_SSP3","GCAM","new",1.4556
1993,"RF_CO2","W/m^2","GCAM_SSP3","GCAM","new",1.47624
1994,"RF_CO2","W/m^2","GCAM_SSP3","GCAM","new",1.49678
1995,"RF_CO2","W/m^2","GCAM_SSP3","GCAM","new",1.52012
1996,"RF_CO2","W/m^2","GCAM_SSP3","GCAM","new",1.54399
1997,"RF_CO2","W/m^2","GCAM_SSP3","GCAM","new",1.56921
1998,"RF_CO2","W/m^2","GCAM_SSP3","GCAM","new",1.5973
1999,"RF_CO2","W/m^2","GCAM_SSP3","GCAM","new",1.62259
2000,"RF_CO2","W/m^2","GCAM_SSP3","GCAM","new",1.64776
2001,"RF_CO2","W/m^2","GCAM_SSP3","GCAM","new",1.67329
2002,"RF_CO2","W/m^2","GCAM_SSP3","GCAM","new",1.69761
2003,"RF_CO2","W/m^2","GCAM_SSP3","GCAM","new",1.72343
2004,"RF_CO2","W/m^2","GCAM_SSP3","GCAM","new",1.75308
2005,"RF_CO2","W/m^2","GCAM_SSP3","GCAM","new",1.78271
2006,"RF_CO2","W/m^2","GCAM_SSP3","GCAM","new",1.81239
2007,"RF_CO2","W/m^2","GCAM_SSP3","GCAM","new",1.84334
2008,"RF_CO2","W/m^2","GCAM_SSP3","GCAM","new",1.87492
2009,"RF_CO2","W/m^2","GCAM_SSP3","GCAM","new",1.90695
2010,"RF_CO2","W/m^2","GCAM_SSP3","GCAM","new",1.93822
2011,"RF_CO2","W/m^2","GCAM_SSP3","GCAM","new",1.97236
2012,"RF_CO2","W/m^2","GCAM_SSP3","GCAM","new",2.00716
2013,"RF_CO2","W/m^2","GCAM_SSP3","GCAM","new",2.04236
2014,"RF_CO2","W/m^2","GCAM_SSP3","GCAM","new",2.07747
2015,"RF_CO2","W/m^2","GCAM_SSP3","GCAM","new",2.11253
2016,"RF_CO2","W/m^2","GCAM_SSP3","GCAM","new",2.14692
2017,"RF_CO2","W/m^2","GCAM_SSP3","GCAM","new",2.17902
2018,"RF_CO2","W/m^2","GCAM_SSP3","GCAM","new",2.21167
2019,"RF_CO2","W/m^2","GCAM_SSP3","GCAM","new",2.24428
2020,"RF_CO2","W/m^2","GCAM_SSP3","GCAM","new",2.27633
2021,"RF_CO2","W/m^2","GCAM_SSP3","GCAM","new",2.30472
2022,"RF_CO2","W/m^2","GCAM_SSP3","GCAM","new",2.33645
2023,"RF_CO2","W/m^2","GCAM_SSP3","GCAM","new",2.36854
2024,"RF_CO2","W/m^2","GCAM_SSP3","GCAM","new",2.40105
2025,"RF_CO2","W/m^2","GCAM_SSP3","GCAM","new",2.43557
2026,"RF_CO2","W/m^2","GCAM_SSP3","GCAM","new",2.47149
2027,"RF_CO2","W/m^2","GCAM_SSP3","GCAM","new",2.50706
2028,"RF_CO2","W/m^2","GCAM_SSP3","GCAM","new",2.54286
2029,"RF_CO2","W/m^2","GCAM_SSP3","GCAM","new",2.57883
2030,"RF_CO2","W/m^2","GCAM_SSP3","GCAM","new",2.61493
2031,"RF_CO2","W/m^2","GCAM_SSP3","GCAM","new",2.65113
2032,"RF_CO2","W/m^2","GCAM_SSP3","GCAM","new",2.68605
2033,"RF_CO2","W/m^2","GCAM_SSP3","GCAM","new",2.72093
2034,"RF_CO2","W/m^2","GCAM_SSP3","GCAM","new",2.75573
2035,"RF_CO2","W/m^2","GCAM_SSP3","GCAM","new",2.79046
2036,"RF_CO2","W/m^2","GCAM_SSP3","GCAM","new",2.8251
2037,"RF_CO2","W/m^2","GCAM_SSP3","GCAM","new",2.85941
2038,"RF_CO2","W/m^2","GCAM_SSP3","GCAM","new",2.89339
2039,"RF_CO2","W/m^2","GCAM_SSP3","GCAM","new",2.92707
2040,"RF_CO2","W/m^2","GCAM_SSP3","GCAM","new",2.96045
2041,"RF_CO2","W/m^2","GCAM_SSP3","GCAM","new",2.99355
2042,"RF_CO2","W/m^2","GCAM_SSP3","GCAM","new",3.02531
2043,"RF_CO2","W/m^2","GCAM_SSP3","GCAM","new",3.05675
2044,"RF_CO2","W/m^2","GCAM_SSP3","GCAM","new",3.08785
2045,"RF_CO2","W/m^2","GCAM_SSP3","GCAM","new",3.11864
2046,"RF_CO2","W/m^2","GCAM_SSP3","GCAM","new",3.14913
2047,"RF_CO2","W/m^2","GCAM_SSP3","GCAM","new",3.17908
2048,"RF_CO2","W/m^2","GCAM_SSP3","GCAM","new",3.20873
2049,"RF_CO2","W/m^2","GCAM_SSP3","GCAM","new",3.23808
2050,"RF_CO2","W/m^2","GCAM_SSP3","GCAM","new",3.26716
2051,"RF_CO2","W/m^2","GCAM_SSP3","GCAM","new",3.296
2052,"RF_CO2","W/m^2","GCAM_SSP3","GCAM","new",3.32524
2053,"RF_CO2","W/m^2","GCAM_SSP3","GCAM","new",3.35427
2054,"RF_CO2","W/m^2","GCAM_SSP3","GCAM","new",3.38313
2055,"RF_CO2","W/m^2","GCAM_SSP3","GCAM","new",3.41183
2056,"RF_CO2","W/m^2","GCAM_SSP3","GCAM","new",3.44038
2057,"RF_CO2","W/m^2","GCAM_SSP3","GCAM","new",3.46858
2058,"RF_CO2","W/m^2","GCAM_SSP3","GCAM","new",3.4968
2059,"RF_CO2","W/m^2","GCAM_SSP3","GCAM","new",3.52503
2060,"RF_CO2","W/m^2","GCAM_SSP3","GCAM","new",3.5533
2061,"RF_CO2","W/m^2","GCAM_SSP3","GCAM","new",3.58159
2062,"RF_CO2","W/m^2","GCAM_SSP3","GCAM","new",3.60904
2063,"RF_CO2","W/m^2","GCAM_SSP3","GCAM","new",3.6366
2064,"RF_CO2","W/m^2","GCAM_SSP3","GCAM","new",3.66423
2065,"RF_CO2","W/m^2","GCAM_SSP3","GCAM","new",3.69196
2066,"RF_CO2","W/m^2","GCAM_SSP3","GCAM","new",3.71978
2067,"RF_CO2","W/m^2","GCAM_SSP3","GCAM","new",3.74714
2068,"RF_CO2","W/m^2","GCAM_SSP3","GCAM","new",3.77465
2069,"RF_CO2","W/m^2","GCAM_SSP3","GCAM","new",3.80228
2070,"RF_CO2","W/m^2","GCAM_SSP3","GCAM","new",3.83004
2071,"RF_CO2","W/m^2","GCAM_SSP3","GCAM","new",3.85791
2072,"RF_CO2","W/m^2","GCAM_SSP3","GCAM","new",3.88536
2073,"RF_CO2","W/m^2","GCAM_SSP3","GCAM","new",3.91298
2074,"RF_CO2","W/m^2","GCAM_SSP3","GCAM","new",3.94074
2075,"RF_CO2","W/m^2","GCAM_SSP3","GCAM","new",3.96866
2076,"RF_CO2","W/m^2","GCAM_SSP3","GCAM","new",3.99672
2077,"RF_CO2","W/m^2","GCAM_SSP3","GCAM","new",4.02459
2078,"RF_CO2","W/m^2","GCAM_SSP3","GCAM","new",4.05257
2079,"RF_CO2","W/m^2","GCAM_SSP3","GCAM","new",4.08066
2080,"RF_CO2","W/m^2","GCAM_SSP3","GCAM","new",4.10885
2081,"RF_CO2","W/m^2","GCAM_SSP3","GCAM","new",4.13714
2082,"RF_CO2","W/m^2","GCAM_SSP3","GCAM","new",4.16509
2083,"RF_CO2","W/m^2","GCAM_SSP3","GCAM","new",4.19304
2084,"RF_CO2","W/m^2","GCAM_SSP3","GCAM","new",4.221
2085,"RF_CO2","W/m^2","GCAM_SSP3","GCAM","new",4.24897
2086,"RF_CO2","W/m^2","GCAM_SSP3","GCAM","new",4.27695
2087,"RF_CO2","W/m^2","GCAM_SSP3","GCAM","new",4.30471
2088,"RF_CO2","W/m^2","GCAM_SSP3","GCAM","new",4.33259
2089,"RF_CO2","W/m^2","GCAM_SSP3","GCAM","new",4.36057
2090,"RF_CO2","W/m^2","GCAM_SSP3","GCAM","new",4.38867
2091,"RF_CO2","W/m^2","GCAM_SSP3","GCAM","new",4.41686
2092,"RF_CO2","W/m^2","GCAM_SSP3","GCAM","new",4.44482
2093,"RF_CO2","W/m^2","GCAM_SSP3","GCAM","new",4.47288
2094,"RF_CO2","W/m^2","GCAM_SSP3","GCAM","new",4.50103
2095,"RF_CO2","W/m^2","GCAM_SSP3","GCAM","new",4.52927
2096,"RF_CO2","W/m^2","GCAM_SSP3","GCAM","new",4.55759
2097,"RF_CO2","W/m^2","GCAM_SSP3","GCAM","new",4.58578
2098,"RF_CO2","W/m^2","GCAM_SSP3","GCAM","new",4.61407
2099,"RF_CO2","W/m^2","GCAM_SSP3","GCAM","new",4.64245
2100,"RF_CO2","W/m^2","GCAM_SSP3","GCAM","new",4.67092
1976,"RF_tot","W/m^2","Reference","GCAM","new",0.559135
1977,"RF_tot","W/m^2","Reference","GCAM","new",0.647532
1978,"RF_tot","W/m^2","Reference","GCAM","new",0.700597
1979,"RF_tot","W/m^2","Reference","GCAM","new",0.721343
1980,"RF_tot","W/m^2","Reference","GCAM","new",0.741918
1981,"RF_tot","W/m^2","Reference","GCAM","new",0.806342
1982,"RF_tot","W/m^2","Reference","GCAM","new",0.716126
1983,"RF_tot","W/m^2","Reference","GCAM","new",0.560993
1984,"RF_tot","W/m^2","Reference","GCAM","new",0.809674
1985,"RF_tot","W/m^2","Reference","GCAM","new",0.953567
1986,"RF_tot","W/m^2","Reference","GCAM","new",1.01638
1987,"RF_tot","W/m^2","Reference","GCAM","new",1.06186
1988,"RF_tot","W/m^2","Reference","GCAM","new",1.13586
1989,"RF_tot","W/m^2","Reference","GCAM","new",1.20979
1990,"RF_tot","W/m^2","Reference","GCAM","new",1.23834
1991,"RF_tot","W/m^2","Reference","GCAM","new",0.934447
1992,"RF_tot","W/m^2","Reference","GCAM","new",0.475938
1993,"RF_tot","W/m^2","Reference","GCAM","new",0.945124
1994,"RF_tot","W/m^2","Reference","GCAM","new",1.30528
1995,"RF_tot","W/m^2","Reference","GCAM","new",1.50311
1996,"RF_tot","W/m^2","Reference","GCAM","new",1.59932
1997,"RF_tot","W/m^2","Reference","GCAM","new",1.51692
1998,"RF_tot","W/m^2","Reference","GCAM","new",1.57274
1999,"RF_tot","W/m^2","Reference","GCAM","new",1.7424
2000,"RF_tot","W/m^2","Reference","GCAM","new",1.80752
2001,"RF_tot","W/m^2","Reference","GCAM","new",1.8355
2002,"RF_tot","W/m^2","Reference","GCAM","new",1.78351
2003,"RF_tot","W/m^2","Reference","GCAM","new",1.76261
2004,"RF_tot","W/m^2","Reference","GCAM","new",1.81733
2005,"RF_tot","W/m^2","Reference","GCAM","new",1.79915
2006,"RF_tot","W/m^2","Reference","GCAM","new",1.79208
2007,"RF_tot","W/m^2","Reference","GCAM","new",1.87049
2008,"RF_tot","W/m^2","Reference","GCAM","new",1.96388
2009,"RF_tot","W/m^2","Reference","GCAM","new",2.06245
2010,"RF_tot","W/m^2","Reference","GCAM","new",2.11529
2011,"RF_tot","W/m^2","Reference","GCAM","new",2.1443
2012,"RF_tot","W/m^2","Reference","GCAM","new",2.17859
2013,"RF_tot","W/m^2","Reference","GCAM","new",2.30793
2014,"RF_tot","W/m^2","Reference","GCAM","new",2.33398
2015,"RF_tot","W/m^2","Reference","GCAM","new",2.38465
2016,"RF_tot","W/m^2","Reference","GCAM","new",2.51757
2017,"RF_tot","W/m^2","Reference","GCAM","new",2.54974
2018,"RF_tot","W/m^2","Reference","GCAM","new",2.61221
2019,"RF_tot","W/m^2","Reference","GCAM","new",2.56119
2020,"RF_tot","W/m^2","Reference","GCAM","new",2.76652
2021,"RF_tot","W/m^2","Reference","GCAM","new",2.64093
2022,"RF_tot","W/m^2","Reference","GCAM","new",2.86927
2023,"RF_tot","W/m^2","Reference","GCAM","new",2.82928
2024,"RF_tot","W/m^2","Reference","GCAM","new",2.91013
2025,"RF_tot","W/m^2","Reference","GCAM","new",2.9988
2026,"RF_tot","W/m^2","Reference","GCAM","new",3.04667
2027,"RF_tot","W/m^2","Reference","GCAM","new",3.09338
2028,"RF_tot","W/m^2","Reference","GCAM","new",3.14063
2029,"RF_tot","W/m^2","Reference","GCAM","new",3.18826
2030,"RF_tot","W/m^2","Reference","GCAM","new",3.23625
2031,"RF_tot","W/m^2","Reference","GCAM","new",3.28187
2032,"RF_tot","W/m^2","Reference","GCAM","new",3.32709
2033,"RF_tot","W/m^2","Reference","GCAM","new",3.37237
2034,"RF_tot","W/m^2","Reference","GCAM","new",3.41771
2035,"RF_tot","W/m^2","Reference","GCAM","new",3.4631
2036,"RF_tot","W/m^2","Reference","GCAM","new",3.50566
2037,"RF_tot","W/m^2","Reference","GCAM","new",3.5483
2038,"RF_tot","W/m^2","Reference","GCAM","new",3.59071
2039,"RF_tot","W/m^2","Reference","GCAM","new",3.6329
2040,"RF_tot","W/m^2","Reference","GCAM","new",3.67489
2041,"RF_tot","W/m^2","Reference","GCAM","new",3.71836
2042,"RF_tot","W/m^2","Reference","GCAM","new",3.76122
2043,"RF_tot","W/m^2","Reference","GCAM","new",3.80389
2044,"RF_tot","W/m^2","Reference","GCAM","new",3.84639
2045,"RF_tot","W/m^2","Reference","GCAM","new",3.88872
2046,"RF_tot","W/m^2","Reference","GCAM","new",3.93085
2047,"RF_tot","W/m^2","Reference","GCAM","new",3.97286
2048,"RF_tot","W/m^2","Reference","GCAM","new",4.01482
2049,"RF_tot","W/m^2","Reference","GCAM","new",4.05675
2050,"RF_tot","W/m^2","Reference","GCAM","new",4.09865
2051,"RF_tot","W/m^2","Reference","GCAM","new",4.13946
2052,"RF_tot","W/m^2","Reference","GCAM","new",4.18124
2053,"RF_tot","W/m^2","Reference","GCAM","new",4.22307
2054,"RF_tot","W/m^2","Reference","GCAM","new",4.26498
2055,"RF_tot","W/m^2","Reference","GCAM","new",4.30697
2056,"RF_tot","W/m^2","Reference","GCAM","new",4.34808
2057,"RF_tot","W/m^2","Reference","GCAM","new",4.38928
2058,"RF_tot","W/m^2","Reference","GCAM","new",4.43074
2059,"RF_tot","W/m^2","Reference","GCAM","new",4.47247
2060,"RF_tot","W/m^2","Reference","GCAM","new",4.51446
2061,"RF_tot","W/m^2","Reference","GCAM","new",4.55632
2062,"RF_tot","W/m^2","Reference","GCAM","new",4.59769
2063,"RF_tot","W/m^2","Reference","GCAM","new",4.63936
2064,"RF_tot","W/m^2","Reference","GCAM","new",4.68127
2065,"RF_tot","W/m^2","Reference","GCAM","new",4.72345
2066,"RF_tot","W/m^2","Reference","GCAM","new",4.76567
2067,"RF_tot","W/m^2","Reference","GCAM","new",4.80761
2068,"RF_tot","W/m^2","Reference","GCAM","new",4.84977
2069,"RF_tot","W/m^2","Reference","GCAM","new",4.89213
2070,"RF_tot","W/m^2","Reference","GCAM","new",4.9347
2071,"RF_tot","W/m^2","Reference","GCAM","new",4.97745
2072,"RF_tot","W/m^2","Reference","GCAM","new",5.02002
2073,"RF_tot","W/m^2","Reference","GCAM","new",5.06282
2074,"RF_tot","W/m^2","Reference","GCAM","new",5.10584
2075,"RF_tot","W/m^2","Reference","GCAM","new",5.14908
2076,"RF_tot","W/m^2","Reference","GCAM","new",5.19256
2077,"RF_tot","W/m^2","Reference","GCAM","new",5.23585
2078,"RF_tot","W/m^2","Reference","GCAM","new",5.2792
2079,"RF_tot","W/m^2","Reference","GCAM","new",5.32261
2080,"RF_tot","W/m^2","Reference","GCAM","new",5.3661
2081,"RF_tot","W/m^2","Reference","GCAM","new",5.41083
2082,"RF_tot","W/m^2","Reference","GCAM","new",5.45502
2083,"RF_tot","W/m^2","Reference","GCAM","new",5.49911
2084,"RF_tot","W/m^2","Reference","GCAM","new",5.5431
2085,"RF_tot","W/m^2","Reference","GCAM","new",5.58701
2086,"RF_tot","W/m^2","Reference","GCAM","new",5.63049
2087,"RF_tot","W/m^2","Reference","GCAM","new",5.67327
2088,"RF_tot","W/m^2","Reference","GCAM","new",5.71605
2089,"RF_tot","W/m^2","Reference","GCAM","new",5.75881
2090,"RF_tot","W/m^2","Reference","GCAM","new",5.80158
2091,"RF_tot","W/m^2","Reference","GCAM","new",5.8446
2092,"RF_tot","W/m^2","Reference","GCAM","new",5.88703
2093,"RF_tot","W/m^2","Reference","GCAM","new",5.92943
2094,"RF_tot","W/m^2","Reference","GCAM","new",5.97179
2095,"RF_tot","W/m^2","Reference","GCAM","new",6.01412
2096,"RF_tot","W/m^2","Reference","GCAM","new",6.05686
2097,"RF_tot","W/m^2","Reference","GCAM","new",6.09916
2098,"RF_tot","W/m^2","Reference","GCAM","new",6.14139
2099,"RF_tot","W/m^2","Reference","GCAM","new",6.18355
2100,"RF_tot","W/m^2","Reference","GCAM","new",6.22566
1976,"RF_tot","W/m^2","GCAM_SSP4","GCAM","new",0.559135
1977,"RF_tot","W/m^2","GCAM_SSP4","GCAM","new",0.647532
1978,"RF_tot","W/m^2","GCAM_SSP4","GCAM","new",0.700597
1979,"RF_tot","W/m^2","GCAM_SSP4","GCAM","new",0.721343
1980,"RF_tot","W/m^2","GCAM_SSP4","GCAM","new",0.741918
1981,"RF_tot","W/m^2","GCAM_SSP4","GCAM","new",0.806342
1982,"RF_tot","W/m^2","GCAM_SSP4","GCAM","new",0.716126
1983,"RF_tot","W/m^2","GCAM_SSP4","GCAM","new",0.560993
1984,"RF_tot","W/m^2","GCAM_SSP4","GCAM","new",0.809674
1985,"RF_tot","W/m^2","GCAM_SSP4","GCAM","new",0.953567
1986,"RF_tot","W/m^2","GCAM_SSP4","GCAM","new",1.01638
1987,"RF_tot","W/m^2","GCAM_SSP4","GCAM","new",1.06186
1988,"RF_tot","W/m^2","GCAM_SSP4","GCAM","new",1.13586
1989,"RF_tot","W/m^2","GCAM_SSP4","GCAM","new",1.20979
1990,"RF_tot","W/m^2","GCAM_SSP4","GCAM","new",1.23834
1991,"RF_tot","W/m^2","GCAM_SSP4","GCAM","new",0.934447
1992,"RF_tot","W/m^2","GCAM_SSP4","GCAM","new",0.475938
1993,"RF_tot","W/m^2","GCAM_SSP4","GCAM","new",0.945124
1994,"RF_tot","W/m^2","GCAM_SSP4","GCAM","new",1.30528
1995,"RF_tot","W/m^2","GCAM_SSP4","GCAM","new",1.50311
1996,"RF_tot","W/m^2","GCAM_SSP4","GCAM","new",1.59932
1997,"RF_tot","W/m^2","GCAM_SSP4","GCAM","new",1.51692
1998,"RF_tot","W/m^2","GCAM_SSP4","GCAM","new",1.57274
1999,"RF_tot","W/m^2","GCAM_SSP4","GCAM","new",1.7424
2000,"RF_tot","W/m^2","GCAM_SSP4","GCAM","new",1.80752
2001,"RF_tot","W/m^2","GCAM_SSP4","GCAM","new",1.8355
2002,"RF_tot","W/m^2","GCAM_SSP4","GCAM","new",1.78351
2003,"RF_tot","W/m^2","GCAM_SSP4","GCAM","new",1.76261
2004,"RF_tot","W/m^2","GCAM_SSP4","GCAM","new",1.81733
2005,"RF_tot","W/m^2","GCAM_SSP4","GCAM","new",1.79915
2006,"RF_tot","W/m^2","GCAM_SSP4","GCAM","new",1.79208
2007,"RF_tot","W/m^2","GCAM_SSP4","GCAM","new",1.87049
2008,"RF_tot","W/m^2","GCAM_SSP4","GCAM","new",1.96388
2009,"RF_tot","W/m^2","GCAM_SSP4","GCAM","new",2.06245
2010,"RF_tot","W/m^2","GCAM_SSP4","GCAM","new",2.11529
2011,"RF_tot","W/m^2","GCAM_SSP4","GCAM","new",2.1443
2012,"RF_tot","W/m^2","GCAM_SSP4","GCAM","new",2.17859
2013,"RF_tot","W/m^2","GCAM_SSP4","GCAM","new",2.30793
2014,"RF_tot","W/m^2","GCAM_SSP4","GCAM","new",2.33398
2015,"RF_tot","W/m^2","GCAM_SSP4","GCAM","new",2.38465
2016,"RF_tot","W/m^2","GCAM_SSP4","GCAM","new",2.51757
2017,"RF_tot","W/m^2","GCAM_SSP4","GCAM","new",2.54974
2018,"RF_tot","W/m^2","GCAM_SSP4","GCAM","new",2.61221
2019,"RF_tot","W/m^2","GCAM_SSP4","GCAM","new",2.56119
2020,"RF_tot","W/m^2","GCAM_SSP4","GCAM","new",2.76652
2021,"RF_tot","W/m^2","GCAM_SSP4","GCAM","new",2.64093
2022,"RF_tot","W/m^2","GCAM_SSP4","GCAM","new",2.86927
2023,"RF_tot","W/m^2","GCAM_SSP4","GCAM","new",2.82928
2024,"RF_tot","W/m^2","GCAM_SSP4","GCAM","new",2.89562
2025,"RF_tot","W/m^2","GCAM_SSP4","GCAM","new",2.96891
2026,"RF_tot","W/m^2","GCAM_SSP4","GCAM","new",3.01737
2027,"RF_tot","W/m^2","GCAM_SSP4","GCAM","new",3.0658
2028,"RF_tot","W/m^2","GCAM_SSP4","GCAM","new",3.11484
2029,"RF_tot","W/m^2","GCAM_SSP4","GCAM","new",3.16439
2030,"RF_tot","W/m^2","GCAM_SSP4","GCAM","new",3.21439
2031,"RF_tot","W/m^2","GCAM_SSP4","GCAM","new",3.2648
2032,"RF_tot","W/m^2","GCAM_SSP4","GCAM","new",3.31443
2033,"RF_tot","W/m^2","GCAM_SSP4","GCAM","new",3.3641
2034,"RF_tot","W/m^2","GCAM_SSP4","GCAM","new",3.4138
2035,"RF_tot","W/m^2","GCAM_SSP4","GCAM","new",3.46351
2036,"RF_tot","W/m^2","GCAM_SSP4","GCAM","new",3.50727
2037,"RF_tot","W/m^2","GCAM_SSP4","GCAM","new",3.5515
2038,"RF_tot","W/m^2","GCAM_SSP4","GCAM","new",3.59548
2039,"RF_tot","W/m^2","GCAM_SSP4","GCAM","new",3.63924
2040,"RF_tot","W/m^2","GCAM_SSP4","GCAM","new",3.68279
2041,"RF_tot","W/m^2","GCAM_SSP4","GCAM","new",3.72829
2042,"RF_tot","W/m^2","GCAM_SSP4","GCAM","new",3.77295
2043,"RF_tot","W/m^2","GCAM_SSP4","GCAM","new",3.81729
2044,"RF_tot","W/m^2","GCAM_SSP4","GCAM","new",3.86131
2045,"RF_tot","W/m^2","GCAM_SSP4","GCAM","new",3.90503
2046,"RF_tot","W/m^2","GCAM_SSP4","GCAM","new",3.94786
2047,"RF_tot","W/m^2","GCAM_SSP4","GCAM","new",3.99047
2048,"RF_tot","W/m^2","GCAM_SSP4","GCAM","new",4.03283
2049,"RF_tot","W/m^2","GCAM_SSP4","GCAM","new",4.07497
2050,"RF_tot","W/m^2","GCAM_SSP4","GCAM","new",4.11689
2051,"RF_tot","W/m^2","GCAM_SSP4","GCAM","new",4.15693
2052,"RF_tot","W/m^2","GCAM_SSP4","GCAM","new",4.19796
2053,"RF_tot","W/m^2","GCAM_SSP4","GCAM","new",4.23892
2054,"RF_tot","W/m^2","GCAM_SSP4","GCAM","new",4.27985
2055,"RF_tot","W/m^2","GCAM_SSP4","GCAM","new",4.32075
2056,"RF_tot","W/m^2","GCAM_SSP4","GCAM","new",4.36093
2057,"RF_tot","W/m^2","GCAM_SSP4","GCAM","new",4.40103
2058,"RF_tot","W/m^2","GCAM_SSP4","GCAM","new",4.44123
2059,"RF_tot","W/m^2","GCAM_SSP4","GCAM","new",4.48155
2060,"RF_tot","W/m^2","GCAM_SSP4","GCAM","new",4.52197
2061,"RF_tot","W/m^2","GCAM_SSP4","GCAM","new",4.56262
2062,"RF_tot","W/m^2","GCAM_SSP4","GCAM","new",4.60244
2063,"RF_tot","W/m^2","GCAM_SSP4","GCAM","new",4.64241
2064,"RF_tot","W/m^2","GCAM_SSP4","GCAM","new",4.6825
2065,"RF_tot","W/m^2","GCAM_SSP4","GCAM","new",4.72272
2066,"RF_tot","W/m^2","GCAM_SSP4","GCAM","new",4.76326
2067,"RF_tot","W/m^2","GCAM_SSP4","GCAM","new",4.80341
2068,"RF_tot","W/m^2","GCAM_SSP4","GCAM","new",4.84369
2069,"RF_tot","W/m^2","GCAM_SSP4","GCAM","new",4.88408
2070,"RF_tot","W/m^2","GCAM_SSP4","GCAM","new",4.92458
2071,"RF_tot","W/m^2","GCAM_SSP4","GCAM","new",4.96542
2072,"RF_tot","W/m^2","GCAM_SSP4","GCAM","new",5.00582
2073,"RF_tot","W/m^2","GCAM_SSP4","GCAM","new",5.0464
2074,"RF_tot","W/m^2","GCAM_SSP4","GCAM","new",5.08715
2075,"RF_tot","W/m^2","GCAM_SSP4","GCAM","new",5.12806
2076,"RF_tot","W/m^2","GCAM_SSP4","GCAM","new",5.16915
2077,"RF_tot","W/m^2","GCAM_SSP4","GCAM","new",5.20995
2078,"RF_tot","W/m^2","GCAM_SSP4","GCAM","new",5.2508
2079,"RF_tot","W/m^2","GCAM_SSP4","GCAM","new",5.29169
2080,"RF_tot","W/m^2","GCAM_SSP4","GCAM","new",5.33263
2081,"RF_tot","W/m^2","GCAM_SSP4","GCAM","new",5.37408
2082,"RF_tot","W/m^2","GCAM_SSP4","GCAM","new",5.41506
2083,"RF_tot","W/m^2","GCAM_SSP4","GCAM","new",5.45603
2084,"RF_tot","W/m^2","GCAM_SSP4","GCAM","new",5.49699
2085,"RF_tot","W/m^2","GCAM_SSP4","GCAM","new",5.53794
2086,"RF_tot","W/m^2","GCAM_SSP4","GCAM","new",5.5786
2087,"RF_tot","W/m^2","GCAM_SSP4","GCAM","new",5.61867
2088,"RF_tot","W/m^2","GCAM_SSP4","GCAM","new",5.65892
2089,"RF_tot","W/m^2","GCAM_SSP4","GCAM","new",5.69931
2090,"RF_tot","W/m^2","GCAM_SSP4","GCAM","new",5.73986
2091,"RF_tot","W/m^2","GCAM_SSP4","GCAM","new",5.78058
2092,"RF_tot","W/m^2","GCAM_SSP4","GCAM","new",5.82081
2093,"RF_tot","W/m^2","GCAM_SSP4","GCAM","new",5.86122
2094,"RF_tot","W/m^2","GCAM_SSP4","GCAM","new",5.90181
2095,"RF_tot","W/m^2","GCAM_SSP4","GCAM","new",5.94256
2096,"RF_tot","W/m^2","GCAM_SSP4","GCAM","new",5.98361
2097,"RF_tot","W/m^2","GCAM_SSP4","GCAM","new",6.02452
2098,"RF_tot","W/m^2","GCAM_SSP4","GCAM","new",6.0656
2099,"RF_tot","W/m^2","GCAM_SSP4","GCAM","new",6.10684
2100,"RF_tot","W/m^2","GCAM_SSP4","GCAM","new",6.14824
1976,"RF_tot","W/m^2","GCAM_SSP5","GCAM","new",0.559135
1977,"RF_tot","W/m^2","GCAM_SSP5","GCAM","new",0.647532
1978,"RF_tot","W/m^2","GCAM_SSP5","GCAM","new",0.700597
1979,"RF_tot","W/m^2","GCAM_SSP5","GCAM","new",0.721343
1980,"RF_tot","W/m^2","GCAM_SSP5","GCAM","new",0.741918
1981,"RF_tot","W/m^2","GCAM_SSP5","GCAM","new",0.806342
1982,"RF_tot","W/m^2","GCAM_SSP5","GCAM","new",0.716126
1983,"RF_tot","W/m^2","GCAM_SSP5","GCAM","new",0.560993
1984,"RF_tot","W/m^2","GCAM_SSP5","GCAM","new",0.809674
1985,"RF_tot","W/m^2","GCAM_SSP5","GCAM","new",0.953567
1986,"RF_tot","W/m^2","GCAM_SSP5","GCAM","new",1.01638
1987,"RF_tot","W/m^2","GCAM_SSP5","GCAM","new",1.06186
1988,"RF_tot","W/m^2","GCAM_SSP5","GCAM","new",1.13586
1989,"RF_tot","W/m^2","GCAM_SSP5","GCAM","new",1.20979
1990,"RF_tot","W/m^2","GCAM_SSP5","GCAM","new",1.23834
1991,"RF_tot","W/m^2","GCAM_SSP5","GCAM","new",0.934447
1992,"RF_tot","W/m^2","GCAM_SSP5","GCAM","new",0.475938
1993,"RF_tot","W/m^2","GCAM_SSP5","GCAM","new",0.945124
1994,"RF_tot","W/m^2","GCAM_SSP5","GCAM","new",1.30528
1995,"RF_tot","W/m^2","GCAM_SSP5","GCAM","new",1.50311
1996,"RF_tot","W/m^2","GCAM_SSP5","GCAM","new",1.59932
1997,"RF_tot","W/m^2","GCAM_SSP5","GCAM","new",1.51692
1998,"RF_tot","W/m^2","GCAM_SSP5","GCAM","new",1.57274
1999,"RF_tot","W/m^2","GCAM_SSP5","GCAM","new",1.7424
2000,"RF_tot","W/m^2","GCAM_SSP5","GCAM","new",1.80752
2001,"RF_tot","W/m^2","GCAM_SSP5","GCAM","new",1.8355
2002,"RF_tot","W/m^2","GCAM_SSP5","GCAM","new",1.78351
2003,"RF_tot","W/m^2","GCAM_SSP5","GCAM","new",1.76261
2004,"RF_tot","W/m^2","GCAM_SSP5","GCAM","new",1.81733
2005,"RF_tot","W/m^2","GCAM_SSP5","GCAM","new",1.79915
2006,"RF_tot","W/m^2","GCAM_SSP5","GCAM","new",1.79208
2007,"RF_tot","W/m^2","GCAM_SSP5","GCAM","new",1.87049
2008,"RF_tot","W/m^2","GCAM_SSP5","GCAM","new",1.96388
2009,"RF_tot","W/m^2","GCAM_SSP5","GCAM","new",2.06245
2010,"RF_tot","W/m^2","GCAM_SSP5","GCAM","new",2.11529
2011,"RF_tot","W/m^2","GCAM_SSP5","GCAM","new",2.1443
2012,"RF_tot","W/m^2","GCAM_SSP5","GCAM","new",2.17859
2013,"RF_tot","W/m^2","GCAM_SSP5","GCAM","new",2.30793
2014,"RF_tot","W/m^2","GCAM_SSP5","GCAM","new",2.33398
2015,"RF_tot","W/m^2","GCAM_SSP5","GCAM","new",2.38465
2016,"RF_tot","W/m^2","GCAM_SSP5","GCAM","new",2.51757
2017,"RF_tot","W/m^2","GCAM_SSP5","GCAM","new",2.54974
2018,"RF_tot","W/m^2","GCAM_SSP5","GCAM","new",2.61221
2019,"RF_tot","W/m^2","GCAM_SSP5","GCAM","new",2.56119
2020,"RF_tot","W/m^2","GCAM_SSP5","GCAM","new",2.76652
2021,"RF_tot","W/m^2","GCAM_SSP5","GCAM","new",2.64093
2022,"RF_tot","W/m^2","GCAM_SSP5","GCAM","new",2.86927
2023,"RF_tot","W/m^2","GCAM_SSP5","GCAM","new",2.82928
2024,"RF_tot","W/m^2","GCAM_SSP5","GCAM","new",2.93207
2025,"RF_tot","W/m^2","GCAM_SSP5","GCAM","new",3.04249
2026,"RF_tot","W/m^2","GCAM_SSP5","GCAM","new",3.0956
2027,"RF_tot","W/m^2","GCAM_SSP5","GCAM","new",3.14803
2028,"RF_tot","W/m^2","GCAM_SSP5","GCAM","new",3.20138
2029,"RF_tot","W/m^2","GCAM_SSP5","GCAM","new",3.25552
2030,"RF_tot","W/m^2","GCAM_SSP5","GCAM","new",3.31038
2031,"RF_tot","W/m^2","GCAM_SSP5","GCAM","new",3.35844
2032,"RF_tot","W/m^2","GCAM_SSP5","GCAM","new",3.40756
2033,"RF_tot","W/m^2","GCAM_SSP5","GCAM","new",3.45723
2034,"RF_tot","W/m^2","GCAM_SSP5","GCAM","new",3.50742
2035,"RF_tot","W/m^2","GCAM_SSP5","GCAM","new",3.5581
2036,"RF_tot","W/m^2","GCAM_SSP5","GCAM","new",3.60625
2037,"RF_tot","W/m^2","GCAM_SSP5","GCAM","new",3.65622
2038,"RF_tot","W/m^2","GCAM_SSP5","GCAM","new",3.70667
2039,"RF_tot","W/m^2","GCAM_SSP5","GCAM","new",3.75761
2040,"RF_tot","W/m^2","GCAM_SSP5","GCAM","new",3.809
2041,"RF_tot","W/m^2","GCAM_SSP5","GCAM","new",3.8659
2042,"RF_tot","W/m^2","GCAM_SSP5","GCAM","new",3.92311
2043,"RF_tot","W/m^2","GCAM_SSP5","GCAM","new",3.98077
2044,"RF_tot","W/m^2","GCAM_SSP5","GCAM","new",4.03887
2045,"RF_tot","W/m^2","GCAM_SSP5","GCAM","new",4.09738
2046,"RF_tot","W/m^2","GCAM_SSP5","GCAM","new",4.15788
2047,"RF_tot","W/m^2","GCAM_SSP5","GCAM","new",4.21829
2048,"RF_tot","W/m^2","GCAM_SSP5","GCAM","new",4.27921
2049,"RF_tot","W/m^2","GCAM_SSP5","GCAM","new",4.3406
2050,"RF_tot","W/m^2","GCAM_SSP5","GCAM","new",4.40247
2051,"RF_tot","W/m^2","GCAM_SSP5","GCAM","new",4.45854
2052,"RF_tot","W/m^2","GCAM_SSP5","GCAM","new",4.51551
2053,"RF_tot","W/m^2","GCAM_SSP5","GCAM","new",4.57275
2054,"RF_tot","W/m^2","GCAM_SSP5","GCAM","new",4.63029
2055,"RF_tot","W/m^2","GCAM_SSP5","GCAM","new",4.68811
2056,"RF_tot","W/m^2","GCAM_SSP5","GCAM","new",4.74693
2057,"RF_tot","W/m^2","GCAM_SSP5","GCAM","new",4.8057
2058,"RF_tot","W/m^2","GCAM_SSP5","GCAM","new",4.8649
2059,"RF_tot","W/m^2","GCAM_SSP5","GCAM","new",4.92449
2060,"RF_tot","W/m^2","GCAM_SSP5","GCAM","new",4.98451
2061,"RF_tot","W/m^2","GCAM_SSP5","GCAM","new",5.04478
2062,"RF_tot","W/m^2","GCAM_SSP5","GCAM","new",5.10461
2063,"RF_tot","W/m^2","GCAM_SSP5","GCAM","new",5.1648
2064,"RF_tot","W/m^2","GCAM_SSP5","GCAM","new",5.22533
2065,"RF_tot","W/m^2","GCAM_SSP5","GCAM","new",5.28622
2066,"RF_tot","W/m^2","GCAM_SSP5","GCAM","new",5.34781
2067,"RF_tot","W/m^2","GCAM_SSP5","GCAM","new",5.40903
2068,"RF_tot","W/m^2","GCAM_SSP5","GCAM","new",5.47049
2069,"RF_tot","W/m^2","GCAM_SSP5","GCAM","new",5.53217
2070,"RF_tot","W/m^2","GCAM_SSP5","GCAM","new",5.59407
2071,"RF_tot","W/m^2","GCAM_SSP5","GCAM","new",5.65629
2072,"RF_tot","W/m^2","GCAM_SSP5","GCAM","new",5.71821
2073,"RF_tot","W/m^2","GCAM_SSP5","GCAM","new",5.78027
2074,"RF_tot","W/m^2","GCAM_SSP5","GCAM","new",5.84246
2075,"RF_tot","W/m^2","GCAM_SSP5","GCAM","new",5.90479
2076,"RF_tot","W/m^2","GCAM_SSP5","GCAM","new",5.96735
2077,"RF_tot","W/m^2","GCAM_SSP5","GCAM","new",6.02963
2078,"RF_tot","W/m^2","GCAM_SSP5","GCAM","new",6.09183
2079,"RF_tot","W/m^2","GCAM_SSP5","GCAM","new",6.15395
2080,"RF_tot","W/m^2","GCAM_SSP5","GCAM","new",6.21602
2081,"RF_tot","W/m^2","GCAM_SSP5","GCAM","new",6.27809
2082,"RF_tot","W/m^2","GCAM_SSP5","GCAM","new",6.33941
2083,"RF_tot","W/m^2","GCAM_SSP5","GCAM","new",6.40043
2084,"RF_tot","W/m^2","GCAM_SSP5","GCAM","new",6.46114
2085,"RF_tot","W/m^2","GCAM_SSP5","GCAM","new",6.52159
2086,"RF_tot","W/m^2","GCAM_SSP5","GCAM","new",6.58158
2087,"RF_tot","W/m^2","GCAM_SSP5","GCAM","new",6.64037
2088,"RF_tot","W/m^2","GCAM_SSP5","GCAM","new",6.69887
2089,"RF_tot","W/m^2","GCAM_SSP5","GCAM","new",6.7571
2090,"RF_tot","W/m^2","GCAM_SSP5","GCAM","new",6.8151
2091,"RF_tot","W/m^2","GCAM_SSP5","GCAM","new",6.87208
2092,"RF_tot","W/m^2","GCAM_SSP5","GCAM","new",6.92816
2093,"RF_tot","W/m^2","GCAM_SSP5","GCAM","new",6.98388
2094,"RF_tot","W/m^2","GCAM_SSP5","GCAM","new",7.03924
2095,"RF_tot","W/m^2","GCAM_SSP5","GCAM","new",7.09427
2096,"RF_tot","W/m^2","GCAM_SSP5","GCAM","new",7.14929
2097,"RF_tot","W/m^2","GCAM_SSP5","GCAM","new",7.20319
2098,"RF_tot","W/m^2","GCAM_SSP5","GCAM","new",7.25665
2099,"RF_tot","W/m^2","GCAM_SSP5","GCAM","new",7.30964
2100,"RF_tot","W/m^2","GCAM_SSP5","GCAM","new",7.36224
1976,"RF_tot","W/m^2","GCAM_SSP1","GCAM","new",0.559135
1977,"RF_tot","W/m^2","GCAM_SSP1","GCAM","new",0.647532
1978,"RF_tot","W/m^2","GCAM_SSP1","GCAM","new",0.700597
1979,"RF_tot","W/m^2","GCAM_SSP1","GCAM","new",0.721343
1980,"RF_tot","W/m^2","GCAM_SSP1","GCAM","new",0.741918
1981,"RF_tot","W/m^2","GCAM_SSP1","GCAM","new",0.806342
1982,"RF_tot","W/m^2","GCAM_SSP1","GCAM","new",0.716126
1983,"RF_tot","W/m^2","GCAM_SSP1","GCAM","new",0.560993
1984,"RF_tot","W/m^2","GCAM_SSP1","GCAM","new",0.809674
1985,"RF_tot","W/m^2","GCAM_SSP1","GCAM","new",0.953567
1986,"RF_tot","W/m^2","GCAM_SSP1","GCAM","new",1.01638
1987,"RF_tot","W/m^2","GCAM_SSP1","GCAM","new",1.06186
1988,"RF_tot","W/m^2","GCAM_SSP1","GCAM","new",1.13586
1989,"RF_tot","W/m^2","GCAM_SSP1","GCAM","new",1.20979
1990,"RF_tot","W/m^2","GCAM_SSP1","GCAM","new",1.23834
1991,"RF_tot","W/m^2","GCAM_SSP1","GCAM","new",0.934447
1992,"RF_tot","W/m^2","GCAM_SSP1","GCAM","new",0.475938
1993,"RF_tot","W/m^2","GCAM_SSP1","GCAM","new",0.945124
1994,"RF_tot","W/m^2","GCAM_SSP1","GCAM","new",1.30528
1995,"RF_tot","W/m^2","GCAM_SSP1","GCAM","new",1.50311
1996,"RF_tot","W/m^2","GCAM_SSP1","GCAM","new",1.59932
1997,"RF_tot","W/m^2","GCAM_SSP1","GCAM","new",1.51692
1998,"RF_tot","W/m^2","GCAM_SSP1","GCAM","new",1.57274
1999,"RF_tot","W/m^2","GCAM_SSP1","GCAM","new",1.7424
2000,"RF_tot","W/m^2","GCAM_SSP1","GCAM","new",1.80752
2001,"RF_tot","W/m^2","GCAM_SSP1","GCAM","new",1.8355
2002,"RF_tot","W/m^2","GCAM_SSP1","GCAM","new",1.78351
2003,"RF_tot","W/m^2","GCAM_SSP1","GCAM","new",1.76261
2004,"RF_tot","W/m^2","GCAM_SSP1","GCAM","new",1.81733
2005,"RF_tot","W/m^2","GCAM_SSP1","GCAM","new",1.79915
2006,"RF_tot","W/m^2","GCAM_SSP1","GCAM","new",1.79208
2007,"RF_tot","W/m^2","GCAM_SSP1","GCAM","new",1.87049
2008,"RF_tot","W/m^2","GCAM_SSP1","GCAM","new",1.96388
2009,"RF_tot","W/m^2","GCAM_SSP1","GCAM","new",2.06245
2010,"RF_tot","W/m^2","GCAM_SSP1","GCAM","new",2.11529
2011,"RF_tot","W/m^2","GCAM_SSP1","GCAM","new",2.1443
2012,"RF_tot","W/m^2","GCAM_SSP1","GCAM","new",2.17859
2013,"RF_tot","W/m^2","GCAM_SSP1","GCAM","new",2.30793
2014,"RF_tot","W/m^2","GCAM_SSP1","GCAM","new",2.33398
2015,"RF_tot","W/m^2","GCAM_SSP1","GCAM","new",2.38465
2016,"RF_tot","W/m^2","GCAM_SSP1","GCAM","new",2.51757
2017,"RF_tot","W/m^2","GCAM_SSP1","GCAM","new",2.54974
2018,"RF_tot","W/m^2","GCAM_SSP1","GCAM","new",2.61221
2019,"RF_tot","W/m^2","GCAM_SSP1","GCAM","new",2.56119
2020,"RF_tot","W/m^2","GCAM_SSP1","GCAM","new",2.76652
2021,"RF_tot","W/m^2","GCAM_SSP1","GCAM","new",2.64093
2022,"RF_tot","W/m^2","GCAM_SSP1","GCAM","new",2.86927
2023,"RF_tot","W/m^2","GCAM_SSP1","GCAM","new",2.82928
2024,"RF_tot","W/m^2","GCAM_SSP1","GCAM","new",2.94015
2025,"RF_tot","W/m^2","GCAM_SSP1","GCAM","new",3.05736
2026,"RF_tot","W/m^2","GCAM_SSP1","GCAM","new",3.10959
2027,"RF_tot","W/m^2","GCAM_SSP1","GCAM","new",3.16034
2028,"RF_tot","W/m^2","GCAM_SSP1","GCAM","new",3.21165
2029,"RF_tot","W/m^2","GCAM_SSP1","GCAM","new",3.26339
2030,"RF_tot","W/m^2","GCAM_SSP1","GCAM","new",3.31552
2031,"RF_tot","W/m^2","GCAM_SSP1","GCAM","new",3.36135
2032,"RF_tot","W/m^2","GCAM_SSP1","GCAM","new",3.40635
2033,"RF_tot","W/m^2","GCAM_SSP1","GCAM","new",3.45118
2034,"RF_tot","W/m^2","GCAM_SSP1","GCAM","new",3.49583
2035,"RF_tot","W/m^2","GCAM_SSP1","GCAM","new",3.54031
2036,"RF_tot","W/m^2","GCAM_SSP1","GCAM","new",3.5806
2037,"RF_tot","W/m^2","GCAM_SSP1","GCAM","new",3.62107
2038,"RF_tot","W/m^2","GCAM_SSP1","GCAM","new",3.66135
2039,"RF_tot","W/m^2","GCAM_SSP1","GCAM","new",3.70147
2040,"RF_tot","W/m^2","GCAM_SSP1","GCAM","new",3.74144
2041,"RF_tot","W/m^2","GCAM_SSP1","GCAM","new",3.785
2042,"RF_tot","W/m^2","GCAM_SSP1","GCAM","new",3.82768
2043,"RF_tot","W/m^2","GCAM_SSP1","GCAM","new",3.87012
2044,"RF_tot","W/m^2","GCAM_SSP1","GCAM","new",3.91232
2045,"RF_tot","W/m^2","GCAM_SSP1","GCAM","new",3.95431
2046,"RF_tot","W/m^2","GCAM_SSP1","GCAM","new",3.99597
2047,"RF_tot","W/m^2","GCAM_SSP1","GCAM","new",4.03695
2048,"RF_tot","W/m^2","GCAM_SSP1","GCAM","new",4.07775
2049,"RF_tot","W/m^2","GCAM_SSP1","GCAM","new",4.11835
2050,"RF_tot","W/m^2","GCAM_SSP1","GCAM","new",4.15879
2051,"RF_tot","W/m^2","GCAM_SSP1","GCAM","new",4.19418
2052,"RF_tot","W/m^2","GCAM_SSP1","GCAM","new",4.23003
2053,"RF_tot","W/m^2","GCAM_SSP1","GCAM","new",4.26564
2054,"RF_tot","W/m^2","GCAM_SSP1","GCAM","new",4.30104
2055,"RF_tot","W/m^2","GCAM_SSP1","GCAM","new",4.33626
2056,"RF_tot","W/m^2","GCAM_SSP1","GCAM","new",4.37167
2057,"RF_tot","W/m^2","GCAM_SSP1","GCAM","new",4.40628
2058,"RF_tot","W/m^2","GCAM_SSP1","GCAM","new",4.44077
2059,"RF_tot","W/m^2","GCAM_SSP1","GCAM","new",4.47514
2060,"RF_tot","W/m^2","GCAM_SSP1","GCAM","new",4.50942
2061,"RF_tot","W/m^2","GCAM_SSP1","GCAM","new",4.54386
2062,"RF_tot","W/m^2","GCAM_SSP1","GCAM","new",4.57703
2063,"RF_tot","W/m^2","GCAM_SSP1","GCAM","new",4.61009
2064,"RF_tot","W/m^2","GCAM_SSP1","GCAM","new",4.643
2065,"RF_tot","W/m^2","GCAM_SSP1","GCAM","new",4.67581
2066,"RF_tot","W/m^2","GCAM_SSP1","GCAM","new",4.70828
2067,"RF_tot","W/m^2","GCAM_SSP1","GCAM","new",4.74
2068,"RF_tot","W/m^2","GCAM_SSP1","GCAM","new",4.77157
2069,"RF_tot","W/m^2","GCAM_SSP1","GCAM","new",4.80298
2070,"RF_tot","W/m^2","GCAM_SSP1","GCAM","new",4.83424
2071,"RF_tot","W/m^2","GCAM_SSP1","GCAM","new",4.86517
2072,"RF_tot","W/m^2","GCAM_SSP1","GCAM","new",4.8955
2073,"RF_tot","W/m^2","GCAM_SSP1","GCAM","new",4.92568
2074,"RF_tot","W/m^2","GCAM_SSP1","GCAM","new",4.95571
2075,"RF_tot","W/m^2","GCAM_SSP1","GCAM","new",4.9856
2076,"RF_tot","W/m^2","GCAM_SSP1","GCAM","new",5.01502
2077,"RF_tot","W/m^2","GCAM_SSP1","GCAM","new",5.04399
2078,"RF_tot","W/m^2","GCAM_SSP1","GCAM","new",5.07271
2079,"RF_tot","W/m^2","GCAM_SSP1","GCAM","new",5.10117
2080,"RF_tot","W/m^2","GCAM_SSP1","GCAM","new",5.12941
2081,"RF_tot","W/m^2","GCAM_SSP1","GCAM","new",5.15717
2082,"RF_tot","W/m^2","GCAM_SSP1","GCAM","new",5.18434
2083,"RF_tot","W/m^2","GCAM_SSP1","GCAM","new",5.21119
2084,"RF_tot","W/m^2","GCAM_SSP1","GCAM","new",5.23773
2085,"RF_tot","W/m^2","GCAM_SSP1","GCAM","new",5.26397
2086,"RF_tot","W/m^2","GCAM_SSP1","GCAM","new",5.28972
2087,"RF_tot","W/m^2","GCAM_SSP1","GCAM","new",5.31453
2088,"RF_tot","W/m^2","GCAM_SSP1","GCAM","new",5.33901
2089,"RF_tot","W/m^2","GCAM_SSP1","GCAM","new",5.36314
2090,"RF_tot","W/m^2","GCAM_SSP1","GCAM","new",5.38696
2091,"RF_tot","W/m^2","GCAM_SSP1","GCAM","new",5.41008
2092,"RF_tot","W/m^2","GCAM_SSP1","GCAM","new",5.4325
2093,"RF_tot","W/m^2","GCAM_SSP1","GCAM","new",5.4545
2094,"RF_tot","W/m^2","GCAM_SSP1","GCAM","new",5.47611
2095,"RF_tot","W/m^2","GCAM_SSP1","GCAM","new",5.49734
2096,"RF_tot","W/m^2","GCAM_SSP1","GCAM","new",5.51788
2097,"RF_tot","W/m^2","GCAM_SSP1","GCAM","new",5.53787
2098,"RF_tot","W/m^2","GCAM_SSP1","GCAM","new",5.5574
2099,"RF_tot","W/m^2","GCAM_SSP1","GCAM","new",5.5765
2100,"RF_tot","W/m^2","GCAM_SSP1","GCAM","new",5.59519
1976,"RF_tot","W/m^2","GCAM_SSP2","GCAM","new",0.559135
1977,"RF_tot","W/m^2","GCAM_SSP2","GCAM","new",0.647532
1978,"RF_tot","W/m^2","GCAM_SSP2","GCAM","new",0.700597
1979,"RF_tot","W/m^2","GCAM_SSP2","GCAM","new",0.721343
1980,"RF_tot","W/m^2","GCAM_SSP2","GCAM","new",0.741918
1981,"RF_tot","W/m^2","GCAM_SSP2","GCAM","new",0.806342
1982,"RF_tot","W/m^2","GCAM_SSP2","GCAM","new",0.716126
1983,"RF_tot","W/m^2","GCAM_SSP2","GCAM","new",0.560993
1984,"RF_tot","W/m^2","GCAM_SSP2","GCAM","new",0.809674
1985,"RF_tot","W/m^2","GCAM_SSP2","GCAM","new",0.953567
1986,"RF_tot","W/m^2","GCAM_SSP2","GCAM","new",1.01638
1987,"RF_tot","W/m^2","GCAM_SSP2","GCAM","new",1.06186
1988,"RF_tot","W/m^2","GCAM_SSP2","GCAM","new",1.13586
1989,"RF_tot","W/m^2","GCAM_SSP2","GCAM","new",1.20979
1990,"RF_tot","W/m^2","GCAM_SSP2","GCAM","new",1.23834
1991,"RF_tot","W/m^2","GCAM_SSP2","GCAM","new",0.934447
1992,"RF_tot","W/m^2","GCAM_SSP2","GCAM","new",0.475938
1993,"RF_tot","W/m^2","GCAM_SSP2","GCAM","new",0.945124
1994,"RF_tot","W/m^2","GCAM_SSP2","GCAM","new",1.30528
1995,"RF_tot","W/m^2","GCAM_SSP2","GCAM","new",1.50311
1996,"RF_tot","W/m^2","GCAM_SSP2","GCAM","new",1.59932
1997,"RF_tot","W/m^2","GCAM_SSP2","GCAM","new",1.51692
1998,"RF_tot","W/m^2","GCAM_SSP2","GCAM","new",1.57274
1999,"RF_tot","W/m^2","GCAM_SSP2","GCAM","new",1.7424
2000,"RF_tot","W/m^2","GCAM_SSP2","GCAM","new",1.80752
2001,"RF_tot","W/m^2","GCAM_SSP2","GCAM","new",1.8355
2002,"RF_tot","W/m^2","GCAM_SSP2","GCAM","new",1.78351
2003,"RF_tot","W/m^2","GCAM_SSP2","GCAM","new",1.76261
2004,"RF_tot","W/m^2","GCAM_SSP2","GCAM","new",1.81733
2005,"RF_tot","W/m^2","GCAM_SSP2","GCAM","new",1.79915
2006,"RF_tot","W/m^2","GCAM_SSP2","GCAM","new",1.79208
2007,"RF_tot","W/m^2","GCAM_SSP2","GCAM","new",1.87049
2008,"RF_tot","W/m^2","GCAM_SSP2","GCAM","new",1.96388
2009,"RF_tot","W/m^2","GCAM_SSP2","GCAM","new",2.06245
2010,"RF_tot","W/m^2","GCAM_SSP2","GCAM","new",2.11529
2011,"RF_tot","W/m^2","GCAM_SSP2","GCAM","new",2.1443
2012,"RF_tot","W/m^2","GCAM_SSP2","GCAM","new",2.17859
2013,"RF_tot","W/m^2","GCAM_SSP2","GCAM","new",2.30793
2014,"RF_tot","W/m^2","GCAM_SSP2","GCAM","new",2.33398
2015,"RF_tot","W/m^2","GCAM_SSP2","GCAM","new",2.38465
2016,"RF_tot","W/m^2","GCAM_SSP2","GCAM","new",2.51757
2017,"RF_tot","W/m^2","GCAM_SSP2","GCAM","new",2.54974
2018,"RF_tot","W/m^2","GCAM_SSP2","GCAM","new",2.61221
2019,"RF_tot","W/m^2","GCAM_SSP2","GCAM","new",2.56119
2020,"RF_tot","W/m^2","GCAM_SSP2","GCAM","new",2.76652
2021,"RF_tot","W/m^2","GCAM_SSP2","GCAM","new",2.64093
2022,"RF_tot","W/m^2","GCAM_SSP2","GCAM","new",2.86927
2023,"RF_tot","W/m^2","GCAM_SSP2","GCAM","new",2.82928
2024,"RF_tot","W/m^2","GCAM_SSP2","GCAM","new",2.91273
2025,"RF_tot","W/m^2","GCAM_SSP2","GCAM","new",3.00206
2026,"RF_tot","W/m^2","GCAM_SSP2","GCAM","new",3.05179
2027,"RF_tot","W/m^2","GCAM_SSP2","GCAM","new",3.10077
2028,"RF_tot","W/m^2","GCAM_SSP2","GCAM","new",3.15054
2029,"RF_tot","W/m^2","GCAM_SSP2","GCAM","new",3.20093
2030,"RF_tot","W/m^2","GCAM_SSP2","GCAM","new",3.25191
2031,"RF_tot","W/m^2","GCAM_SSP2","GCAM","new",3.29898
2032,"RF_tot","W/m^2","GCAM_SSP2","GCAM","new",3.34576
2033,"RF_tot","W/m^2","GCAM_SSP2","GCAM","new",3.39294
2034,"RF_tot","W/m^2","GCAM_SSP2","GCAM","new",3.44047
2035,"RF_tot","W/m^2","GCAM_SSP2","GCAM","new",3.48833
2036,"RF_tot","W/m^2","GCAM_SSP2","GCAM","new",3.53247
2037,"RF_tot","W/m^2","GCAM_SSP2","GCAM","new",3.57715
2038,"RF_tot","W/m^2","GCAM_SSP2","GCAM","new",3.62186
2039,"RF_tot","W/m^2","GCAM_SSP2","GCAM","new",3.66663
2040,"RF_tot","W/m^2","GCAM_SSP2","GCAM","new",3.71144
2041,"RF_tot","W/m^2","GCAM_SSP2","GCAM","new",3.76002
2042,"RF_tot","W/m^2","GCAM_SSP2","GCAM","new",3.80809
2043,"RF_tot","W/m^2","GCAM_SSP2","GCAM","new",3.85609
2044,"RF_tot","W/m^2","GCAM_SSP2","GCAM","new",3.90403
2045,"RF_tot","W/m^2","GCAM_SSP2","GCAM","new",3.95192
2046,"RF_tot","W/m^2","GCAM_SSP2","GCAM","new",3.99916
2047,"RF_tot","W/m^2","GCAM_SSP2","GCAM","new",4.04643
2048,"RF_tot","W/m^2","GCAM_SSP2","GCAM","new",4.09373
2049,"RF_tot","W/m^2","GCAM_SSP2","GCAM","new",4.14108
2050,"RF_tot","W/m^2","GCAM_SSP2","GCAM","new",4.18848
2051,"RF_tot","W/m^2","GCAM_SSP2","GCAM","new",4.23042
2052,"RF_tot","W/m^2","GCAM_SSP2","GCAM","new",4.27331
2053,"RF_tot","W/m^2","GCAM_SSP2","GCAM","new",4.3161
2054,"RF_tot","W/m^2","GCAM_SSP2","GCAM","new",4.35885
2055,"RF_tot","W/m^2","GCAM_SSP2","GCAM","new",4.40155
2056,"RF_tot","W/m^2","GCAM_SSP2","GCAM","new",4.44409
2057,"RF_tot","W/m^2","GCAM_SSP2","GCAM","new",4.48658
2058,"RF_tot","W/m^2","GCAM_SSP2","GCAM","new",4.52925
2059,"RF_tot","W/m^2","GCAM_SSP2","GCAM","new",4.57207
2060,"RF_tot","W/m^2","GCAM_SSP2","GCAM","new",4.61507
2061,"RF_tot","W/m^2","GCAM_SSP2","GCAM","new",4.6581
2062,"RF_tot","W/m^2","GCAM_SSP2","GCAM","new",4.70053
2063,"RF_tot","W/m^2","GCAM_SSP2","GCAM","new",4.74316
2064,"RF_tot","W/m^2","GCAM_SSP2","GCAM","new",4.78597
2065,"RF_tot","W/m^2","GCAM_SSP2","GCAM","new",4.82897
2066,"RF_tot","W/m^2","GCAM_SSP2","GCAM","new",4.87212
2067,"RF_tot","W/m^2","GCAM_SSP2","GCAM","new",4.91493
2068,"RF_tot","W/m^2","GCAM_SSP2","GCAM","new",4.95791
2069,"RF_tot","W/m^2","GCAM_SSP2","GCAM","new",5.00103
2070,"RF_tot","W/m^2","GCAM_SSP2","GCAM","new",5.04429
2071,"RF_tot","W/m^2","GCAM_SSP2","GCAM","new",5.08771
2072,"RF_tot","W/m^2","GCAM_SSP2","GCAM","new",5.1309
2073,"RF_tot","W/m^2","GCAM_SSP2","GCAM","new",5.17427
2074,"RF_tot","W/m^2","GCAM_SSP2","GCAM","new",5.21783
2075,"RF_tot","W/m^2","GCAM_SSP2","GCAM","new",5.26157
2076,"RF_tot","W/m^2","GCAM_SSP2","GCAM","new",5.30564
2077,"RF_tot","W/m^2","GCAM_SSP2","GCAM","new",5.34949
2078,"RF_tot","W/m^2","GCAM_SSP2","GCAM","new",5.39339
2079,"RF_tot","W/m^2","GCAM_SSP2","GCAM","new",5.43731
2080,"RF_tot","W/m^2","GCAM_SSP2","GCAM","new",5.48129
2081,"RF_tot","W/m^2","GCAM_SSP2","GCAM","new",5.52574
2082,"RF_tot","W/m^2","GCAM_SSP2","GCAM","new",5.56965
2083,"RF_tot","W/m^2","GCAM_SSP2","GCAM","new",5.61349
2084,"RF_tot","W/m^2","GCAM_SSP2","GCAM","new",5.65724
2085,"RF_tot","W/m^2","GCAM_SSP2","GCAM","new",5.70093
2086,"RF_tot","W/m^2","GCAM_SSP2","GCAM","new",5.74435
2087,"RF_tot","W/m^2","GCAM_SSP2","GCAM","new",5.78703
2088,"RF_tot","W/m^2","GCAM_SSP2","GCAM","new",5.82976
2089,"RF_tot","W/m^2","GCAM_SSP2","GCAM","new",5.87253
2090,"RF_tot","W/m^2","GCAM_SSP2","GCAM","new",5.91535
2091,"RF_tot","W/m^2","GCAM_SSP2","GCAM","new",5.95823
2092,"RF_tot","W/m^2","GCAM_SSP2","GCAM","new",6.00052
2093,"RF_tot","W/m^2","GCAM_SSP2","GCAM","new",6.04278
2094,"RF_tot","W/m^2","GCAM_SSP2","GCAM","new",6.08501
2095,"RF_tot","W/m^2","GCAM_SSP2","GCAM","new",6.12721
2096,"RF_tot","W/m^2","GCAM_SSP2","GCAM","new",6.16977
2097,"RF_tot","W/m^2","GCAM_SSP2","GCAM","new",6.21184
2098,"RF_tot","W/m^2","GCAM_SSP2","GCAM","new",6.25387
2099,"RF_tot","W/m^2","GCAM_SSP2","GCAM","new",6.29583
2100,"RF_tot","W/m^2","GCAM_SSP2","GCAM","new",6.33774
1976,"RF_tot","W/m^2","GCAM_SSP3","GCAM","new",0.559135
1977,"RF_tot","W/m^2","GCAM_SSP3","GCAM","new",0.647532
1978,"RF_tot","W/m^2","GCAM_SSP3","GCAM","new",0.700597
1979,"RF_tot","W/m^2","GCAM_SSP3","GCAM","new",0.721343
1980,"RF_tot","W/m^2","GCAM_SSP3","GCAM","new",0.741918
1981,"RF_tot","W/m^2","GCAM_SSP3","GCAM","new",0.806342
1982,"RF_tot","W/m^2","GCAM_SSP3","GCAM","new",0.716126
1983,"RF_tot","W/m^2","GCAM_SSP3","GCAM","new",0.560993
1984,"RF_tot","W/m^2","GCAM_SSP3","GCAM","new",0.809674
1985,"RF_tot","W/m^2","GCAM_SSP3","GCAM","new",0.953567
1986,"RF_tot","W/m^2","GCAM_SSP3","GCAM","new",1.01638
1987,"RF_tot","W/m^2","GCAM_SSP3","GCAM","new",1.06186
1988,"RF_tot","W/m^2","GCAM_SSP3","GCAM","new",1.13586
1989,"RF_tot","W/m^2","GCAM_SSP3","GCAM","new",1.20979
1990,"RF_tot","W/m^2","GCAM_SSP3","GCAM","new",1.23834
1991,"RF_tot","W/m^2","GCAM_SSP3","GCAM","new",0.934447
1992,"RF_tot","W/m^2","GCAM_SSP3","GCAM","new",0.475938
1993,"RF_tot","W/m^2","GCAM_SSP3","GCAM","new",0.945124
1994,"RF_tot","W/m^2","GCAM_SSP3","GCAM","new",1.30528
1995,"RF_tot","W/m^2","GCAM_SSP3","GCAM","new",1.50311
1996,"RF_tot","W/m^2","GCAM_SSP3","GCAM","new",1.59932
1997,"RF_tot","W/m^2","GCAM_SSP3","GCAM","new",1.51692
1998,"RF_tot","W/m^2","GCAM_SSP3","GCAM","new",1.57274
1999,"RF_tot","W/m^2","GCAM_SSP3","GCAM","new",1.7424
2000,"RF_tot","W/m^2","GCAM_SSP3","GCAM","new",1.80752
2001,"RF_tot","W/m^2","GCAM_SSP3","GCAM","new",1.8355
2002,"RF_tot","W/m^2","GCAM_SSP3","GCAM","new",1.78351
2003,"RF_tot","W/m^2","GCAM_SSP3","GCAM","new",1.76261
2004,"RF_tot","W/m^2","GCAM_SSP3","GCAM","new",1.81733
2005,"RF_tot","W/m^2","GCAM_SSP3","GCAM","new",1.79915
2006,"RF_tot","W/m^2","GCAM_SSP3","GCAM","new",1.79208
2007,"RF_tot","W/m^2","GCAM_SSP3","GCAM","new",1.87049
2008,"RF_tot","W/m^2","GCAM_SSP3","GCAM","new",1.96388
2009,"RF_tot","W/m^2","GCAM_SSP3","GCAM","new",2.06245
2010,"RF_tot","W/m^2","GCAM_SSP3","GCAM","new",2.11529
2011,"RF_tot","W/m^2","GCAM_SSP3","GCAM","new",2.1443
2012,"RF_tot","W/m^2","GCAM_SSP3","GCAM","new",2.17859
2013,"RF_tot","W/m^2","GCAM_SSP3","GCAM","new",2.30793
2014,"RF_tot","W/m^2","GCAM_SSP3","GCAM","new",2.33398
2015,"RF_tot","W/m^2","GCAM_SSP3","GCAM","new",2.38465
2016,"RF_tot","W/m^2","GCAM_SSP3","GCAM","new",2.51757
2017,"RF_tot","W/m^2","GCAM_SSP3","GCAM","new",2.54974
2018,"RF_tot","W/m^2","GCAM_SSP3","GCAM","new",2.61221
2019,"RF_tot","W/m^2","GCAM_SSP3","GCAM","new",2.56119
2020,"RF_tot","W/m^2","GCAM_SSP3","GCAM","new",2.76652
2021,"RF_tot","W/m^2","GCAM_SSP3","GCAM","new",2.64093
2022,"RF_tot","W/m^2","GCAM_SSP3","GCAM","new",2.86927
2023,"RF_tot","W/m^2","GCAM_SSP3","GCAM","new",2.82928
2024,"RF_tot","W/m^2","GCAM_SSP3","GCAM","new",2.89342
2025,"RF_tot","W/m^2","GCAM_SSP3","GCAM","new",2.96538
2026,"RF_tot","W/m^2","GCAM_SSP3","GCAM","new",3.01298
2027,"RF_tot","W/m^2","GCAM_SSP3","GCAM","new",3.06074
2028,"RF_tot","W/m^2","GCAM_SSP3","GCAM","new",3.10922
2029,"RF_tot","W/m^2","GCAM_SSP3","GCAM","new",3.15832
2030,"RF_tot","W/m^2","GCAM_SSP3","GCAM","new",3.20797
2031,"RF_tot","W/m^2","GCAM_SSP3","GCAM","new",3.25655
2032,"RF_tot","W/m^2","GCAM_SSP3","GCAM","new",3.30429
2033,"RF_tot","W/m^2","GCAM_SSP3","GCAM","new",3.35237
2034,"RF_tot","W/m^2","GCAM_SSP3","GCAM","new",3.40076
2035,"RF_tot","W/m^2","GCAM_SSP3","GCAM","new",3.44943
2036,"RF_tot","W/m^2","GCAM_SSP3","GCAM","new",3.49334
2037,"RF_tot","W/m^2","GCAM_SSP3","GCAM","new",3.53713
2038,"RF_tot","W/m^2","GCAM_SSP3","GCAM","new",3.58079
2039,"RF_tot","W/m^2","GCAM_SSP3","GCAM","new",3.62433
2040,"RF_tot","W/m^2","GCAM_SSP3","GCAM","new",3.66775
2041,"RF_tot","W/m^2","GCAM_SSP3","GCAM","new",3.71341
2042,"RF_tot","W/m^2","GCAM_SSP3","GCAM","new",3.75776
2043,"RF_tot","W/m^2","GCAM_SSP3","GCAM","new",3.80181
2044,"RF_tot","W/m^2","GCAM_SSP3","GCAM","new",3.84556
2045,"RF_tot","W/m^2","GCAM_SSP3","GCAM","new",3.88903
2046,"RF_tot","W/m^2","GCAM_SSP3","GCAM","new",3.93122
2047,"RF_tot","W/m^2","GCAM_SSP3","GCAM","new",3.97301
2048,"RF_tot","W/m^2","GCAM_SSP3","GCAM","new",4.01465
2049,"RF_tot","W/m^2","GCAM_SSP3","GCAM","new",4.05612
2050,"RF_tot","W/m^2","GCAM_SSP3","GCAM","new",4.09746
2051,"RF_tot","W/m^2","GCAM_SSP3","GCAM","new",4.13832
2052,"RF_tot","W/m^2","GCAM_SSP3","GCAM","new",4.17974
2053,"RF_tot","W/m^2","GCAM_SSP3","GCAM","new",4.22112
2054,"RF_tot","W/m^2","GCAM_SSP3","GCAM","new",4.26246
2055,"RF_tot","W/m^2","GCAM_SSP3","GCAM","new",4.30378
2056,"RF_tot","W/m^2","GCAM_SSP3","GCAM","new",4.34435
2057,"RF_tot","W/m^2","GCAM_SSP3","GCAM","new",4.38471
2058,"RF_tot","W/m^2","GCAM_SSP3","GCAM","new",4.42523
2059,"RF_tot","W/m^2","GCAM_SSP3","GCAM","new",4.4659
2060,"RF_tot","W/m^2","GCAM_SSP3","GCAM","new",4.50672
2061,"RF_tot","W/m^2","GCAM_SSP3","GCAM","new",4.54786
2062,"RF_tot","W/m^2","GCAM_SSP3","GCAM","new",4.58822
2063,"RF_tot","W/m^2","GCAM_SSP3","GCAM","new",4.62874
2064,"RF_tot","W/m^2","GCAM_SSP3","GCAM","new",4.66941
2065,"RF_tot","W/m^2","GCAM_SSP3","GCAM","new",4.71022
2066,"RF_tot","W/m^2","GCAM_SSP3","GCAM","new",4.75139
2067,"RF_tot","W/m^2","GCAM_SSP3","GCAM","new",4.79212
2068,"RF_tot","W/m^2","GCAM_SSP3","GCAM","new",4.83302
2069,"RF_tot","W/m^2","GCAM_SSP3","GCAM","new",4.87405
2070,"RF_tot","W/m^2","GCAM_SSP3","GCAM","new",4.91523
2071,"RF_tot","W/m^2","GCAM_SSP3","GCAM","new",4.957
2072,"RF_tot","W/m^2","GCAM_SSP3","GCAM","new",4.99836
2073,"RF_tot","W/m^2","GCAM_SSP3","GCAM","new",5.03992
2074,"RF_tot","W/m^2","GCAM_SSP3","GCAM","new",5.08165
2075,"RF_tot","W/m^2","GCAM_SSP3","GCAM","new",5.12356
2076,"RF_tot","W/m^2","GCAM_SSP3","GCAM","new",5.16568
2077,"RF_tot","W/m^2","GCAM_SSP3","GCAM","new",5.20762
2078,"RF_tot","W/m^2","GCAM_SSP3","GCAM","new",5.24968
2079,"RF_tot","W/m^2","GCAM_SSP3","GCAM","new",5.29185
2080,"RF_tot","W/m^2","GCAM_SSP3","GCAM","new",5.33415
2081,"RF_tot","W/m^2","GCAM_SSP3","GCAM","new",5.37764
2082,"RF_tot","W/m^2","GCAM_SSP3","GCAM","new",5.42078
2083,"RF_tot","W/m^2","GCAM_SSP3","GCAM","new",5.46394
2084,"RF_tot","W/m^2","GCAM_SSP3","GCAM","new",5.50711
2085,"RF_tot","W/m^2","GCAM_SSP3","GCAM","new",5.55029
2086,"RF_tot","W/m^2","GCAM_SSP3","GCAM","new",5.5931
2087,"RF_tot","W/m^2","GCAM_SSP3","GCAM","new",5.63569
2088,"RF_tot","W/m^2","GCAM_SSP3","GCAM","new",5.6784
2089,"RF_tot","W/m^2","GCAM_SSP3","GCAM","new",5.72123
2090,"RF_tot","W/m^2","GCAM_SSP3","GCAM","new",5.76417
2091,"RF_tot","W/m^2","GCAM_SSP3","GCAM","new",5.8076
2092,"RF_tot","W/m^2","GCAM_SSP3","GCAM","new",5.85076
2093,"RF_tot","W/m^2","GCAM_SSP3","GCAM","new",5.89397
2094,"RF_tot","W/m^2","GCAM_SSP3","GCAM","new",5.93723
2095,"RF_tot","W/m^2","GCAM_SSP3","GCAM","new",5.98054
2096,"RF_tot","W/m^2","GCAM_SSP3","GCAM","new",6.02457
2097,"RF_tot","W/m^2","GCAM_SSP3","GCAM","new",6.06844
2098,"RF_tot","W/m^2","GCAM_SSP3","GCAM","new",6.11238
2099,"RF_tot","W/m^2","GCAM_SSP3","GCAM","new",6.15639
2100,"RF_tot","W/m^2","GCAM_SSP3","GCAM","new",6.20047
1976,"gmst","degreesC","Reference","GCAM","new",0.250364
1977,"gmst","degreesC","Reference","GCAM","new",0.26748
1978,"gmst","degreesC","Reference","GCAM","new",0.286018
1979,"gmst","degreesC","Reference","GCAM","new",0.30239
1980,"gmst","degreesC","Reference","GCAM","new",0.316974
1981,"gmst","degreesC","Reference","GCAM","new",0.334318
1982,"gmst","degreesC","Reference","GCAM","new",0.340532
1983,"gmst","degreesC","Reference","GCAM","new",0.330981
1984,"gmst","degreesC","Reference","GCAM","new",0.345237
1985,"gmst","degreesC","Reference","GCAM","new",0.372372
1986,"gmst","degreesC","Reference","GCAM","new",0.399802
1987,"gmst","degreesC","Reference","GCAM","new",0.425167
1988,"gmst","degreesC","Reference","GCAM","new",0.451721
1989,"gmst","degreesC","Reference","GCAM","new",0.479713
1990,"gmst","degreesC","Reference","GCAM","new",0.504822
1991,"gmst","degreesC","Reference","GCAM","new",0.497839
1992,"gmst","degreesC","Reference","GCAM","new",0.44982
1993,"gmst","degreesC","Reference","GCAM","new",0.452769
1994,"gmst","degreesC","Reference","GCAM","new",0.4941
1995,"gmst","degreesC","Reference","GCAM","new",0.54603
1996,"gmst","degreesC","Reference","GCAM","new",0.594926
1997,"gmst","degreesC","Reference","GCAM","new",0.625305
1998,"gmst","degreesC","Reference","GCAM","new",0.652993
1999,"gmst","degreesC","Reference","GCAM","new",0.691028
2000,"gmst","degreesC","Reference","GCAM","new",0.728587
2001,"gmst","degreesC","Reference","GCAM","new",0.761129
2002,"gmst","degreesC","Reference","GCAM","new",0.782704
2003,"gmst","degreesC","Reference","GCAM","new",0.798228
2004,"gmst","degreesC","Reference","GCAM","new",0.81652
2005,"gmst","degreesC","Reference","GCAM","new",0.8311
2006,"gmst","degreesC","Reference","GCAM","new",0.84284
2007,"gmst","degreesC","Reference","GCAM","new",0.860222
2008,"gmst","degreesC","Reference","GCAM","new",0.883972
2009,"gmst","degreesC","Reference","GCAM","new",0.912824
2010,"gmst","degreesC","Reference","GCAM","new",0.941386
2011,"gmst","degreesC","Reference","GCAM","new",0.967158
2012,"gmst","degreesC","Reference","GCAM","new",0.991255
2013,"gmst","degreesC","Reference","GCAM","new",1.02276
2014,"gmst","degreesC","Reference","GCAM","new",1.05166
2015,"gmst","degreesC","Reference","GCAM","new",1.07952
2016,"gmst","degreesC","Reference","GCAM","new",1.11444
2017,"gmst","degreesC","Reference","GCAM","new",1.14658
2018,"gmst","degreesC","Reference","GCAM","new",1.17812
2019,"gmst","degreesC","Reference","GCAM","new",1.19972
2020,"gmst","degreesC","Reference","GCAM","new",1.23551
2021,"gmst","degreesC","Reference","GCAM","new",1.25547
2022,"gmst","degreesC","Reference","GCAM","new",1.29101
2023,"gmst","degreesC","Reference","GCAM","new",1.31876
2024,"gmst","degreesC","Reference","GCAM","new",1.34789
2025,"gmst","degreesC","Reference","GCAM","new",1.38056
2026,"gmst","degreesC","Reference","GCAM","new",1.41215
2027,"gmst","degreesC","Reference","GCAM","new",1.44239
2028,"gmst","degreesC","Reference","GCAM","new",1.47176
2029,"gmst","degreesC","Reference","GCAM","new",1.50058
2030,"gmst","degreesC","Reference","GCAM","new",1.52904
2031,"gmst","degreesC","Reference","GCAM","new",1.55704
2032,"gmst","degreesC","Reference","GCAM","new",1.58462
2033,"gmst","degreesC","Reference","GCAM","new",1.6119
2034,"gmst","degreesC","Reference","GCAM","new",1.63895
2035,"gmst","degreesC","Reference","GCAM","new",1.66583
2036,"gmst","degreesC","Reference","GCAM","new",1.69233
2037,"gmst","degreesC","Reference","GCAM","new",1.71852
2038,"gmst","degreesC","Reference","GCAM","new",1.74445
2039,"gmst","degreesC","Reference","GCAM","new",1.77016
2040,"gmst","degreesC","Reference","GCAM","new",1.79568
2041,"gmst","degreesC","Reference","GCAM","new",1.82118
2042,"gmst","degreesC","Reference","GCAM","new",1.84662
2043,"gmst","degreesC","Reference","GCAM","new",1.87197
2044,"gmst","degreesC","Reference","GCAM","new",1.89725
2045,"gmst","degreesC","Reference","GCAM","new",1.92244
2046,"gmst","degreesC","Reference","GCAM","new",1.94754
2047,"gmst","degreesC","Reference","GCAM","new",1.97257
2048,"gmst","degreesC","Reference","GCAM","new",1.99752
2049,"gmst","degreesC","Reference","GCAM","new",2.02242
2050,"gmst","degreesC","Reference","GCAM","new",2.04728
2051,"gmst","degreesC","Reference","GCAM","new",2.07199
2052,"gmst","degreesC","Reference","GCAM","new",2.09668
2053,"gmst","degreesC","Reference","GCAM","new",2.12135
2054,"gmst","degreesC","Reference","GCAM","new",2.14603
2055,"gmst","degreesC","Reference","GCAM","new",2.17071
2056,"gmst","degreesC","Reference","GCAM","new",2.19531
2057,"gmst","degreesC","Reference","GCAM","new",2.21986
2058,"gmst","degreesC","Reference","GCAM","new",2.24438
2059,"gmst","degreesC","Reference","GCAM","new",2.26892
2060,"gmst","degreesC","Reference","GCAM","new",2.29349
2061,"gmst","degreesC","Reference","GCAM","new",2.31807
2062,"gmst","degreesC","Reference","GCAM","new",2.34262
2063,"gmst","degreesC","Reference","GCAM","new",2.36717
2064,"gmst","degreesC","Reference","GCAM","new",2.39173
2065,"gmst","degreesC","Reference","GCAM","new",2.41635
2066,"gmst","degreesC","Reference","GCAM","new",2.441
2067,"gmst","degreesC","Reference","GCAM","new",2.46566
2068,"gmst","degreesC","Reference","GCAM","new",2.49034
2069,"gmst","degreesC","Reference","GCAM","new",2.51506
2070,"gmst","degreesC","Reference","GCAM","new",2.53983
2071,"gmst","degreesC","Reference","GCAM","new",2.56466
2072,"gmst","degreesC","Reference","GCAM","new",2.58952
2073,"gmst","degreesC","Reference","GCAM","new",2.61443
2074,"gmst","degreesC","Reference","GCAM","new",2.6394
2075,"gmst","degreesC","Reference","GCAM","new",2.66443
2076,"gmst","degreesC","Reference","GCAM","new",2.68954
2077,"gmst","degreesC","Reference","GCAM","new",2.7147
2078,"gmst","degreesC","Reference","GCAM","new",2.73991
2079,"gmst","degreesC","Reference","GCAM","new",2.76515
2080,"gmst","degreesC","Reference","GCAM","new",2.79044
2081,"gmst","degreesC","Reference","GCAM","new",2.81588
2082,"gmst","degreesC","Reference","GCAM","new",2.8414
2083,"gmst","degreesC","Reference","GCAM","new",2.86696
2084,"gmst","degreesC","Reference","GCAM","new",2.89256
2085,"gmst","degreesC","Reference","GCAM","new",2.91818
2086,"gmst","degreesC","Reference","GCAM","new",2.94378
2087,"gmst","degreesC","Reference","GCAM","new",2.96931
2088,"gmst","degreesC","Reference","GCAM","new",2.99478
2089,"gmst","degreesC","Reference","GCAM","new",3.02021
2090,"gmst","degreesC","Reference","GCAM","new",3.04562
2091,"gmst","degreesC","Reference","GCAM","new",3.07103
2092,"gmst","degreesC","Reference","GCAM","new",3.09641
2093,"gmst","degreesC","Reference","GCAM","new",3.12174
2094,"gmst","degreesC","Reference","GCAM","new",3.14704
2095,"gmst","degreesC","Reference","GCAM","new",3.17232
2096,"gmst","degreesC","Reference","GCAM","new",3.19762
2097,"gmst","degreesC","Reference","GCAM","new",3.2229
2098,"gmst","degreesC","Reference","GCAM","new",3.24816
2099,"gmst","degreesC","Reference","GCAM","new",3.27339
2100,"gmst","degreesC","Reference","GCAM","new",3.2986
1976,"gmst","degreesC","GCAM_SSP4","GCAM","new",0.250364
1977,"gmst","degreesC","GCAM_SSP4","GCAM","new",0.26748
1978,"gmst","degreesC","GCAM_SSP4","GCAM","new",0.286018
1979,"gmst","degreesC","GCAM_SSP4","GCAM","new",0.30239
1980,"gmst","degreesC","GCAM_SSP4","GCAM","new",0.316974
1981,"gmst","degreesC","GCAM_SSP4","GCAM","new",0.334318
1982,"gmst","degreesC","GCAM_SSP4","GCAM","new",0.340532
1983,"gmst","degreesC","GCAM_SSP4","GCAM","new",0.330981
1984,"gmst","degreesC","GCAM_SSP4","GCAM","new",0.345237
1985,"gmst","degreesC","GCAM_SSP4","GCAM","new",0.372372
1986,"gmst","degreesC","GCAM_SSP4","GCAM","new",0.399802
1987,"gmst","degreesC","GCAM_SSP4","GCAM","new",0.425167
1988,"gmst","degreesC","GCAM_SSP4","GCAM","new",0.451721
1989,"gmst","degreesC","GCAM_SSP4","GCAM","new",0.479713
1990,"gmst","degreesC","GCAM_SSP4","GCAM","new",0.504822
1991,"gmst","degreesC","GCAM_SSP4","GCAM","new",0.497839
1992,"gmst","degreesC","GCAM_SSP4","GCAM","new",0.44982
1993,"gmst","degreesC","GCAM_SSP4","GCAM","new",0.452769
1994,"gmst","degreesC","GCAM_SSP4","GCAM","new",0.4941
1995,"gmst","degreesC","GCAM_SSP4","GCAM","new",0.54603
1996,"gmst","degreesC","GCAM_SSP4","GCAM","new",0.594926
1997,"gmst","degreesC","GCAM_SSP4","GCAM","new",0.625305
1998,"gmst","degreesC","GCAM_SSP4","GCAM","new",0.652993
1999,"gmst","degreesC","GCAM_SSP4","GCAM","new",0.691028
2000,"gmst","degreesC","GCAM_SSP4","GCAM","new",0.728587
2001,"gmst","degreesC","GCAM_SSP4","GCAM","new",0.761129
2002,"gmst","degreesC","GCAM_SSP4","GCAM","new",0.782704
2003,"gmst","degreesC","GCAM_SSP4","GCAM","new",0.798228
2004,"gmst","degreesC","GCAM_SSP4","GCAM","new",0.81652
2005,"gmst","degreesC","GCAM_SSP4","GCAM","new",0.8311
2006,"gmst","degreesC","GCAM_SSP4","GCAM","new",0.84284
2007,"gmst","degreesC","GCAM_SSP4","GCAM","new",0.860222
2008,"gmst","degreesC","GCAM_SSP4","GCAM","new",0.883972
2009,"gmst","degreesC","GCAM_SSP4","GCAM","new",0.912824
2010,"gmst","degreesC","GCAM_SSP4","GCAM","new",0.941386
2011,"gmst","degreesC","GCAM_SSP4","GCAM","new",0.967158
2012,"gmst","degreesC","GCAM_SSP4","GCAM","new",0.991255
2013,"gmst","degreesC","GCAM_SSP4","GCAM","new",1.02276
2014,"gmst","degreesC","GCAM_SSP4","GCAM","new",1.05166
2015,"gmst","degreesC","GCAM_SSP4","GCAM","new",1.07952
2016,"gmst","degreesC","GCAM_SSP4","GCAM","new",1.11444
2017,"gmst","degreesC","GCAM_SSP4","GCAM","new",1.14658
2018,"gmst","degreesC","GCAM_SSP4","GCAM","new",1.17812
2019,"gmst","degreesC","GCAM_SSP4","GCAM","new",1.19972
2020,"gmst","degreesC","GCAM_SSP4","GCAM","new",1.23551
2021,"gmst","degreesC","GCAM_SSP4","GCAM","new",1.25547
2022,"gmst","degreesC","GCAM_SSP4","GCAM","new",1.29101
2023,"gmst","degreesC","GCAM_SSP4","GCAM","new",1.31876
2024,"gmst","degreesC","GCAM_SSP4","GCAM","new",1.3466
2025,"gmst","degreesC","GCAM_SSP4","GCAM","new",1.37678
2026,"gmst","degreesC","GCAM_SSP4","GCAM","new",1.40644
2027,"gmst","degreesC","GCAM_SSP4","GCAM","new",1.43541
2028,"gmst","degreesC","GCAM_SSP4","GCAM","new",1.46399
2029,"gmst","degreesC","GCAM_SSP4","GCAM","new",1.49235
2030,"gmst","degreesC","GCAM_SSP4","GCAM","new",1.52062
2031,"gmst","degreesC","GCAM_SSP4","GCAM","new",1.54885
2032,"gmst","degreesC","GCAM_SSP4","GCAM","new",1.577
2033,"gmst","degreesC","GCAM_SSP4","GCAM","new",1.60508
2034,"gmst","degreesC","GCAM_SSP4","GCAM","new",1.63313
2035,"gmst","degreesC","GCAM_SSP4","GCAM","new",1.66115
2036,"gmst","degreesC","GCAM_SSP4","GCAM","new",1.68863
2037,"gmst","degreesC","GCAM_SSP4","GCAM","new",1.71569
2038,"gmst","degreesC","GCAM_SSP4","GCAM","new",1.74244
2039,"gmst","degreesC","GCAM_SSP4","GCAM","new",1.76893
2040,"gmst","degreesC","GCAM_SSP4","GCAM","new",1.79521
2041,"gmst","degreesC","GCAM_SSP4","GCAM","new",1.82149
2042,"gmst","degreesC","GCAM_SSP4","GCAM","new",1.84772
2043,"gmst","degreesC","GCAM_SSP4","GCAM","new",1.87386
2044,"gmst","degreesC","GCAM_SSP4","GCAM","new",1.8999
2045,"gmst","degreesC","GCAM_SSP4","GCAM","new",1.92583
2046,"gmst","degreesC","GCAM_SSP4","GCAM","new",1.9516
2047,"gmst","degreesC","GCAM_SSP4","GCAM","new",1.97721
2048,"gmst","degreesC","GCAM_SSP4","GCAM","new",2.00269
2049,"gmst","degreesC","GCAM_SSP4","GCAM","new",2.02804
2050,"gmst","degreesC","GCAM_SSP4","GCAM","new",2.05327
2051,"gmst","degreesC","GCAM_SSP4","GCAM","new",2.07823
2052,"gmst","degreesC","GCAM_SSP4","GCAM","new",2.10307
2053,"gmst","degreesC","GCAM_SSP4","GCAM","new",2.12781
2054,"gmst","degreesC","GCAM_SSP4","GCAM","new",2.15247
2055,"gmst","degreesC","GCAM_SSP4","GCAM","new",2.17706
2056,"gmst","degreesC","GCAM_SSP4","GCAM","new",2.20153
2057,"gmst","degreesC","GCAM_SSP4","GCAM","new",2.22589
2058,"gmst","degreesC","GCAM_SSP4","GCAM","new",2.25018
2059,"gmst","degreesC","GCAM_SSP4","GCAM","new",2.27442
2060,"gmst","degreesC","GCAM_SSP4","GCAM","new",2.29862
2061,"gmst","degreesC","GCAM_SSP4","GCAM","new",2.32282
2062,"gmst","degreesC","GCAM_SSP4","GCAM","new",2.34694
2063,"gmst","degreesC","GCAM_SSP4","GCAM","new",2.37101
2064,"gmst","degreesC","GCAM_SSP4","GCAM","new",2.39504
2065,"gmst","degreesC","GCAM_SSP4","GCAM","new",2.41905
2066,"gmst","degreesC","GCAM_SSP4","GCAM","new",2.44309
2067,"gmst","degreesC","GCAM_SSP4","GCAM","new",2.4671
2068,"gmst","degreesC","GCAM_SSP4","GCAM","new",2.4911
2069,"gmst","degreesC","GCAM_SSP4","GCAM","new",2.51511
2070,"gmst","degreesC","GCAM_SSP4","GCAM","new",2.53912
2071,"gmst","degreesC","GCAM_SSP4","GCAM","new",2.56318
2072,"gmst","degreesC","GCAM_SSP4","GCAM","new",2.58723
2073,"gmst","degreesC","GCAM_SSP4","GCAM","new",2.61129
2074,"gmst","degreesC","GCAM_SSP4","GCAM","new",2.63536
2075,"gmst","degreesC","GCAM_SSP4","GCAM","new",2.65948
2076,"gmst","degreesC","GCAM_SSP4","GCAM","new",2.68363
2077,"gmst","degreesC","GCAM_SSP4","GCAM","new",2.70779
2078,"gmst","degreesC","GCAM_SSP4","GCAM","new",2.73197
2079,"gmst","degreesC","GCAM_SSP4","GCAM","new",2.75615
2080,"gmst","degreesC","GCAM_SSP4","GCAM","new",2.78035
2081,"gmst","degreesC","GCAM_SSP4","GCAM","new",2.80462
2082,"gmst","degreesC","GCAM_SSP4","GCAM","new",2.82889
2083,"gmst","degreesC","GCAM_SSP4","GCAM","new",2.85316
2084,"gmst","degreesC","GCAM_SSP4","GCAM","new",2.87744
2085,"gmst","degreesC","GCAM_SSP4","GCAM","new",2.90173
2086,"gmst","degreesC","GCAM_SSP4","GCAM","new",2.92599
2087,"gmst","degreesC","GCAM_SSP4","GCAM","new",2.95018
2088,"gmst","degreesC","GCAM_SSP4","GCAM","new",2.97434
2089,"gmst","degreesC","GCAM_SSP4","GCAM","new",2.99848
2090,"gmst","degreesC","GCAM_SSP4","GCAM","new",3.02264
2091,"gmst","degreesC","GCAM_SSP4","GCAM","new",3.04681
2092,"gmst","degreesC","GCAM_SSP4","GCAM","new",3.07096
2093,"gmst","degreesC","GCAM_SSP4","GCAM","new",3.09511
2094,"gmst","degreesC","GCAM_SSP4","GCAM","new",3.11927
2095,"gmst","degreesC","GCAM_SSP4","GCAM","new",3.14345
2096,"gmst","degreesC","GCAM_SSP4","GCAM","new",3.16769
2097,"gmst","degreesC","GCAM_SSP4","GCAM","new",3.19196
2098,"gmst","degreesC","GCAM_SSP4","GCAM","new",3.21626
2099,"gmst","degreesC","GCAM_SSP4","GCAM","new",3.24061
2100,"gmst","degreesC","GCAM_SSP4","GCAM","new",3.265
1976,"gmst","degreesC","GCAM_SSP5","GCAM","new",0.250364
1977,"gmst","degreesC","GCAM_SSP5","GCAM","new",0.26748
1978,"gmst","degreesC","GCAM_SSP5","GCAM","new",0.286018
1979,"gmst","degreesC","GCAM_SSP5","GCAM","new",0.30239
1980,"gmst","degreesC","GCAM_SSP5","GCAM","new",0.316974
1981,"gmst","degreesC","GCAM_SSP5","GCAM","new",0.334318
1982,"gmst","degreesC","GCAM_SSP5","GCAM","new",0.340532
1983,"gmst","degreesC","GCAM_SSP5","GCAM","new",0.330981
1984,"gmst","degreesC","GCAM_SSP5","GCAM","new",0.345237
1985,"gmst","degreesC","GCAM_SSP5","GCAM","new",0.372372
1986,"gmst","degreesC","GCAM_SSP5","GCAM","new",0.399802
1987,"gmst","degreesC","GCAM_SSP5","GCAM","new",0.425167
1988,"gmst","degreesC","GCAM_SSP5","GCAM","new",0.451721
1989,"gmst","degreesC","GCAM_SSP5","GCAM","new",0.479713
1990,"gmst","degreesC","GCAM_SSP5","GCAM","new",0.504822
1991,"gmst","degreesC","GCAM_SSP5","GCAM","new",0.497839
1992,"gmst","degreesC","GCAM_SSP5","GCAM","new",0.44982
1993,"gmst","degreesC","GCAM_SSP5","GCAM","new",0.452769
1994,"gmst","degreesC","GCAM_SSP5","GCAM","new",0.4941
1995,"gmst","degreesC","GCAM_SSP5","GCAM","new",0.54603
1996,"gmst","degreesC","GCAM_SSP5","GCAM","new",0.594926
1997,"gmst","degreesC","GCAM_SSP5","GCAM","new",0.625305
1998,"gmst","degreesC","GCAM_SSP5","GCAM","new",0.652993
1999,"gmst","degreesC","GCAM_SSP5","GCAM","new",0.691028
2000,"gmst","degreesC","GCAM_SSP5","GCAM","new",0.728587
2001,"gmst","degreesC","GCAM_SSP5","GCAM","new",0.761129
2002,"gmst","degreesC","GCAM_SSP5","GCAM","new",0.782704
2003,"gmst","degreesC","GCAM_SSP5","GCAM","new",0.798228
2004,"gmst","degreesC","GCAM_SSP5","GCAM","new",0.81652
2005,"gmst","degreesC","GCAM_SSP5","GCAM","new",0.8311
2006,"gmst","degreesC","GCAM_SSP5","GCAM","new",0.84284
2007,"gmst","degreesC","GCAM_SSP5","GCAM","new",0.860222
2008,"gmst","degreesC","GCAM_SSP5","GCAM","new",0.883972
2009,"gmst","degreesC","GCAM_SSP5","GCAM","new",0.912824
2010,"gmst","degreesC","GCAM_SSP5","GCAM","new",0.941386
2011,"gmst","degreesC","GCAM_SSP5","GCAM","new",0.967158
2012,"gmst","degreesC","GCAM_SSP5","GCAM","new",0.991255
2013,"gmst","degreesC","GCAM_SSP5","GCAM","new",1.02276
2014,"gmst","degreesC","GCAM_SSP5","GCAM","new",1.05166
2015,"gmst","degreesC","GCAM_SSP5","GCAM","new",1.07952
2016,"gmst","degreesC","GCAM_SSP5","GCAM","new",1.11444
2017,"gmst","degreesC","GCAM_SSP5","GCAM","new",1.14658
2018,"gmst","degreesC","GCAM_SSP5","GCAM","new",1.17812
2019,"gmst","degreesC","GCAM_SSP5","GCAM","new",1.19972
2020,"gmst","degreesC","GCAM_SSP5","GCAM","new",1.23551
2021,"gmst","degreesC","GCAM_SSP5","GCAM","new",1.25547
2022,"gmst","degreesC","GCAM_SSP5","GCAM","new",1.29101
2023,"gmst","degreesC","GCAM_SSP5","GCAM","new",1.31876
2024,"gmst","degreesC","GCAM_SSP5","GCAM","new",1.34984
2025,"gmst","degreesC","GCAM_SSP5","GCAM","new",1.38613
2026,"gmst","degreesC","GCAM_SSP5","GCAM","new",1.42108
2027,"gmst","degreesC","GCAM_SSP5","GCAM","new",1.45435
2028,"gmst","degreesC","GCAM_SSP5","GCAM","new",1.48663
2029,"gmst","degreesC","GCAM_SSP5","GCAM","new",1.51832
2030,"gmst","degreesC","GCAM_SSP5","GCAM","new",1.54969
2031,"gmst","degreesC","GCAM_SSP5","GCAM","new",1.58024
2032,"gmst","degreesC","GCAM_SSP5","GCAM","new",1.61021
2033,"gmst","degreesC","GCAM_SSP5","GCAM","new",1.63982
2034,"gmst","degreesC","GCAM_SSP5","GCAM","new",1.66922
2035,"gmst","degreesC","GCAM_SSP5","GCAM","new",1.6985
2036,"gmst","degreesC","GCAM_SSP5","GCAM","new",1.72747
2037,"gmst","degreesC","GCAM_SSP5","GCAM","new",1.75634
2038,"gmst","degreesC","GCAM_SSP5","GCAM","new",1.78519
2039,"gmst","degreesC","GCAM_SSP5","GCAM","new",1.81408
2040,"gmst","degreesC","GCAM_SSP5","GCAM","new",1.84303
2041,"gmst","degreesC","GCAM_SSP5","GCAM","new",1.87253
2042,"gmst","degreesC","GCAM_SSP5","GCAM","new",1.90251
2043,"gmst","degreesC","GCAM_SSP5","GCAM","new",1.93289
2044,"gmst","degreesC","GCAM_SSP5","GCAM","new",1.96362
2045,"gmst","degreesC","GCAM_SSP5","GCAM","new",1.99466
2046,"gmst","degreesC","GCAM_SSP5","GCAM","new",2.02613
2047,"gmst","degreesC","GCAM_SSP5","GCAM","new",2.05795
2048,"gmst","degreesC","GCAM_SSP5","GCAM","new",2.09009
2049,"gmst","degreesC","GCAM_SSP5","GCAM","new",2.12254
2050,"gmst","degreesC","GCAM_SSP5","GCAM","new",2.15528
2051,"gmst","degreesC","GCAM_SSP5","GCAM","new",2.18776
2052,"gmst","degreesC","GCAM_SSP5","GCAM","new",2.22008
2053,"gmst","degreesC","GCAM_SSP5","GCAM","new",2.25234
2054,"gmst","degreesC","GCAM_SSP5","GCAM","new",2.28461
2055,"gmst","degreesC","GCAM_SSP5","GCAM","new",2.31693
2056,"gmst","degreesC","GCAM_SSP5","GCAM","new",2.34938
2057,"gmst","degreesC","GCAM_SSP5","GCAM","new",2.38195
2058,"gmst","degreesC","GCAM_SSP5","GCAM","new",2.41466
2059,"gmst","degreesC","GCAM_SSP5","GCAM","new",2.44752
2060,"gmst","degreesC","GCAM_SSP5","GCAM","new",2.48055
2061,"gmst","degreesC","GCAM_SSP5","GCAM","new",2.51373
2062,"gmst","degreesC","GCAM_SSP5","GCAM","new",2.54701
2063,"gmst","degreesC","GCAM_SSP5","GCAM","new",2.58041
2064,"gmst","degreesC","GCAM_SSP5","GCAM","new",2.61394
2065,"gmst","degreesC","GCAM_SSP5","GCAM","new",2.64761
2066,"gmst","degreesC","GCAM_SSP5","GCAM","new",2.68147
2067,"gmst","degreesC","GCAM_SSP5","GCAM","new",2.71546
2068,"gmst","degreesC","GCAM_SSP5","GCAM","new",2.74958
2069,"gmst","degreesC","GCAM_SSP5","GCAM","new",2.78382
2070,"gmst","degreesC","GCAM_SSP5","GCAM","new",2.8182
2071,"gmst","degreesC","GCAM_SSP5","GCAM","new",2.85272
2072,"gmst","degreesC","GCAM_SSP5","GCAM","new",2.88734
2073,"gmst","degreesC","GCAM_SSP5","GCAM","new",2.92205
2074,"gmst","degreesC","GCAM_SSP5","GCAM","new",2.95686
2075,"gmst","degreesC","GCAM_SSP5","GCAM","new",2.99177
2076,"gmst","degreesC","GCAM_SSP5","GCAM","new",3.02679
2077,"gmst","degreesC","GCAM_SSP5","GCAM","new",3.06188
2078,"gmst","degreesC","GCAM_SSP5","GCAM","new",3.09703
2079,"gmst","degreesC","GCAM_SSP5","GCAM","new",3.13222
2080,"gmst","degreesC","GCAM_SSP5","GCAM","new",3.16746
2081,"gmst","degreesC","GCAM_SSP5","GCAM","new",3.20274
2082,"gmst","degreesC","GCAM_SSP5","GCAM","new",3.238
2083,"gmst","degreesC","GCAM_SSP5","GCAM","new",3.27321
2084,"gmst","degreesC","GCAM_SSP5","GCAM","new",3.30838
2085,"gmst","degreesC","GCAM_SSP5","GCAM","new",3.34349
2086,"gmst","degreesC","GCAM_SSP5","GCAM","new",3.37852
2087,"gmst","degreesC","GCAM_SSP5","GCAM","new",3.4134
2088,"gmst","degreesC","GCAM_SSP5","GCAM","new",3.44813
2089,"gmst","degreesC","GCAM_SSP5","GCAM","new",3.48272
2090,"gmst","degreesC","GCAM_SSP5","GCAM","new",3.5172
2091,"gmst","degreesC","GCAM_SSP5","GCAM","new",3.5515
2092,"gmst","degreesC","GCAM_SSP5","GCAM","new",3.58558
2093,"gmst","degreesC","GCAM_SSP5","GCAM","new",3.61946
2094,"gmst","degreesC","GCAM_SSP5","GCAM","new",3.65315
2095,"gmst","degreesC","GCAM_SSP5","GCAM","new",3.68667
2096,"gmst","degreesC","GCAM_SSP5","GCAM","new",3.72006
2097,"gmst","degreesC","GCAM_SSP5","GCAM","new",3.75324
2098,"gmst","degreesC","GCAM_SSP5","GCAM","new",3.78621
2099,"gmst","degreesC","GCAM_SSP5","GCAM","new",3.81899
2100,"gmst","degreesC","GCAM_SSP5","GCAM","new",3.85157
1976,"gmst","degreesC","GCAM_SSP1","GCAM","new",0.250364
1977,"gmst","degreesC","GCAM_SSP1","GCAM","new",0.26748
1978,"gmst","degreesC","GCAM_SSP1","GCAM","new",0.286018
1979,"gmst","degreesC","GCAM_SSP1","GCAM","new",0.30239
1980,"gmst","degreesC","GCAM_SSP1","GCAM","new",0.316974
1981,"gmst","degreesC","GCAM_SSP1","GCAM","new",0.334318
1982,"gmst","degreesC","GCAM_SSP1","GCAM","new",0.340532
1983,"gmst","degreesC","GCAM_SSP1","GCAM","new",0.330981
1984,"gmst","degreesC","GCAM_SSP1","GCAM","new",0.345237
1985,"gmst","degreesC","GCAM_SSP1","GCAM","new",0.372372
1986,"gmst","degreesC","GCAM_SSP1","GCAM","new",0.399802
1987,"gmst","degreesC","GCAM_SSP1","GCAM","new",0.425167
1988,"gmst","degreesC","GCAM_SSP1","GCAM","new",0.451721
1989,"gmst","degreesC","GCAM_SSP1","GCAM","new",0.479713
1990,"gmst","degreesC","GCAM_SSP1","GCAM","new",0.504822
1991,"gmst","degreesC","GCAM_SSP1","GCAM","new",0.497839
1992,"gmst","degreesC","GCAM_SSP1","GCAM","new",0.44982
1993,"gmst","degreesC","GCAM_SSP1","GCAM","new",0.452769
1994,"gmst","degreesC","GCAM_SSP1","GCAM","new",0.4941
1995,"gmst","degreesC","GCAM_SSP1","GCAM","new",0.54603
1996,"gmst","degreesC","GCAM_SSP1","GCAM","new",0.594926
1997,"gmst","degreesC","GCAM_SSP1","GCAM","new",0.625305
1998,"gmst","degreesC","GCAM_SSP1","GCAM","new",0.652993
1999,"gmst","degreesC","GCAM_SSP1","GCAM","new",0.691028
2000,"gmst","degreesC","GCAM_SSP1","GCAM","new",0.728587
2001,"gmst","degreesC","GCAM_SSP1","GCAM","new",0.761129
2002,"gmst","degreesC","GCAM_SSP1","GCAM","new",0.782704
2003,"gmst","degreesC","GCAM_SSP1","GCAM","new",0.798228
2004,"gmst","degreesC","GCAM_SSP1","GCAM","new",0.81652
2005,"gmst","degreesC","GCAM_SSP1","GCAM","new",0.8311
2006,"gmst","degreesC","GCAM_SSP1","GCAM","new",0.84284
2007,"gmst","degreesC","GCAM_SSP1","GCAM","new",0.860222
2008,"gmst","degreesC","GCAM_SSP1","GCAM","new",0.883972
2009,"gmst","degreesC","GCAM_SSP1","GCAM","new",0.912824
2010,"gmst","degreesC","GCAM_SSP1","GCAM","new",0.941386
2011,"gmst","degreesC","GCAM_SSP1","GCAM","new",0.967158
2012,"gmst","degreesC","GCAM_SSP1","GCAM","new",0.991255
2013,"gmst","degreesC","GCAM_SSP1","GCAM","new",1.02276
2014,"gmst","degreesC","GCAM_SSP1","GCAM","new",1.05166
2015,"gmst","degreesC","GCAM_SSP1","GCAM","new",1.07952
2016,"gmst","degreesC","GCAM_SSP1","GCAM","new",1.11444
2017,"gmst","degreesC","GCAM_SSP1","GCAM","new",1.14658
2018,"gmst","degreesC","GCAM_SSP1","GCAM","new",1.17812
2019,"gmst","degreesC","GCAM_SSP1","GCAM","new",1.19972
2020,"gmst","degreesC","GCAM_SSP1","GCAM","new",1.23551
2021,"gmst","degreesC","GCAM_SSP1","GCAM","new",1.25547
2022,"gmst","degreesC","GCAM_SSP1","GCAM","new",1.29101
2023,"gmst","degreesC","GCAM_SSP1","GCAM","new",1.31876
2024,"gmst","degreesC","GCAM_SSP1","GCAM","new",1.35056
2025,"gmst","degreesC","GCAM_SSP1","GCAM","new",1.38807
2026,"gmst","degreesC","GCAM_SSP1","GCAM","new",1.42392
2027,"gmst","degreesC","GCAM_SSP1","GCAM","new",1.45769
2028,"gmst","degreesC","GCAM_SSP1","GCAM","new",1.49015
2029,"gmst","degreesC","GCAM_SSP1","GCAM","new",1.52178
2030,"gmst","degreesC","GCAM_SSP1","GCAM","new",1.55287
2031,"gmst","degreesC","GCAM_SSP1","GCAM","new",1.583
2032,"gmst","degreesC","GCAM_SSP1","GCAM","new",1.6123
2033,"gmst","degreesC","GCAM_SSP1","GCAM","new",1.64095
2034,"gmst","degreesC","GCAM_SSP1","GCAM","new",1.66911
2035,"gmst","degreesC","GCAM_SSP1","GCAM","new",1.69686
2036,"gmst","degreesC","GCAM_SSP1","GCAM","new",1.72393
2037,"gmst","degreesC","GCAM_SSP1","GCAM","new",1.75044
2038,"gmst","degreesC","GCAM_SSP1","GCAM","new",1.77652
2039,"gmst","degreesC","GCAM_SSP1","GCAM","new",1.80224
2040,"gmst","degreesC","GCAM_SSP1","GCAM","new",1.82766
2041,"gmst","degreesC","GCAM_SSP1","GCAM","new",1.85316
2042,"gmst","degreesC","GCAM_SSP1","GCAM","new",1.87865
2043,"gmst","degreesC","GCAM_SSP1","GCAM","new",1.90409
2044,"gmst","degreesC","GCAM_SSP1","GCAM","new",1.92945
2045,"gmst","degreesC","GCAM_SSP1","GCAM","new",1.95473
2046,"gmst","degreesC","GCAM_SSP1","GCAM","new",1.97989
2047,"gmst","degreesC","GCAM_SSP1","GCAM","new",2.00491
2048,"gmst","degreesC","GCAM_SSP1","GCAM","new",2.0298
2049,"gmst","degreesC","GCAM_SSP1","GCAM","new",2.05455
2050,"gmst","degreesC","GCAM_SSP1","GCAM","new",2.07918
2051,"gmst","degreesC","GCAM_SSP1","GCAM","new",2.10327
2052,"gmst","degreesC","GCAM_SSP1","GCAM","new",2.12694
2053,"gmst","degreesC","GCAM_SSP1","GCAM","new",2.15028
2054,"gmst","degreesC","GCAM_SSP1","GCAM","new",2.17334
2055,"gmst","degreesC","GCAM_SSP1","GCAM","new",2.19617
2056,"gmst","degreesC","GCAM_SSP1","GCAM","new",2.21882
2057,"gmst","degreesC","GCAM_SSP1","GCAM","new",2.24126
2058,"gmst","degreesC","GCAM_SSP1","GCAM","new",2.2635
2059,"gmst","degreesC","GCAM_SSP1","GCAM","new",2.28558
2060,"gmst","degreesC","GCAM_SSP1","GCAM","new",2.30751
2061,"gmst","degreesC","GCAM_SSP1","GCAM","new",2.32934
2062,"gmst","degreesC","GCAM_SSP1","GCAM","new",2.35096
2063,"gmst","degreesC","GCAM_SSP1","GCAM","new",2.37239
2064,"gmst","degreesC","GCAM_SSP1","GCAM","new",2.39367
2065,"gmst","degreesC","GCAM_SSP1","GCAM","new",2.4148
2066,"gmst","degreesC","GCAM_SSP1","GCAM","new",2.43578
2067,"gmst","degreesC","GCAM_SSP1","GCAM","new",2.45657
2068,"gmst","degreesC","GCAM_SSP1","GCAM","new",2.47719
2069,"gmst","degreesC","GCAM_SSP1","GCAM","new",2.49766
2070,"gmst","degreesC","GCAM_SSP1","GCAM","new",2.51798
2071,"gmst","degreesC","GCAM_SSP1","GCAM","new",2.53816
2072,"gmst","degreesC","GCAM_SSP1","GCAM","new",2.55817
2073,"gmst","degreesC","GCAM_SSP1","GCAM","new",2.57801
2074,"gmst","degreesC","GCAM_SSP1","GCAM","new",2.59771
2075,"gmst","degreesC","GCAM_SSP1","GCAM","new",2.61727
2076,"gmst","degreesC","GCAM_SSP1","GCAM","new",2.63669
2077,"gmst","degreesC","GCAM_SSP1","GCAM","new",2.65594
2078,"gmst","degreesC","GCAM_SSP1","GCAM","new",2.67502
2079,"gmst","degreesC","GCAM_SSP1","GCAM","new",2.69395
2080,"gmst","degreesC","GCAM_SSP1","GCAM","new",2.71273
2081,"gmst","degreesC","GCAM_SSP1","GCAM","new",2.73135
2082,"gmst","degreesC","GCAM_SSP1","GCAM","new",2.74978
2083,"gmst","degreesC","GCAM_SSP1","GCAM","new",2.76801
2084,"gmst","degreesC","GCAM_SSP1","GCAM","new",2.78607
2085,"gmst","degreesC","GCAM_SSP1","GCAM","new",2.80396
2086,"gmst","degreesC","GCAM_SSP1","GCAM","new",2.82166
2087,"gmst","degreesC","GCAM_SSP1","GCAM","new",2.83911
2088,"gmst","degreesC","GCAM_SSP1","GCAM","new",2.85634
2089,"gmst","degreesC","GCAM_SSP1","GCAM","new",2.87336
2090,"gmst","degreesC","GCAM_SSP1","GCAM","new",2.89017
2091,"gmst","degreesC","GCAM_SSP1","GCAM","new",2.90675
2092,"gmst","degreesC","GCAM_SSP1","GCAM","new",2.92308
2093,"gmst","degreesC","GCAM_SSP1","GCAM","new",2.93916
2094,"gmst","degreesC","GCAM_SSP1","GCAM","new",2.95501
2095,"gmst","degreesC","GCAM_SSP1","GCAM","new",2.97063
2096,"gmst","degreesC","GCAM_SSP1","GCAM","new",2.986
2097,"gmst","degreesC","GCAM_SSP1","GCAM","new",3.00112
2098,"gmst","degreesC","GCAM_SSP1","GCAM","new",3.01598
2099,"gmst","degreesC","GCAM_SSP1","GCAM","new",3.0306
2100,"gmst","degreesC","GCAM_SSP1","GCAM","new",3.04499
1976,"gmst","degreesC","GCAM_SSP2","GCAM","new",0.250364
1977,"gmst","degreesC","GCAM_SSP2","GCAM","new",0.26748
1978,"gmst","degreesC","GCAM_SSP2","GCAM","new",0.286018
1979,"gmst","degreesC","GCAM_SSP2","GCAM","new",0.30239
1980,"gmst","degreesC","GCAM_SSP2","GCAM","new",0.316974
1981,"gmst","degreesC","GCAM_SSP2","GCAM","new",0.334318
1982,"gmst","degreesC","GCAM_SSP2","GCAM","new",0.340532
1983,"gmst","degreesC","GCAM_SSP2","GCAM","new",0.330981
1984,"gmst","degreesC","GCAM_SSP2","GCAM","new",0.345237
1985,"gmst","degreesC","GCAM_SSP2","GCAM","new",0.372372
1986,"gmst","degreesC","GCAM_SSP2","GCAM","new",0.399802
1987,"gmst","degreesC","GCAM_SSP2","GCAM","new",0.425167
1988,"gmst","degreesC","GCAM_SSP2","GCAM","new",0.451721
1989,"gmst","degreesC","GCAM_SSP2","GCAM","new",0.479713
1990,"gmst","degreesC","GCAM_SSP2","GCAM","new",0.504822
1991,"gmst","degreesC","GCAM_SSP2","GCAM","new",0.497839
1992,"gmst","degreesC","GCAM_SSP2","GCAM","new",0.44982
1993,"gmst","degreesC","GCAM_SSP2","GCAM","new",0.452769
1994,"gmst","degreesC","GCAM_SSP2","GCAM","new",0.4941
1995,"gmst","degreesC","GCAM_SSP2","GCAM","new",0.54603
1996,"gmst","degreesC","GCAM_SSP2","GCAM","new",0.594926
1997,"gmst","degreesC","GCAM_SSP2","GCAM","new",0.625305
1998,"gmst","degreesC","GCAM_SSP2","GCAM","new",0.652993
1999,"gmst","degreesC","GCAM_SSP2","GCAM","new",0.691028
2000,"gmst","degreesC","GCAM_SSP2","GCAM","new",0.728587
2001,"gmst","degreesC","GCAM_SSP2","GCAM","new",0.761129
2002,"gmst","degreesC","GCAM_SSP2","GCAM","new",0.782704
2003,"gmst","degreesC","GCAM_SSP2","GCAM","new",0.798228
2004,"gmst","degreesC","GCAM_SSP2","GCAM","new",0.81652
2005,"gmst","degreesC","GCAM_SSP2","GCAM","new",0.8311
2006,"gmst","degreesC","GCAM_SSP2","GCAM","new",0.84284
2007,"gmst","degreesC","GCAM_SSP2","GCAM","new",0.860222
2008,"gmst","degreesC","GCAM_SSP2","GCAM","new",0.883972
2009,"gmst","degreesC","GCAM_SSP2","GCAM","new",0.912824
2010,"gmst","degreesC","GCAM_SSP2","GCAM","new",0.941386
2011,"gmst","degreesC","GCAM_SSP2","GCAM","new",0.967158
2012,"gmst","degreesC","GCAM_SSP2","GCAM","new",0.991255
2013,"gmst","degreesC","GCAM_SSP2","GCAM","new",1.02276
2014,"gmst","degreesC","GCAM_SSP2","GCAM","new",1.05166
2015,"gmst","degreesC","GCAM_SSP2","GCAM","new",1.07952
2016,"gmst","degreesC","GCAM_SSP2","GCAM","new",1.11444
2017,"gmst","degreesC","GCAM_SSP2","GCAM","new",1.14658
2018,"gmst","degreesC","GCAM_SSP2","GCAM","new",1.17812
2019,"gmst","degreesC","GCAM_SSP2","GCAM","new",1.19972
2020,"gmst","degreesC","GCAM_SSP2","GCAM","new",1.23551
2021,"gmst","degreesC","GCAM_SSP2","GCAM","new",1.25547
2022,"gmst","degreesC","GCAM_SSP2","GCAM","new",1.29101
2023,"gmst","degreesC","GCAM_SSP2","GCAM","new",1.31876
2024,"gmst","degreesC","GCAM_SSP2","GCAM","new",1.34812
2025,"gmst","degreesC","GCAM_SSP2","GCAM","new",1.38105
2026,"gmst","degreesC","GCAM_SSP2","GCAM","new",1.413
2027,"gmst","degreesC","GCAM_SSP2","GCAM","new",1.44373
2028,"gmst","degreesC","GCAM_SSP2","GCAM","new",1.47371
2029,"gmst","degreesC","GCAM_SSP2","GCAM","new",1.50327
2030,"gmst","degreesC","GCAM_SSP2","GCAM","new",1.53258
2031,"gmst","degreesC","GCAM_SSP2","GCAM","new",1.56138
2032,"gmst","degreesC","GCAM_SSP2","GCAM","new",1.58972
2033,"gmst","degreesC","GCAM_SSP2","GCAM","new",1.61778
2034,"gmst","degreesC","GCAM_SSP2","GCAM","new",1.64565
2035,"gmst","degreesC","GCAM_SSP2","GCAM","new",1.67342
2036,"gmst","degreesC","GCAM_SSP2","GCAM","new",1.70078
2037,"gmst","degreesC","GCAM_SSP2","GCAM","new",1.72784
2038,"gmst","degreesC","GCAM_SSP2","GCAM","new",1.75468
2039,"gmst","degreesC","GCAM_SSP2","GCAM","new",1.78136
2040,"gmst","degreesC","GCAM_SSP2","GCAM","new",1.80792
2041,"gmst","degreesC","GCAM_SSP2","GCAM","new",1.83473
2042,"gmst","degreesC","GCAM_SSP2","GCAM","new",1.8617
2043,"gmst","degreesC","GCAM_SSP2","GCAM","new",1.88877
2044,"gmst","degreesC","GCAM_SSP2","GCAM","new",1.91591
2045,"gmst","degreesC","GCAM_SSP2","GCAM","new",1.9431
2046,"gmst","degreesC","GCAM_SSP2","GCAM","new",1.97026
2047,"gmst","degreesC","GCAM_SSP2","GCAM","new",1.99742
2048,"gmst","degreesC","GCAM_SSP2","GCAM","new",2.02457
2049,"gmst","degreesC","GCAM_SSP2","GCAM","new",2.05173
2050,"gmst","degreesC","GCAM_SSP2","GCAM","new",2.07891
2051,"gmst","degreesC","GCAM_SSP2","GCAM","new",2.10561
2052,"gmst","degreesC","GCAM_SSP2","GCAM","new",2.132
2053,"gmst","degreesC","GCAM_SSP2","GCAM","new",2.15816
2054,"gmst","degreesC","GCAM_SSP2","GCAM","new",2.18415
2055,"gmst","degreesC","GCAM_SSP2","GCAM","new",2.21
2056,"gmst","degreesC","GCAM_SSP2","GCAM","new",2.23574
2057,"gmst","degreesC","GCAM_SSP2","GCAM","new",2.26137
2058,"gmst","degreesC","GCAM_SSP2","GCAM","new",2.28693
2059,"gmst","degreesC","GCAM_SSP2","GCAM","new",2.31246
2060,"gmst","degreesC","GCAM_SSP2","GCAM","new",2.33797
2061,"gmst","degreesC","GCAM_SSP2","GCAM","new",2.36347
2062,"gmst","degreesC","GCAM_SSP2","GCAM","new",2.3889
2063,"gmst","degreesC","GCAM_SSP2","GCAM","new",2.4143
2064,"gmst","degreesC","GCAM_SSP2","GCAM","new",2.43968
2065,"gmst","degreesC","GCAM_SSP2","GCAM","new",2.46508
2066,"gmst","degreesC","GCAM_SSP2","GCAM","new",2.49049
2067,"gmst","degreesC","GCAM_SSP2","GCAM","new",2.51588
2068,"gmst","degreesC","GCAM_SSP2","GCAM","new",2.54128
2069,"gmst","degreesC","GCAM_SSP2","GCAM","new",2.56669
2070,"gmst","degreesC","GCAM_SSP2","GCAM","new",2.59212
2071,"gmst","degreesC","GCAM_SSP2","GCAM","new",2.61759
2072,"gmst","degreesC","GCAM_SSP2","GCAM","new",2.64306
2073,"gmst","degreesC","GCAM_SSP2","GCAM","new",2.66856
2074,"gmst","degreesC","GCAM_SSP2","GCAM","new",2.69409
2075,"gmst","degreesC","GCAM_SSP2","GCAM","new",2.71966
2076,"gmst","degreesC","GCAM_SSP2","GCAM","new",2.7453
2077,"gmst","degreesC","GCAM_SSP2","GCAM","new",2.77098
2078,"gmst","degreesC","GCAM_SSP2","GCAM","new",2.79669
2079,"gmst","degreesC","GCAM_SSP2","GCAM","new",2.82243
2080,"gmst","degreesC","GCAM_SSP2","GCAM","new",2.84819
2081,"gmst","degreesC","GCAM_SSP2","GCAM","new",2.87403
2082,"gmst","degreesC","GCAM_SSP2","GCAM","new",2.89987
2083,"gmst","degreesC","GCAM_SSP2","GCAM","new",2.92572
2084,"gmst","degreesC","GCAM_SSP2","GCAM","new",2.95155
2085,"gmst","degreesC","GCAM_SSP2","GCAM","new",2.97738
2086,"gmst","degreesC","GCAM_SSP2","GCAM","new",3.00319
2087,"gmst","degreesC","GCAM_SSP2","GCAM","new",3.02891
2088,"gmst","degreesC","GCAM_SSP2","GCAM","new",3.05457
2089,"gmst","degreesC","GCAM_SSP2","GCAM","new",3.08018
2090,"gmst","degreesC","GCAM_SSP2","GCAM","new",3.10578
2091,"gmst","degreesC","GCAM_SSP2","GCAM","new",3.13136
2092,"gmst","degreesC","GCAM_SSP2","GCAM","new",3.15689
2093,"gmst","degreesC","GCAM_SSP2","GCAM","new",3.18236
2094,"gmst","degreesC","GCAM_SSP2","GCAM","new",3.20779
2095,"gmst","degreesC","GCAM_SSP2","GCAM","new",3.23318
2096,"gmst","degreesC","GCAM_SSP2","GCAM","new",3.25859
2097,"gmst","degreesC","GCAM_SSP2","GCAM","new",3.28396
2098,"gmst","degreesC","GCAM_SSP2","GCAM","new",3.3093
2099,"gmst","degreesC","GCAM_SSP2","GCAM","new",3.3346
2100,"gmst","degreesC","GCAM_SSP2","GCAM","new",3.35987
1976,"gmst","degreesC","GCAM_SSP3","GCAM","new",0.250364
1977,"gmst","degreesC","GCAM_SSP3","GCAM","new",0.26748
1978,"gmst","degreesC","GCAM_SSP3","GCAM","new",0.286018
1979,"gmst","degreesC","GCAM_SSP3","GCAM","new",0.30239
1980,"gmst","degreesC","GCAM_SSP3","GCAM","new",0.316974
1981,"gmst","degreesC","GCAM_SSP3","GCAM","new",0.334318
1982,"gmst","degreesC","GCAM_SSP3","GCAM","new",0.340532
1983,"gmst","degreesC","GCAM_SSP3","GCAM","new",0.330981
1984,"gmst","degreesC","GCAM_SSP3","GCAM","new",0.345237
1985,"gmst","degreesC","GCAM_SSP3","GCAM","new",0.372372
1986,"gmst","degreesC","GCAM_SSP3","GCAM","new",0.399802
1987,"gmst","degreesC","GCAM_SSP3","GCAM","new",0.425167
1988,"gmst","degreesC","GCAM_SSP3","GCAM","new",0.451721
1989,"gmst","degreesC","GCAM_SSP3","GCAM","new",0.479713
1990,"gmst","degreesC","GCAM_SSP3","GCAM","new",0.504822
1991,"gmst","degreesC","GCAM_SSP3","GCAM","new",0.497839
1992,"gmst","degreesC","GCAM_SSP3","GCAM","new",0.44982
1993,"gmst","degreesC","GCAM_SSP3","GCAM","new",0.452769
1994,"gmst","degreesC","GCAM_SSP3","GCAM","new",0.4941
1995,"gmst","degreesC","GCAM_SSP3","GCAM","new",0.54603
1996,"gmst","degreesC","GCAM_SSP3","GCAM","new",0.594926
1997,"gmst","degreesC","GCAM_SSP3","GCAM","new",0.625305
1998,"gmst","degreesC","GCAM_SSP3","GCAM","new",0.652993
1999,"gmst","degreesC","GCAM_SSP3","GCAM","new",0.691028
2000,"gmst","degreesC","GCAM_SSP3","GCAM","new",0.728587
2001,"gmst","degreesC","GCAM_SSP3","GCAM","new",0.761129
2002,"gmst","degreesC","GCAM_SSP3","GCAM","new",0.782704
2003,"gmst","degreesC","GCAM_SSP3","GCAM","new",0.798228
2004,"gmst","degreesC","GCAM_SSP3","GCAM","new",0.81652
2005,"gmst","degreesC","GCAM_SSP3","GCAM","new",0.8311
2006,"gmst","degreesC","GCAM_SSP3","GCAM","new",0.84284
2007,"gmst","degreesC","GCAM_SSP3","GCAM","new",0.860222
2008,"gmst","degreesC","GCAM_SSP3","GCAM","new",0.883972
2009,"gmst","degreesC","GCAM_SSP3","GCAM","new",0.912824
2010,"gmst","degreesC","GCAM_SSP3","GCAM","new",0.941386
2011,"gmst","degreesC","GCAM_SSP3","GCAM","new",0.967158
2012,"gmst","degreesC","GCAM_SSP3","GCAM","new",0.991255
2013,"gmst","degreesC","GCAM_SSP3","GCAM","new",1.02276
2014,"gmst","degreesC","GCAM_SSP3","GCAM","new",1.05166
2015,"gmst","degreesC","GCAM_SSP3","GCAM","new",1.07952
2016,"gmst","degreesC","GCAM_SSP3","GCAM","new",1.11444
2017,"gmst","degreesC","GCAM_SSP3","GCAM","new",1.14658
2018,"gmst","degreesC","GCAM_SSP3","GCAM","new",1.17812
2019,"gmst","degreesC","GCAM_SSP3","GCAM","new",1.19972
2020,"gmst","degreesC","GCAM_SSP3","GCAM","new",1.23551
2021,"gmst","degreesC","GCAM_SSP3","GCAM","new",1.25547
2022,"gmst","degreesC","GCAM_SSP3","GCAM","new",1.29101
2023,"gmst","degreesC","GCAM_SSP3","GCAM","new",1.31876
2024,"gmst","degreesC","GCAM_SSP3","GCAM","new",1.34641
2025,"gmst","degreesC","GCAM_SSP3","GCAM","new",1.3763
2026,"gmst","degreesC","GCAM_SSP3","GCAM","new",1.40566
2027,"gmst","degreesC","GCAM_SSP3","GCAM","new",1.43434
2028,"gmst","degreesC","GCAM_SSP3","GCAM","new",1.46264
2029,"gmst","degreesC","GCAM_SSP3","GCAM","new",1.49074
2030,"gmst","degreesC","GCAM_SSP3","GCAM","new",1.51877
2031,"gmst","degreesC","GCAM_SSP3","GCAM","new",1.54665
2032,"gmst","degreesC","GCAM_SSP3","GCAM","new",1.57434
2033,"gmst","degreesC","GCAM_SSP3","GCAM","new",1.60191
2034,"gmst","degreesC","GCAM_SSP3","GCAM","new",1.62943
2035,"gmst","degreesC","GCAM_SSP3","GCAM","new",1.65695
2036,"gmst","degreesC","GCAM_SSP3","GCAM","new",1.68404
2037,"gmst","degreesC","GCAM_SSP3","GCAM","new",1.71075
2038,"gmst","degreesC","GCAM_SSP3","GCAM","new",1.73718
2039,"gmst","degreesC","GCAM_SSP3","GCAM","new",1.76339
2040,"gmst","degreesC","GCAM_SSP3","GCAM","new",1.78942
2041,"gmst","degreesC","GCAM_SSP3","GCAM","new",1.81551
2042,"gmst","degreesC","GCAM_SSP3","GCAM","new",1.84154
2043,"gmst","degreesC","GCAM_SSP3","GCAM","new",1.86749
2044,"gmst","degreesC","GCAM_SSP3","GCAM","new",1.89334
2045,"gmst","degreesC","GCAM_SSP3","GCAM","new",1.91909
2046,"gmst","degreesC","GCAM_SSP3","GCAM","new",1.94464
2047,"gmst","degreesC","GCAM_SSP3","GCAM","new",1.97
2048,"gmst","degreesC","GCAM_SSP3","GCAM","new",1.99519
2049,"gmst","degreesC","GCAM_SSP3","GCAM","new",2.02025
2050,"gmst","degreesC","GCAM_SSP3","GCAM","new",2.04518
2051,"gmst","degreesC","GCAM_SSP3","GCAM","new",2.06998
2052,"gmst","degreesC","GCAM_SSP3","GCAM","new",2.09471
2053,"gmst","degreesC","GCAM_SSP3","GCAM","new",2.1194
2054,"gmst","degreesC","GCAM_SSP3","GCAM","new",2.14404
2055,"gmst","degreesC","GCAM_SSP3","GCAM","new",2.16864
2056,"gmst","degreesC","GCAM_SSP3","GCAM","new",2.19314
2057,"gmst","degreesC","GCAM_SSP3","GCAM","new",2.21754
2058,"gmst","degreesC","GCAM_SSP3","GCAM","new",2.24186
2059,"gmst","degreesC","GCAM_SSP3","GCAM","new",2.26616
2060,"gmst","degreesC","GCAM_SSP3","GCAM","new",2.29043
2061,"gmst","degreesC","GCAM_SSP3","GCAM","new",2.31473
2062,"gmst","degreesC","GCAM_SSP3","GCAM","new",2.33896
2063,"gmst","degreesC","GCAM_SSP3","GCAM","new",2.36315
2064,"gmst","degreesC","GCAM_SSP3","GCAM","new",2.38733
2065,"gmst","degreesC","GCAM_SSP3","GCAM","new",2.41152
2066,"gmst","degreesC","GCAM_SSP3","GCAM","new",2.43573
2067,"gmst","degreesC","GCAM_SSP3","GCAM","new",2.45994
2068,"gmst","degreesC","GCAM_SSP3","GCAM","new",2.48414
2069,"gmst","degreesC","GCAM_SSP3","GCAM","new",2.50836
2070,"gmst","degreesC","GCAM_SSP3","GCAM","new",2.53261
2071,"gmst","degreesC","GCAM_SSP3","GCAM","new",2.55693
2072,"gmst","degreesC","GCAM_SSP3","GCAM","new",2.58127
2073,"gmst","degreesC","GCAM_SSP3","GCAM","new",2.60565
2074,"gmst","degreesC","GCAM_SSP3","GCAM","new",2.63007
2075,"gmst","degreesC","GCAM_SSP3","GCAM","new",2.65454
2076,"gmst","degreesC","GCAM_SSP3","GCAM","new",2.67907
2077,"gmst","degreesC","GCAM_SSP3","GCAM","new",2.70364
2078,"gmst","degreesC","GCAM_SSP3","GCAM","new",2.72825
2079,"gmst","degreesC","GCAM_SSP3","GCAM","new",2.75289
2080,"gmst","degreesC","GCAM_SSP3","GCAM","new",2.77758
2081,"gmst","degreesC","GCAM_SSP3","GCAM","new",2.80242
2082,"gmst","degreesC","GCAM_SSP3","GCAM","new",2.82736
2083,"gmst","degreesC","GCAM_SSP3","GCAM","new",2.85236
2084,"gmst","degreesC","GCAM_SSP3","GCAM","new",2.87742
2085,"gmst","degreesC","GCAM_SSP3","GCAM","new",2.90252
2086,"gmst","degreesC","GCAM_SSP3","GCAM","new",2.92764
2087,"gmst","degreesC","GCAM_SSP3","GCAM","new",2.95275
2088,"gmst","degreesC","GCAM_SSP3","GCAM","new",2.97786
2089,"gmst","degreesC","GCAM_SSP3","GCAM","new",3.00299
2090,"gmst","degreesC","GCAM_SSP3","GCAM","new",3.02815
2091,"gmst","degreesC","GCAM_SSP3","GCAM","new",3.05339
2092,"gmst","degreesC","GCAM_SSP3","GCAM","new",3.07867
2093,"gmst","degreesC","GCAM_SSP3","GCAM","new",3.10397
2094,"gmst","degreesC","GCAM_SSP3","GCAM","new",3.12931
2095,"gmst","degreesC","GCAM_SSP3","GCAM","new",3.15469
2096,"gmst","degreesC","GCAM_SSP3","GCAM","new",3.18016
2097,"gmst","degreesC","GCAM_SSP3","GCAM","new",3.20569
2098,"gmst","degreesC","GCAM_SSP3","GCAM","new",3.23129
2099,"gmst","degreesC","GCAM_SSP3","GCAM","new",3.25694
2100,"gmst","degreesC","GCAM_SSP3","GCAM","new",3.28264
