"version","scenario","variable","units","value","year","source"
"V3.2.0","1pctCO2","global_tas","degC",0,1750,"hector"
"V3.2.0","1pctCO2","global_tas","degC",0,1751,"hector"
"V3.2.0","1pctCO2","global_tas","degC",0,1752,"hector"
"V3.2.0","1pctCO2","global_tas","degC",0,1753,"hector"
"V3.2.0","1pctCO2","global_tas","degC",0,1754,"hector"
"V3.2.0","1pctCO2","global_tas","degC",0,1755,"hector"
"V3.2.0","1pctCO2","global_tas","degC",0,1756,"hector"
"V3.2.0","1pctCO2","global_tas","degC",0,1757,"hector"
"V3.2.0","1pctCO2","global_tas","degC",0,1758,"hector"
"V3.2.0","1pctCO2","global_tas","degC",0,1759,"hector"
"V3.2.0","1pctCO2","global_tas","degC",0,1760,"hector"
"V3.2.0","1pctCO2","global_tas","degC",0,1761,"hector"
"V3.2.0","1pctCO2","global_tas","degC",0,1762,"hector"
"V3.2.0","1pctCO2","global_tas","degC",0,1763,"hector"
"V3.2.0","1pctCO2","global_tas","degC",0,1764,"hector"
"V3.2.0","1pctCO2","global_tas","degC",0,1765,"hector"
"V3.2.0","1pctCO2","global_tas","degC",0,1766,"hector"
"V3.2.0","1pctCO2","global_tas","degC",0,1767,"hector"
"V3.2.0","1pctCO2","global_tas","degC",0,1768,"hector"
"V3.2.0","1pctCO2","global_tas","degC",0,1769,"hector"
"V3.2.0","1pctCO2","global_tas","degC",0,1770,"hector"
"V3.2.0","1pctCO2","global_tas","degC",0,1771,"hector"
"V3.2.0","1pctCO2","global_tas","degC",0,1772,"hector"
"V3.2.0","1pctCO2","global_tas","degC",0,1773,"hector"
"V3.2.0","1pctCO2","global_tas","degC",0,1774,"hector"
"V3.2.0","1pctCO2","global_tas","degC",0,1775,"hector"
"V3.2.0","1pctCO2","global_tas","degC",0,1776,"hector"
"V3.2.0","1pctCO2","global_tas","degC",0,1777,"hector"
"V3.2.0","1pctCO2","global_tas","degC",0,1778,"hector"
"V3.2.0","1pctCO2","global_tas","degC",0,1779,"hector"
"V3.2.0","1pctCO2","global_tas","degC",0,1780,"hector"
"V3.2.0","1pctCO2","global_tas","degC",0,1781,"hector"
"V3.2.0","1pctCO2","global_tas","degC",0,1782,"hector"
"V3.2.0","1pctCO2","global_tas","degC",0,1783,"hector"
"V3.2.0","1pctCO2","global_tas","degC",0,1784,"hector"
"V3.2.0","1pctCO2","global_tas","degC",0,1785,"hector"
"V3.2.0","1pctCO2","global_tas","degC",0,1786,"hector"
"V3.2.0","1pctCO2","global_tas","degC",0,1787,"hector"
"V3.2.0","1pctCO2","global_tas","degC",0,1788,"hector"
"V3.2.0","1pctCO2","global_tas","degC",0,1789,"hector"
"V3.2.0","1pctCO2","global_tas","degC",0,1790,"hector"
"V3.2.0","1pctCO2","global_tas","degC",0,1791,"hector"
"V3.2.0","1pctCO2","global_tas","degC",0,1792,"hector"
"V3.2.0","1pctCO2","global_tas","degC",0,1793,"hector"
"V3.2.0","1pctCO2","global_tas","degC",0,1794,"hector"
"V3.2.0","1pctCO2","global_tas","degC",0,1795,"hector"
"V3.2.0","1pctCO2","global_tas","degC",0,1796,"hector"
"V3.2.0","1pctCO2","global_tas","degC",0,1797,"hector"
"V3.2.0","1pctCO2","global_tas","degC",0,1798,"hector"
"V3.2.0","1pctCO2","global_tas","degC",0,1799,"hector"
"V3.2.0","1pctCO2","global_tas","degC",0,1800,"hector"
"V3.2.0","1pctCO2","global_tas","degC",0.00469312454182147,1801,"hector"
"V3.2.0","1pctCO2","global_tas","degC",0.0133006783870737,1802,"hector"
"V3.2.0","1pctCO2","global_tas","degC",0.0246998348077964,1803,"hector"
"V3.2.0","1pctCO2","global_tas","degC",0.0382157839865726,1804,"hector"
"V3.2.0","1pctCO2","global_tas","degC",0.0534096363676505,1805,"hector"
"V3.2.0","1pctCO2","global_tas","degC",0.0699786293573359,1806,"hector"
"V3.2.0","1pctCO2","global_tas","degC",0.0877042770174516,1807,"hector"
"V3.2.0","1pctCO2","global_tas","degC",0.106423195487294,1808,"hector"
"V3.2.0","1pctCO2","global_tas","degC",0.126009609222251,1809,"hector"
"V3.2.0","1pctCO2","global_tas","degC",0.146364318753513,1810,"hector"
"V3.2.0","1pctCO2","global_tas","degC",0.167407456526307,1811,"hector"
"V3.2.0","1pctCO2","global_tas","degC",0.18907356987578,1812,"hector"
"V3.2.0","1pctCO2","global_tas","degC",0.211308188967667,1813,"hector"
"V3.2.0","1pctCO2","global_tas","degC",0.234065372605239,1814,"hector"
"V3.2.0","1pctCO2","global_tas","degC",0.257305915450163,1815,"hector"
"V3.2.0","1pctCO2","global_tas","degC",0.280996013183254,1816,"hector"
"V3.2.0","1pctCO2","global_tas","degC",0.305106251378778,1817,"hector"
"V3.2.0","1pctCO2","global_tas","degC",0.329610827533728,1818,"hector"
"V3.2.0","1pctCO2","global_tas","degC",0.354486943914303,1819,"hector"
"V3.2.0","1pctCO2","global_tas","degC",0.379714327518473,1820,"hector"
"V3.2.0","1pctCO2","global_tas","degC",0.405274846002576,1821,"hector"
"V3.2.0","1pctCO2","global_tas","degC",0.431152197020659,1822,"hector"
"V3.2.0","1pctCO2","global_tas","degC",0.457331654416915,1823,"hector"
"V3.2.0","1pctCO2","global_tas","degC",0.483799858948987,1824,"hector"
"V3.2.0","1pctCO2","global_tas","degC",0.510544644259165,1825,"hector"
"V3.2.0","1pctCO2","global_tas","degC",0.537554891019165,1826,"hector"
"V3.2.0","1pctCO2","global_tas","degC",0.564820403799078,1827,"hector"
"V3.2.0","1pctCO2","global_tas","degC",0.592331806420356,1828,"hector"
"V3.2.0","1pctCO2","global_tas","degC",0.620080452462477,1829,"hector"
"V3.2.0","1pctCO2","global_tas","degC",0.64805834828434,1830,"hector"
"V3.2.0","1pctCO2","global_tas","degC",0.67625808645199,1831,"hector"
"V3.2.0","1pctCO2","global_tas","degC",0.704672787875014,1832,"hector"
"V3.2.0","1pctCO2","global_tas","degC",0.733296051274747,1833,"hector"
"V3.2.0","1pctCO2","global_tas","degC",0.762121908859833,1834,"hector"
"V3.2.0","1pctCO2","global_tas","degC",0.791144787284988,1835,"hector"
"V3.2.0","1pctCO2","global_tas","degC",0.820359473128719,1836,"hector"
"V3.2.0","1pctCO2","global_tas","degC",0.8497610822544,1837,"hector"
"V3.2.0","1pctCO2","global_tas","degC",0.879345032523207,1838,"hector"
"V3.2.0","1pctCO2","global_tas","degC",0.909107019412208,1839,"hector"
"V3.2.0","1pctCO2","global_tas","degC",0.939042994160289,1840,"hector"
"V3.2.0","1pctCO2","global_tas","degC",0.969149144121828,1841,"hector"
"V3.2.0","1pctCO2","global_tas","degC",0.999421875055272,1842,"hector"
"V3.2.0","1pctCO2","global_tas","degC",1.0298577951132,1843,"hector"
"V3.2.0","1pctCO2","global_tas","degC",1.06045370033332,1844,"hector"
"V3.2.0","1pctCO2","global_tas","degC",1.0912065614574,1845,"hector"
"V3.2.0","1pctCO2","global_tas","degC",1.12211351192857,1846,"hector"
"V3.2.0","1pctCO2","global_tas","degC",1.15317183693687,1847,"hector"
"V3.2.0","1pctCO2","global_tas","degC",1.18437896340002,1848,"hector"
"V3.2.0","1pctCO2","global_tas","degC",1.21573245078019,1849,"hector"
"V3.2.0","1pctCO2","global_tas","degC",1.2472299826503,1850,"hector"
"V3.2.0","1pctCO2","global_tas","degC",1.27886935893339,1851,"hector"
"V3.2.0","1pctCO2","global_tas","degC",1.31064848874799,1852,"hector"
"V3.2.0","1pctCO2","global_tas","degC",1.34256538379994,1853,"hector"
"V3.2.0","1pctCO2","global_tas","degC",1.37461815226825,1854,"hector"
"V3.2.0","1pctCO2","global_tas","degC",1.40680499313799,1855,"hector"
"V3.2.0","1pctCO2","global_tas","degC",1.43912419093883,1856,"hector"
"V3.2.0","1pctCO2","global_tas","degC",1.47157411085189,1857,"hector"
"V3.2.0","1pctCO2","global_tas","degC",1.50415319415188,1858,"hector"
"V3.2.0","1pctCO2","global_tas","degC",1.53685995395464,1859,"hector"
"V3.2.0","1pctCO2","global_tas","degC",1.56969297124341,1860,"hector"
"V3.2.0","1pctCO2","global_tas","degC",1.60265089114976,1861,"hector"
"V3.2.0","1pctCO2","global_tas","degC",1.63573241946756,1862,"hector"
"V3.2.0","1pctCO2","global_tas","degC",1.66893631938031,1863,"hector"
"V3.2.0","1pctCO2","global_tas","degC",1.70226140838431,1864,"hector"
"V3.2.0","1pctCO2","global_tas","degC",1.73570655539133,1865,"hector"
"V3.2.0","1pctCO2","global_tas","degC",1.76927067799651,1866,"hector"
"V3.2.0","1pctCO2","global_tas","degC",1.80295273989798,1867,"hector"
"V3.2.0","1pctCO2","global_tas","degC",1.83675174845631,1868,"hector"
"V3.2.0","1pctCO2","global_tas","degC",1.87066675238265,1869,"hector"
"V3.2.0","1pctCO2","global_tas","degC",1.90469683954551,1870,"hector"
"V3.2.0","1pctCO2","global_tas","degC",1.93884113488706,1871,"hector"
"V3.2.0","1pctCO2","global_tas","degC",1.97309879844029,1872,"hector"
"V3.2.0","1pctCO2","global_tas","degC",2.00746902343956,1873,"hector"
"V3.2.0","1pctCO2","global_tas","degC",2.0419510345171,1874,"hector"
"V3.2.0","1pctCO2","global_tas","degC",2.07654408597914,1875,"hector"
"V3.2.0","1pctCO2","global_tas","degC",2.11124746015544,1876,"hector"
"V3.2.0","1pctCO2","global_tas","degC",2.14606046581673,1877,"hector"
"V3.2.0","1pctCO2","global_tas","degC",2.18098243665484,1878,"hector"
"V3.2.0","1pctCO2","global_tas","degC",2.21601272982075,1879,"hector"
"V3.2.0","1pctCO2","global_tas","degC",2.25115072451601,1880,"hector"
"V3.2.0","1pctCO2","global_tas","degC",2.28639582063365,1881,"hector"
"V3.2.0","1pctCO2","global_tas","degC",2.32174743744442,1882,"hector"
"V3.2.0","1pctCO2","global_tas","degC",2.35720501232498,1883,"hector"
"V3.2.0","1pctCO2","global_tas","degC",2.39276799952475,1884,"hector"
"V3.2.0","1pctCO2","global_tas","degC",2.42843586896805,1885,"hector"
"V3.2.0","1pctCO2","global_tas","degC",2.46420810508888,1886,"hector"
"V3.2.0","1pctCO2","global_tas","degC",2.50008420569545,1887,"hector"
"V3.2.0","1pctCO2","global_tas","degC",2.53606368086191,1888,"hector"
"V3.2.0","1pctCO2","global_tas","degC",2.57214605184494,1889,"hector"
"V3.2.0","1pctCO2","global_tas","degC",2.60833085002279,1890,"hector"
"V3.2.0","1pctCO2","global_tas","degC",2.64461761585481,1891,"hector"
"V3.2.0","1pctCO2","global_tas","degC",2.68100589785921,1892,"hector"
"V3.2.0","1pctCO2","global_tas","degC",2.71749525160739,1893,"hector"
"V3.2.0","1pctCO2","global_tas","degC",2.75408523873283,1894,"hector"
"V3.2.0","1pctCO2","global_tas","degC",2.79077542595288,1895,"hector"
"V3.2.0","1pctCO2","global_tas","degC",2.82756538410183,1896,"hector"
"V3.2.0","1pctCO2","global_tas","degC",2.86445468717369,1897,"hector"
"V3.2.0","1pctCO2","global_tas","degC",2.90144291137312,1898,"hector"
"V3.2.0","1pctCO2","global_tas","degC",2.93852963417325,1899,"hector"
"V3.2.0","1pctCO2","global_tas","degC",2.9757144333788,1900,"hector"
"V3.2.0","1pctCO2","global_tas","degC",3.01299688619337,1901,"hector"
"V3.2.0","1pctCO2","global_tas","degC",3.05037656828955,1902,"hector"
"V3.2.0","1pctCO2","global_tas","degC",3.08785305288073,1903,"hector"
"V3.2.0","1pctCO2","global_tas","degC",3.12542590979322,1904,"hector"
"V3.2.0","1pctCO2","global_tas","degC",3.16309470453789,1905,"hector"
"V3.2.0","1pctCO2","global_tas","degC",3.20085899737988,1906,"hector"
"V3.2.0","1pctCO2","global_tas","degC",3.23871834240555,1907,"hector"
"V3.2.0","1pctCO2","global_tas","degC",3.27667228658559,1908,"hector"
"V3.2.0","1pctCO2","global_tas","degC",3.31472036883316,1909,"hector"
"V3.2.0","1pctCO2","global_tas","degC",3.35286211905627,1910,"hector"
"V3.2.0","1pctCO2","global_tas","degC",3.39109705720324,1911,"hector"
"V3.2.0","1pctCO2","global_tas","degC",3.4294246923005,1912,"hector"
"V3.2.0","1pctCO2","global_tas","degC",3.46784452148158,1913,"hector"
"V3.2.0","1pctCO2","global_tas","degC",3.50635602900658,1914,"hector"
"V3.2.0","1pctCO2","global_tas","degC",3.54495868527111,1915,"hector"
"V3.2.0","1pctCO2","global_tas","degC",3.58365194580384,1916,"hector"
"V3.2.0","1pctCO2","global_tas","degC",3.6224352502518,1917,"hector"
"V3.2.0","1pctCO2","global_tas","degC",3.66130802135255,1918,"hector"
"V3.2.0","1pctCO2","global_tas","degC",3.70026966389237,1919,"hector"
"V3.2.0","1pctCO2","global_tas","degC",3.73931956364962,1920,"hector"
"V3.2.0","1pctCO2","global_tas","degC",3.7784570863224,1921,"hector"
"V3.2.0","1pctCO2","global_tas","degC",3.8176815764397,1922,"hector"
"V3.2.0","1pctCO2","global_tas","degC",3.85699235625518,1923,"hector"
"V3.2.0","1pctCO2","global_tas","degC",3.89638872462269,1924,"hector"
"V3.2.0","1pctCO2","global_tas","degC",3.93586995585286,1925,"hector"
"V3.2.0","1pctCO2","global_tas","degC",3.97543529854963,1926,"hector"
"V3.2.0","1pctCO2","global_tas","degC",4.01508397442619,1927,"hector"
"V3.2.0","1pctCO2","global_tas","degC",4.05481517709925,1928,"hector"
"V3.2.0","1pctCO2","global_tas","degC",4.09462807086091,1929,"hector"
"V3.2.0","1pctCO2","global_tas","degC",4.13452178942719,1930,"hector"
"V3.2.0","1pctCO2","global_tas","degC",4.17449543466247,1931,"hector"
"V3.2.0","1pctCO2","global_tas","degC",4.2145480752789,1932,"hector"
"V3.2.0","1pctCO2","global_tas","degC",4.25467874550979,1933,"hector"
"V3.2.0","1pctCO2","global_tas","degC",4.29488644375644,1934,"hector"
"V3.2.0","1pctCO2","global_tas","degC",4.33517013120708,1935,"hector"
"V3.2.0","1pctCO2","global_tas","degC",4.37552873042732,1936,"hector"
"V3.2.0","1pctCO2","global_tas","degC",4.41596112392115,1937,"hector"
"V3.2.0","1pctCO2","global_tas","degC",4.45646615266146,1938,"hector"
"V3.2.0","1pctCO2","global_tas","degC",4.49704261458922,1939,"hector"
"V3.2.0","1pctCO2","global_tas","degC",4.53768926308034,1940,"hector"
"V3.2.0","1pctCO2","global_tas","degC",4.57840480537932,1941,"hector"
"V3.2.0","1pctCO2","global_tas","degC",4.61918790099864,1942,"hector"
"V3.2.0","1pctCO2","global_tas","degC",4.66003716008285,1943,"hector"
"V3.2.0","1pctCO2","global_tas","degC",4.7009511417365,1944,"hector"
"V3.2.0","1pctCO2","global_tas","degC",4.7419283523148,1945,"hector"
"V3.2.0","1pctCO2","global_tas","degC",4.78296724367594,1946,"hector"
"V3.2.0","1pctCO2","global_tas","degC",4.82406621139406,1947,"hector"
"V3.2.0","1pctCO2","global_tas","degC",4.86522359293181,1948,"hector"
"V3.2.0","1pctCO2","global_tas","degC",4.90643766577138,1949,"hector"
"V3.2.0","1pctCO2","global_tas","degC",4.94770664550283,1950,"hector"
"V3.2.0","1pctCO2","global_tas","degC",4.98902868386875,1951,"hector"
"V3.2.0","1pctCO2","global_tas","degC",5.03040186676389,1952,"hector"
"V3.2.0","1pctCO2","global_tas","degC",5.07182421218873,1953,"hector"
"V3.2.0","1pctCO2","global_tas","degC",5.11329366815576,1954,"hector"
"V3.2.0","1pctCO2","global_tas","degC",5.1548081105472,1955,"hector"
"V3.2.0","1pctCO2","global_tas","degC",5.19636534092298,1956,"hector"
"V3.2.0","1pctCO2","global_tas","degC",5.23796308427765,1957,"hector"
"V3.2.0","1pctCO2","global_tas","degC",5.27959898674499,1958,"hector"
"V3.2.0","1pctCO2","global_tas","degC",5.32127061324897,1959,"hector"
"V3.2.0","1pctCO2","global_tas","degC",5.36297544509966,1960,"hector"
"V3.2.0","1pctCO2","global_tas","degC",5.40471087753285,1961,"hector"
"V3.2.0","1pctCO2","global_tas","degC",5.44647421719182,1962,"hector"
"V3.2.0","1pctCO2","global_tas","degC",5.48826267954996,1963,"hector"
"V3.2.0","1pctCO2","global_tas","degC",5.53007338627271,1964,"hector"
"V3.2.0","1pctCO2","global_tas","degC",5.57190336251737,1965,"hector"
"V3.2.0","1pctCO2","global_tas","degC",5.61374953416919,1966,"hector"
"V3.2.0","1pctCO2","global_tas","degC",5.6556087250123,1967,"hector"
"V3.2.0","1pctCO2","global_tas","degC",5.6974776538338,1968,"hector"
"V3.2.0","1pctCO2","global_tas","degC",5.7393529314594,1969,"hector"
"V3.2.0","1pctCO2","global_tas","degC",5.78123105771908,1970,"hector"
"V3.2.0","1pctCO2","global_tas","degC",5.82310841834086,1971,"hector"
"V3.2.0","1pctCO2","global_tas","degC",5.86498128177117,1972,"hector"
"V3.2.0","1pctCO2","global_tas","degC",5.90684579591994,1973,"hector"
"V3.2.0","1pctCO2","global_tas","degC",5.94869798482866,1974,"hector"
"V3.2.0","1pctCO2","global_tas","degC",5.99053374525957,1975,"hector"
"V3.2.0","1pctCO2","global_tas","degC",6.03234884320403,1976,"hector"
"V3.2.0","1pctCO2","global_tas","degC",6.07413891030833,1977,"hector"
"V3.2.0","1pctCO2","global_tas","degC",6.11589944021475,1978,"hector"
"V3.2.0","1pctCO2","global_tas","degC",6.15762578481609,1979,"hector"
"V3.2.0","1pctCO2","global_tas","degC",6.19931315042146,1980,"hector"
"V3.2.0","1pctCO2","global_tas","degC",6.24095659383134,1981,"hector"
"V3.2.0","1pctCO2","global_tas","degC",6.28255101831977,1982,"hector"
"V3.2.0","1pctCO2","global_tas","degC",6.32409116952139,1983,"hector"
"V3.2.0","1pctCO2","global_tas","degC",6.36557163122128,1984,"hector"
"V3.2.0","1pctCO2","global_tas","degC",6.40698682104512,1985,"hector"
"V3.2.0","1pctCO2","global_tas","degC",6.44833098604758,1986,"hector"
"V3.2.0","1pctCO2","global_tas","degC",6.48959819819626,1987,"hector"
"V3.2.0","1pctCO2","global_tas","degC",6.5307823497491,1988,"hector"
"V3.2.0","1pctCO2","global_tas","degC",6.57187978007352,1989,"hector"
"V3.2.0","1pctCO2","global_tas","degC",6.61290708926582,1990,"hector"
"V3.2.0","1pctCO2","global_tas","degC",6.65388210980921,1991,"hector"
"V3.2.0","1pctCO2","global_tas","degC",6.69481747731151,1992,"hector"
"V3.2.0","1pctCO2","global_tas","degC",6.73572216890612,1993,"hector"
"V3.2.0","1pctCO2","global_tas","degC",6.77660287354912,1994,"hector"
"V3.2.0","1pctCO2","global_tas","degC",6.81746475491133,1995,"hector"
"V3.2.0","1pctCO2","global_tas","degC",6.85831190992708,1996,"hector"
"V3.2.0","1pctCO2","global_tas","degC",6.89914766109836,1997,"hector"
"V3.2.0","1pctCO2","global_tas","degC",6.9399747515408,1998,"hector"
"V3.2.0","1pctCO2","global_tas","degC",6.98079547996299,1999,"hector"
"V3.2.0","1pctCO2","global_tas","degC",7.02161179691805,2000,"hector"
"V3.2.0","1pctCO2","global_tas","degC",7.06242537520059,2001,"hector"
"V3.2.0","1pctCO2","global_tas","degC",7.10323766247503,2002,"hector"
"V3.2.0","1pctCO2","global_tas","degC",7.14404992138537,2003,"hector"
"V3.2.0","1pctCO2","global_tas","degC",7.18486326065135,2004,"hector"
"V3.2.0","1pctCO2","global_tas","degC",7.22567865954802,2005,"hector"
"V3.2.0","1pctCO2","global_tas","degC",7.26649698744304,2006,"hector"
"V3.2.0","1pctCO2","global_tas","degC",7.30731901958373,2007,"hector"
"V3.2.0","1pctCO2","global_tas","degC",7.34814544999711,2008,"hector"
"V3.2.0","1pctCO2","global_tas","degC",7.38897690213852,2009,"hector"
"V3.2.0","1pctCO2","global_tas","degC",7.42981393776286,2010,"hector"
"V3.2.0","1pctCO2","global_tas","degC",7.4706570643775,2011,"hector"
"V3.2.0","1pctCO2","global_tas","degC",7.51150674155167,2012,"hector"
"V3.2.0","1pctCO2","global_tas","degC",7.55236338629536,2013,"hector"
"V3.2.0","1pctCO2","global_tas","degC",7.59322737767454,2014,"hector"
"V3.2.0","1pctCO2","global_tas","degC",7.63409906079454,2015,"hector"
"V3.2.0","1pctCO2","global_tas","degC",7.67497875025691,2016,"hector"
"V3.2.0","1pctCO2","global_tas","degC",7.71586673317455,2017,"hector"
"V3.2.0","1pctCO2","global_tas","degC",7.75676327181371,2018,"hector"
"V3.2.0","1pctCO2","global_tas","degC",7.7976686059192,2019,"hector"
"V3.2.0","1pctCO2","global_tas","degC",7.83858295476895,2020,"hector"
"V3.2.0","1pctCO2","global_tas","degC",7.87950651899636,2021,"hector"
"V3.2.0","1pctCO2","global_tas","degC",7.92043948221218,2022,"hector"
"V3.2.0","1pctCO2","global_tas","degC",7.96138201245295,2023,"hector"
"V3.2.0","1pctCO2","global_tas","degC",8.00233426347827,2024,"hector"
"V3.2.0","1pctCO2","global_tas","degC",8.04329637593626,2025,"hector"
"V3.2.0","1pctCO2","global_tas","degC",8.08426847841328,2026,"hector"
"V3.2.0","1pctCO2","global_tas","degC",8.12525068838194,2027,"hector"
"V3.2.0","1pctCO2","global_tas","degC",8.16624311305927,2028,"hector"
"V3.2.0","1pctCO2","global_tas","degC",8.20724585018533,2029,"hector"
"V3.2.0","1pctCO2","global_tas","degC",8.24825898873114,2030,"hector"
"V3.2.0","1pctCO2","global_tas","degC",8.28928260954381,2031,"hector"
"V3.2.0","1pctCO2","global_tas","degC",8.33031678593532,2032,"hector"
"V3.2.0","1pctCO2","global_tas","degC",8.37136158422115,2033,"hector"
"V3.2.0","1pctCO2","global_tas","degC",8.41241706421363,2034,"hector"
"V3.2.0","1pctCO2","global_tas","degC",8.4534832796748,2035,"hector"
"V3.2.0","1pctCO2","global_tas","degC",8.49456027873257,2036,"hector"
"V3.2.0","1pctCO2","global_tas","degC",8.53564810426388,2037,"hector"
"V3.2.0","1pctCO2","global_tas","degC",8.57674679424789,2038,"hector"
"V3.2.0","1pctCO2","global_tas","degC",8.61785638209204,2039,"hector"
"V3.2.0","1pctCO2","global_tas","degC",8.65897689693345,2040,"hector"
"V3.2.0","1pctCO2","global_tas","degC",8.70010836391785,2041,"hector"
"V3.2.0","1pctCO2","global_tas","degC",8.74125080445811,2042,"hector"
"V3.2.0","1pctCO2","global_tas","degC",8.782404236474,2043,"hector"
"V3.2.0","1pctCO2","global_tas","degC",8.82356867461492,2044,"hector"
"V3.2.0","1pctCO2","global_tas","degC",8.86474413046698,2045,"hector"
"V3.2.0","1pctCO2","global_tas","degC",8.90593061274569,2046,"hector"
"V3.2.0","1pctCO2","global_tas","degC",8.9471281274755,2047,"hector"
"V3.2.0","1pctCO2","global_tas","degC",8.98833667815717,2048,"hector"
"V3.2.0","1pctCO2","global_tas","degC",9.02955626592406,2049,"hector"
"V3.2.0","1pctCO2","global_tas","degC",9.07078688968801,2050,"hector"
"V3.2.0","1pctCO2","global_tas","degC",9.11202854627581,2051,"hector"
"V3.2.0","1pctCO2","global_tas","degC",9.15328123055684,2052,"hector"
"V3.2.0","1pctCO2","global_tas","degC",9.1945449355626,2053,"hector"
"V3.2.0","1pctCO2","global_tas","degC",9.23581965259874,2054,"hector"
"V3.2.0","1pctCO2","global_tas","degC",9.27710537135004,2055,"hector"
"V3.2.0","1pctCO2","global_tas","degC",9.318402079979,2056,"hector"
"V3.2.0","1pctCO2","global_tas","degC",9.35970976521837,2057,"hector"
"V3.2.0","1pctCO2","global_tas","degC",9.40102841245811,2058,"hector"
"V3.2.0","1pctCO2","global_tas","degC",9.4423580058271,2059,"hector"
"V3.2.0","1pctCO2","global_tas","degC",9.48369852827007,2060,"hector"
"V3.2.0","1pctCO2","global_tas","degC",9.52504996161996,2061,"hector"
"V3.2.0","1pctCO2","global_tas","degC",9.5664122866661,2062,"hector"
"V3.2.0","1pctCO2","global_tas","degC",9.6077854832184,2063,"hector"
"V3.2.0","1pctCO2","global_tas","degC",9.64916953016796,2064,"hector"
"V3.2.0","1pctCO2","global_tas","degC",9.69056440554408,2065,"hector"
"V3.2.0","1pctCO2","global_tas","degC",9.73197008656825,2066,"hector"
"V3.2.0","1pctCO2","global_tas","degC",9.77338654970493,2067,"hector"
"V3.2.0","1pctCO2","global_tas","degC",9.81481377070967,2068,"hector"
"V3.2.0","1pctCO2","global_tas","degC",9.85625172467442,2069,"hector"
"V3.2.0","1pctCO2","global_tas","degC",9.89770038607052,2070,"hector"
"V3.2.0","1pctCO2","global_tas","degC",9.93146060566176,2071,"hector"
"V3.2.0","1pctCO2","global_tas","degC",9.95861753926325,2072,"hector"
"V3.2.0","1pctCO2","global_tas","degC",9.98108147346249,2073,"hector"
"V3.2.0","1pctCO2","global_tas","degC",10.0000646098164,2074,"hector"
"V3.2.0","1pctCO2","global_tas","degC",10.0162977485365,2075,"hector"
"V3.2.0","1pctCO2","global_tas","degC",10.0302469435267,2076,"hector"
"V3.2.0","1pctCO2","global_tas","degC",10.0422643977429,2077,"hector"
"V3.2.0","1pctCO2","global_tas","degC",10.052631189343,2078,"hector"
"V3.2.0","1pctCO2","global_tas","degC",10.0615619016454,2079,"hector"
"V3.2.0","1pctCO2","global_tas","degC",10.0692195486711,2080,"hector"
"V3.2.0","1pctCO2","global_tas","degC",10.0757353378318,2081,"hector"
"V3.2.0","1pctCO2","global_tas","degC",10.081219409531,2082,"hector"
"V3.2.0","1pctCO2","global_tas","degC",10.0857642867028,2083,"hector"
"V3.2.0","1pctCO2","global_tas","degC",10.0894476600675,2084,"hector"
"V3.2.0","1pctCO2","global_tas","degC",10.0923358753546,2085,"hector"
"V3.2.0","1pctCO2","global_tas","degC",10.0944866192826,2086,"hector"
"V3.2.0","1pctCO2","global_tas","degC",10.0959504768197,2087,"hector"
"V3.2.0","1pctCO2","global_tas","degC",10.0967720435943,2088,"hector"
"V3.2.0","1pctCO2","global_tas","degC",10.0969909366343,2089,"hector"
"V3.2.0","1pctCO2","global_tas","degC",10.096642632202,2090,"hector"
"V3.2.0","1pctCO2","global_tas","degC",10.0957590949852,2091,"hector"
"V3.2.0","1pctCO2","global_tas","degC",10.0943692719799,2092,"hector"
"V3.2.0","1pctCO2","global_tas","degC",10.0924995061562,2093,"hector"
"V3.2.0","1pctCO2","global_tas","degC",10.0901738815581,2094,"hector"
"V3.2.0","1pctCO2","global_tas","degC",10.0874145072509,2095,"hector"
"V3.2.0","1pctCO2","global_tas","degC",10.0842417538358,2096,"hector"
"V3.2.0","1pctCO2","global_tas","degC",10.0806744535422,2097,"hector"
"V3.2.0","1pctCO2","global_tas","degC",10.0767300704048,2098,"hector"
"V3.2.0","1pctCO2","global_tas","degC",10.0724248455455,2099,"hector"
"V3.2.0","1pctCO2","global_tas","degC",10.0677739220103,2100,"hector"
"V3.2.0","1pctCO2","global_tas","degC",10.0627914527179,2101,"hector"
"V3.2.0","1pctCO2","global_tas","degC",10.0574906942795,2102,"hector"
"V3.2.0","1pctCO2","global_tas","degC",10.0518840889258,2103,"hector"
"V3.2.0","1pctCO2","global_tas","degC",10.0459833363845,2104,"hector"
"V3.2.0","1pctCO2","global_tas","degC",10.0397994572145,2105,"hector"
"V3.2.0","1pctCO2","global_tas","degC",10.0333428488407,2106,"hector"
"V3.2.0","1pctCO2","global_tas","degC",10.0266233353167,2107,"hector"
"V3.2.0","1pctCO2","global_tas","degC",10.0196502116779,2108,"hector"
"V3.2.0","1pctCO2","global_tas","degC",10.0124322836043,2109,"hector"
"V3.2.0","1pctCO2","global_tas","degC",10.0049779030003,2110,"hector"
"V3.2.0","1pctCO2","global_tas","degC",9.99729500000752,2111,"hector"
"V3.2.0","1pctCO2","global_tas","degC",9.98939111188827,2112,"hector"
"V3.2.0","1pctCO2","global_tas","degC",9.98127340915453,2113,"hector"
"V3.2.0","1pctCO2","global_tas","degC",9.97294871926662,2114,"hector"
"V3.2.0","1pctCO2","global_tas","degC",9.96442354818026,2115,"hector"
"V3.2.0","1pctCO2","global_tas","degC",9.95570409998557,2116,"hector"
"V3.2.0","1pctCO2","global_tas","degC",9.94679629485086,2117,"hector"
"V3.2.0","1pctCO2","global_tas","degC",9.93770578545829,2118,"hector"
"V3.2.0","1pctCO2","global_tas","degC",9.92843797209711,2119,"hector"
"V3.2.0","1pctCO2","global_tas","degC",9.91899801656163,2120,"hector"
"V3.2.0","1pctCO2","global_tas","degC",9.90939085498518,2121,"hector"
"V3.2.0","1pctCO2","global_tas","degC",9.89962120972795,2122,"hector"
"V3.2.0","1pctCO2","global_tas","degC",9.8896936004244,2123,"hector"
"V3.2.0","1pctCO2","global_tas","degC",9.87961235428559,2124,"hector"
"V3.2.0","1pctCO2","global_tas","degC",9.86938161574245,2125,"hector"
"V3.2.0","1pctCO2","global_tas","degC",9.85900535550729,2126,"hector"
"V3.2.0","1pctCO2","global_tas","degC",9.84848737912358,2127,"hector"
"V3.2.0","1pctCO2","global_tas","degC",9.83783133506656,2128,"hector"
"V3.2.0","1pctCO2","global_tas","degC",9.82704072245122,2129,"hector"
"V3.2.0","1pctCO2","global_tas","degC",9.81611889839797,2130,"hector"
"V3.2.0","1pctCO2","global_tas","degC",9.80506908510113,2131,"hector"
"V3.2.0","1pctCO2","global_tas","degC",9.79389437664043,2132,"hector"
"V3.2.0","1pctCO2","global_tas","degC",9.78259774557156,2133,"hector"
"V3.2.0","1pctCO2","global_tas","degC",9.77118204932794,2134,"hector"
"V3.2.0","1pctCO2","global_tas","degC",9.759650036463,2135,"hector"
"V3.2.0","1pctCO2","global_tas","degC",9.74800435275969,2136,"hector"
"V3.2.0","1pctCO2","global_tas","degC",9.73624754723239,2137,"hector"
"V3.2.0","1pctCO2","global_tas","degC",9.72438207804498,2138,"hector"
"V3.2.0","1pctCO2","global_tas","degC",9.71241031836898,2139,"hector"
"V3.2.0","1pctCO2","global_tas","degC",9.70033456220551,2140,"hector"
"V3.2.0","1pctCO2","global_tas","degC",9.68815703019586,2141,"hector"
"V3.2.0","1pctCO2","global_tas","degC",9.67587987544701,2142,"hector"
"V3.2.0","1pctCO2","global_tas","degC",9.66350518939982,2143,"hector"
"V3.2.0","1pctCO2","global_tas","degC",9.65103500776977,2144,"hector"
"V3.2.0","1pctCO2","global_tas","degC",9.63847131659141,2145,"hector"
"V3.2.0","1pctCO2","global_tas","degC",9.62581605839853,2146,"hector"
"V3.2.0","1pctCO2","global_tas","degC",9.61307113857139,2147,"hector"
"V3.2.0","1pctCO2","global_tas","degC",9.60023843187903,2148,"hector"
"V3.2.0","1pctCO2","global_tas","degC",9.58731978923732,2149,"hector"
"V3.2.0","1pctCO2","global_tas","degC",9.5743170446907,2150,"hector"
"V3.2.0","1pctCO2","global_tas","degC",9.56123202260438,2151,"hector"
"V3.2.0","1pctCO2","global_tas","degC",9.54806654502159,2152,"hector"
"V3.2.0","1pctCO2","global_tas","degC",9.53482243909391,2153,"hector"
"V3.2.0","1pctCO2","global_tas","degC",9.52150154442835,2154,"hector"
"V3.2.0","1pctCO2","global_tas","degC",9.50810572010866,2155,"hector"
"V3.2.0","1pctCO2","global_tas","degC",9.49463685103927,2156,"hector"
"V3.2.0","1pctCO2","global_tas","degC",9.48109685312898,2157,"hector"
"V3.2.0","1pctCO2","global_tas","degC",9.4674876766827,2158,"hector"
"V3.2.0","1pctCO2","global_tas","degC",9.45381130721866,2159,"hector"
"V3.2.0","1pctCO2","global_tas","degC",9.44006976279614,2160,"hector"
"V3.2.0","1pctCO2","global_tas","degC",9.42626508686268,2161,"hector"
"V3.2.0","1pctCO2","global_tas","degC",9.4123993356528,2162,"hector"
"V3.2.0","1pctCO2","global_tas","degC",9.39847455934619,2163,"hector"
"V3.2.0","1pctCO2","global_tas","degC",9.3844927765658,2164,"hector"
"V3.2.0","1pctCO2","global_tas","degC",9.37045594239005,2165,"hector"
"V3.2.0","1pctCO2","global_tas","degC",9.35636591084902,2166,"hector"
"V3.2.0","1pctCO2","global_tas","degC",9.34222439379494,2167,"hector"
"V3.2.0","1pctCO2","global_tas","degC",9.3280329189426,2168,"hector"
"V3.2.0","1pctCO2","global_tas","degC",9.31379279057898,2169,"hector"
"V3.2.0","1pctCO2","global_tas","degC",9.29950505675078,2170,"hector"
"V3.2.0","1pctCO2","global_tas","degC",9.28517048651068,2171,"hector"
"V3.2.0","1pctCO2","global_tas","degC",9.27078955999519,2172,"hector"
"V3.2.0","1pctCO2","global_tas","degC",9.25636247280792,2173,"hector"
"V3.2.0","1pctCO2","global_tas","degC",9.24188915460167,2174,"hector"
"V3.2.0","1pctCO2","global_tas","degC",9.22736930017036,2175,"hector"
"V3.2.0","1pctCO2","global_tas","degC",9.21280241005781,2176,"hector"
"V3.2.0","1pctCO2","global_tas","degC",9.19818783687508,2177,"hector"
"V3.2.0","1pctCO2","global_tas","degC",9.18352483328508,2178,"hector"
"V3.2.0","1pctCO2","global_tas","degC",9.16881259793596,2179,"hector"
"V3.2.0","1pctCO2","global_tas","degC",9.15405031637311,2180,"hector"
"V3.2.0","1pctCO2","global_tas","degC",9.13923719495059,2181,"hector"
"V3.2.0","1pctCO2","global_tas","degC",9.12437248680317,2182,"hector"
"V3.2.0","1pctCO2","global_tas","degC",9.10945550987059,2183,"hector"
"V3.2.0","1pctCO2","global_tas","degC",9.09448565767998,2184,"hector"
"V3.2.0","1pctCO2","global_tas","degC",9.0794624040476,2185,"hector"
"V3.2.0","1pctCO2","global_tas","degC",9.06438530306561,2186,"hector"
"V3.2.0","1pctCO2","global_tas","degC",9.04925398573832,2187,"hector"
"V3.2.0","1pctCO2","global_tas","degC",9.03406815448909,2188,"hector"
"V3.2.0","1pctCO2","global_tas","degC",9.01882757653646,2189,"hector"
"V3.2.0","1pctCO2","global_tas","degC",9.00353207689086,2190,"hector"
"V3.2.0","1pctCO2","global_tas","degC",8.98818153148971,2191,"hector"
"V3.2.0","1pctCO2","global_tas","degC",8.97277586077782,2192,"hector"
"V3.2.0","1pctCO2","global_tas","degC",8.95731502380547,2193,"hector"
"V3.2.0","1pctCO2","global_tas","degC",8.94179901296474,2194,"hector"
"V3.2.0","1pctCO2","global_tas","degC",8.92622784939933,2195,"hector"
"V3.2.0","1pctCO2","global_tas","degC",8.91060157904889,2196,"hector"
"V3.2.0","1pctCO2","global_tas","degC",8.89492026926104,2197,"hector"
"V3.2.0","1pctCO2","global_tas","degC",8.87918400589687,2198,"hector"
"V3.2.0","1pctCO2","global_tas","degC",8.8633928908581,2199,"hector"
"V3.2.0","1pctCO2","global_tas","degC",8.8475470399708,2200,"hector"
"V3.2.0","1pctCO2","global_tas","degC",8.83164658116928,2201,"hector"
"V3.2.0","1pctCO2","global_tas","degC",8.81569165293224,2202,"hector"
"V3.2.0","1pctCO2","global_tas","degC",8.79968240293134,2203,"hector"
"V3.2.0","1pctCO2","global_tas","degC",8.78361898685891,2204,"hector"
"V3.2.0","1pctCO2","global_tas","degC",8.76750156740754,2205,"hector"
"V3.2.0","1pctCO2","global_tas","degC",8.75133031337886,2206,"hector"
"V3.2.0","1pctCO2","global_tas","degC",8.7351053989027,2207,"hector"
"V3.2.0","1pctCO2","global_tas","degC",8.71882700275103,2208,"hector"
"V3.2.0","1pctCO2","global_tas","degC",8.70249530773361,2209,"hector"
"V3.2.0","1pctCO2","global_tas","degC",8.68611050016426,2210,"hector"
"V3.2.0","1pctCO2","global_tas","degC",8.66967276938861,2211,"hector"
"V3.2.0","1pctCO2","global_tas","degC",8.65318230736536,2212,"hector"
"V3.2.0","1pctCO2","global_tas","degC",8.63663930829434,2213,"hector"
"V3.2.0","1pctCO2","global_tas","degC",8.62004396828566,2214,"hector"
"V3.2.0","1pctCO2","global_tas","degC",8.60339648506507,2215,"hector"
"V3.2.0","1pctCO2","global_tas","degC",8.58669705771108,2216,"hector"
"V3.2.0","1pctCO2","global_tas","degC",8.56994588642045,2217,"hector"
"V3.2.0","1pctCO2","global_tas","degC",8.5531431722985,2218,"hector"
"V3.2.0","1pctCO2","global_tas","degC",8.53628911717188,2219,"hector"
"V3.2.0","1pctCO2","global_tas","degC",8.5193839234209,2220,"hector"
"V3.2.0","1pctCO2","global_tas","degC",8.5024277938297,2221,"hector"
"V3.2.0","1pctCO2","global_tas","degC",8.48542093145212,2222,"hector"
"V3.2.0","1pctCO2","global_tas","degC",8.46836353949176,2223,"hector"
"V3.2.0","1pctCO2","global_tas","degC",8.45125582119471,2224,"hector"
"V3.2.0","1pctCO2","global_tas","degC",8.43409797975369,2225,"hector"
"V3.2.0","1pctCO2","global_tas","degC",8.41689021822248,2226,"hector"
"V3.2.0","1pctCO2","global_tas","degC",8.39963066125971,2227,"hector"
"V3.2.0","1pctCO2","global_tas","degC",8.38231252909107,2228,"hector"
"V3.2.0","1pctCO2","global_tas","degC",8.36493031077558,2229,"hector"
"V3.2.0","1pctCO2","global_tas","degC",8.34748039231609,2230,"hector"
"V3.2.0","1pctCO2","global_tas","degC",8.32996040021654,2231,"hector"
"V3.2.0","1pctCO2","global_tas","degC",8.31236878589132,2232,"hector"
"V3.2.0","1pctCO2","global_tas","degC",8.29470458133458,2233,"hector"
"V3.2.0","1pctCO2","global_tas","degC",8.27696724496047,2234,"hector"
"V3.2.0","1pctCO2","global_tas","degC",8.25915655887656,2235,"hector"
"V3.2.0","1pctCO2","global_tas","degC",8.24127255742865,2236,"hector"
"V3.2.0","1pctCO2","global_tas","degC",8.2233154757412,2237,"hector"
"V3.2.0","1pctCO2","global_tas","degC",8.20528571157057,2238,"hector"
"V3.2.0","1pctCO2","global_tas","degC",8.18718379632033,2239,"hector"
"V3.2.0","1pctCO2","global_tas","degC",8.16901037254176,2240,"hector"
"V3.2.0","1pctCO2","global_tas","degC",8.15076617613773,2241,"hector"
"V3.2.0","1pctCO2","global_tas","degC",8.13245202205183,2242,"hector"
"V3.2.0","1pctCO2","global_tas","degC",8.11406879259048,2243,"hector"
"V3.2.0","1pctCO2","global_tas","degC",8.09561742776877,2244,"hector"
"V3.2.0","1pctCO2","global_tas","degC",8.07709891723671,2245,"hector"
"V3.2.0","1pctCO2","global_tas","degC",8.05851429345714,2246,"hector"
"V3.2.0","1pctCO2","global_tas","degC",8.03986462588831,2247,"hector"
"V3.2.0","1pctCO2","global_tas","degC",8.02115101598234,2248,"hector"
"V3.2.0","1pctCO2","global_tas","degC",8.00237459285351,2249,"hector"
"V3.2.0","1pctCO2","global_tas","degC",7.98353650950206,2250,"hector"
"V3.2.0","1pctCO2","global_tas","degC",7.96463793950287,2251,"hector"
"V3.2.0","1pctCO2","global_tas","degC",7.94568007408641,2252,"hector"
"V3.2.0","1pctCO2","global_tas","degC",7.92666411955336,2253,"hector"
"V3.2.0","1pctCO2","global_tas","degC",7.90759129497493,2254,"hector"
"V3.2.0","1pctCO2","global_tas","degC",7.8884628301395,2255,"hector"
"V3.2.0","1pctCO2","global_tas","degC",7.86927996371289,2256,"hector"
"V3.2.0","1pctCO2","global_tas","degC",7.8500439415849,2257,"hector"
"V3.2.0","1pctCO2","global_tas","degC",7.83075601537909,2258,"hector"
"V3.2.0","1pctCO2","global_tas","degC",7.81141744110637,2259,"hector"
"V3.2.0","1pctCO2","global_tas","degC",7.7920294779458,2260,"hector"
"V3.2.0","1pctCO2","global_tas","degC",7.77259338713821,2261,"hector"
"V3.2.0","1pctCO2","global_tas","degC",7.75311043098066,2262,"hector"
"V3.2.0","1pctCO2","global_tas","degC",7.73358187191082,2263,"hector"
"V3.2.0","1pctCO2","global_tas","degC",7.71400897167222,2264,"hector"
"V3.2.0","1pctCO2","global_tas","degC",7.69439299055222,2265,"hector"
"V3.2.0","1pctCO2","global_tas","degC",7.67473518668565,2266,"hector"
"V3.2.0","1pctCO2","global_tas","degC",7.6550368154178,2267,"hector"
"V3.2.0","1pctCO2","global_tas","degC",7.63529912872135,2268,"hector"
"V3.2.0","1pctCO2","global_tas","degC",7.61552337466222,2269,"hector"
"V3.2.0","1pctCO2","global_tas","degC",7.59571079691007,2270,"hector"
"V3.2.0","1pctCO2","global_tas","degC",7.57586263428952,2271,"hector"
"V3.2.0","1pctCO2","global_tas","degC",7.55598012036854,2272,"hector"
"V3.2.0","1pctCO2","global_tas","degC",7.53606448308102,2273,"hector"
"V3.2.0","1pctCO2","global_tas","degC",7.51611694438048,2274,"hector"
"V3.2.0","1pctCO2","global_tas","degC",7.49613871992264,2275,"hector"
"V3.2.0","1pctCO2","global_tas","degC",7.47613101877422,2276,"hector"
"V3.2.0","1pctCO2","global_tas","degC",7.45609504314623,2277,"hector"
"V3.2.0","1pctCO2","global_tas","degC",7.43603198814952,2278,"hector"
"V3.2.0","1pctCO2","global_tas","degC",7.41594304157107,2279,"hector"
"V3.2.0","1pctCO2","global_tas","degC",7.3958293836694,2280,"hector"
"V3.2.0","1pctCO2","global_tas","degC",7.37569218698754,2281,"hector"
"V3.2.0","1pctCO2","global_tas","degC",7.35553261618239,2282,"hector"
"V3.2.0","1pctCO2","global_tas","degC",7.33535182786915,2283,"hector"
"V3.2.0","1pctCO2","global_tas","degC",7.31515097047979,2284,"hector"
"V3.2.0","1pctCO2","global_tas","degC",7.29493118413442,2285,"hector"
"V3.2.0","1pctCO2","global_tas","degC",7.27469360052472,2286,"hector"
"V3.2.0","1pctCO2","global_tas","degC",7.25443934280852,2287,"hector"
"V3.2.0","1pctCO2","global_tas","degC",7.23416952551475,2288,"hector"
"V3.2.0","1pctCO2","global_tas","degC",7.2138852544579,2289,"hector"
"V3.2.0","1pctCO2","global_tas","degC",7.19358762666154,2290,"hector"
"V3.2.0","1pctCO2","global_tas","degC",7.17327773029001,2291,"hector"
"V3.2.0","1pctCO2","global_tas","degC",7.15295664458781,2292,"hector"
"V3.2.0","1pctCO2","global_tas","degC",7.13262543982622,2293,"hector"
"V3.2.0","1pctCO2","global_tas","degC",7.11228517725645,2294,"hector"
"V3.2.0","1pctCO2","global_tas","degC",7.09193690906904,2295,"hector"
"V3.2.0","1pctCO2","global_tas","degC",7.0715816783589,2296,"hector"
"V3.2.0","1pctCO2","global_tas","degC",7.05122051909575,2297,"hector"
"V3.2.0","1pctCO2","global_tas","degC",7.0308544560995,2298,"hector"
"V3.2.0","1pctCO2","global_tas","degC",7.0104845050201,2299,"hector"
"V3.2.0","1pctCO2","global_tas","degC",6.99011167232182,2300,"hector"
"V3.2.0","1pctCO2","RF_tot","W/m2",0,1750,"hector"
"V3.2.0","1pctCO2","RF_tot","W/m2",0,1751,"hector"
"V3.2.0","1pctCO2","RF_tot","W/m2",0,1752,"hector"
"V3.2.0","1pctCO2","RF_tot","W/m2",0,1753,"hector"
"V3.2.0","1pctCO2","RF_tot","W/m2",0,1754,"hector"
"V3.2.0","1pctCO2","RF_tot","W/m2",0,1755,"hector"
"V3.2.0","1pctCO2","RF_tot","W/m2",0,1756,"hector"
"V3.2.0","1pctCO2","RF_tot","W/m2",0,1757,"hector"
"V3.2.0","1pctCO2","RF_tot","W/m2",0,1758,"hector"
"V3.2.0","1pctCO2","RF_tot","W/m2",0,1759,"hector"
"V3.2.0","1pctCO2","RF_tot","W/m2",0,1760,"hector"
"V3.2.0","1pctCO2","RF_tot","W/m2",0,1761,"hector"
"V3.2.0","1pctCO2","RF_tot","W/m2",0,1762,"hector"
"V3.2.0","1pctCO2","RF_tot","W/m2",0,1763,"hector"
"V3.2.0","1pctCO2","RF_tot","W/m2",0,1764,"hector"
"V3.2.0","1pctCO2","RF_tot","W/m2",0,1765,"hector"
"V3.2.0","1pctCO2","RF_tot","W/m2",0,1766,"hector"
"V3.2.0","1pctCO2","RF_tot","W/m2",0,1767,"hector"
"V3.2.0","1pctCO2","RF_tot","W/m2",0,1768,"hector"
"V3.2.0","1pctCO2","RF_tot","W/m2",0,1769,"hector"
"V3.2.0","1pctCO2","RF_tot","W/m2",0,1770,"hector"
"V3.2.0","1pctCO2","RF_tot","W/m2",0,1771,"hector"
"V3.2.0","1pctCO2","RF_tot","W/m2",0,1772,"hector"
"V3.2.0","1pctCO2","RF_tot","W/m2",0,1773,"hector"
"V3.2.0","1pctCO2","RF_tot","W/m2",0,1774,"hector"
"V3.2.0","1pctCO2","RF_tot","W/m2",0,1775,"hector"
"V3.2.0","1pctCO2","RF_tot","W/m2",0,1776,"hector"
"V3.2.0","1pctCO2","RF_tot","W/m2",0,1777,"hector"
"V3.2.0","1pctCO2","RF_tot","W/m2",0,1778,"hector"
"V3.2.0","1pctCO2","RF_tot","W/m2",0,1779,"hector"
"V3.2.0","1pctCO2","RF_tot","W/m2",0,1780,"hector"
"V3.2.0","1pctCO2","RF_tot","W/m2",0,1781,"hector"
"V3.2.0","1pctCO2","RF_tot","W/m2",0,1782,"hector"
"V3.2.0","1pctCO2","RF_tot","W/m2",0,1783,"hector"
"V3.2.0","1pctCO2","RF_tot","W/m2",0,1784,"hector"
"V3.2.0","1pctCO2","RF_tot","W/m2",0,1785,"hector"
"V3.2.0","1pctCO2","RF_tot","W/m2",0,1786,"hector"
"V3.2.0","1pctCO2","RF_tot","W/m2",0,1787,"hector"
"V3.2.0","1pctCO2","RF_tot","W/m2",0,1788,"hector"
"V3.2.0","1pctCO2","RF_tot","W/m2",0,1789,"hector"
"V3.2.0","1pctCO2","RF_tot","W/m2",0,1790,"hector"
"V3.2.0","1pctCO2","RF_tot","W/m2",0,1791,"hector"
"V3.2.0","1pctCO2","RF_tot","W/m2",0,1792,"hector"
"V3.2.0","1pctCO2","RF_tot","W/m2",0,1793,"hector"
"V3.2.0","1pctCO2","RF_tot","W/m2",0,1794,"hector"
"V3.2.0","1pctCO2","RF_tot","W/m2",0,1795,"hector"
"V3.2.0","1pctCO2","RF_tot","W/m2",0,1796,"hector"
"V3.2.0","1pctCO2","RF_tot","W/m2",0,1797,"hector"
"V3.2.0","1pctCO2","RF_tot","W/m2",0,1798,"hector"
"V3.2.0","1pctCO2","RF_tot","W/m2",0,1799,"hector"
"V3.2.0","1pctCO2","RF_tot","W/m2",0,1800,"hector"
"V3.2.0","1pctCO2","RF_tot","W/m2",0.0544865598952167,1801,"hector"
"V3.2.0","1pctCO2","RF_tot","W/m2",0.109017288031932,1802,"hector"
"V3.2.0","1pctCO2","RF_tot","W/m2",0.163592802143618,1803,"hector"
"V3.2.0","1pctCO2","RF_tot","W/m2",0.218213646486372,1804,"hector"
"V3.2.0","1pctCO2","RF_tot","W/m2",0.272880369179994,1805,"hector"
"V3.2.0","1pctCO2","RF_tot","W/m2",0.327593522171212,1806,"hector"
"V3.2.0","1pctCO2","RF_tot","W/m2",0.382353661194402,1807,"hector"
"V3.2.0","1pctCO2","RF_tot","W/m2",0.437161345729754,1808,"hector"
"V3.2.0","1pctCO2","RF_tot","W/m2",0.492017138958769,1809,"hector"
"V3.2.0","1pctCO2","RF_tot","W/m2",0.546921607717053,1810,"hector"
"V3.2.0","1pctCO2","RF_tot","W/m2",0.601875322444267,1811,"hector"
"V3.2.0","1pctCO2","RF_tot","W/m2",0.656878857131212,1812,"hector"
"V3.2.0","1pctCO2","RF_tot","W/m2",0.711932789263899,1813,"hector"
"V3.2.0","1pctCO2","RF_tot","W/m2",0.767037699764573,1814,"hector"
"V3.2.0","1pctCO2","RF_tot","W/m2",0.822194172929537,1815,"hector"
"V3.2.0","1pctCO2","RF_tot","W/m2",0.877402796363744,1816,"hector"
"V3.2.0","1pctCO2","RF_tot","W/m2",0.932664160912015,1817,"hector"
"V3.2.0","1pctCO2","RF_tot","W/m2",0.987978860586802,1818,"hector"
"V3.2.0","1pctCO2","RF_tot","W/m2",1.04334749249239,1819,"hector"
"V3.2.0","1pctCO2","RF_tot","W/m2",1.09877065674544,1820,"hector"
"V3.2.0","1pctCO2","RF_tot","W/m2",1.15424895639176,1821,"hector"
"V3.2.0","1pctCO2","RF_tot","W/m2",1.20978299731919,1822,"hector"
"V3.2.0","1pctCO2","RF_tot","W/m2",1.2653733881665,1823,"hector"
"V3.2.0","1pctCO2","RF_tot","W/m2",1.32102074022817,1824,"hector"
"V3.2.0","1pctCO2","RF_tot","W/m2",1.37672566735499,1825,"hector"
"V3.2.0","1pctCO2","RF_tot","W/m2",1.4324887858502,1826,"hector"
"V3.2.0","1pctCO2","RF_tot","W/m2",1.48831071436132,1827,"hector"
"V3.2.0","1pctCO2","RF_tot","W/m2",1.54419207376723,1828,"hector"
"V3.2.0","1pctCO2","RF_tot","W/m2",1.60013348706063,1829,"hector"
"V3.2.0","1pctCO2","RF_tot","W/m2",1.65613557922555,1830,"hector"
"V3.2.0","1pctCO2","RF_tot","W/m2",1.71219897710994,1831,"hector"
"V3.2.0","1pctCO2","RF_tot","W/m2",1.76832430929307,1832,"hector"
"V3.2.0","1pctCO2","RF_tot","W/m2",1.82451220594768,1833,"hector"
"V3.2.0","1pctCO2","RF_tot","W/m2",1.88076329869665,1834,"hector"
"V3.2.0","1pctCO2","RF_tot","W/m2",1.93707822046413,1835,"hector"
"V3.2.0","1pctCO2","RF_tot","W/m2",1.99345760532094,1836,"hector"
"V3.2.0","1pctCO2","RF_tot","W/m2",2.04990208832404,1837,"hector"
"V3.2.0","1pctCO2","RF_tot","W/m2",2.10641230534994,1838,"hector"
"V3.2.0","1pctCO2","RF_tot","W/m2",2.16298889292197,1839,"hector"
"V3.2.0","1pctCO2","RF_tot","W/m2",2.21963248803102,1840,"hector"
"V3.2.0","1pctCO2","RF_tot","W/m2",2.27634372794982,1841,"hector"
"V3.2.0","1pctCO2","RF_tot","W/m2",2.33312325004044,1842,"hector"
"V3.2.0","1pctCO2","RF_tot","W/m2",2.38997169155484,1843,"hector"
"V3.2.0","1pctCO2","RF_tot","W/m2",2.44688968942832,1844,"hector"
"V3.2.0","1pctCO2","RF_tot","W/m2",2.50387788006563,1845,"hector"
"V3.2.0","1pctCO2","RF_tot","W/m2",2.56093689911966,1846,"hector"
"V3.2.0","1pctCO2","RF_tot","W/m2",2.61806738126227,1847,"hector"
"V3.2.0","1pctCO2","RF_tot","W/m2",2.67526995994736,1848,"hector"
"V3.2.0","1pctCO2","RF_tot","W/m2",2.7325452671657,1849,"hector"
"V3.2.0","1pctCO2","RF_tot","W/m2",2.78989393319147,1850,"hector"
"V3.2.0","1pctCO2","RF_tot","W/m2",2.8473165863202,1851,"hector"
"V3.2.0","1pctCO2","RF_tot","W/m2",2.90481385259795,1852,"hector"
"V3.2.0","1pctCO2","RF_tot","W/m2",2.96238635554144,1853,"hector"
"V3.2.0","1pctCO2","RF_tot","W/m2",3.02003471584891,1854,"hector"
"V3.2.0","1pctCO2","RF_tot","W/m2",3.07775955110146,1855,"hector"
"V3.2.0","1pctCO2","RF_tot","W/m2",3.13556147545467,1856,"hector"
"V3.2.0","1pctCO2","RF_tot","W/m2",3.19344109932018,1857,"hector"
"V3.2.0","1pctCO2","RF_tot","W/m2",3.25139902903692,1858,"hector"
"V3.2.0","1pctCO2","RF_tot","W/m2",3.30943586653196,1859,"hector"
"V3.2.0","1pctCO2","RF_tot","W/m2",3.36755220897033,1860,"hector"
"V3.2.0","1pctCO2","RF_tot","W/m2",3.42574864839389,1861,"hector"
"V3.2.0","1pctCO2","RF_tot","W/m2",3.48402577134875,1862,"hector"
"V3.2.0","1pctCO2","RF_tot","W/m2",3.54238415850098,1863,"hector"
"V3.2.0","1pctCO2","RF_tot","W/m2",3.60082438424035,1864,"hector"
"V3.2.0","1pctCO2","RF_tot","W/m2",3.65934701627177,1865,"hector"
"V3.2.0","1pctCO2","RF_tot","W/m2",3.71795261519411,1866,"hector"
"V3.2.0","1pctCO2","RF_tot","W/m2",3.77664173406604,1867,"hector"
"V3.2.0","1pctCO2","RF_tot","W/m2",3.83541491795868,1868,"hector"
"V3.2.0","1pctCO2","RF_tot","W/m2",3.8942727034945,1869,"hector"
"V3.2.0","1pctCO2","RF_tot","W/m2",3.95321561837241,1870,"hector"
"V3.2.0","1pctCO2","RF_tot","W/m2",4.01224418087839,1871,"hector"
"V3.2.0","1pctCO2","RF_tot","W/m2",4.0713588993815,1872,"hector"
"V3.2.0","1pctCO2","RF_tot","W/m2",4.13056027181486,1873,"hector"
"V3.2.0","1pctCO2","RF_tot","W/m2",4.18984878514107,1874,"hector"
"V3.2.0","1pctCO2","RF_tot","W/m2",4.24922491480195,1875,"hector"
"V3.2.0","1pctCO2","RF_tot","W/m2",4.3086891241519,1876,"hector"
"V3.2.0","1pctCO2","RF_tot","W/m2",4.36824186387472,1877,"hector"
"V3.2.0","1pctCO2","RF_tot","W/m2",4.42788357138329,1878,"hector"
"V3.2.0","1pctCO2","RF_tot","W/m2",4.48761467020178,1879,"hector"
"V3.2.0","1pctCO2","RF_tot","W/m2",4.54743556932995,1880,"hector"
"V3.2.0","1pctCO2","RF_tot","W/m2",4.60734666258901,1881,"hector"
"V3.2.0","1pctCO2","RF_tot","W/m2",4.66734832794865,1882,"hector"
"V3.2.0","1pctCO2","RF_tot","W/m2",4.72744092683479,1883,"hector"
"V3.2.0","1pctCO2","RF_tot","W/m2",4.78762480341745,1884,"hector"
"V3.2.0","1pctCO2","RF_tot","W/m2",4.84790028387838,1885,"hector"
"V3.2.0","1pctCO2","RF_tot","W/m2",4.90826767565788,1886,"hector"
"V3.2.0","1pctCO2","RF_tot","W/m2",4.96872726668024,1887,"hector"
"V3.2.0","1pctCO2","RF_tot","W/m2",5.02927932455743,1888,"hector"
"V3.2.0","1pctCO2","RF_tot","W/m2",5.08992409577029,1889,"hector"
"V3.2.0","1pctCO2","RF_tot","W/m2",5.15066180482683,1890,"hector"
"V3.2.0","1pctCO2","RF_tot","W/m2",5.211492653397,1891,"hector"
"V3.2.0","1pctCO2","RF_tot","W/m2",5.27241681942335,1892,"hector"
"V3.2.0","1pctCO2","RF_tot","W/m2",5.33343445620703,1893,"hector"
"V3.2.0","1pctCO2","RF_tot","W/m2",5.39454569146842,1894,"hector"
"V3.2.0","1pctCO2","RF_tot","W/m2",5.4557506263819,1895,"hector"
"V3.2.0","1pctCO2","RF_tot","W/m2",5.51704933458401,1896,"hector"
"V3.2.0","1pctCO2","RF_tot","W/m2",5.57844186115446,1897,"hector"
"V3.2.0","1pctCO2","RF_tot","W/m2",5.63992822156913,1898,"hector"
"V3.2.0","1pctCO2","RF_tot","W/m2",5.70150840062467,1899,"hector"
"V3.2.0","1pctCO2","RF_tot","W/m2",5.7631823513337,1900,"hector"
"V3.2.0","1pctCO2","RF_tot","W/m2",5.82494999379009,1901,"hector"
"V3.2.0","1pctCO2","RF_tot","W/m2",5.88681121400351,1902,"hector"
"V3.2.0","1pctCO2","RF_tot","W/m2",5.94876586270254,1903,"hector"
"V3.2.0","1pctCO2","RF_tot","W/m2",6.01081375410552,1904,"hector"
"V3.2.0","1pctCO2","RF_tot","W/m2",6.07295466465843,1905,"hector"
"V3.2.0","1pctCO2","RF_tot","W/m2",6.13518833173893,1906,"hector"
"V3.2.0","1pctCO2","RF_tot","W/m2",6.19751445232577,1907,"hector"
"V3.2.0","1pctCO2","RF_tot","W/m2",6.25993268163275,1908,"hector"
"V3.2.0","1pctCO2","RF_tot","W/m2",6.32244263170628,1909,"hector"
"V3.2.0","1pctCO2","RF_tot","W/m2",6.38504386998588,1910,"hector"
"V3.2.0","1pctCO2","RF_tot","W/m2",6.44773591782638,1911,"hector"
"V3.2.0","1pctCO2","RF_tot","W/m2",6.51051824898126,1912,"hector"
"V3.2.0","1pctCO2","RF_tot","W/m2",6.5733902880459,1913,"hector"
"V3.2.0","1pctCO2","RF_tot","W/m2",6.63635140885998,1914,"hector"
"V3.2.0","1pctCO2","RF_tot","W/m2",6.69940093286796,1915,"hector"
"V3.2.0","1pctCO2","RF_tot","W/m2",6.76253812743656,1916,"hector"
"V3.2.0","1pctCO2","RF_tot","W/m2",6.8257622041284,1917,"hector"
"V3.2.0","1pctCO2","RF_tot","W/m2",6.88907231693053,1918,"hector"
"V3.2.0","1pctCO2","RF_tot","W/m2",6.95246756043696,1919,"hector"
"V3.2.0","1pctCO2","RF_tot","W/m2",7.01594696798398,1920,"hector"
"V3.2.0","1pctCO2","RF_tot","W/m2",7.0795095097371,1921,"hector"
"V3.2.0","1pctCO2","RF_tot","W/m2",7.14315409072863,1922,"hector"
"V3.2.0","1pctCO2","RF_tot","W/m2",7.20687954884451,1923,"hector"
"V3.2.0","1pctCO2","RF_tot","W/m2",7.27068465275938,1924,"hector"
"V3.2.0","1pctCO2","RF_tot","W/m2",7.33456809981845,1925,"hector"
"V3.2.0","1pctCO2","RF_tot","W/m2",7.39852851386514,1926,"hector"
"V3.2.0","1pctCO2","RF_tot","W/m2",7.46256444301293,1927,"hector"
"V3.2.0","1pctCO2","RF_tot","W/m2",7.52667435736038,1928,"hector"
"V3.2.0","1pctCO2","RF_tot","W/m2",7.59085664664772,1929,"hector"
"V3.2.0","1pctCO2","RF_tot","W/m2",7.6551096178538,1930,"hector"
"V3.2.0","1pctCO2","RF_tot","W/m2",7.7194314927319,1931,"hector"
"V3.2.0","1pctCO2","RF_tot","W/m2",7.78382040528299,1932,"hector"
"V3.2.0","1pctCO2","RF_tot","W/m2",7.84827439916492,1933,"hector"
"V3.2.0","1pctCO2","RF_tot","W/m2",7.91279142503605,1934,"hector"
"V3.2.0","1pctCO2","RF_tot","W/m2",7.97736933783181,1935,"hector"
"V3.2.0","1pctCO2","RF_tot","W/m2",8.04200589397255,1936,"hector"
"V3.2.0","1pctCO2","RF_tot","W/m2",8.1066987485011,1937,"hector"
"V3.2.0","1pctCO2","RF_tot","W/m2",8.17144545214829,1938,"hector"
"V3.2.0","1pctCO2","RF_tot","W/m2",8.23624344832494,1939,"hector"
"V3.2.0","1pctCO2","RF_tot","W/m2",8.30109007003837,1940,"hector"
"V3.2.0","1pctCO2","RF_tot","W/m2",8.36598253673174,1941,"hector"
"V3.2.0","1pctCO2","RF_tot","W/m2",8.43091795104453,1942,"hector"
"V3.2.0","1pctCO2","RF_tot","W/m2",8.49589329549202,1943,"hector"
"V3.2.0","1pctCO2","RF_tot","W/m2",8.56090542906224,1944,"hector"
"V3.2.0","1pctCO2","RF_tot","W/m2",8.62595108372812,1945,"hector"
"V3.2.0","1pctCO2","RF_tot","W/m2",8.69102686087308,1946,"hector"
"V3.2.0","1pctCO2","RF_tot","W/m2",8.75612922762789,1947,"hector"
"V3.2.0","1pctCO2","RF_tot","W/m2",8.8212545131169,1948,"hector"
"V3.2.0","1pctCO2","RF_tot","W/m2",8.88639890461131,1949,"hector"
"V3.2.0","1pctCO2","RF_tot","W/m2",8.95155844358744,1950,"hector"
"V3.2.0","1pctCO2","RF_tot","W/m2",9.01672902168784,1951,"hector"
"V3.2.0","1pctCO2","RF_tot","W/m2",9.08190637658276,1952,"hector"
"V3.2.0","1pctCO2","RF_tot","W/m2",9.14708608772994,1953,"hector"
"V3.2.0","1pctCO2","RF_tot","W/m2",9.21226357203008,1954,"hector"
"V3.2.0","1pctCO2","RF_tot","W/m2",9.27743407937584,1955,"hector"
"V3.2.0","1pctCO2","RF_tot","W/m2",9.34259268809156,1956,"hector"
"V3.2.0","1pctCO2","RF_tot","W/m2",9.40773430026154,1957,"hector"
"V3.2.0","1pctCO2","RF_tot","W/m2",9.47285363694399,1958,"hector"
"V3.2.0","1pctCO2","RF_tot","W/m2",9.53794523326818,1959,"hector"
"V3.2.0","1pctCO2","RF_tot","W/m2",9.6030034334119,1960,"hector"
"V3.2.0","1pctCO2","RF_tot","W/m2",9.66802238545676,1961,"hector"
"V3.2.0","1pctCO2","RF_tot","W/m2",9.73299603611813,1962,"hector"
"V3.2.0","1pctCO2","RF_tot","W/m2",9.79791812534715,1963,"hector"
"V3.2.0","1pctCO2","RF_tot","W/m2",9.86278218080159,1964,"hector"
"V3.2.0","1pctCO2","RF_tot","W/m2",9.92758151218273,1965,"hector"
"V3.2.0","1pctCO2","RF_tot","W/m2",9.99230920543505,1966,"hector"
"V3.2.0","1pctCO2","RF_tot","W/m2",10.0569581168056,1967,"hector"
"V3.2.0","1pctCO2","RF_tot","W/m2",10.1215208667599,1968,"hector"
"V3.2.0","1pctCO2","RF_tot","W/m2",10.1859898337506,1969,"hector"
"V3.2.0","1pctCO2","RF_tot","W/m2",10.2503571478365,1970,"hector"
"V3.2.0","1pctCO2","RF_tot","W/m2",10.3146146841475,1971,"hector"
"V3.2.0","1pctCO2","RF_tot","W/m2",10.3787540561922,1972,"hector"
"V3.2.0","1pctCO2","RF_tot","W/m2",10.4427666090046,1973,"hector"
"V3.2.0","1pctCO2","RF_tot","W/m2",10.5066434121268,1974,"hector"
"V3.2.0","1pctCO2","RF_tot","W/m2",10.570375252423,1975,"hector"
"V3.2.0","1pctCO2","RF_tot","W/m2",10.6339526267206,1976,"hector"
"V3.2.0","1pctCO2","RF_tot","W/m2",10.6973657342768,1977,"hector"
"V3.2.0","1pctCO2","RF_tot","W/m2",10.7606044690629,1978,"hector"
"V3.2.0","1pctCO2","RF_tot","W/m2",10.8236584118666,1979,"hector"
"V3.2.0","1pctCO2","RF_tot","W/m2",10.8865168222034,1980,"hector"
"V3.2.0","1pctCO2","RF_tot","W/m2",10.949168630037,1981,"hector"
"V3.2.0","1pctCO2","RF_tot","W/m2",11.0116024273015,1982,"hector"
"V3.2.0","1pctCO2","RF_tot","W/m2",11.0738064592218,1983,"hector"
"V3.2.0","1pctCO2","RF_tot","W/m2",11.1357686154283,1984,"hector"
"V3.2.0","1pctCO2","RF_tot","W/m2",11.1974764208592,1985,"hector"
"V3.2.0","1pctCO2","RF_tot","W/m2",11.2589170264486,1986,"hector"
"V3.2.0","1pctCO2","RF_tot","W/m2",11.3200771995918,1987,"hector"
"V3.2.0","1pctCO2","RF_tot","W/m2",11.3809433143864,1988,"hector"
"V3.2.0","1pctCO2","RF_tot","W/m2",11.4415318936032,1989,"hector"
"V3.2.0","1pctCO2","RF_tot","W/m2",11.5020710105401,1990,"hector"
"V3.2.0","1pctCO2","RF_tot","W/m2",11.5626101274769,1991,"hector"
"V3.2.0","1pctCO2","RF_tot","W/m2",11.6231492444137,1992,"hector"
"V3.2.0","1pctCO2","RF_tot","W/m2",11.6836883613506,1993,"hector"
"V3.2.0","1pctCO2","RF_tot","W/m2",11.7442274782874,1994,"hector"
"V3.2.0","1pctCO2","RF_tot","W/m2",11.8047665952242,1995,"hector"
"V3.2.0","1pctCO2","RF_tot","W/m2",11.8653057121611,1996,"hector"
"V3.2.0","1pctCO2","RF_tot","W/m2",11.9258448290979,1997,"hector"
"V3.2.0","1pctCO2","RF_tot","W/m2",11.9863839460348,1998,"hector"
"V3.2.0","1pctCO2","RF_tot","W/m2",12.0469230629716,1999,"hector"
"V3.2.0","1pctCO2","RF_tot","W/m2",12.1074621799084,2000,"hector"
"V3.2.0","1pctCO2","RF_tot","W/m2",12.1680012968453,2001,"hector"
"V3.2.0","1pctCO2","RF_tot","W/m2",12.2285404137821,2002,"hector"
"V3.2.0","1pctCO2","RF_tot","W/m2",12.2890795307189,2003,"hector"
"V3.2.0","1pctCO2","RF_tot","W/m2",12.3496186476558,2004,"hector"
"V3.2.0","1pctCO2","RF_tot","W/m2",12.4101577645926,2005,"hector"
"V3.2.0","1pctCO2","RF_tot","W/m2",12.4706968815295,2006,"hector"
"V3.2.0","1pctCO2","RF_tot","W/m2",12.5312359984663,2007,"hector"
"V3.2.0","1pctCO2","RF_tot","W/m2",12.5917751154031,2008,"hector"
"V3.2.0","1pctCO2","RF_tot","W/m2",12.65231423234,2009,"hector"
"V3.2.0","1pctCO2","RF_tot","W/m2",12.7128533492768,2010,"hector"
"V3.2.0","1pctCO2","RF_tot","W/m2",12.7733924662136,2011,"hector"
"V3.2.0","1pctCO2","RF_tot","W/m2",12.8339315831505,2012,"hector"
"V3.2.0","1pctCO2","RF_tot","W/m2",12.8944707000873,2013,"hector"
"V3.2.0","1pctCO2","RF_tot","W/m2",12.9550098170241,2014,"hector"
"V3.2.0","1pctCO2","RF_tot","W/m2",13.015548933961,2015,"hector"
"V3.2.0","1pctCO2","RF_tot","W/m2",13.0760880508978,2016,"hector"
"V3.2.0","1pctCO2","RF_tot","W/m2",13.1366271678347,2017,"hector"
"V3.2.0","1pctCO2","RF_tot","W/m2",13.1971662847715,2018,"hector"
"V3.2.0","1pctCO2","RF_tot","W/m2",13.2577054017083,2019,"hector"
"V3.2.0","1pctCO2","RF_tot","W/m2",13.3182445186452,2020,"hector"
"V3.2.0","1pctCO2","RF_tot","W/m2",13.378783635582,2021,"hector"
"V3.2.0","1pctCO2","RF_tot","W/m2",13.4393227525188,2022,"hector"
"V3.2.0","1pctCO2","RF_tot","W/m2",13.4998618694557,2023,"hector"
"V3.2.0","1pctCO2","RF_tot","W/m2",13.5604009863925,2024,"hector"
"V3.2.0","1pctCO2","RF_tot","W/m2",13.6209401033293,2025,"hector"
"V3.2.0","1pctCO2","RF_tot","W/m2",13.6814792202662,2026,"hector"
"V3.2.0","1pctCO2","RF_tot","W/m2",13.742018337203,2027,"hector"
"V3.2.0","1pctCO2","RF_tot","W/m2",13.8025574541399,2028,"hector"
"V3.2.0","1pctCO2","RF_tot","W/m2",13.8630965710767,2029,"hector"
"V3.2.0","1pctCO2","RF_tot","W/m2",13.9236356880135,2030,"hector"
"V3.2.0","1pctCO2","RF_tot","W/m2",13.9841748049504,2031,"hector"
"V3.2.0","1pctCO2","RF_tot","W/m2",14.0447139218872,2032,"hector"
"V3.2.0","1pctCO2","RF_tot","W/m2",14.105253038824,2033,"hector"
"V3.2.0","1pctCO2","RF_tot","W/m2",14.1657921557609,2034,"hector"
"V3.2.0","1pctCO2","RF_tot","W/m2",14.2263312726977,2035,"hector"
"V3.2.0","1pctCO2","RF_tot","W/m2",14.2868703896346,2036,"hector"
"V3.2.0","1pctCO2","RF_tot","W/m2",14.3474095065714,2037,"hector"
"V3.2.0","1pctCO2","RF_tot","W/m2",14.4079486235082,2038,"hector"
"V3.2.0","1pctCO2","RF_tot","W/m2",14.4684877404451,2039,"hector"
"V3.2.0","1pctCO2","RF_tot","W/m2",14.5290268573819,2040,"hector"
"V3.2.0","1pctCO2","RF_tot","W/m2",14.5895659743187,2041,"hector"
"V3.2.0","1pctCO2","RF_tot","W/m2",14.6501050912556,2042,"hector"
"V3.2.0","1pctCO2","RF_tot","W/m2",14.7106442081924,2043,"hector"
"V3.2.0","1pctCO2","RF_tot","W/m2",14.7711833251292,2044,"hector"
"V3.2.0","1pctCO2","RF_tot","W/m2",14.8317224420661,2045,"hector"
"V3.2.0","1pctCO2","RF_tot","W/m2",14.8922615590029,2046,"hector"
"V3.2.0","1pctCO2","RF_tot","W/m2",14.9528006759398,2047,"hector"
"V3.2.0","1pctCO2","RF_tot","W/m2",15.0133397928766,2048,"hector"
"V3.2.0","1pctCO2","RF_tot","W/m2",15.0738789098134,2049,"hector"
"V3.2.0","1pctCO2","RF_tot","W/m2",15.1344180267503,2050,"hector"
"V3.2.0","1pctCO2","RF_tot","W/m2",15.1949571436871,2051,"hector"
"V3.2.0","1pctCO2","RF_tot","W/m2",15.2554962606239,2052,"hector"
"V3.2.0","1pctCO2","RF_tot","W/m2",15.3160353775608,2053,"hector"
"V3.2.0","1pctCO2","RF_tot","W/m2",15.3765744944976,2054,"hector"
"V3.2.0","1pctCO2","RF_tot","W/m2",15.4371136114345,2055,"hector"
"V3.2.0","1pctCO2","RF_tot","W/m2",15.4976527283713,2056,"hector"
"V3.2.0","1pctCO2","RF_tot","W/m2",15.5581918453081,2057,"hector"
"V3.2.0","1pctCO2","RF_tot","W/m2",15.618730962245,2058,"hector"
"V3.2.0","1pctCO2","RF_tot","W/m2",15.6792700791818,2059,"hector"
"V3.2.0","1pctCO2","RF_tot","W/m2",15.7398091961186,2060,"hector"
"V3.2.0","1pctCO2","RF_tot","W/m2",15.8003483130555,2061,"hector"
"V3.2.0","1pctCO2","RF_tot","W/m2",15.8608874299923,2062,"hector"
"V3.2.0","1pctCO2","RF_tot","W/m2",15.9214265469291,2063,"hector"
"V3.2.0","1pctCO2","RF_tot","W/m2",15.981965663866,2064,"hector"
"V3.2.0","1pctCO2","RF_tot","W/m2",16.0425047808028,2065,"hector"
"V3.2.0","1pctCO2","RF_tot","W/m2",16.1030438977397,2066,"hector"
"V3.2.0","1pctCO2","RF_tot","W/m2",16.1635830146765,2067,"hector"
"V3.2.0","1pctCO2","RF_tot","W/m2",16.2241221316133,2068,"hector"
"V3.2.0","1pctCO2","RF_tot","W/m2",16.2846612485502,2069,"hector"
"V3.2.0","1pctCO2","RF_tot","W/m2",16.345200365487,2070,"hector"
"V3.2.0","1pctCO2","RF_tot","W/m2",16.3163536735268,2071,"hector"
"V3.2.0","1pctCO2","RF_tot","W/m2",16.2852022268143,2072,"hector"
"V3.2.0","1pctCO2","RF_tot","W/m2",16.2543981105776,2073,"hector"
"V3.2.0","1pctCO2","RF_tot","W/m2",16.224275496417,2074,"hector"
"V3.2.0","1pctCO2","RF_tot","W/m2",16.1941081976863,2075,"hector"
"V3.2.0","1pctCO2","RF_tot","W/m2",16.1635469795873,2076,"hector"
"V3.2.0","1pctCO2","RF_tot","W/m2",16.1327949536675,2077,"hector"
"V3.2.0","1pctCO2","RF_tot","W/m2",16.1020196690543,2078,"hector"
"V3.2.0","1pctCO2","RF_tot","W/m2",16.0711908871145,2079,"hector"
"V3.2.0","1pctCO2","RF_tot","W/m2",16.0402487635777,2080,"hector"
"V3.2.0","1pctCO2","RF_tot","W/m2",16.0091971539572,2081,"hector"
"V3.2.0","1pctCO2","RF_tot","W/m2",15.9780620858167,2082,"hector"
"V3.2.0","1pctCO2","RF_tot","W/m2",15.9468515922374,2083,"hector"
"V3.2.0","1pctCO2","RF_tot","W/m2",15.9155632928826,2084,"hector"
"V3.2.0","1pctCO2","RF_tot","W/m2",15.8841991423251,2085,"hector"
"V3.2.0","1pctCO2","RF_tot","W/m2",15.8527650318144,2086,"hector"
"V3.2.0","1pctCO2","RF_tot","W/m2",15.8212658899999,2087,"hector"
"V3.2.0","1pctCO2","RF_tot","W/m2",15.7897052174267,2088,"hector"
"V3.2.0","1pctCO2","RF_tot","W/m2",15.7580865631137,2089,"hector"
"V3.2.0","1pctCO2","RF_tot","W/m2",15.7264137956829,2090,"hector"
"V3.2.0","1pctCO2","RF_tot","W/m2",15.6946906778458,2091,"hector"
"V3.2.0","1pctCO2","RF_tot","W/m2",15.6629207532445,2092,"hector"
"V3.2.0","1pctCO2","RF_tot","W/m2",15.6311074543464,2093,"hector"
"V3.2.0","1pctCO2","RF_tot","W/m2",15.5992541335253,2094,"hector"
"V3.2.0","1pctCO2","RF_tot","W/m2",15.567364032842,2095,"hector"
"V3.2.0","1pctCO2","RF_tot","W/m2",15.5354402735886,2096,"hector"
"V3.2.0","1pctCO2","RF_tot","W/m2",15.5034858621292,2097,"hector"
"V3.2.0","1pctCO2","RF_tot","W/m2",15.4715036916844,2098,"hector"
"V3.2.0","1pctCO2","RF_tot","W/m2",15.4394965411123,2099,"hector"
"V3.2.0","1pctCO2","RF_tot","W/m2",15.4074670752133,2100,"hector"
"V3.2.0","1pctCO2","RF_tot","W/m2",15.3754178460832,2101,"hector"
"V3.2.0","1pctCO2","RF_tot","W/m2",15.3433512945338,2102,"hector"
"V3.2.0","1pctCO2","RF_tot","W/m2",15.3112697516474,2103,"hector"
"V3.2.0","1pctCO2","RF_tot","W/m2",15.2791754405698,2104,"hector"
"V3.2.0","1pctCO2","RF_tot","W/m2",15.247070478457,2105,"hector"
"V3.2.0","1pctCO2","RF_tot","W/m2",15.2149568785077,2106,"hector"
"V3.2.0","1pctCO2","RF_tot","W/m2",15.1828365520466,2107,"hector"
"V3.2.0","1pctCO2","RF_tot","W/m2",15.1507113106265,2108,"hector"
"V3.2.0","1pctCO2","RF_tot","W/m2",15.1185828681196,2109,"hector"
"V3.2.0","1pctCO2","RF_tot","W/m2",15.0864528427746,2110,"hector"
"V3.2.0","1pctCO2","RF_tot","W/m2",15.0543227592257,2111,"hector"
"V3.2.0","1pctCO2","RF_tot","W/m2",15.0221940504436,2112,"hector"
"V3.2.0","1pctCO2","RF_tot","W/m2",14.9900680596263,2113,"hector"
"V3.2.0","1pctCO2","RF_tot","W/m2",14.9579460420346,2114,"hector"
"V3.2.0","1pctCO2","RF_tot","W/m2",14.9258291667827,2115,"hector"
"V3.2.0","1pctCO2","RF_tot","W/m2",14.8937185185998,2116,"hector"
"V3.2.0","1pctCO2","RF_tot","W/m2",14.861615099585,2117,"hector"
"V3.2.0","1pctCO2","RF_tot","W/m2",14.8295198309806,2118,"hector"
"V3.2.0","1pctCO2","RF_tot","W/m2",14.7974335549941,2119,"hector"
"V3.2.0","1pctCO2","RF_tot","W/m2",14.7653570367009,2120,"hector"
"V3.2.0","1pctCO2","RF_tot","W/m2",14.7332909660605,2121,"hector"
"V3.2.0","1pctCO2","RF_tot","W/m2",14.7012359600805,2122,"hector"
"V3.2.0","1pctCO2","RF_tot","W/m2",14.6691925651626,2123,"hector"
"V3.2.0","1pctCO2","RF_tot","W/m2",14.637161259659,2124,"hector"
"V3.2.0","1pctCO2","RF_tot","W/m2",14.6051424566703,2125,"hector"
"V3.2.0","1pctCO2","RF_tot","W/m2",14.5731365071081,2126,"hector"
"V3.2.0","1pctCO2","RF_tot","W/m2",14.5411437030422,2127,"hector"
"V3.2.0","1pctCO2","RF_tot","W/m2",14.5091642813499,2128,"hector"
"V3.2.0","1pctCO2","RF_tot","W/m2",14.4771984276766,2129,"hector"
"V3.2.0","1pctCO2","RF_tot","W/m2",14.4452462807174,2130,"hector"
"V3.2.0","1pctCO2","RF_tot","W/m2",14.4133079368204,2131,"hector"
"V3.2.0","1pctCO2","RF_tot","W/m2",14.3813834549147,2132,"hector"
"V3.2.0","1pctCO2","RF_tot","W/m2",14.3494728617624,2133,"hector"
"V3.2.0","1pctCO2","RF_tot","W/m2",14.3175761575321,2134,"hector"
"V3.2.0","1pctCO2","RF_tot","W/m2",14.2856933216976,2135,"hector"
"V3.2.0","1pctCO2","RF_tot","W/m2",14.253824319264,2136,"hector"
"V3.2.0","1pctCO2","RF_tot","W/m2",14.2219691073308,2137,"hector"
"V3.2.0","1pctCO2","RF_tot","W/m2",14.1901276420078,2138,"hector"
"V3.2.0","1pctCO2","RF_tot","W/m2",14.1582998857069,2139,"hector"
"V3.2.0","1pctCO2","RF_tot","W/m2",14.1264858148435,2140,"hector"
"V3.2.0","1pctCO2","RF_tot","W/m2",14.094685427989,2141,"hector"
"V3.2.0","1pctCO2","RF_tot","W/m2",14.0628987545278,2142,"hector"
"V3.2.0","1pctCO2","RF_tot","W/m2",14.0311258638813,2143,"hector"
"V3.2.0","1pctCO2","RF_tot","W/m2",13.9993668753665,2144,"hector"
"V3.2.0","1pctCO2","RF_tot","W/m2",13.967621968763,2145,"hector"
"V3.2.0","1pctCO2","RF_tot","W/m2",13.9358913956539,2146,"hector"
"V3.2.0","1pctCO2","RF_tot","W/m2",13.9041754915954,2147,"hector"
"V3.2.0","1pctCO2","RF_tot","W/m2",13.8724746891374,2148,"hector"
"V3.2.0","1pctCO2","RF_tot","W/m2",13.8407895316632,2149,"hector"
"V3.2.0","1pctCO2","RF_tot","W/m2",13.8091206879337,2150,"hector"
"V3.2.0","1pctCO2","RF_tot","W/m2",13.7774689670958,2151,"hector"
"V3.2.0","1pctCO2","RF_tot","W/m2",13.7458353337292,2152,"hector"
"V3.2.0","1pctCO2","RF_tot","W/m2",13.714220922265,2153,"hector"
"V3.2.0","1pctCO2","RF_tot","W/m2",13.682627049778,2154,"hector"
"V3.2.0","1pctCO2","RF_tot","W/m2",13.6510552257503,2155,"hector"
"V3.2.0","1pctCO2","RF_tot","W/m2",13.6195071569175,2156,"hector"
"V3.2.0","1pctCO2","RF_tot","W/m2",13.5879847447782,2157,"hector"
"V3.2.0","1pctCO2","RF_tot","W/m2",13.5564900728256,2158,"hector"
"V3.2.0","1pctCO2","RF_tot","W/m2",13.525025380153,2159,"hector"
"V3.2.0","1pctCO2","RF_tot","W/m2",13.4935930179423,2160,"hector"
"V3.2.0","1pctCO2","RF_tot","W/m2",13.4621953856537,2161,"hector"
"V3.2.0","1pctCO2","RF_tot","W/m2",13.4308348447257,2162,"hector"
"V3.2.0","1pctCO2","RF_tot","W/m2",13.3995136094249,2163,"hector"
"V3.2.0","1pctCO2","RF_tot","W/m2",13.368233617253,2164,"hector"
"V3.2.0","1pctCO2","RF_tot","W/m2",13.3369963848594,2165,"hector"
"V3.2.0","1pctCO2","RF_tot","W/m2",13.3058028593188,2166,"hector"
"V3.2.0","1pctCO2","RF_tot","W/m2",13.2746532781767,2167,"hector"
"V3.2.0","1pctCO2","RF_tot","W/m2",13.2435470539165,2168,"hector"
"V3.2.0","1pctCO2","RF_tot","W/m2",13.212482698557,2169,"hector"
"V3.2.0","1pctCO2","RF_tot","W/m2",13.1814578013639,2170,"hector"
"V3.2.0","1pctCO2","RF_tot","W/m2",13.1504690671978,2171,"hector"
"V3.2.0","1pctCO2","RF_tot","W/m2",13.1195124155942,2172,"hector"
"V3.2.0","1pctCO2","RF_tot","W/m2",13.0885831326643,2173,"hector"
"V3.2.0","1pctCO2","RF_tot","W/m2",13.0576760609588,2174,"hector"
"V3.2.0","1pctCO2","RF_tot","W/m2",13.0267858079537,2175,"hector"
"V3.2.0","1pctCO2","RF_tot","W/m2",12.9959069526056,2176,"hector"
"V3.2.0","1pctCO2","RF_tot","W/m2",12.9650342314723,2177,"hector"
"V3.2.0","1pctCO2","RF_tot","W/m2",12.9341626904892,2178,"hector"
"V3.2.0","1pctCO2","RF_tot","W/m2",12.903287794476,2179,"hector"
"V3.2.0","1pctCO2","RF_tot","W/m2",12.8724054925666,2180,"hector"
"V3.2.0","1pctCO2","RF_tot","W/m2",12.8415122429615,2181,"hector"
"V3.2.0","1pctCO2","RF_tot","W/m2",12.8106050040472,2182,"hector"
"V3.2.0","1pctCO2","RF_tot","W/m2",12.77968120079,2183,"hector"
"V3.2.0","1pctCO2","RF_tot","W/m2",12.7487386755528,2184,"hector"
"V3.2.0","1pctCO2","RF_tot","W/m2",12.7177756315092,2185,"hector"
"V3.2.0","1pctCO2","RF_tot","W/m2",12.6867905751249,2186,"hector"
"V3.2.0","1pctCO2","RF_tot","W/m2",12.6557822622246,2187,"hector"
"V3.2.0","1pctCO2","RF_tot","W/m2",12.6247496503152,2188,"hector"
"V3.2.0","1pctCO2","RF_tot","W/m2",12.5936918583161,2189,"hector"
"V3.2.0","1pctCO2","RF_tot","W/m2",12.5626081337496,2190,"hector"
"V3.2.0","1pctCO2","RF_tot","W/m2",12.531497826754,2191,"hector"
"V3.2.0","1pctCO2","RF_tot","W/m2",12.5003603697814,2192,"hector"
"V3.2.0","1pctCO2","RF_tot","W/m2",12.4691952609172,2193,"hector"
"V3.2.0","1pctCO2","RF_tot","W/m2",12.4380020514076,2194,"hector"
"V3.2.0","1pctCO2","RF_tot","W/m2",12.4067803363389,2195,"hector"
"V3.2.0","1pctCO2","RF_tot","W/m2",12.3755297475578,2196,"hector"
"V3.2.0","1pctCO2","RF_tot","W/m2",12.3442499482264,2197,"hector"
"V3.2.0","1pctCO2","RF_tot","W/m2",12.3129406285741,2198,"hector"
"V3.2.0","1pctCO2","RF_tot","W/m2",12.2816015025285,2199,"hector"
"V3.2.0","1pctCO2","RF_tot","W/m2",12.250232304999,2200,"hector"
"V3.2.0","1pctCO2","RF_tot","W/m2",12.2188327896512,2201,"hector"
"V3.2.0","1pctCO2","RF_tot","W/m2",12.1874027270567,2202,"hector"
"V3.2.0","1pctCO2","RF_tot","W/m2",12.1559419031359,2203,"hector"
"V3.2.0","1pctCO2","RF_tot","W/m2",12.1244501178314,2204,"hector"
"V3.2.0","1pctCO2","RF_tot","W/m2",12.0929271839678,2205,"hector"
"V3.2.0","1pctCO2","RF_tot","W/m2",12.0613729262633,2206,"hector"
"V3.2.0","1pctCO2","RF_tot","W/m2",12.029787180466,2207,"hector"
"V3.2.0","1pctCO2","RF_tot","W/m2",11.9981697925948,2208,"hector"
"V3.2.0","1pctCO2","RF_tot","W/m2",11.9665206182676,2209,"hector"
"V3.2.0","1pctCO2","RF_tot","W/m2",11.9348395221039,2210,"hector"
"V3.2.0","1pctCO2","RF_tot","W/m2",11.9031263771911,2211,"hector"
"V3.2.0","1pctCO2","RF_tot","W/m2",11.8713810646043,2212,"hector"
"V3.2.0","1pctCO2","RF_tot","W/m2",11.8396034729744,2213,"hector"
"V3.2.0","1pctCO2","RF_tot","W/m2",11.8077934980954,2214,"hector"
"V3.2.0","1pctCO2","RF_tot","W/m2",11.7759510425692,2215,"hector"
"V3.2.0","1pctCO2","RF_tot","W/m2",11.74407601548,2216,"hector"
"V3.2.0","1pctCO2","RF_tot","W/m2",11.7121683320967,2217,"hector"
"V3.2.0","1pctCO2","RF_tot","W/m2",11.6802279136002,2218,"hector"
"V3.2.0","1pctCO2","RF_tot","W/m2",11.6482546868318,2219,"hector"
"V3.2.0","1pctCO2","RF_tot","W/m2",11.6162485840609,2220,"hector"
"V3.2.0","1pctCO2","RF_tot","W/m2",11.5842095427699,2221,"hector"
"V3.2.0","1pctCO2","RF_tot","W/m2",11.552137505455,2222,"hector"
"V3.2.0","1pctCO2","RF_tot","W/m2",11.5200324194407,2223,"hector"
"V3.2.0","1pctCO2","RF_tot","W/m2",11.4878942367068,2224,"hector"
"V3.2.0","1pctCO2","RF_tot","W/m2",11.4557229137277,2225,"hector"
"V3.2.0","1pctCO2","RF_tot","W/m2",11.4235184113207,2226,"hector"
"V3.2.0","1pctCO2","RF_tot","W/m2",11.39125656711,2227,"hector"
"V3.2.0","1pctCO2","RF_tot","W/m2",11.3588763908131,2228,"hector"
"V3.2.0","1pctCO2","RF_tot","W/m2",11.3263766374595,2229,"hector"
"V3.2.0","1pctCO2","RF_tot","W/m2",11.2937610010799,2230,"hector"
"V3.2.0","1pctCO2","RF_tot","W/m2",11.2610331356169,2231,"hector"
"V3.2.0","1pctCO2","RF_tot","W/m2",11.2281966479703,2232,"hector"
"V3.2.0","1pctCO2","RF_tot","W/m2",11.195255098065,2233,"hector"
"V3.2.0","1pctCO2","RF_tot","W/m2",11.1622119992198,2234,"hector"
"V3.2.0","1pctCO2","RF_tot","W/m2",11.129070818629,2235,"hector"
"V3.2.0","1pctCO2","RF_tot","W/m2",11.0958349778633,2236,"hector"
"V3.2.0","1pctCO2","RF_tot","W/m2",11.0625078533719,2237,"hector"
"V3.2.0","1pctCO2","RF_tot","W/m2",11.0290927769762,2238,"hector"
"V3.2.0","1pctCO2","RF_tot","W/m2",10.995593036355,2239,"hector"
"V3.2.0","1pctCO2","RF_tot","W/m2",10.9620118755205,2240,"hector"
"V3.2.0","1pctCO2","RF_tot","W/m2",10.9283524952875,2241,"hector"
"V3.2.0","1pctCO2","RF_tot","W/m2",10.894618053736,2242,"hector"
"V3.2.0","1pctCO2","RF_tot","W/m2",10.8608116666697,2243,"hector"
"V3.2.0","1pctCO2","RF_tot","W/m2",10.826936408072,2244,"hector"
"V3.2.0","1pctCO2","RF_tot","W/m2",10.7929953105593,2245,"hector"
"V3.2.0","1pctCO2","RF_tot","W/m2",10.7589913658323,2246,"hector"
"V3.2.0","1pctCO2","RF_tot","W/m2",10.7249275251275,2247,"hector"
"V3.2.0","1pctCO2","RF_tot","W/m2",10.6908066996666,2248,"hector"
"V3.2.0","1pctCO2","RF_tot","W/m2",10.6566317611065,2249,"hector"
"V3.2.0","1pctCO2","RF_tot","W/m2",10.6224055419881,2250,"hector"
"V3.2.0","1pctCO2","RF_tot","W/m2",10.588130836185,2251,"hector"
"V3.2.0","1pctCO2","RF_tot","W/m2",10.5538103993509,2252,"hector"
"V3.2.0","1pctCO2","RF_tot","W/m2",10.5194469493669,2253,"hector"
"V3.2.0","1pctCO2","RF_tot","W/m2",10.4850431667878,2254,"hector"
"V3.2.0","1pctCO2","RF_tot","W/m2",10.4506016952863,2255,"hector"
"V3.2.0","1pctCO2","RF_tot","W/m2",10.4161251420971,2256,"hector"
"V3.2.0","1pctCO2","RF_tot","W/m2",10.3816160784582,2257,"hector"
"V3.2.0","1pctCO2","RF_tot","W/m2",10.3470770400511,2258,"hector"
"V3.2.0","1pctCO2","RF_tot","W/m2",10.312510527438,2259,"hector"
"V3.2.0","1pctCO2","RF_tot","W/m2",10.2779190064974,2260,"hector"
"V3.2.0","1pctCO2","RF_tot","W/m2",10.2433049088563,2261,"hector"
"V3.2.0","1pctCO2","RF_tot","W/m2",10.2086706323203,2262,"hector"
"V3.2.0","1pctCO2","RF_tot","W/m2",10.1740185412994,2263,"hector"
"V3.2.0","1pctCO2","RF_tot","W/m2",10.1393509672317,2264,"hector"
"V3.2.0","1pctCO2","RF_tot","W/m2",10.1046702090026,2265,"hector"
"V3.2.0","1pctCO2","RF_tot","W/m2",10.0699785333608,2266,"hector"
"V3.2.0","1pctCO2","RF_tot","W/m2",10.0352781753298,2267,"hector"
"V3.2.0","1pctCO2","RF_tot","W/m2",10.0005713386158,2268,"hector"
"V3.2.0","1pctCO2","RF_tot","W/m2",9.96586019601104,2269,"hector"
"V3.2.0","1pctCO2","RF_tot","W/m2",9.93114688979264,2270,"hector"
"V3.2.0","1pctCO2","RF_tot","W/m2",9.89643353211718,2271,"hector"
"V3.2.0","1pctCO2","RF_tot","W/m2",9.86172220541001,2272,"hector"
"V3.2.0","1pctCO2","RF_tot","W/m2",9.82701496275054,2273,"hector"
"V3.2.0","1pctCO2","RF_tot","W/m2",9.79231382825161,2274,"hector"
"V3.2.0","1pctCO2","RF_tot","W/m2",9.75762079743489,2275,"hector"
"V3.2.0","1pctCO2","RF_tot","W/m2",9.72293783760038,2276,"hector"
"V3.2.0","1pctCO2","RF_tot","W/m2",9.6882668881911,2277,"hector"
"V3.2.0","1pctCO2","RF_tot","W/m2",9.65360986115259,2278,"hector"
"V3.2.0","1pctCO2","RF_tot","W/m2",9.61896864128716,2279,"hector"
"V3.2.0","1pctCO2","RF_tot","W/m2",9.5843450866023,2280,"hector"
"V3.2.0","1pctCO2","RF_tot","W/m2",9.54974102865476,2281,"hector"
"V3.2.0","1pctCO2","RF_tot","W/m2",9.51515827288803,2282,"hector"
"V3.2.0","1pctCO2","RF_tot","W/m2",9.48059859896541,2283,"hector"
"V3.2.0","1pctCO2","RF_tot","W/m2",9.44606376109736,2284,"hector"
"V3.2.0","1pctCO2","RF_tot","W/m2",9.41155548836321,2285,"hector"
"V3.2.0","1pctCO2","RF_tot","W/m2",9.37707548502762,2286,"hector"
"V3.2.0","1pctCO2","RF_tot","W/m2",9.34262543085188,2287,"hector"
"V3.2.0","1pctCO2","RF_tot","W/m2",9.30820698139941,2288,"hector"
"V3.2.0","1pctCO2","RF_tot","W/m2",9.27382176833639,2289,"hector"
"V3.2.0","1pctCO2","RF_tot","W/m2",9.23947139972643,2290,"hector"
"V3.2.0","1pctCO2","RF_tot","W/m2",9.20515746032082,2291,"hector"
"V3.2.0","1pctCO2","RF_tot","W/m2",9.17088151184249,2292,"hector"
"V3.2.0","1pctCO2","RF_tot","W/m2",9.13664509326558,2293,"hector"
"V3.2.0","1pctCO2","RF_tot","W/m2",9.10244972108947,2294,"hector"
"V3.2.0","1pctCO2","RF_tot","W/m2",9.06829688960792,2295,"hector"
"V3.2.0","1pctCO2","RF_tot","W/m2",9.03418807117252,2296,"hector"
"V3.2.0","1pctCO2","RF_tot","W/m2",9.00012471645205,2297,"hector"
"V3.2.0","1pctCO2","RF_tot","W/m2",8.96610825468628,2298,"hector"
"V3.2.0","1pctCO2","RF_tot","W/m2",8.93214009393478,2299,"hector"
"V3.2.0","1pctCO2","RF_tot","W/m2",8.89822162132145,2300,"hector"
"V3.2.0","abruptx2CO2","global_tas","degC",0,1750,"hector"
"V3.2.0","abruptx2CO2","global_tas","degC",0,1751,"hector"
"V3.2.0","abruptx2CO2","global_tas","degC",0,1752,"hector"
"V3.2.0","abruptx2CO2","global_tas","degC",0,1753,"hector"
"V3.2.0","abruptx2CO2","global_tas","degC",0,1754,"hector"
"V3.2.0","abruptx2CO2","global_tas","degC",0,1755,"hector"
"V3.2.0","abruptx2CO2","global_tas","degC",0,1756,"hector"
"V3.2.0","abruptx2CO2","global_tas","degC",0,1757,"hector"
"V3.2.0","abruptx2CO2","global_tas","degC",0,1758,"hector"
"V3.2.0","abruptx2CO2","global_tas","degC",0,1759,"hector"
"V3.2.0","abruptx2CO2","global_tas","degC",0,1760,"hector"
"V3.2.0","abruptx2CO2","global_tas","degC",0,1761,"hector"
"V3.2.0","abruptx2CO2","global_tas","degC",0,1762,"hector"
"V3.2.0","abruptx2CO2","global_tas","degC",0,1763,"hector"
"V3.2.0","abruptx2CO2","global_tas","degC",0,1764,"hector"
"V3.2.0","abruptx2CO2","global_tas","degC",0,1765,"hector"
"V3.2.0","abruptx2CO2","global_tas","degC",0,1766,"hector"
"V3.2.0","abruptx2CO2","global_tas","degC",0,1767,"hector"
"V3.2.0","abruptx2CO2","global_tas","degC",0,1768,"hector"
"V3.2.0","abruptx2CO2","global_tas","degC",0,1769,"hector"
"V3.2.0","abruptx2CO2","global_tas","degC",0,1770,"hector"
"V3.2.0","abruptx2CO2","global_tas","degC",0,1771,"hector"
"V3.2.0","abruptx2CO2","global_tas","degC",0,1772,"hector"
"V3.2.0","abruptx2CO2","global_tas","degC",0,1773,"hector"
"V3.2.0","abruptx2CO2","global_tas","degC",0,1774,"hector"
"V3.2.0","abruptx2CO2","global_tas","degC",0,1775,"hector"
"V3.2.0","abruptx2CO2","global_tas","degC",0,1776,"hector"
"V3.2.0","abruptx2CO2","global_tas","degC",0,1777,"hector"
"V3.2.0","abruptx2CO2","global_tas","degC",0,1778,"hector"
"V3.2.0","abruptx2CO2","global_tas","degC",0,1779,"hector"
"V3.2.0","abruptx2CO2","global_tas","degC",0,1780,"hector"
"V3.2.0","abruptx2CO2","global_tas","degC",0,1781,"hector"
"V3.2.0","abruptx2CO2","global_tas","degC",0,1782,"hector"
"V3.2.0","abruptx2CO2","global_tas","degC",0,1783,"hector"
"V3.2.0","abruptx2CO2","global_tas","degC",0,1784,"hector"
"V3.2.0","abruptx2CO2","global_tas","degC",0,1785,"hector"
"V3.2.0","abruptx2CO2","global_tas","degC",0,1786,"hector"
"V3.2.0","abruptx2CO2","global_tas","degC",0,1787,"hector"
"V3.2.0","abruptx2CO2","global_tas","degC",0,1788,"hector"
"V3.2.0","abruptx2CO2","global_tas","degC",0,1789,"hector"
"V3.2.0","abruptx2CO2","global_tas","degC",0,1790,"hector"
"V3.2.0","abruptx2CO2","global_tas","degC",0,1791,"hector"
"V3.2.0","abruptx2CO2","global_tas","degC",0,1792,"hector"
"V3.2.0","abruptx2CO2","global_tas","degC",0,1793,"hector"
"V3.2.0","abruptx2CO2","global_tas","degC",0,1794,"hector"
"V3.2.0","abruptx2CO2","global_tas","degC",0,1795,"hector"
"V3.2.0","abruptx2CO2","global_tas","degC",0,1796,"hector"
"V3.2.0","abruptx2CO2","global_tas","degC",0,1797,"hector"
"V3.2.0","abruptx2CO2","global_tas","degC",0,1798,"hector"
"V3.2.0","abruptx2CO2","global_tas","degC",0,1799,"hector"
"V3.2.0","abruptx2CO2","global_tas","degC",0.338781410733393,1800,"hector"
"V3.2.0","abruptx2CO2","global_tas","degC",0.621076717376103,1801,"hector"
"V3.2.0","abruptx2CO2","global_tas","degC",0.822086134164017,1802,"hector"
"V3.2.0","abruptx2CO2","global_tas","degC",0.974213694936706,1803,"hector"
"V3.2.0","abruptx2CO2","global_tas","degC",1.09452741944856,1804,"hector"
"V3.2.0","abruptx2CO2","global_tas","degC",1.19287816242352,1805,"hector"
"V3.2.0","abruptx2CO2","global_tas","degC",1.2753661690239,1806,"hector"
"V3.2.0","abruptx2CO2","global_tas","degC",1.3459809173157,1807,"hector"
"V3.2.0","abruptx2CO2","global_tas","degC",1.40744597603221,1808,"hector"
"V3.2.0","abruptx2CO2","global_tas","degC",1.46168643164691,1809,"hector"
"V3.2.0","abruptx2CO2","global_tas","degC",1.5101029604713,1810,"hector"
"V3.2.0","abruptx2CO2","global_tas","degC",1.55374022506562,1811,"hector"
"V3.2.0","abruptx2CO2","global_tas","degC",1.59339434509407,1812,"hector"
"V3.2.0","abruptx2CO2","global_tas","degC",1.62968367845944,1813,"hector"
"V3.2.0","abruptx2CO2","global_tas","degC",1.66309670363115,1814,"hector"
"V3.2.0","abruptx2CO2","global_tas","degC",1.69402517663734,1815,"hector"
"V3.2.0","abruptx2CO2","global_tas","degC",1.72278757299228,1816,"hector"
"V3.2.0","abruptx2CO2","global_tas","degC",1.74964597437326,1817,"hector"
"V3.2.0","abruptx2CO2","global_tas","degC",1.77481844231328,1818,"hector"
"V3.2.0","abruptx2CO2","global_tas","degC",1.79848822773863,1819,"hector"
"V3.2.0","abruptx2CO2","global_tas","degC",1.82081072467742,1820,"hector"
"V3.2.0","abruptx2CO2","global_tas","degC",1.84191879074787,1821,"hector"
"V3.2.0","abruptx2CO2","global_tas","degC",1.86192686820225,1822,"hector"
"V3.2.0","abruptx2CO2","global_tas","degC",1.88093421233727,1823,"hector"
"V3.2.0","abruptx2CO2","global_tas","degC",1.8990274473506,1824,"hector"
"V3.2.0","abruptx2CO2","global_tas","degC",1.91628260959555,1825,"hector"
"V3.2.0","abruptx2CO2","global_tas","degC",1.93276679592245,1826,"hector"
"V3.2.0","abruptx2CO2","global_tas","degC",1.9485395047028,1827,"hector"
"V3.2.0","abruptx2CO2","global_tas","degC",1.9636537354432,1828,"hector"
"V3.2.0","abruptx2CO2","global_tas","degC",1.97815689708417,1829,"hector"
"V3.2.0","abruptx2CO2","global_tas","degC",1.99209156342664,1830,"hector"
"V3.2.0","abruptx2CO2","global_tas","degC",2.00549610545378,1831,"hector"
"V3.2.0","abruptx2CO2","global_tas","degC",2.01840522379524,1832,"hector"
"V3.2.0","abruptx2CO2","global_tas","degC",2.03085039963408,1833,"hector"
"V3.2.0","abruptx2CO2","global_tas","degC",2.0428602785726,1834,"hector"
"V3.2.0","abruptx2CO2","global_tas","degC",2.05446099905323,1835,"hector"
"V3.2.0","abruptx2CO2","global_tas","degC",2.06567647466194,1836,"hector"
"V3.2.0","abruptx2CO2","global_tas","degC",2.07652863786366,1837,"hector"
"V3.2.0","abruptx2CO2","global_tas","degC",2.08703765131837,1838,"hector"
"V3.2.0","abruptx2CO2","global_tas","degC",2.09722209181365,1839,"hector"
"V3.2.0","abruptx2CO2","global_tas","degC",2.10709911096088,1840,"hector"
"V3.2.0","abruptx2CO2","global_tas","degC",2.11668457608832,1841,"hector"
"V3.2.0","abruptx2CO2","global_tas","degC",2.12599319418695,1842,"hector"
"V3.2.0","abruptx2CO2","global_tas","degC",2.13503862129601,1843,"hector"
"V3.2.0","abruptx2CO2","global_tas","degC",2.14383355933221,1844,"hector"
"V3.2.0","abruptx2CO2","global_tas","degC",2.15238984205202,1845,"hector"
"V3.2.0","abruptx2CO2","global_tas","degC",2.16071851157728,1846,"hector"
"V3.2.0","abruptx2CO2","global_tas","degC",2.16882988669934,1847,"hector"
"V3.2.0","abruptx2CO2","global_tas","degC",2.17673362399844,1848,"hector"
"V3.2.0","abruptx2CO2","global_tas","degC",2.18443877266563,1849,"hector"
"V3.2.0","abruptx2CO2","global_tas","degC",2.19195382378916,1850,"hector"
"V3.2.0","abruptx2CO2","global_tas","degC",2.19928675476213,1851,"hector"
"V3.2.0","abruptx2CO2","global_tas","degC",2.20644506937877,1852,"hector"
"V3.2.0","abruptx2CO2","global_tas","degC",2.21343583411147,1853,"hector"
"V3.2.0","abruptx2CO2","global_tas","degC",2.22026571099628,1854,"hector"
"V3.2.0","abruptx2CO2","global_tas","degC",2.22694098749965,1855,"hector"
"V3.2.0","abruptx2CO2","global_tas","degC",2.2334676036925,1856,"hector"
"V3.2.0","abruptx2CO2","global_tas","degC",2.23985117701721,1857,"hector"
"V3.2.0","abruptx2CO2","global_tas","degC",2.24609702489835,1858,"hector"
"V3.2.0","abruptx2CO2","global_tas","degC",2.25221018541818,1859,"hector"
"V3.2.0","abruptx2CO2","global_tas","degC",2.2581954362519,1860,"hector"
"V3.2.0","abruptx2CO2","global_tas","degC",2.26405731203502,1861,"hector"
"V3.2.0","abruptx2CO2","global_tas","degC",2.26980012031583,1862,"hector"
"V3.2.0","abruptx2CO2","global_tas","degC",2.27542795622863,1863,"hector"
"V3.2.0","abruptx2CO2","global_tas","degC",2.28094471600861,1864,"hector"
"V3.2.0","abruptx2CO2","global_tas","degC",2.28635410945606,1865,"hector"
"V3.2.0","abruptx2CO2","global_tas","degC",2.29165967144618,1866,"hector"
"V3.2.0","abruptx2CO2","global_tas","degC",2.29686477257053,1867,"hector"
"V3.2.0","abruptx2CO2","global_tas","degC",2.30197262898744,1868,"hector"
"V3.2.0","abruptx2CO2","global_tas","degC",2.30698631155049,1869,"hector"
"V3.2.0","abruptx2CO2","global_tas","degC",2.31190875427765,1870,"hector"
"V3.2.0","abruptx2CO2","global_tas","degC",2.31674276221706,1871,"hector"
"V3.2.0","abruptx2CO2","global_tas","degC",2.32149101876009,1872,"hector"
"V3.2.0","abruptx2CO2","global_tas","degC",2.32615609244768,1873,"hector"
"V3.2.0","abruptx2CO2","global_tas","degC",2.33074044331111,1874,"hector"
"V3.2.0","abruptx2CO2","global_tas","degC",2.33524642878487,1875,"hector"
"V3.2.0","abruptx2CO2","global_tas","degC",2.33967630922571,1876,"hector"
"V3.2.0","abruptx2CO2","global_tas","degC",2.34403225306874,1877,"hector"
"V3.2.0","abruptx2CO2","global_tas","degC",2.34831634164871,1878,"hector"
"V3.2.0","abruptx2CO2","global_tas","degC",2.35253057371222,1879,"hector"
"V3.2.0","abruptx2CO2","global_tas","degC",2.35667686964411,1880,"hector"
"V3.2.0","abruptx2CO2","global_tas","degC",2.36075707542946,1881,"hector"
"V3.2.0","abruptx2CO2","global_tas","degC",2.36477296637068,1882,"hector"
"V3.2.0","abruptx2CO2","global_tas","degC",2.36872625057755,1883,"hector"
"V3.2.0","abruptx2CO2","global_tas","degC",2.37261857224659,1884,"hector"
"V3.2.0","abruptx2CO2","global_tas","degC",2.37645151474474,1885,"hector"
"V3.2.0","abruptx2CO2","global_tas","degC",2.38022660351118,1886,"hector"
"V3.2.0","abruptx2CO2","global_tas","degC",2.3839453087898,1887,"hector"
"V3.2.0","abruptx2CO2","global_tas","degC",2.38760904820422,1888,"hector"
"V3.2.0","abruptx2CO2","global_tas","degC",2.3912191891858,1889,"hector"
"V3.2.0","abruptx2CO2","global_tas","degC",2.39477705126479,1890,"hector"
"V3.2.0","abruptx2CO2","global_tas","degC",2.39828390823349,1891,"hector"
"V3.2.0","abruptx2CO2","global_tas","degC",2.4017409901901,1892,"hector"
"V3.2.0","abruptx2CO2","global_tas","degC",2.40514948547079,1893,"hector"
"V3.2.0","abruptx2CO2","global_tas","degC",2.40851054247738,1894,"hector"
"V3.2.0","abruptx2CO2","global_tas","degC",2.41182527140721,1895,"hector"
"V3.2.0","abruptx2CO2","global_tas","degC",2.41509474589137,1896,"hector"
"V3.2.0","abruptx2CO2","global_tas","degC",2.41832000454709,1897,"hector"
"V3.2.0","abruptx2CO2","global_tas","degC",2.42150205244946,1898,"hector"
"V3.2.0","abruptx2CO2","global_tas","degC",2.42464186252765,1899,"hector"
"V3.2.0","abruptx2CO2","global_tas","degC",2.42774037688993,1900,"hector"
"V3.2.0","abruptx2CO2","global_tas","degC",2.430798508082,1901,"hector"
"V3.2.0","abruptx2CO2","global_tas","degC",2.43381714028251,1902,"hector"
"V3.2.0","abruptx2CO2","global_tas","degC",2.43679713043942,1903,"hector"
"V3.2.0","abruptx2CO2","global_tas","degC",2.43973930935074,1904,"hector"
"V3.2.0","abruptx2CO2","global_tas","degC",2.44264448269284,1905,"hector"
"V3.2.0","abruptx2CO2","global_tas","degC",2.44551343199928,1906,"hector"
"V3.2.0","abruptx2CO2","global_tas","degC",2.44834691559306,1907,"hector"
"V3.2.0","abruptx2CO2","global_tas","degC",2.45114566947484,1908,"hector"
"V3.2.0","abruptx2CO2","global_tas","degC",2.45391040816959,1909,"hector"
"V3.2.0","abruptx2CO2","global_tas","degC",2.45664182553402,1910,"hector"
"V3.2.0","abruptx2CO2","global_tas","degC",2.45934059552687,1911,"hector"
"V3.2.0","abruptx2CO2","global_tas","degC",2.46200737294411,1912,"hector"
"V3.2.0","abruptx2CO2","global_tas","degC",2.46464279412097,1913,"hector"
"V3.2.0","abruptx2CO2","global_tas","degC",2.46724747760246,1914,"hector"
"V3.2.0","abruptx2CO2","global_tas","degC",2.46982202478419,1915,"hector"
"V3.2.0","abruptx2CO2","global_tas","degC",2.47236702052495,1916,"hector"
"V3.2.0","abruptx2CO2","global_tas","degC",2.47488303373253,1917,"hector"
"V3.2.0","abruptx2CO2","global_tas","degC",2.4773706179242,1918,"hector"
"V3.2.0","abruptx2CO2","global_tas","degC",2.47983031176312,1919,"hector"
"V3.2.0","abruptx2CO2","global_tas","degC",2.48226263957186,1920,"hector"
"V3.2.0","abruptx2CO2","global_tas","degC",2.48466811182431,1921,"hector"
"V3.2.0","abruptx2CO2","global_tas","degC",2.48704722561688,1922,"hector"
"V3.2.0","abruptx2CO2","global_tas","degC",2.48940046512016,1923,"hector"
"V3.2.0","abruptx2CO2","global_tas","degC",2.49172830201195,1924,"hector"
"V3.2.0","abruptx2CO2","global_tas","degC",2.49403119589255,1925,"hector"
"V3.2.0","abruptx2CO2","global_tas","degC",2.49630959468315,1926,"hector"
"V3.2.0","abruptx2CO2","global_tas","degC",2.49856393500827,1927,"hector"
"V3.2.0","abruptx2CO2","global_tas","degC",2.50079464256278,1928,"hector"
"V3.2.0","abruptx2CO2","global_tas","degC",2.50300213246444,1929,"hector"
"V3.2.0","abruptx2CO2","global_tas","degC",2.50518680959252,1930,"hector"
"V3.2.0","abruptx2CO2","global_tas","degC",2.50734906891316,1931,"hector"
"V3.2.0","abruptx2CO2","global_tas","degC",2.50948929579217,1932,"hector"
"V3.2.0","abruptx2CO2","global_tas","degC",2.5116078662957,1933,"hector"
"V3.2.0","abruptx2CO2","global_tas","degC",2.51370514747947,1934,"hector"
"V3.2.0","abruptx2CO2","global_tas","degC",2.51578149766698,1935,"hector"
"V3.2.0","abruptx2CO2","global_tas","degC",2.51783726671729,1936,"hector"
"V3.2.0","abruptx2CO2","global_tas","degC",2.51987279628268,1937,"hector"
"V3.2.0","abruptx2CO2","global_tas","degC",2.52188842005685,1938,"hector"
"V3.2.0","abruptx2CO2","global_tas","degC",2.52388446401388,1939,"hector"
"V3.2.0","abruptx2CO2","global_tas","degC",2.52586124663846,1940,"hector"
"V3.2.0","abruptx2CO2","global_tas","degC",2.52781907914776,1941,"hector"
"V3.2.0","abruptx2CO2","global_tas","degC",2.52975826570525,1942,"hector"
"V3.2.0","abruptx2CO2","global_tas","degC",2.53167910362689,1943,"hector"
"V3.2.0","abruptx2CO2","global_tas","degC",2.5335818835799,1944,"hector"
"V3.2.0","abruptx2CO2","global_tas","degC",2.5354668897746,1945,"hector"
"V3.2.0","abruptx2CO2","global_tas","degC",2.53733440014936,1946,"hector"
"V3.2.0","abruptx2CO2","global_tas","degC",2.53918468654923,1947,"hector"
"V3.2.0","abruptx2CO2","global_tas","degC",2.54101801489828,1948,"hector"
"V3.2.0","abruptx2CO2","global_tas","degC",2.54283464536606,1949,"hector"
"V3.2.0","abruptx2CO2","global_tas","degC",2.54463483252826,1950,"hector"
"V3.2.0","abruptx2CO2","global_tas","degC",2.54641882552204,1951,"hector"
"V3.2.0","abruptx2CO2","global_tas","degC",2.54818686819599,1952,"hector"
"V3.2.0","abruptx2CO2","global_tas","degC",2.54993919925511,1953,"hector"
"V3.2.0","abruptx2CO2","global_tas","degC",2.55167605240095,1954,"hector"
"V3.2.0","abruptx2CO2","global_tas","degC",2.55339765646706,1955,"hector"
"V3.2.0","abruptx2CO2","global_tas","degC",2.55510423555001,1956,"hector"
"V3.2.0","abruptx2CO2","global_tas","degC",2.55679600913614,1957,"hector"
"V3.2.0","abruptx2CO2","global_tas","degC",2.5584731922241,1958,"hector"
"V3.2.0","abruptx2CO2","global_tas","degC",2.56013599544351,1959,"hector"
"V3.2.0","abruptx2CO2","global_tas","degC",2.56178462516976,1960,"hector"
"V3.2.0","abruptx2CO2","global_tas","degC",2.56341928363515,1961,"hector"
"V3.2.0","abruptx2CO2","global_tas","degC",2.56504016903649,1962,"hector"
"V3.2.0","abruptx2CO2","global_tas","degC",2.5666474756393,1963,"hector"
"V3.2.0","abruptx2CO2","global_tas","degC",2.56824139387877,1964,"hector"
"V3.2.0","abruptx2CO2","global_tas","degC",2.56982211045749,1965,"hector"
"V3.2.0","abruptx2CO2","global_tas","degC",2.57138980844025,1966,"hector"
"V3.2.0","abruptx2CO2","global_tas","degC",2.57294466734582,1967,"hector"
"V3.2.0","abruptx2CO2","global_tas","degC",2.57448686323597,1968,"hector"
"V3.2.0","abruptx2CO2","global_tas","degC",2.57601656880179,1969,"hector"
"V3.2.0","abruptx2CO2","global_tas","degC",2.57753395344728,1970,"hector"
"V3.2.0","abruptx2CO2","global_tas","degC",2.57903918337057,1971,"hector"
"V3.2.0","abruptx2CO2","global_tas","degC",2.58053242164258,1972,"hector"
"V3.2.0","abruptx2CO2","global_tas","degC",2.58201382828342,1973,"hector"
"V3.2.0","abruptx2CO2","global_tas","degC",2.58348356033644,1974,"hector"
"V3.2.0","abruptx2CO2","global_tas","degC",2.58494177194019,1975,"hector"
"V3.2.0","abruptx2CO2","global_tas","degC",2.58638861439817,1976,"hector"
"V3.2.0","abruptx2CO2","global_tas","degC",2.58782423624663,1977,"hector"
"V3.2.0","abruptx2CO2","global_tas","degC",2.58924878332035,1978,"hector"
"V3.2.0","abruptx2CO2","global_tas","degC",2.59066239881649,1979,"hector"
"V3.2.0","abruptx2CO2","global_tas","degC",2.59206522335673,1980,"hector"
"V3.2.0","abruptx2CO2","global_tas","degC",2.59345739504746,1981,"hector"
"V3.2.0","abruptx2CO2","global_tas","degC",2.5948390495384,1982,"hector"
"V3.2.0","abruptx2CO2","global_tas","degC",2.59621032007951,1983,"hector"
"V3.2.0","abruptx2CO2","global_tas","degC",2.59757133757629,1984,"hector"
"V3.2.0","abruptx2CO2","global_tas","degC",2.59892223064351,1985,"hector"
"V3.2.0","abruptx2CO2","global_tas","degC",2.60026312565752,1986,"hector"
"V3.2.0","abruptx2CO2","global_tas","degC",2.60159414680702,1987,"hector"
"V3.2.0","abruptx2CO2","global_tas","degC",2.60291541614251,1988,"hector"
"V3.2.0","abruptx2CO2","global_tas","degC",2.6042270536243,1989,"hector"
"V3.2.0","abruptx2CO2","global_tas","degC",2.60552917716926,1990,"hector"
"V3.2.0","abruptx2CO2","global_tas","degC",2.60682190269634,1991,"hector"
"V3.2.0","abruptx2CO2","global_tas","degC",2.60810534417072,1992,"hector"
"V3.2.0","abruptx2CO2","global_tas","degC",2.60937961364694,1993,"hector"
"V3.2.0","abruptx2CO2","global_tas","degC",2.61064482131074,1994,"hector"
"V3.2.0","abruptx2CO2","global_tas","degC",2.61190107551986,1995,"hector"
"V3.2.0","abruptx2CO2","global_tas","degC",2.61314848284373,1996,"hector"
"V3.2.0","abruptx2CO2","global_tas","degC",2.61438714810209,1997,"hector"
"V3.2.0","abruptx2CO2","global_tas","degC",2.61561717440267,1998,"hector"
"V3.2.0","abruptx2CO2","global_tas","degC",2.61683866317776,1999,"hector"
"V3.2.0","abruptx2CO2","global_tas","degC",2.61805171421999,2000,"hector"
"V3.2.0","abruptx2CO2","global_tas","degC",2.61925642571698,2001,"hector"
"V3.2.0","abruptx2CO2","global_tas","degC",2.6204528942853,2002,"hector"
"V3.2.0","abruptx2CO2","global_tas","degC",2.62164121500337,2003,"hector"
"V3.2.0","abruptx2CO2","global_tas","degC",2.6228214814437,2004,"hector"
"V3.2.0","abruptx2CO2","global_tas","degC",2.62399378570415,2005,"hector"
"V3.2.0","abruptx2CO2","global_tas","degC",2.62515821843847,2006,"hector"
"V3.2.0","abruptx2CO2","global_tas","degC",2.62631486888609,2007,"hector"
"V3.2.0","abruptx2CO2","global_tas","degC",2.62746382490109,2008,"hector"
"V3.2.0","abruptx2CO2","global_tas","degC",2.62860517298052,2009,"hector"
"V3.2.0","abruptx2CO2","global_tas","degC",2.62973899829192,2010,"hector"
"V3.2.0","abruptx2CO2","global_tas","degC",2.6308653847003,2011,"hector"
"V3.2.0","abruptx2CO2","global_tas","degC",2.63198441479427,2012,"hector"
"V3.2.0","abruptx2CO2","global_tas","degC",2.63309616991169,2013,"hector"
"V3.2.0","abruptx2CO2","global_tas","degC",2.63420073016459,2014,"hector"
"V3.2.0","abruptx2CO2","global_tas","degC",2.63529817446352,2015,"hector"
"V3.2.0","abruptx2CO2","global_tas","degC",2.63638858054129,2016,"hector"
"V3.2.0","abruptx2CO2","global_tas","degC",2.63747202497616,2017,"hector"
"V3.2.0","abruptx2CO2","global_tas","degC",2.63854858321443,2018,"hector"
"V3.2.0","abruptx2CO2","global_tas","degC",2.63961832959253,2019,"hector"
"V3.2.0","abruptx2CO2","global_tas","degC",2.64068133735856,2020,"hector"
"V3.2.0","abruptx2CO2","global_tas","degC",2.64173767869331,2021,"hector"
"V3.2.0","abruptx2CO2","global_tas","degC",2.64278742473077,2022,"hector"
"V3.2.0","abruptx2CO2","global_tas","degC",2.64383064557822,2023,"hector"
"V3.2.0","abruptx2CO2","global_tas","degC",2.64486741033573,2024,"hector"
"V3.2.0","abruptx2CO2","global_tas","degC",2.64589778711532,2025,"hector"
"V3.2.0","abruptx2CO2","global_tas","degC",2.64692184305964,2026,"hector"
"V3.2.0","abruptx2CO2","global_tas","degC",2.64793964436012,2027,"hector"
"V3.2.0","abruptx2CO2","global_tas","degC",2.64895125627485,2028,"hector"
"V3.2.0","abruptx2CO2","global_tas","degC",2.64995674314592,2029,"hector"
"V3.2.0","abruptx2CO2","global_tas","degC",2.65095616841646,2030,"hector"
"V3.2.0","abruptx2CO2","global_tas","degC",2.65194959464719,2031,"hector"
"V3.2.0","abruptx2CO2","global_tas","degC",2.65293708353267,2032,"hector"
"V3.2.0","abruptx2CO2","global_tas","degC",2.65391869591715,2033,"hector"
"V3.2.0","abruptx2CO2","global_tas","degC",2.65489449181005,2034,"hector"
"V3.2.0","abruptx2CO2","global_tas","degC",2.65586453040111,2035,"hector"
"V3.2.0","abruptx2CO2","global_tas","degC",2.65682887007521,2036,"hector"
"V3.2.0","abruptx2CO2","global_tas","degC",2.65778756842678,2037,"hector"
"V3.2.0","abruptx2CO2","global_tas","degC",2.65874068227403,2038,"hector"
"V3.2.0","abruptx2CO2","global_tas","degC",2.6596882676727,2039,"hector"
"V3.2.0","abruptx2CO2","global_tas","degC",2.66063037992962,2040,"hector"
"V3.2.0","abruptx2CO2","global_tas","degC",2.66156707361595,2041,"hector"
"V3.2.0","abruptx2CO2","global_tas","degC",2.66249840258007,2042,"hector"
"V3.2.0","abruptx2CO2","global_tas","degC",2.66342441996025,2043,"hector"
"V3.2.0","abruptx2CO2","global_tas","degC",2.66434517819704,2044,"hector"
"V3.2.0","abruptx2CO2","global_tas","degC",2.66526072904533,2045,"hector"
"V3.2.0","abruptx2CO2","global_tas","degC",2.66617112358622,2046,"hector"
"V3.2.0","abruptx2CO2","global_tas","degC",2.66707641223861,2047,"hector"
"V3.2.0","abruptx2CO2","global_tas","degC",2.66797664477052,2048,"hector"
"V3.2.0","abruptx2CO2","global_tas","degC",2.66887187031017,2049,"hector"
"V3.2.0","abruptx2CO2","global_tas","degC",2.66976213735685,2050,"hector"
"V3.2.0","abruptx2CO2","global_tas","degC",2.67064749379151,2051,"hector"
"V3.2.0","abruptx2CO2","global_tas","degC",2.6715279868872,2052,"hector"
"V3.2.0","abruptx2CO2","global_tas","degC",2.67240366331922,2053,"hector"
"V3.2.0","abruptx2CO2","global_tas","degC",2.67327456917507,2054,"hector"
"V3.2.0","abruptx2CO2","global_tas","degC",2.67414074996423,2055,"hector"
"V3.2.0","abruptx2CO2","global_tas","degC",2.67500225062769,2056,"hector"
"V3.2.0","abruptx2CO2","global_tas","degC",2.67585911554731,2057,"hector"
"V3.2.0","abruptx2CO2","global_tas","degC",2.67671138855495,2058,"hector"
"V3.2.0","abruptx2CO2","global_tas","degC",2.67755911294145,2059,"hector"
"V3.2.0","abruptx2CO2","global_tas","degC",2.67840233146541,2060,"hector"
"V3.2.0","abruptx2CO2","global_tas","degC",2.67924108636181,2061,"hector"
"V3.2.0","abruptx2CO2","global_tas","degC",2.68007541935035,2062,"hector"
"V3.2.0","abruptx2CO2","global_tas","degC",2.6809053716438,2063,"hector"
"V3.2.0","abruptx2CO2","global_tas","degC",2.68173098395604,2064,"hector"
"V3.2.0","abruptx2CO2","global_tas","degC",2.68255229650996,2065,"hector"
"V3.2.0","abruptx2CO2","global_tas","degC",2.68336934904524,2066,"hector"
"V3.2.0","abruptx2CO2","global_tas","degC",2.68418218082596,2067,"hector"
"V3.2.0","abruptx2CO2","global_tas","degC",2.68499083064802,2068,"hector"
"V3.2.0","abruptx2CO2","global_tas","degC",2.68579533684647,2069,"hector"
"V3.2.0","abruptx2CO2","global_tas","degC",2.68659573730266,2070,"hector"
"V3.2.0","abruptx2CO2","global_tas","degC",2.68739206945125,2071,"hector"
"V3.2.0","abruptx2CO2","global_tas","degC",2.68818437028706,2072,"hector"
"V3.2.0","abruptx2CO2","global_tas","degC",2.68897267637187,2073,"hector"
"V3.2.0","abruptx2CO2","global_tas","degC",2.68975702384096,2074,"hector"
"V3.2.0","abruptx2CO2","global_tas","degC",2.69053744840964,2075,"hector"
"V3.2.0","abruptx2CO2","global_tas","degC",2.69131398537958,2076,"hector"
"V3.2.0","abruptx2CO2","global_tas","degC",2.69208666964501,2077,"hector"
"V3.2.0","abruptx2CO2","global_tas","degC",2.6928555356989,2078,"hector"
"V3.2.0","abruptx2CO2","global_tas","degC",2.69362061763888,2079,"hector"
"V3.2.0","abruptx2CO2","global_tas","degC",2.69438194917316,2080,"hector"
"V3.2.0","abruptx2CO2","global_tas","degC",2.69513956362627,2081,"hector"
"V3.2.0","abruptx2CO2","global_tas","degC",2.69589349394471,2082,"hector"
"V3.2.0","abruptx2CO2","global_tas","degC",2.69664377270253,2083,"hector"
"V3.2.0","abruptx2CO2","global_tas","degC",2.69739043210672,2084,"hector"
"V3.2.0","abruptx2CO2","global_tas","degC",2.69813350400263,2085,"hector"
"V3.2.0","abruptx2CO2","global_tas","degC",2.6988730198791,2086,"hector"
"V3.2.0","abruptx2CO2","global_tas","degC",2.6996090108737,2087,"hector"
"V3.2.0","abruptx2CO2","global_tas","degC",2.7003415077777,2088,"hector"
"V3.2.0","abruptx2CO2","global_tas","degC",2.70107054104107,2089,"hector"
"V3.2.0","abruptx2CO2","global_tas","degC",2.70179614077733,2090,"hector"
"V3.2.0","abruptx2CO2","global_tas","degC",2.70251833676831,2091,"hector"
"V3.2.0","abruptx2CO2","global_tas","degC",2.70323715846885,2092,"hector"
"V3.2.0","abruptx2CO2","global_tas","degC",2.70395263501136,2093,"hector"
"V3.2.0","abruptx2CO2","global_tas","degC",2.70466479521038,2094,"hector"
"V3.2.0","abruptx2CO2","global_tas","degC",2.70537366756698,2095,"hector"
"V3.2.0","abruptx2CO2","global_tas","degC",2.70607928027313,2096,"hector"
"V3.2.0","abruptx2CO2","global_tas","degC",2.70678166121595,2097,"hector"
"V3.2.0","abruptx2CO2","global_tas","degC",2.70748083798196,2098,"hector"
"V3.2.0","abruptx2CO2","global_tas","degC",2.70817683786112,2099,"hector"
"V3.2.0","abruptx2CO2","global_tas","degC",2.70886968785094,2100,"hector"
"V3.2.0","abruptx2CO2","global_tas","degC",2.70955941466045,2101,"hector"
"V3.2.0","abruptx2CO2","global_tas","degC",2.71024604471408,2102,"hector"
"V3.2.0","abruptx2CO2","global_tas","degC",2.71092960415552,2103,"hector"
"V3.2.0","abruptx2CO2","global_tas","degC",2.71161011885148,2104,"hector"
"V3.2.0","abruptx2CO2","global_tas","degC",2.71228761439541,2105,"hector"
"V3.2.0","abruptx2CO2","global_tas","degC",2.71296211611112,2106,"hector"
"V3.2.0","abruptx2CO2","global_tas","degC",2.71363364905637,2107,"hector"
"V3.2.0","abruptx2CO2","global_tas","degC",2.71430223802638,2108,"hector"
"V3.2.0","abruptx2CO2","global_tas","degC",2.71496790755729,2109,"hector"
"V3.2.0","abruptx2CO2","global_tas","degC",2.71563068192957,2110,"hector"
"V3.2.0","abruptx2CO2","global_tas","degC",2.71629058517131,2111,"hector"
"V3.2.0","abruptx2CO2","global_tas","degC",2.71694764106157,2112,"hector"
"V3.2.0","abruptx2CO2","global_tas","degC",2.71760187313354,2113,"hector"
"V3.2.0","abruptx2CO2","global_tas","degC",2.71825330467775,2114,"hector"
"V3.2.0","abruptx2CO2","global_tas","degC",2.7189019587452,2115,"hector"
"V3.2.0","abruptx2CO2","global_tas","degC",2.71954785815039,2116,"hector"
"V3.2.0","abruptx2CO2","global_tas","degC",2.72019102547436,2117,"hector"
"V3.2.0","abruptx2CO2","global_tas","degC",2.72083148306765,2118,"hector"
"V3.2.0","abruptx2CO2","global_tas","degC",2.72146925305321,2119,"hector"
"V3.2.0","abruptx2CO2","global_tas","degC",2.7221043573293,2120,"hector"
"V3.2.0","abruptx2CO2","global_tas","degC",2.72273681757224,2121,"hector"
"V3.2.0","abruptx2CO2","global_tas","degC",2.72336665523928,2122,"hector"
"V3.2.0","abruptx2CO2","global_tas","degC",2.72399389157126,2123,"hector"
"V3.2.0","abruptx2CO2","global_tas","degC",2.72461854759532,2124,"hector"
"V3.2.0","abruptx2CO2","global_tas","degC",2.72524064412755,2125,"hector"
"V3.2.0","abruptx2CO2","global_tas","degC",2.72586020177559,2126,"hector"
"V3.2.0","abruptx2CO2","global_tas","degC",2.72647724094116,2127,"hector"
"V3.2.0","abruptx2CO2","global_tas","degC",2.72709178182264,2128,"hector"
"V3.2.0","abruptx2CO2","global_tas","degC",2.72770384441747,2129,"hector"
"V3.2.0","abruptx2CO2","global_tas","degC",2.72831344852466,2130,"hector"
"V3.2.0","abruptx2CO2","global_tas","degC",2.72892061374718,2131,"hector"
"V3.2.0","abruptx2CO2","global_tas","degC",2.72952535949426,2132,"hector"
"V3.2.0","abruptx2CO2","global_tas","degC",2.73012770498379,2133,"hector"
"V3.2.0","abruptx2CO2","global_tas","degC",2.73072766924459,2134,"hector"
"V3.2.0","abruptx2CO2","global_tas","degC",2.73132527111864,2135,"hector"
"V3.2.0","abruptx2CO2","global_tas","degC",2.73192052926334,2136,"hector"
"V3.2.0","abruptx2CO2","global_tas","degC",2.73251346215366,2137,"hector"
"V3.2.0","abruptx2CO2","global_tas","degC",2.73310408808434,2138,"hector"
"V3.2.0","abruptx2CO2","global_tas","degC",2.73369242517195,2139,"hector"
"V3.2.0","abruptx2CO2","global_tas","degC",2.73427849135703,2140,"hector"
"V3.2.0","abruptx2CO2","global_tas","degC",2.7348623044061,2141,"hector"
"V3.2.0","abruptx2CO2","global_tas","degC",2.73544388191374,2142,"hector"
"V3.2.0","abruptx2CO2","global_tas","degC",2.73602324130453,2143,"hector"
"V3.2.0","abruptx2CO2","global_tas","degC",2.73660039983506,2144,"hector"
"V3.2.0","abruptx2CO2","global_tas","degC",2.73717537459587,2145,"hector"
"V3.2.0","abruptx2CO2","global_tas","degC",2.73774818251331,2146,"hector"
"V3.2.0","abruptx2CO2","global_tas","degC",2.73831884035146,2147,"hector"
"V3.2.0","abruptx2CO2","global_tas","degC",2.73888736471398,2148,"hector"
"V3.2.0","abruptx2CO2","global_tas","degC",2.73945377204591,2149,"hector"
"V3.2.0","abruptx2CO2","global_tas","degC",2.7400180786355,2150,"hector"
"V3.2.0","abruptx2CO2","global_tas","degC",2.74058030061595,2151,"hector"
"V3.2.0","abruptx2CO2","global_tas","degC",2.74114045396721,2152,"hector"
"V3.2.0","abruptx2CO2","global_tas","degC",2.74169855451765,2153,"hector"
"V3.2.0","abruptx2CO2","global_tas","degC",2.74225461794578,2154,"hector"
"V3.2.0","abruptx2CO2","global_tas","degC",2.74280865978193,2155,"hector"
"V3.2.0","abruptx2CO2","global_tas","degC",2.74336069540986,2156,"hector"
"V3.2.0","abruptx2CO2","global_tas","degC",2.74391074006844,2157,"hector"
"V3.2.0","abruptx2CO2","global_tas","degC",2.74445880885323,2158,"hector"
"V3.2.0","abruptx2CO2","global_tas","degC",2.74500491671805,2159,"hector"
"V3.2.0","abruptx2CO2","global_tas","degC",2.74554907847658,2160,"hector"
"V3.2.0","abruptx2CO2","global_tas","degC",2.74609130880383,2161,"hector"
"V3.2.0","abruptx2CO2","global_tas","degC",2.74663162223772,2162,"hector"
"V3.2.0","abruptx2CO2","global_tas","degC",2.74717003318054,2163,"hector"
"V3.2.0","abruptx2CO2","global_tas","degC",2.74770655590044,2164,"hector"
"V3.2.0","abruptx2CO2","global_tas","degC",2.74824120453287,2165,"hector"
"V3.2.0","abruptx2CO2","global_tas","degC",2.74877399308203,2166,"hector"
"V3.2.0","abruptx2CO2","global_tas","degC",2.74930493542229,2167,"hector"
"V3.2.0","abruptx2CO2","global_tas","degC",2.74983404529956,2168,"hector"
"V3.2.0","abruptx2CO2","global_tas","degC",2.75036133633268,2169,"hector"
"V3.2.0","abruptx2CO2","global_tas","degC",2.7508868220148,2170,"hector"
"V3.2.0","abruptx2CO2","global_tas","degC",2.75141051571469,2171,"hector"
"V3.2.0","abruptx2CO2","global_tas","degC",2.75193243067807,2172,"hector"
"V3.2.0","abruptx2CO2","global_tas","degC",2.75245258002894,2173,"hector"
"V3.2.0","abruptx2CO2","global_tas","degC",2.75297097677083,2174,"hector"
"V3.2.0","abruptx2CO2","global_tas","degC",2.75348763378811,2175,"hector"
"V3.2.0","abruptx2CO2","global_tas","degC",2.7540025638472,2176,"hector"
"V3.2.0","abruptx2CO2","global_tas","degC",2.75451577959785,2177,"hector"
"V3.2.0","abruptx2CO2","global_tas","degC",2.75502729357434,2178,"hector"
"V3.2.0","abruptx2CO2","global_tas","degC",2.75553711819668,2179,"hector"
"V3.2.0","abruptx2CO2","global_tas","degC",2.75604526577184,2180,"hector"
"V3.2.0","abruptx2CO2","global_tas","degC",2.7565517484949,2181,"hector"
"V3.2.0","abruptx2CO2","global_tas","degC",2.7570565784502,2182,"hector"
"V3.2.0","abruptx2CO2","global_tas","degC",2.75755976761247,2183,"hector"
"V3.2.0","abruptx2CO2","global_tas","degC",2.75806132784802,2184,"hector"
"V3.2.0","abruptx2CO2","global_tas","degC",2.75856127091581,2185,"hector"
"V3.2.0","abruptx2CO2","global_tas","degC",2.75905960846857,2186,"hector"
"V3.2.0","abruptx2CO2","global_tas","degC",2.75955635205386,2187,"hector"
"V3.2.0","abruptx2CO2","global_tas","degC",2.76005151311521,2188,"hector"
"V3.2.0","abruptx2CO2","global_tas","degC",2.76054510299311,2189,"hector"
"V3.2.0","abruptx2CO2","global_tas","degC",2.76103713292611,2190,"hector"
"V3.2.0","abruptx2CO2","global_tas","degC",2.76152761405183,2191,"hector"
"V3.2.0","abruptx2CO2","global_tas","degC",2.76201655740799,2192,"hector"
"V3.2.0","abruptx2CO2","global_tas","degC",2.76250397393343,2193,"hector"
"V3.2.0","abruptx2CO2","global_tas","degC",2.76298987446908,2194,"hector"
"V3.2.0","abruptx2CO2","global_tas","degC",2.76347426975897,2195,"hector"
"V3.2.0","abruptx2CO2","global_tas","degC",2.76395717045121,2196,"hector"
"V3.2.0","abruptx2CO2","global_tas","degC",2.76443858709891,2197,"hector"
"V3.2.0","abruptx2CO2","global_tas","degC",2.7649185301612,2198,"hector"
"V3.2.0","abruptx2CO2","global_tas","degC",2.76539701000411,2199,"hector"
"V3.2.0","abruptx2CO2","global_tas","degC",2.76587403690152,2200,"hector"
"V3.2.0","abruptx2CO2","global_tas","degC",2.76634962103608,2201,"hector"
"V3.2.0","abruptx2CO2","global_tas","degC",2.76682377250011,2202,"hector"
"V3.2.0","abruptx2CO2","global_tas","degC",2.76729650129648,2203,"hector"
"V3.2.0","abruptx2CO2","global_tas","degC",2.76776781733953,2204,"hector"
"V3.2.0","abruptx2CO2","global_tas","degC",2.76823773045592,2205,"hector"
"V3.2.0","abruptx2CO2","global_tas","degC",2.7687062503855,2206,"hector"
"V3.2.0","abruptx2CO2","global_tas","degC",2.76917338678215,2207,"hector"
"V3.2.0","abruptx2CO2","global_tas","degC",2.76963914921465,2208,"hector"
"V3.2.0","abruptx2CO2","global_tas","degC",2.77010354716751,2209,"hector"
"V3.2.0","abruptx2CO2","global_tas","degC",2.77056659004176,2210,"hector"
"V3.2.0","abruptx2CO2","global_tas","degC",2.77102828715581,2211,"hector"
"V3.2.0","abruptx2CO2","global_tas","degC",2.77148864774624,2212,"hector"
"V3.2.0","abruptx2CO2","global_tas","degC",2.77194768096856,2213,"hector"
"V3.2.0","abruptx2CO2","global_tas","degC",2.77240539589806,2214,"hector"
"V3.2.0","abruptx2CO2","global_tas","degC",2.77286180153053,2215,"hector"
"V3.2.0","abruptx2CO2","global_tas","degC",2.77331690678307,2216,"hector"
"V3.2.0","abruptx2CO2","global_tas","degC",2.77377072049484,2217,"hector"
"V3.2.0","abruptx2CO2","global_tas","degC",2.77422325142782,2218,"hector"
"V3.2.0","abruptx2CO2","global_tas","degC",2.77467450826754,2219,"hector"
"V3.2.0","abruptx2CO2","global_tas","degC",2.7751244996238,2220,"hector"
"V3.2.0","abruptx2CO2","global_tas","degC",2.77557323403142,2221,"hector"
"V3.2.0","abruptx2CO2","global_tas","degC",2.77602071995097,2222,"hector"
"V3.2.0","abruptx2CO2","global_tas","degC",2.77646696576946,2223,"hector"
"V3.2.0","abruptx2CO2","global_tas","degC",2.77691197980103,2224,"hector"
"V3.2.0","abruptx2CO2","global_tas","degC",2.77735577028767,2225,"hector"
"V3.2.0","abruptx2CO2","global_tas","degC",2.77779834539993,2226,"hector"
"V3.2.0","abruptx2CO2","global_tas","degC",2.77823971323752,2227,"hector"
"V3.2.0","abruptx2CO2","global_tas","degC",2.77867988183009,2228,"hector"
"V3.2.0","abruptx2CO2","global_tas","degC",2.7791188591378,2229,"hector"
"V3.2.0","abruptx2CO2","global_tas","degC",2.77955665305204,2230,"hector"
"V3.2.0","abruptx2CO2","global_tas","degC",2.77999327139604,2231,"hector"
"V3.2.0","abruptx2CO2","global_tas","degC",2.78042872192555,2232,"hector"
"V3.2.0","abruptx2CO2","global_tas","degC",2.78086301232945,2233,"hector"
"V3.2.0","abruptx2CO2","global_tas","degC",2.78129615023038,2234,"hector"
"V3.2.0","abruptx2CO2","global_tas","degC",2.78172814318539,2235,"hector"
"V3.2.0","abruptx2CO2","global_tas","degC",2.78215899868652,2236,"hector"
"V3.2.0","abruptx2CO2","global_tas","degC",2.78258872416145,2237,"hector"
"V3.2.0","abruptx2CO2","global_tas","degC",2.78301732697407,2238,"hector"
"V3.2.0","abruptx2CO2","global_tas","degC",2.7834448144251,2239,"hector"
"V3.2.0","abruptx2CO2","global_tas","degC",2.78387119375266,2240,"hector"
"V3.2.0","abruptx2CO2","global_tas","degC",2.78429647213287,2241,"hector"
"V3.2.0","abruptx2CO2","global_tas","degC",2.78472065668042,2242,"hector"
"V3.2.0","abruptx2CO2","global_tas","degC",2.78514375444915,2243,"hector"
"V3.2.0","abruptx2CO2","global_tas","degC",2.78556577243261,2244,"hector"
"V3.2.0","abruptx2CO2","global_tas","degC",2.78598671756462,2245,"hector"
"V3.2.0","abruptx2CO2","global_tas","degC",2.78640659671982,2246,"hector"
"V3.2.0","abruptx2CO2","global_tas","degC",2.78682541671425,2247,"hector"
"V3.2.0","abruptx2CO2","global_tas","degC",2.78724318430583,2248,"hector"
"V3.2.0","abruptx2CO2","global_tas","degC",2.78765990619496,2249,"hector"
"V3.2.0","abruptx2CO2","global_tas","degC",2.78807558902503,2250,"hector"
"V3.2.0","abruptx2CO2","global_tas","degC",2.78849023938294,2251,"hector"
"V3.2.0","abruptx2CO2","global_tas","degC",2.78890386379963,2252,"hector"
"V3.2.0","abruptx2CO2","global_tas","degC",2.78931646875058,2253,"hector"
"V3.2.0","abruptx2CO2","global_tas","degC",2.78972806065633,2254,"hector"
"V3.2.0","abruptx2CO2","global_tas","degC",2.79013864588299,2255,"hector"
"V3.2.0","abruptx2CO2","global_tas","degC",2.79054823074272,2256,"hector"
"V3.2.0","abruptx2CO2","global_tas","degC",2.79095682149427,2257,"hector"
"V3.2.0","abruptx2CO2","global_tas","degC",2.7913644243434,2258,"hector"
"V3.2.0","abruptx2CO2","global_tas","degC",2.79177104544345,2259,"hector"
"V3.2.0","abruptx2CO2","global_tas","degC",2.79217669089575,2260,"hector"
"V3.2.0","abruptx2CO2","global_tas","degC",2.79258136675011,2261,"hector"
"V3.2.0","abruptx2CO2","global_tas","degC",2.79298507900532,2262,"hector"
"V3.2.0","abruptx2CO2","global_tas","degC",2.79338783360958,2263,"hector"
"V3.2.0","abruptx2CO2","global_tas","degC",2.79378963646098,2264,"hector"
"V3.2.0","abruptx2CO2","global_tas","degC",2.79419049340797,2265,"hector"
"V3.2.0","abruptx2CO2","global_tas","degC",2.79459041024976,2266,"hector"
"V3.2.0","abruptx2CO2","global_tas","degC",2.79498939273685,2267,"hector"
"V3.2.0","abruptx2CO2","global_tas","degC",2.79538744657138,2268,"hector"
"V3.2.0","abruptx2CO2","global_tas","degC",2.79578457740763,2269,"hector"
"V3.2.0","abruptx2CO2","global_tas","degC",2.79618079085242,2270,"hector"
"V3.2.0","abruptx2CO2","global_tas","degC",2.79657609246559,2271,"hector"
"V3.2.0","abruptx2CO2","global_tas","degC",2.79697048776036,2272,"hector"
"V3.2.0","abruptx2CO2","global_tas","degC",2.79736398220379,2273,"hector"
"V3.2.0","abruptx2CO2","global_tas","degC",2.7977565812172,2274,"hector"
"V3.2.0","abruptx2CO2","global_tas","degC",2.79814829017656,2275,"hector"
"V3.2.0","abruptx2CO2","global_tas","degC",2.79853911441293,2276,"hector"
"V3.2.0","abruptx2CO2","global_tas","degC",2.79892905921281,2277,"hector"
"V3.2.0","abruptx2CO2","global_tas","degC",2.79931812981861,2278,"hector"
"V3.2.0","abruptx2CO2","global_tas","degC",2.79970633142901,2279,"hector"
"V3.2.0","abruptx2CO2","global_tas","degC",2.80009366919934,2280,"hector"
"V3.2.0","abruptx2CO2","global_tas","degC",2.80048014824201,2281,"hector"
"V3.2.0","abruptx2CO2","global_tas","degC",2.80086577362687,2282,"hector"
"V3.2.0","abruptx2CO2","global_tas","degC",2.80125055038158,2283,"hector"
"V3.2.0","abruptx2CO2","global_tas","degC",2.801634483492,2284,"hector"
"V3.2.0","abruptx2CO2","global_tas","degC",2.80201757790259,2285,"hector"
"V3.2.0","abruptx2CO2","global_tas","degC",2.80239983851673,2286,"hector"
"V3.2.0","abruptx2CO2","global_tas","degC",2.80278127019713,2287,"hector"
"V3.2.0","abruptx2CO2","global_tas","degC",2.80316187776618,2288,"hector"
"V3.2.0","abruptx2CO2","global_tas","degC",2.80354166600632,2289,"hector"
"V3.2.0","abruptx2CO2","global_tas","degC",2.80392063966036,2290,"hector"
"V3.2.0","abruptx2CO2","global_tas","degC",2.80429880343188,2291,"hector"
"V3.2.0","abruptx2CO2","global_tas","degC",2.80467616198555,2292,"hector"
"V3.2.0","abruptx2CO2","global_tas","degC",2.8050527199475,2293,"hector"
"V3.2.0","abruptx2CO2","global_tas","degC",2.80542848190563,2294,"hector"
"V3.2.0","abruptx2CO2","global_tas","degC",2.80580345240999,2295,"hector"
"V3.2.0","abruptx2CO2","global_tas","degC",2.80617763597307,2296,"hector"
"V3.2.0","abruptx2CO2","global_tas","degC",2.80655103707019,2297,"hector"
"V3.2.0","abruptx2CO2","global_tas","degC",2.80692366013978,2298,"hector"
"V3.2.0","abruptx2CO2","global_tas","degC",2.80729550958372,2299,"hector"
"V3.2.0","abruptx2CO2","global_tas","degC",2.8076665897677,2300,"hector"
"V3.2.0","abruptx2CO2","RF_tot","W/m2",0,1750,"hector"
"V3.2.0","abruptx2CO2","RF_tot","W/m2",0,1751,"hector"
"V3.2.0","abruptx2CO2","RF_tot","W/m2",0,1752,"hector"
"V3.2.0","abruptx2CO2","RF_tot","W/m2",0,1753,"hector"
"V3.2.0","abruptx2CO2","RF_tot","W/m2",0,1754,"hector"
"V3.2.0","abruptx2CO2","RF_tot","W/m2",0,1755,"hector"
"V3.2.0","abruptx2CO2","RF_tot","W/m2",0,1756,"hector"
"V3.2.0","abruptx2CO2","RF_tot","W/m2",0,1757,"hector"
"V3.2.0","abruptx2CO2","RF_tot","W/m2",0,1758,"hector"
"V3.2.0","abruptx2CO2","RF_tot","W/m2",0,1759,"hector"
"V3.2.0","abruptx2CO2","RF_tot","W/m2",0,1760,"hector"
"V3.2.0","abruptx2CO2","RF_tot","W/m2",0,1761,"hector"
"V3.2.0","abruptx2CO2","RF_tot","W/m2",0,1762,"hector"
"V3.2.0","abruptx2CO2","RF_tot","W/m2",0,1763,"hector"
"V3.2.0","abruptx2CO2","RF_tot","W/m2",0,1764,"hector"
"V3.2.0","abruptx2CO2","RF_tot","W/m2",0,1765,"hector"
"V3.2.0","abruptx2CO2","RF_tot","W/m2",0,1766,"hector"
"V3.2.0","abruptx2CO2","RF_tot","W/m2",0,1767,"hector"
"V3.2.0","abruptx2CO2","RF_tot","W/m2",0,1768,"hector"
"V3.2.0","abruptx2CO2","RF_tot","W/m2",0,1769,"hector"
"V3.2.0","abruptx2CO2","RF_tot","W/m2",0,1770,"hector"
"V3.2.0","abruptx2CO2","RF_tot","W/m2",0,1771,"hector"
"V3.2.0","abruptx2CO2","RF_tot","W/m2",0,1772,"hector"
"V3.2.0","abruptx2CO2","RF_tot","W/m2",0,1773,"hector"
"V3.2.0","abruptx2CO2","RF_tot","W/m2",0,1774,"hector"
"V3.2.0","abruptx2CO2","RF_tot","W/m2",0,1775,"hector"
"V3.2.0","abruptx2CO2","RF_tot","W/m2",0,1776,"hector"
"V3.2.0","abruptx2CO2","RF_tot","W/m2",0,1777,"hector"
"V3.2.0","abruptx2CO2","RF_tot","W/m2",0,1778,"hector"
"V3.2.0","abruptx2CO2","RF_tot","W/m2",0,1779,"hector"
"V3.2.0","abruptx2CO2","RF_tot","W/m2",0,1780,"hector"
"V3.2.0","abruptx2CO2","RF_tot","W/m2",0,1781,"hector"
"V3.2.0","abruptx2CO2","RF_tot","W/m2",0,1782,"hector"
"V3.2.0","abruptx2CO2","RF_tot","W/m2",0,1783,"hector"
"V3.2.0","abruptx2CO2","RF_tot","W/m2",0,1784,"hector"
"V3.2.0","abruptx2CO2","RF_tot","W/m2",0,1785,"hector"
"V3.2.0","abruptx2CO2","RF_tot","W/m2",0,1786,"hector"
"V3.2.0","abruptx2CO2","RF_tot","W/m2",0,1787,"hector"
"V3.2.0","abruptx2CO2","RF_tot","W/m2",0,1788,"hector"
"V3.2.0","abruptx2CO2","RF_tot","W/m2",0,1789,"hector"
"V3.2.0","abruptx2CO2","RF_tot","W/m2",0,1790,"hector"
"V3.2.0","abruptx2CO2","RF_tot","W/m2",0,1791,"hector"
"V3.2.0","abruptx2CO2","RF_tot","W/m2",0,1792,"hector"
"V3.2.0","abruptx2CO2","RF_tot","W/m2",0,1793,"hector"
"V3.2.0","abruptx2CO2","RF_tot","W/m2",0,1794,"hector"
"V3.2.0","abruptx2CO2","RF_tot","W/m2",0,1795,"hector"
"V3.2.0","abruptx2CO2","RF_tot","W/m2",0,1796,"hector"
"V3.2.0","abruptx2CO2","RF_tot","W/m2",0,1797,"hector"
"V3.2.0","abruptx2CO2","RF_tot","W/m2",0,1798,"hector"
"V3.2.0","abruptx2CO2","RF_tot","W/m2",0,1799,"hector"
"V3.2.0","abruptx2CO2","RF_tot","W/m2",3.93320770902593,1800,"hector"
"V3.2.0","abruptx2CO2","RF_tot","W/m2",3.93320770902593,1801,"hector"
"V3.2.0","abruptx2CO2","RF_tot","W/m2",3.93320770902593,1802,"hector"
"V3.2.0","abruptx2CO2","RF_tot","W/m2",3.93320770902593,1803,"hector"
"V3.2.0","abruptx2CO2","RF_tot","W/m2",3.93320770902593,1804,"hector"
"V3.2.0","abruptx2CO2","RF_tot","W/m2",3.93320770902593,1805,"hector"
"V3.2.0","abruptx2CO2","RF_tot","W/m2",3.93320770902593,1806,"hector"
"V3.2.0","abruptx2CO2","RF_tot","W/m2",3.93320770902593,1807,"hector"
"V3.2.0","abruptx2CO2","RF_tot","W/m2",3.93320770902593,1808,"hector"
"V3.2.0","abruptx2CO2","RF_tot","W/m2",3.93320770902593,1809,"hector"
"V3.2.0","abruptx2CO2","RF_tot","W/m2",3.93320770902593,1810,"hector"
"V3.2.0","abruptx2CO2","RF_tot","W/m2",3.93320770902593,1811,"hector"
"V3.2.0","abruptx2CO2","RF_tot","W/m2",3.93320770902593,1812,"hector"
"V3.2.0","abruptx2CO2","RF_tot","W/m2",3.93320770902593,1813,"hector"
"V3.2.0","abruptx2CO2","RF_tot","W/m2",3.93320770902593,1814,"hector"
"V3.2.0","abruptx2CO2","RF_tot","W/m2",3.93320770902593,1815,"hector"
"V3.2.0","abruptx2CO2","RF_tot","W/m2",3.93320770902593,1816,"hector"
"V3.2.0","abruptx2CO2","RF_tot","W/m2",3.93320770902593,1817,"hector"
"V3.2.0","abruptx2CO2","RF_tot","W/m2",3.93320770902593,1818,"hector"
"V3.2.0","abruptx2CO2","RF_tot","W/m2",3.93320770902593,1819,"hector"
"V3.2.0","abruptx2CO2","RF_tot","W/m2",3.93320770902593,1820,"hector"
"V3.2.0","abruptx2CO2","RF_tot","W/m2",3.93320770902593,1821,"hector"
"V3.2.0","abruptx2CO2","RF_tot","W/m2",3.93320770902593,1822,"hector"
"V3.2.0","abruptx2CO2","RF_tot","W/m2",3.93320770902593,1823,"hector"
"V3.2.0","abruptx2CO2","RF_tot","W/m2",3.93320770902593,1824,"hector"
"V3.2.0","abruptx2CO2","RF_tot","W/m2",3.93320770902593,1825,"hector"
"V3.2.0","abruptx2CO2","RF_tot","W/m2",3.93320770902593,1826,"hector"
"V3.2.0","abruptx2CO2","RF_tot","W/m2",3.93320770902593,1827,"hector"
"V3.2.0","abruptx2CO2","RF_tot","W/m2",3.93320770902593,1828,"hector"
"V3.2.0","abruptx2CO2","RF_tot","W/m2",3.93320770902593,1829,"hector"
"V3.2.0","abruptx2CO2","RF_tot","W/m2",3.93320770902593,1830,"hector"
"V3.2.0","abruptx2CO2","RF_tot","W/m2",3.93320770902593,1831,"hector"
"V3.2.0","abruptx2CO2","RF_tot","W/m2",3.93320770902593,1832,"hector"
"V3.2.0","abruptx2CO2","RF_tot","W/m2",3.93320770902593,1833,"hector"
"V3.2.0","abruptx2CO2","RF_tot","W/m2",3.93320770902593,1834,"hector"
"V3.2.0","abruptx2CO2","RF_tot","W/m2",3.93320770902593,1835,"hector"
"V3.2.0","abruptx2CO2","RF_tot","W/m2",3.93320770902593,1836,"hector"
"V3.2.0","abruptx2CO2","RF_tot","W/m2",3.93320770902593,1837,"hector"
"V3.2.0","abruptx2CO2","RF_tot","W/m2",3.93320770902593,1838,"hector"
"V3.2.0","abruptx2CO2","RF_tot","W/m2",3.93320770902593,1839,"hector"
"V3.2.0","abruptx2CO2","RF_tot","W/m2",3.93320770902593,1840,"hector"
"V3.2.0","abruptx2CO2","RF_tot","W/m2",3.93320770902593,1841,"hector"
"V3.2.0","abruptx2CO2","RF_tot","W/m2",3.93320770902593,1842,"hector"
"V3.2.0","abruptx2CO2","RF_tot","W/m2",3.93320770902593,1843,"hector"
"V3.2.0","abruptx2CO2","RF_tot","W/m2",3.93320770902593,1844,"hector"
"V3.2.0","abruptx2CO2","RF_tot","W/m2",3.93320770902593,1845,"hector"
"V3.2.0","abruptx2CO2","RF_tot","W/m2",3.93320770902593,1846,"hector"
"V3.2.0","abruptx2CO2","RF_tot","W/m2",3.93320770902593,1847,"hector"
"V3.2.0","abruptx2CO2","RF_tot","W/m2",3.93320770902593,1848,"hector"
"V3.2.0","abruptx2CO2","RF_tot","W/m2",3.93320770902593,1849,"hector"
"V3.2.0","abruptx2CO2","RF_tot","W/m2",3.93320770902593,1850,"hector"
"V3.2.0","abruptx2CO2","RF_tot","W/m2",3.93320770902593,1851,"hector"
"V3.2.0","abruptx2CO2","RF_tot","W/m2",3.93320770902593,1852,"hector"
"V3.2.0","abruptx2CO2","RF_tot","W/m2",3.93320770902593,1853,"hector"
"V3.2.0","abruptx2CO2","RF_tot","W/m2",3.93320770902593,1854,"hector"
"V3.2.0","abruptx2CO2","RF_tot","W/m2",3.93320770902593,1855,"hector"
"V3.2.0","abruptx2CO2","RF_tot","W/m2",3.93320770902593,1856,"hector"
"V3.2.0","abruptx2CO2","RF_tot","W/m2",3.93320770902593,1857,"hector"
"V3.2.0","abruptx2CO2","RF_tot","W/m2",3.93320770902593,1858,"hector"
"V3.2.0","abruptx2CO2","RF_tot","W/m2",3.93320770902593,1859,"hector"
"V3.2.0","abruptx2CO2","RF_tot","W/m2",3.93320770902593,1860,"hector"
"V3.2.0","abruptx2CO2","RF_tot","W/m2",3.93320770902593,1861,"hector"
"V3.2.0","abruptx2CO2","RF_tot","W/m2",3.93320770902593,1862,"hector"
"V3.2.0","abruptx2CO2","RF_tot","W/m2",3.93320770902593,1863,"hector"
"V3.2.0","abruptx2CO2","RF_tot","W/m2",3.93320770902593,1864,"hector"
"V3.2.0","abruptx2CO2","RF_tot","W/m2",3.93320770902593,1865,"hector"
"V3.2.0","abruptx2CO2","RF_tot","W/m2",3.93320770902593,1866,"hector"
"V3.2.0","abruptx2CO2","RF_tot","W/m2",3.93320770902593,1867,"hector"
"V3.2.0","abruptx2CO2","RF_tot","W/m2",3.93320770902593,1868,"hector"
"V3.2.0","abruptx2CO2","RF_tot","W/m2",3.93320770902593,1869,"hector"
"V3.2.0","abruptx2CO2","RF_tot","W/m2",3.93320770902593,1870,"hector"
"V3.2.0","abruptx2CO2","RF_tot","W/m2",3.93320770902593,1871,"hector"
"V3.2.0","abruptx2CO2","RF_tot","W/m2",3.93320770902593,1872,"hector"
"V3.2.0","abruptx2CO2","RF_tot","W/m2",3.93320770902593,1873,"hector"
"V3.2.0","abruptx2CO2","RF_tot","W/m2",3.93320770902593,1874,"hector"
"V3.2.0","abruptx2CO2","RF_tot","W/m2",3.93320770902593,1875,"hector"
"V3.2.0","abruptx2CO2","RF_tot","W/m2",3.93320770902593,1876,"hector"
"V3.2.0","abruptx2CO2","RF_tot","W/m2",3.93320770902593,1877,"hector"
"V3.2.0","abruptx2CO2","RF_tot","W/m2",3.93320770902593,1878,"hector"
"V3.2.0","abruptx2CO2","RF_tot","W/m2",3.93320770902593,1879,"hector"
"V3.2.0","abruptx2CO2","RF_tot","W/m2",3.93320770902593,1880,"hector"
"V3.2.0","abruptx2CO2","RF_tot","W/m2",3.93320770902593,1881,"hector"
"V3.2.0","abruptx2CO2","RF_tot","W/m2",3.93320770902593,1882,"hector"
"V3.2.0","abruptx2CO2","RF_tot","W/m2",3.93320770902593,1883,"hector"
"V3.2.0","abruptx2CO2","RF_tot","W/m2",3.93320770902593,1884,"hector"
"V3.2.0","abruptx2CO2","RF_tot","W/m2",3.93320770902593,1885,"hector"
"V3.2.0","abruptx2CO2","RF_tot","W/m2",3.93320770902593,1886,"hector"
"V3.2.0","abruptx2CO2","RF_tot","W/m2",3.93320770902593,1887,"hector"
"V3.2.0","abruptx2CO2","RF_tot","W/m2",3.93320770902593,1888,"hector"
"V3.2.0","abruptx2CO2","RF_tot","W/m2",3.93320770902593,1889,"hector"
"V3.2.0","abruptx2CO2","RF_tot","W/m2",3.93320770902593,1890,"hector"
"V3.2.0","abruptx2CO2","RF_tot","W/m2",3.93320770902593,1891,"hector"
"V3.2.0","abruptx2CO2","RF_tot","W/m2",3.93320770902593,1892,"hector"
"V3.2.0","abruptx2CO2","RF_tot","W/m2",3.93320770902593,1893,"hector"
"V3.2.0","abruptx2CO2","RF_tot","W/m2",3.93320770902593,1894,"hector"
"V3.2.0","abruptx2CO2","RF_tot","W/m2",3.93320770902593,1895,"hector"
"V3.2.0","abruptx2CO2","RF_tot","W/m2",3.93320770902593,1896,"hector"
"V3.2.0","abruptx2CO2","RF_tot","W/m2",3.93320770902593,1897,"hector"
"V3.2.0","abruptx2CO2","RF_tot","W/m2",3.93320770902593,1898,"hector"
"V3.2.0","abruptx2CO2","RF_tot","W/m2",3.93320770902593,1899,"hector"
"V3.2.0","abruptx2CO2","RF_tot","W/m2",3.93320770902593,1900,"hector"
"V3.2.0","abruptx2CO2","RF_tot","W/m2",3.93320770902593,1901,"hector"
"V3.2.0","abruptx2CO2","RF_tot","W/m2",3.93320770902593,1902,"hector"
"V3.2.0","abruptx2CO2","RF_tot","W/m2",3.93320770902593,1903,"hector"
"V3.2.0","abruptx2CO2","RF_tot","W/m2",3.93320770902593,1904,"hector"
"V3.2.0","abruptx2CO2","RF_tot","W/m2",3.93320770902593,1905,"hector"
"V3.2.0","abruptx2CO2","RF_tot","W/m2",3.93320770902593,1906,"hector"
"V3.2.0","abruptx2CO2","RF_tot","W/m2",3.93320770902593,1907,"hector"
"V3.2.0","abruptx2CO2","RF_tot","W/m2",3.93320770902593,1908,"hector"
"V3.2.0","abruptx2CO2","RF_tot","W/m2",3.93320770902593,1909,"hector"
"V3.2.0","abruptx2CO2","RF_tot","W/m2",3.93320770902593,1910,"hector"
"V3.2.0","abruptx2CO2","RF_tot","W/m2",3.93320770902593,1911,"hector"
"V3.2.0","abruptx2CO2","RF_tot","W/m2",3.93320770902593,1912,"hector"
"V3.2.0","abruptx2CO2","RF_tot","W/m2",3.93320770902593,1913,"hector"
"V3.2.0","abruptx2CO2","RF_tot","W/m2",3.93320770902593,1914,"hector"
"V3.2.0","abruptx2CO2","RF_tot","W/m2",3.93320770902593,1915,"hector"
"V3.2.0","abruptx2CO2","RF_tot","W/m2",3.93320770902593,1916,"hector"
"V3.2.0","abruptx2CO2","RF_tot","W/m2",3.93320770902593,1917,"hector"
"V3.2.0","abruptx2CO2","RF_tot","W/m2",3.93320770902593,1918,"hector"
"V3.2.0","abruptx2CO2","RF_tot","W/m2",3.93320770902593,1919,"hector"
"V3.2.0","abruptx2CO2","RF_tot","W/m2",3.93320770902593,1920,"hector"
"V3.2.0","abruptx2CO2","RF_tot","W/m2",3.93320770902593,1921,"hector"
"V3.2.0","abruptx2CO2","RF_tot","W/m2",3.93320770902593,1922,"hector"
"V3.2.0","abruptx2CO2","RF_tot","W/m2",3.93320770902593,1923,"hector"
"V3.2.0","abruptx2CO2","RF_tot","W/m2",3.93320770902593,1924,"hector"
"V3.2.0","abruptx2CO2","RF_tot","W/m2",3.93320770902593,1925,"hector"
"V3.2.0","abruptx2CO2","RF_tot","W/m2",3.93320770902593,1926,"hector"
"V3.2.0","abruptx2CO2","RF_tot","W/m2",3.93320770902593,1927,"hector"
"V3.2.0","abruptx2CO2","RF_tot","W/m2",3.93320770902593,1928,"hector"
"V3.2.0","abruptx2CO2","RF_tot","W/m2",3.93320770902593,1929,"hector"
"V3.2.0","abruptx2CO2","RF_tot","W/m2",3.93320770902593,1930,"hector"
"V3.2.0","abruptx2CO2","RF_tot","W/m2",3.93320770902593,1931,"hector"
"V3.2.0","abruptx2CO2","RF_tot","W/m2",3.93320770902593,1932,"hector"
"V3.2.0","abruptx2CO2","RF_tot","W/m2",3.93320770902593,1933,"hector"
"V3.2.0","abruptx2CO2","RF_tot","W/m2",3.93320770902593,1934,"hector"
"V3.2.0","abruptx2CO2","RF_tot","W/m2",3.93320770902593,1935,"hector"
"V3.2.0","abruptx2CO2","RF_tot","W/m2",3.93320770902593,1936,"hector"
"V3.2.0","abruptx2CO2","RF_tot","W/m2",3.93320770902593,1937,"hector"
"V3.2.0","abruptx2CO2","RF_tot","W/m2",3.93320770902593,1938,"hector"
"V3.2.0","abruptx2CO2","RF_tot","W/m2",3.93320770902593,1939,"hector"
"V3.2.0","abruptx2CO2","RF_tot","W/m2",3.93320770902593,1940,"hector"
"V3.2.0","abruptx2CO2","RF_tot","W/m2",3.93320770902593,1941,"hector"
"V3.2.0","abruptx2CO2","RF_tot","W/m2",3.93320770902593,1942,"hector"
"V3.2.0","abruptx2CO2","RF_tot","W/m2",3.93320770902593,1943,"hector"
"V3.2.0","abruptx2CO2","RF_tot","W/m2",3.93320770902593,1944,"hector"
"V3.2.0","abruptx2CO2","RF_tot","W/m2",3.93320770902593,1945,"hector"
"V3.2.0","abruptx2CO2","RF_tot","W/m2",3.93320770902593,1946,"hector"
"V3.2.0","abruptx2CO2","RF_tot","W/m2",3.93320770902593,1947,"hector"
"V3.2.0","abruptx2CO2","RF_tot","W/m2",3.93320770902593,1948,"hector"
"V3.2.0","abruptx2CO2","RF_tot","W/m2",3.93320770902593,1949,"hector"
"V3.2.0","abruptx2CO2","RF_tot","W/m2",3.93320770902593,1950,"hector"
"V3.2.0","abruptx2CO2","RF_tot","W/m2",3.93320770902593,1951,"hector"
"V3.2.0","abruptx2CO2","RF_tot","W/m2",3.93320770902593,1952,"hector"
"V3.2.0","abruptx2CO2","RF_tot","W/m2",3.93320770902593,1953,"hector"
"V3.2.0","abruptx2CO2","RF_tot","W/m2",3.93320770902593,1954,"hector"
"V3.2.0","abruptx2CO2","RF_tot","W/m2",3.93320770902593,1955,"hector"
"V3.2.0","abruptx2CO2","RF_tot","W/m2",3.93320770902593,1956,"hector"
"V3.2.0","abruptx2CO2","RF_tot","W/m2",3.93320770902593,1957,"hector"
"V3.2.0","abruptx2CO2","RF_tot","W/m2",3.93320770902593,1958,"hector"
"V3.2.0","abruptx2CO2","RF_tot","W/m2",3.93320770902593,1959,"hector"
"V3.2.0","abruptx2CO2","RF_tot","W/m2",3.93320770902593,1960,"hector"
"V3.2.0","abruptx2CO2","RF_tot","W/m2",3.93320770902593,1961,"hector"
"V3.2.0","abruptx2CO2","RF_tot","W/m2",3.93320770902593,1962,"hector"
"V3.2.0","abruptx2CO2","RF_tot","W/m2",3.93320770902593,1963,"hector"
"V3.2.0","abruptx2CO2","RF_tot","W/m2",3.93320770902593,1964,"hector"
"V3.2.0","abruptx2CO2","RF_tot","W/m2",3.93320770902593,1965,"hector"
"V3.2.0","abruptx2CO2","RF_tot","W/m2",3.93320770902593,1966,"hector"
"V3.2.0","abruptx2CO2","RF_tot","W/m2",3.93320770902593,1967,"hector"
"V3.2.0","abruptx2CO2","RF_tot","W/m2",3.93320770902593,1968,"hector"
"V3.2.0","abruptx2CO2","RF_tot","W/m2",3.93320770902593,1969,"hector"
"V3.2.0","abruptx2CO2","RF_tot","W/m2",3.93320770902593,1970,"hector"
"V3.2.0","abruptx2CO2","RF_tot","W/m2",3.93320770902593,1971,"hector"
"V3.2.0","abruptx2CO2","RF_tot","W/m2",3.93320770902593,1972,"hector"
"V3.2.0","abruptx2CO2","RF_tot","W/m2",3.93320770902593,1973,"hector"
"V3.2.0","abruptx2CO2","RF_tot","W/m2",3.93320770902593,1974,"hector"
"V3.2.0","abruptx2CO2","RF_tot","W/m2",3.93320770902593,1975,"hector"
"V3.2.0","abruptx2CO2","RF_tot","W/m2",3.93320770902593,1976,"hector"
"V3.2.0","abruptx2CO2","RF_tot","W/m2",3.93320770902593,1977,"hector"
"V3.2.0","abruptx2CO2","RF_tot","W/m2",3.93320770902593,1978,"hector"
"V3.2.0","abruptx2CO2","RF_tot","W/m2",3.93320770902593,1979,"hector"
"V3.2.0","abruptx2CO2","RF_tot","W/m2",3.93320770902593,1980,"hector"
"V3.2.0","abruptx2CO2","RF_tot","W/m2",3.93320770902593,1981,"hector"
"V3.2.0","abruptx2CO2","RF_tot","W/m2",3.93320770902593,1982,"hector"
"V3.2.0","abruptx2CO2","RF_tot","W/m2",3.93320770902593,1983,"hector"
"V3.2.0","abruptx2CO2","RF_tot","W/m2",3.93320770902593,1984,"hector"
"V3.2.0","abruptx2CO2","RF_tot","W/m2",3.93320770902593,1985,"hector"
"V3.2.0","abruptx2CO2","RF_tot","W/m2",3.93320770902593,1986,"hector"
"V3.2.0","abruptx2CO2","RF_tot","W/m2",3.93320770902593,1987,"hector"
"V3.2.0","abruptx2CO2","RF_tot","W/m2",3.93320770902593,1988,"hector"
"V3.2.0","abruptx2CO2","RF_tot","W/m2",3.93320770902593,1989,"hector"
"V3.2.0","abruptx2CO2","RF_tot","W/m2",3.93320770902593,1990,"hector"
"V3.2.0","abruptx2CO2","RF_tot","W/m2",3.93320770902593,1991,"hector"
"V3.2.0","abruptx2CO2","RF_tot","W/m2",3.93320770902593,1992,"hector"
"V3.2.0","abruptx2CO2","RF_tot","W/m2",3.93320770902593,1993,"hector"
"V3.2.0","abruptx2CO2","RF_tot","W/m2",3.93320770902593,1994,"hector"
"V3.2.0","abruptx2CO2","RF_tot","W/m2",3.93320770902593,1995,"hector"
"V3.2.0","abruptx2CO2","RF_tot","W/m2",3.93320770902593,1996,"hector"
"V3.2.0","abruptx2CO2","RF_tot","W/m2",3.93320770902593,1997,"hector"
"V3.2.0","abruptx2CO2","RF_tot","W/m2",3.93320770902593,1998,"hector"
"V3.2.0","abruptx2CO2","RF_tot","W/m2",3.93320770902593,1999,"hector"
"V3.2.0","abruptx2CO2","RF_tot","W/m2",3.93320770902593,2000,"hector"
"V3.2.0","abruptx2CO2","RF_tot","W/m2",3.93320770902593,2001,"hector"
"V3.2.0","abruptx2CO2","RF_tot","W/m2",3.93320770902593,2002,"hector"
"V3.2.0","abruptx2CO2","RF_tot","W/m2",3.93320770902593,2003,"hector"
"V3.2.0","abruptx2CO2","RF_tot","W/m2",3.93320770902593,2004,"hector"
"V3.2.0","abruptx2CO2","RF_tot","W/m2",3.93320770902593,2005,"hector"
"V3.2.0","abruptx2CO2","RF_tot","W/m2",3.93320770902593,2006,"hector"
"V3.2.0","abruptx2CO2","RF_tot","W/m2",3.93320770902593,2007,"hector"
"V3.2.0","abruptx2CO2","RF_tot","W/m2",3.93320770902593,2008,"hector"
"V3.2.0","abruptx2CO2","RF_tot","W/m2",3.93320770902593,2009,"hector"
"V3.2.0","abruptx2CO2","RF_tot","W/m2",3.93320770902593,2010,"hector"
"V3.2.0","abruptx2CO2","RF_tot","W/m2",3.93320770902593,2011,"hector"
"V3.2.0","abruptx2CO2","RF_tot","W/m2",3.93320770902593,2012,"hector"
"V3.2.0","abruptx2CO2","RF_tot","W/m2",3.93320770902593,2013,"hector"
"V3.2.0","abruptx2CO2","RF_tot","W/m2",3.93320770902593,2014,"hector"
"V3.2.0","abruptx2CO2","RF_tot","W/m2",3.93320770902593,2015,"hector"
"V3.2.0","abruptx2CO2","RF_tot","W/m2",3.93320770902593,2016,"hector"
"V3.2.0","abruptx2CO2","RF_tot","W/m2",3.93320770902593,2017,"hector"
"V3.2.0","abruptx2CO2","RF_tot","W/m2",3.93320770902593,2018,"hector"
"V3.2.0","abruptx2CO2","RF_tot","W/m2",3.93320770902593,2019,"hector"
"V3.2.0","abruptx2CO2","RF_tot","W/m2",3.93320770902593,2020,"hector"
"V3.2.0","abruptx2CO2","RF_tot","W/m2",3.93320770902593,2021,"hector"
"V3.2.0","abruptx2CO2","RF_tot","W/m2",3.93320770902593,2022,"hector"
"V3.2.0","abruptx2CO2","RF_tot","W/m2",3.93320770902593,2023,"hector"
"V3.2.0","abruptx2CO2","RF_tot","W/m2",3.93320770902593,2024,"hector"
"V3.2.0","abruptx2CO2","RF_tot","W/m2",3.93320770902593,2025,"hector"
"V3.2.0","abruptx2CO2","RF_tot","W/m2",3.93320770902593,2026,"hector"
"V3.2.0","abruptx2CO2","RF_tot","W/m2",3.93320770902593,2027,"hector"
"V3.2.0","abruptx2CO2","RF_tot","W/m2",3.93320770902593,2028,"hector"
"V3.2.0","abruptx2CO2","RF_tot","W/m2",3.93320770902593,2029,"hector"
"V3.2.0","abruptx2CO2","RF_tot","W/m2",3.93320770902593,2030,"hector"
"V3.2.0","abruptx2CO2","RF_tot","W/m2",3.93320770902593,2031,"hector"
"V3.2.0","abruptx2CO2","RF_tot","W/m2",3.93320770902593,2032,"hector"
"V3.2.0","abruptx2CO2","RF_tot","W/m2",3.93320770902593,2033,"hector"
"V3.2.0","abruptx2CO2","RF_tot","W/m2",3.93320770902593,2034,"hector"
"V3.2.0","abruptx2CO2","RF_tot","W/m2",3.93320770902593,2035,"hector"
"V3.2.0","abruptx2CO2","RF_tot","W/m2",3.93320770902593,2036,"hector"
"V3.2.0","abruptx2CO2","RF_tot","W/m2",3.93320770902593,2037,"hector"
"V3.2.0","abruptx2CO2","RF_tot","W/m2",3.93320770902593,2038,"hector"
"V3.2.0","abruptx2CO2","RF_tot","W/m2",3.93320770902593,2039,"hector"
"V3.2.0","abruptx2CO2","RF_tot","W/m2",3.93320770902593,2040,"hector"
"V3.2.0","abruptx2CO2","RF_tot","W/m2",3.93320770902593,2041,"hector"
"V3.2.0","abruptx2CO2","RF_tot","W/m2",3.93320770902593,2042,"hector"
"V3.2.0","abruptx2CO2","RF_tot","W/m2",3.93320770902593,2043,"hector"
"V3.2.0","abruptx2CO2","RF_tot","W/m2",3.93320770902593,2044,"hector"
"V3.2.0","abruptx2CO2","RF_tot","W/m2",3.93320770902593,2045,"hector"
"V3.2.0","abruptx2CO2","RF_tot","W/m2",3.93320770902593,2046,"hector"
"V3.2.0","abruptx2CO2","RF_tot","W/m2",3.93320770902593,2047,"hector"
"V3.2.0","abruptx2CO2","RF_tot","W/m2",3.93320770902593,2048,"hector"
"V3.2.0","abruptx2CO2","RF_tot","W/m2",3.93320770902593,2049,"hector"
"V3.2.0","abruptx2CO2","RF_tot","W/m2",3.93320770902593,2050,"hector"
"V3.2.0","abruptx2CO2","RF_tot","W/m2",3.93320770902593,2051,"hector"
"V3.2.0","abruptx2CO2","RF_tot","W/m2",3.93320770902593,2052,"hector"
"V3.2.0","abruptx2CO2","RF_tot","W/m2",3.93320770902593,2053,"hector"
"V3.2.0","abruptx2CO2","RF_tot","W/m2",3.93320770902593,2054,"hector"
"V3.2.0","abruptx2CO2","RF_tot","W/m2",3.93320770902593,2055,"hector"
"V3.2.0","abruptx2CO2","RF_tot","W/m2",3.93320770902593,2056,"hector"
"V3.2.0","abruptx2CO2","RF_tot","W/m2",3.93320770902593,2057,"hector"
"V3.2.0","abruptx2CO2","RF_tot","W/m2",3.93320770902593,2058,"hector"
"V3.2.0","abruptx2CO2","RF_tot","W/m2",3.93320770902593,2059,"hector"
"V3.2.0","abruptx2CO2","RF_tot","W/m2",3.93320770902593,2060,"hector"
"V3.2.0","abruptx2CO2","RF_tot","W/m2",3.93320770902593,2061,"hector"
"V3.2.0","abruptx2CO2","RF_tot","W/m2",3.93320770902593,2062,"hector"
"V3.2.0","abruptx2CO2","RF_tot","W/m2",3.93320770902593,2063,"hector"
"V3.2.0","abruptx2CO2","RF_tot","W/m2",3.93320770902593,2064,"hector"
"V3.2.0","abruptx2CO2","RF_tot","W/m2",3.93320770902593,2065,"hector"
"V3.2.0","abruptx2CO2","RF_tot","W/m2",3.93320770902593,2066,"hector"
"V3.2.0","abruptx2CO2","RF_tot","W/m2",3.93320770902593,2067,"hector"
"V3.2.0","abruptx2CO2","RF_tot","W/m2",3.93320770902593,2068,"hector"
"V3.2.0","abruptx2CO2","RF_tot","W/m2",3.93320770902593,2069,"hector"
"V3.2.0","abruptx2CO2","RF_tot","W/m2",3.93320770902593,2070,"hector"
"V3.2.0","abruptx2CO2","RF_tot","W/m2",3.93320770902593,2071,"hector"
"V3.2.0","abruptx2CO2","RF_tot","W/m2",3.93320770902593,2072,"hector"
"V3.2.0","abruptx2CO2","RF_tot","W/m2",3.93320770902593,2073,"hector"
"V3.2.0","abruptx2CO2","RF_tot","W/m2",3.93320770902593,2074,"hector"
"V3.2.0","abruptx2CO2","RF_tot","W/m2",3.93320770902593,2075,"hector"
"V3.2.0","abruptx2CO2","RF_tot","W/m2",3.93320770902593,2076,"hector"
"V3.2.0","abruptx2CO2","RF_tot","W/m2",3.93320770902593,2077,"hector"
"V3.2.0","abruptx2CO2","RF_tot","W/m2",3.93320770902593,2078,"hector"
"V3.2.0","abruptx2CO2","RF_tot","W/m2",3.93320770902593,2079,"hector"
"V3.2.0","abruptx2CO2","RF_tot","W/m2",3.93320770902593,2080,"hector"
"V3.2.0","abruptx2CO2","RF_tot","W/m2",3.93320770902593,2081,"hector"
"V3.2.0","abruptx2CO2","RF_tot","W/m2",3.93320770902593,2082,"hector"
"V3.2.0","abruptx2CO2","RF_tot","W/m2",3.93320770902593,2083,"hector"
"V3.2.0","abruptx2CO2","RF_tot","W/m2",3.93320770902593,2084,"hector"
"V3.2.0","abruptx2CO2","RF_tot","W/m2",3.93320770902593,2085,"hector"
"V3.2.0","abruptx2CO2","RF_tot","W/m2",3.93320770902593,2086,"hector"
"V3.2.0","abruptx2CO2","RF_tot","W/m2",3.93320770902593,2087,"hector"
"V3.2.0","abruptx2CO2","RF_tot","W/m2",3.93320770902593,2088,"hector"
"V3.2.0","abruptx2CO2","RF_tot","W/m2",3.93320770902593,2089,"hector"
"V3.2.0","abruptx2CO2","RF_tot","W/m2",3.93320770902593,2090,"hector"
"V3.2.0","abruptx2CO2","RF_tot","W/m2",3.93320770902593,2091,"hector"
"V3.2.0","abruptx2CO2","RF_tot","W/m2",3.93320770902593,2092,"hector"
"V3.2.0","abruptx2CO2","RF_tot","W/m2",3.93320770902593,2093,"hector"
"V3.2.0","abruptx2CO2","RF_tot","W/m2",3.93320770902593,2094,"hector"
"V3.2.0","abruptx2CO2","RF_tot","W/m2",3.93320770902593,2095,"hector"
"V3.2.0","abruptx2CO2","RF_tot","W/m2",3.93320770902593,2096,"hector"
"V3.2.0","abruptx2CO2","RF_tot","W/m2",3.93320770902593,2097,"hector"
"V3.2.0","abruptx2CO2","RF_tot","W/m2",3.93320770902593,2098,"hector"
"V3.2.0","abruptx2CO2","RF_tot","W/m2",3.93320770902593,2099,"hector"
"V3.2.0","abruptx2CO2","RF_tot","W/m2",3.93320770902593,2100,"hector"
"V3.2.0","abruptx2CO2","RF_tot","W/m2",3.93320770902593,2101,"hector"
"V3.2.0","abruptx2CO2","RF_tot","W/m2",3.93320770902593,2102,"hector"
"V3.2.0","abruptx2CO2","RF_tot","W/m2",3.93320770902593,2103,"hector"
"V3.2.0","abruptx2CO2","RF_tot","W/m2",3.93320770902593,2104,"hector"
"V3.2.0","abruptx2CO2","RF_tot","W/m2",3.93320770902593,2105,"hector"
"V3.2.0","abruptx2CO2","RF_tot","W/m2",3.93320770902593,2106,"hector"
"V3.2.0","abruptx2CO2","RF_tot","W/m2",3.93320770902593,2107,"hector"
"V3.2.0","abruptx2CO2","RF_tot","W/m2",3.93320770902593,2108,"hector"
"V3.2.0","abruptx2CO2","RF_tot","W/m2",3.93320770902593,2109,"hector"
"V3.2.0","abruptx2CO2","RF_tot","W/m2",3.93320770902593,2110,"hector"
"V3.2.0","abruptx2CO2","RF_tot","W/m2",3.93320770902593,2111,"hector"
"V3.2.0","abruptx2CO2","RF_tot","W/m2",3.93320770902593,2112,"hector"
"V3.2.0","abruptx2CO2","RF_tot","W/m2",3.93320770902593,2113,"hector"
"V3.2.0","abruptx2CO2","RF_tot","W/m2",3.93320770902593,2114,"hector"
"V3.2.0","abruptx2CO2","RF_tot","W/m2",3.93320770902593,2115,"hector"
"V3.2.0","abruptx2CO2","RF_tot","W/m2",3.93320770902593,2116,"hector"
"V3.2.0","abruptx2CO2","RF_tot","W/m2",3.93320770902593,2117,"hector"
"V3.2.0","abruptx2CO2","RF_tot","W/m2",3.93320770902593,2118,"hector"
"V3.2.0","abruptx2CO2","RF_tot","W/m2",3.93320770902593,2119,"hector"
"V3.2.0","abruptx2CO2","RF_tot","W/m2",3.93320770902593,2120,"hector"
"V3.2.0","abruptx2CO2","RF_tot","W/m2",3.93320770902593,2121,"hector"
"V3.2.0","abruptx2CO2","RF_tot","W/m2",3.93320770902593,2122,"hector"
"V3.2.0","abruptx2CO2","RF_tot","W/m2",3.93320770902593,2123,"hector"
"V3.2.0","abruptx2CO2","RF_tot","W/m2",3.93320770902593,2124,"hector"
"V3.2.0","abruptx2CO2","RF_tot","W/m2",3.93320770902593,2125,"hector"
"V3.2.0","abruptx2CO2","RF_tot","W/m2",3.93320770902593,2126,"hector"
"V3.2.0","abruptx2CO2","RF_tot","W/m2",3.93320770902593,2127,"hector"
"V3.2.0","abruptx2CO2","RF_tot","W/m2",3.93320770902593,2128,"hector"
"V3.2.0","abruptx2CO2","RF_tot","W/m2",3.93320770902593,2129,"hector"
"V3.2.0","abruptx2CO2","RF_tot","W/m2",3.93320770902593,2130,"hector"
"V3.2.0","abruptx2CO2","RF_tot","W/m2",3.93320770902593,2131,"hector"
"V3.2.0","abruptx2CO2","RF_tot","W/m2",3.93320770902593,2132,"hector"
"V3.2.0","abruptx2CO2","RF_tot","W/m2",3.93320770902593,2133,"hector"
"V3.2.0","abruptx2CO2","RF_tot","W/m2",3.93320770902593,2134,"hector"
"V3.2.0","abruptx2CO2","RF_tot","W/m2",3.93320770902593,2135,"hector"
"V3.2.0","abruptx2CO2","RF_tot","W/m2",3.93320770902593,2136,"hector"
"V3.2.0","abruptx2CO2","RF_tot","W/m2",3.93320770902593,2137,"hector"
"V3.2.0","abruptx2CO2","RF_tot","W/m2",3.93320770902593,2138,"hector"
"V3.2.0","abruptx2CO2","RF_tot","W/m2",3.93320770902593,2139,"hector"
"V3.2.0","abruptx2CO2","RF_tot","W/m2",3.93320770902593,2140,"hector"
"V3.2.0","abruptx2CO2","RF_tot","W/m2",3.93320770902593,2141,"hector"
"V3.2.0","abruptx2CO2","RF_tot","W/m2",3.93320770902593,2142,"hector"
"V3.2.0","abruptx2CO2","RF_tot","W/m2",3.93320770902593,2143,"hector"
"V3.2.0","abruptx2CO2","RF_tot","W/m2",3.93320770902593,2144,"hector"
"V3.2.0","abruptx2CO2","RF_tot","W/m2",3.93320770902593,2145,"hector"
"V3.2.0","abruptx2CO2","RF_tot","W/m2",3.93320770902593,2146,"hector"
"V3.2.0","abruptx2CO2","RF_tot","W/m2",3.93320770902593,2147,"hector"
"V3.2.0","abruptx2CO2","RF_tot","W/m2",3.93320770902593,2148,"hector"
"V3.2.0","abruptx2CO2","RF_tot","W/m2",3.93320770902593,2149,"hector"
"V3.2.0","abruptx2CO2","RF_tot","W/m2",3.93320770902593,2150,"hector"
"V3.2.0","abruptx2CO2","RF_tot","W/m2",3.93320770902593,2151,"hector"
"V3.2.0","abruptx2CO2","RF_tot","W/m2",3.93320770902593,2152,"hector"
"V3.2.0","abruptx2CO2","RF_tot","W/m2",3.93320770902593,2153,"hector"
"V3.2.0","abruptx2CO2","RF_tot","W/m2",3.93320770902593,2154,"hector"
"V3.2.0","abruptx2CO2","RF_tot","W/m2",3.93320770902593,2155,"hector"
"V3.2.0","abruptx2CO2","RF_tot","W/m2",3.93320770902593,2156,"hector"
"V3.2.0","abruptx2CO2","RF_tot","W/m2",3.93320770902593,2157,"hector"
"V3.2.0","abruptx2CO2","RF_tot","W/m2",3.93320770902593,2158,"hector"
"V3.2.0","abruptx2CO2","RF_tot","W/m2",3.93320770902593,2159,"hector"
"V3.2.0","abruptx2CO2","RF_tot","W/m2",3.93320770902593,2160,"hector"
"V3.2.0","abruptx2CO2","RF_tot","W/m2",3.93320770902593,2161,"hector"
"V3.2.0","abruptx2CO2","RF_tot","W/m2",3.93320770902593,2162,"hector"
"V3.2.0","abruptx2CO2","RF_tot","W/m2",3.93320770902593,2163,"hector"
"V3.2.0","abruptx2CO2","RF_tot","W/m2",3.93320770902593,2164,"hector"
"V3.2.0","abruptx2CO2","RF_tot","W/m2",3.93320770902593,2165,"hector"
"V3.2.0","abruptx2CO2","RF_tot","W/m2",3.93320770902593,2166,"hector"
"V3.2.0","abruptx2CO2","RF_tot","W/m2",3.93320770902593,2167,"hector"
"V3.2.0","abruptx2CO2","RF_tot","W/m2",3.93320770902593,2168,"hector"
"V3.2.0","abruptx2CO2","RF_tot","W/m2",3.93320770902593,2169,"hector"
"V3.2.0","abruptx2CO2","RF_tot","W/m2",3.93320770902593,2170,"hector"
"V3.2.0","abruptx2CO2","RF_tot","W/m2",3.93320770902593,2171,"hector"
"V3.2.0","abruptx2CO2","RF_tot","W/m2",3.93320770902593,2172,"hector"
"V3.2.0","abruptx2CO2","RF_tot","W/m2",3.93320770902593,2173,"hector"
"V3.2.0","abruptx2CO2","RF_tot","W/m2",3.93320770902593,2174,"hector"
"V3.2.0","abruptx2CO2","RF_tot","W/m2",3.93320770902593,2175,"hector"
"V3.2.0","abruptx2CO2","RF_tot","W/m2",3.93320770902593,2176,"hector"
"V3.2.0","abruptx2CO2","RF_tot","W/m2",3.93320770902593,2177,"hector"
"V3.2.0","abruptx2CO2","RF_tot","W/m2",3.93320770902593,2178,"hector"
"V3.2.0","abruptx2CO2","RF_tot","W/m2",3.93320770902593,2179,"hector"
"V3.2.0","abruptx2CO2","RF_tot","W/m2",3.93320770902593,2180,"hector"
"V3.2.0","abruptx2CO2","RF_tot","W/m2",3.93320770902593,2181,"hector"
"V3.2.0","abruptx2CO2","RF_tot","W/m2",3.93320770902593,2182,"hector"
"V3.2.0","abruptx2CO2","RF_tot","W/m2",3.93320770902593,2183,"hector"
"V3.2.0","abruptx2CO2","RF_tot","W/m2",3.93320770902593,2184,"hector"
"V3.2.0","abruptx2CO2","RF_tot","W/m2",3.93320770902593,2185,"hector"
"V3.2.0","abruptx2CO2","RF_tot","W/m2",3.93320770902593,2186,"hector"
"V3.2.0","abruptx2CO2","RF_tot","W/m2",3.93320770902593,2187,"hector"
"V3.2.0","abruptx2CO2","RF_tot","W/m2",3.93320770902593,2188,"hector"
"V3.2.0","abruptx2CO2","RF_tot","W/m2",3.93320770902593,2189,"hector"
"V3.2.0","abruptx2CO2","RF_tot","W/m2",3.93320770902593,2190,"hector"
"V3.2.0","abruptx2CO2","RF_tot","W/m2",3.93320770902593,2191,"hector"
"V3.2.0","abruptx2CO2","RF_tot","W/m2",3.93320770902593,2192,"hector"
"V3.2.0","abruptx2CO2","RF_tot","W/m2",3.93320770902593,2193,"hector"
"V3.2.0","abruptx2CO2","RF_tot","W/m2",3.93320770902593,2194,"hector"
"V3.2.0","abruptx2CO2","RF_tot","W/m2",3.93320770902593,2195,"hector"
"V3.2.0","abruptx2CO2","RF_tot","W/m2",3.93320770902593,2196,"hector"
"V3.2.0","abruptx2CO2","RF_tot","W/m2",3.93320770902593,2197,"hector"
"V3.2.0","abruptx2CO2","RF_tot","W/m2",3.93320770902593,2198,"hector"
"V3.2.0","abruptx2CO2","RF_tot","W/m2",3.93320770902593,2199,"hector"
"V3.2.0","abruptx2CO2","RF_tot","W/m2",3.93320770902593,2200,"hector"
"V3.2.0","abruptx2CO2","RF_tot","W/m2",3.93320770902593,2201,"hector"
"V3.2.0","abruptx2CO2","RF_tot","W/m2",3.93320770902593,2202,"hector"
"V3.2.0","abruptx2CO2","RF_tot","W/m2",3.93320770902593,2203,"hector"
"V3.2.0","abruptx2CO2","RF_tot","W/m2",3.93320770902593,2204,"hector"
"V3.2.0","abruptx2CO2","RF_tot","W/m2",3.93320770902593,2205,"hector"
"V3.2.0","abruptx2CO2","RF_tot","W/m2",3.93320770902593,2206,"hector"
"V3.2.0","abruptx2CO2","RF_tot","W/m2",3.93320770902593,2207,"hector"
"V3.2.0","abruptx2CO2","RF_tot","W/m2",3.93320770902593,2208,"hector"
"V3.2.0","abruptx2CO2","RF_tot","W/m2",3.93320770902593,2209,"hector"
"V3.2.0","abruptx2CO2","RF_tot","W/m2",3.93320770902593,2210,"hector"
"V3.2.0","abruptx2CO2","RF_tot","W/m2",3.93320770902593,2211,"hector"
"V3.2.0","abruptx2CO2","RF_tot","W/m2",3.93320770902593,2212,"hector"
"V3.2.0","abruptx2CO2","RF_tot","W/m2",3.93320770902593,2213,"hector"
"V3.2.0","abruptx2CO2","RF_tot","W/m2",3.93320770902593,2214,"hector"
"V3.2.0","abruptx2CO2","RF_tot","W/m2",3.93320770902593,2215,"hector"
"V3.2.0","abruptx2CO2","RF_tot","W/m2",3.93320770902593,2216,"hector"
"V3.2.0","abruptx2CO2","RF_tot","W/m2",3.93320770902593,2217,"hector"
"V3.2.0","abruptx2CO2","RF_tot","W/m2",3.93320770902593,2218,"hector"
"V3.2.0","abruptx2CO2","RF_tot","W/m2",3.93320770902593,2219,"hector"
"V3.2.0","abruptx2CO2","RF_tot","W/m2",3.93320770902593,2220,"hector"
"V3.2.0","abruptx2CO2","RF_tot","W/m2",3.93320770902593,2221,"hector"
"V3.2.0","abruptx2CO2","RF_tot","W/m2",3.93320770902593,2222,"hector"
"V3.2.0","abruptx2CO2","RF_tot","W/m2",3.93320770902593,2223,"hector"
"V3.2.0","abruptx2CO2","RF_tot","W/m2",3.93320770902593,2224,"hector"
"V3.2.0","abruptx2CO2","RF_tot","W/m2",3.93320770902593,2225,"hector"
"V3.2.0","abruptx2CO2","RF_tot","W/m2",3.93320770902593,2226,"hector"
"V3.2.0","abruptx2CO2","RF_tot","W/m2",3.93320770902593,2227,"hector"
"V3.2.0","abruptx2CO2","RF_tot","W/m2",3.93320770902593,2228,"hector"
"V3.2.0","abruptx2CO2","RF_tot","W/m2",3.93320770902593,2229,"hector"
"V3.2.0","abruptx2CO2","RF_tot","W/m2",3.93320770902593,2230,"hector"
"V3.2.0","abruptx2CO2","RF_tot","W/m2",3.93320770902593,2231,"hector"
"V3.2.0","abruptx2CO2","RF_tot","W/m2",3.93320770902593,2232,"hector"
"V3.2.0","abruptx2CO2","RF_tot","W/m2",3.93320770902593,2233,"hector"
"V3.2.0","abruptx2CO2","RF_tot","W/m2",3.93320770902593,2234,"hector"
"V3.2.0","abruptx2CO2","RF_tot","W/m2",3.93320770902593,2235,"hector"
"V3.2.0","abruptx2CO2","RF_tot","W/m2",3.93320770902593,2236,"hector"
"V3.2.0","abruptx2CO2","RF_tot","W/m2",3.93320770902593,2237,"hector"
"V3.2.0","abruptx2CO2","RF_tot","W/m2",3.93320770902593,2238,"hector"
"V3.2.0","abruptx2CO2","RF_tot","W/m2",3.93320770902593,2239,"hector"
"V3.2.0","abruptx2CO2","RF_tot","W/m2",3.93320770902593,2240,"hector"
"V3.2.0","abruptx2CO2","RF_tot","W/m2",3.93320770902593,2241,"hector"
"V3.2.0","abruptx2CO2","RF_tot","W/m2",3.93320770902593,2242,"hector"
"V3.2.0","abruptx2CO2","RF_tot","W/m2",3.93320770902593,2243,"hector"
"V3.2.0","abruptx2CO2","RF_tot","W/m2",3.93320770902593,2244,"hector"
"V3.2.0","abruptx2CO2","RF_tot","W/m2",3.93320770902593,2245,"hector"
"V3.2.0","abruptx2CO2","RF_tot","W/m2",3.93320770902593,2246,"hector"
"V3.2.0","abruptx2CO2","RF_tot","W/m2",3.93320770902593,2247,"hector"
"V3.2.0","abruptx2CO2","RF_tot","W/m2",3.93320770902593,2248,"hector"
"V3.2.0","abruptx2CO2","RF_tot","W/m2",3.93320770902593,2249,"hector"
"V3.2.0","abruptx2CO2","RF_tot","W/m2",3.93320770902593,2250,"hector"
"V3.2.0","abruptx2CO2","RF_tot","W/m2",3.93320770902593,2251,"hector"
"V3.2.0","abruptx2CO2","RF_tot","W/m2",3.93320770902593,2252,"hector"
"V3.2.0","abruptx2CO2","RF_tot","W/m2",3.93320770902593,2253,"hector"
"V3.2.0","abruptx2CO2","RF_tot","W/m2",3.93320770902593,2254,"hector"
"V3.2.0","abruptx2CO2","RF_tot","W/m2",3.93320770902593,2255,"hector"
"V3.2.0","abruptx2CO2","RF_tot","W/m2",3.93320770902593,2256,"hector"
"V3.2.0","abruptx2CO2","RF_tot","W/m2",3.93320770902593,2257,"hector"
"V3.2.0","abruptx2CO2","RF_tot","W/m2",3.93320770902593,2258,"hector"
"V3.2.0","abruptx2CO2","RF_tot","W/m2",3.93320770902593,2259,"hector"
"V3.2.0","abruptx2CO2","RF_tot","W/m2",3.93320770902593,2260,"hector"
"V3.2.0","abruptx2CO2","RF_tot","W/m2",3.93320770902593,2261,"hector"
"V3.2.0","abruptx2CO2","RF_tot","W/m2",3.93320770902593,2262,"hector"
"V3.2.0","abruptx2CO2","RF_tot","W/m2",3.93320770902593,2263,"hector"
"V3.2.0","abruptx2CO2","RF_tot","W/m2",3.93320770902593,2264,"hector"
"V3.2.0","abruptx2CO2","RF_tot","W/m2",3.93320770902593,2265,"hector"
"V3.2.0","abruptx2CO2","RF_tot","W/m2",3.93320770902593,2266,"hector"
"V3.2.0","abruptx2CO2","RF_tot","W/m2",3.93320770902593,2267,"hector"
"V3.2.0","abruptx2CO2","RF_tot","W/m2",3.93320770902593,2268,"hector"
"V3.2.0","abruptx2CO2","RF_tot","W/m2",3.93320770902593,2269,"hector"
"V3.2.0","abruptx2CO2","RF_tot","W/m2",3.93320770902593,2270,"hector"
"V3.2.0","abruptx2CO2","RF_tot","W/m2",3.93320770902593,2271,"hector"
"V3.2.0","abruptx2CO2","RF_tot","W/m2",3.93320770902593,2272,"hector"
"V3.2.0","abruptx2CO2","RF_tot","W/m2",3.93320770902593,2273,"hector"
"V3.2.0","abruptx2CO2","RF_tot","W/m2",3.93320770902593,2274,"hector"
"V3.2.0","abruptx2CO2","RF_tot","W/m2",3.93320770902593,2275,"hector"
"V3.2.0","abruptx2CO2","RF_tot","W/m2",3.93320770902593,2276,"hector"
"V3.2.0","abruptx2CO2","RF_tot","W/m2",3.93320770902593,2277,"hector"
"V3.2.0","abruptx2CO2","RF_tot","W/m2",3.93320770902593,2278,"hector"
"V3.2.0","abruptx2CO2","RF_tot","W/m2",3.93320770902593,2279,"hector"
"V3.2.0","abruptx2CO2","RF_tot","W/m2",3.93320770902593,2280,"hector"
"V3.2.0","abruptx2CO2","RF_tot","W/m2",3.93320770902593,2281,"hector"
"V3.2.0","abruptx2CO2","RF_tot","W/m2",3.93320770902593,2282,"hector"
"V3.2.0","abruptx2CO2","RF_tot","W/m2",3.93320770902593,2283,"hector"
"V3.2.0","abruptx2CO2","RF_tot","W/m2",3.93320770902593,2284,"hector"
"V3.2.0","abruptx2CO2","RF_tot","W/m2",3.93320770902593,2285,"hector"
"V3.2.0","abruptx2CO2","RF_tot","W/m2",3.93320770902593,2286,"hector"
"V3.2.0","abruptx2CO2","RF_tot","W/m2",3.93320770902593,2287,"hector"
"V3.2.0","abruptx2CO2","RF_tot","W/m2",3.93320770902593,2288,"hector"
"V3.2.0","abruptx2CO2","RF_tot","W/m2",3.93320770902593,2289,"hector"
"V3.2.0","abruptx2CO2","RF_tot","W/m2",3.93320770902593,2290,"hector"
"V3.2.0","abruptx2CO2","RF_tot","W/m2",3.93320770902593,2291,"hector"
"V3.2.0","abruptx2CO2","RF_tot","W/m2",3.93320770902593,2292,"hector"
"V3.2.0","abruptx2CO2","RF_tot","W/m2",3.93320770902593,2293,"hector"
"V3.2.0","abruptx2CO2","RF_tot","W/m2",3.93320770902593,2294,"hector"
"V3.2.0","abruptx2CO2","RF_tot","W/m2",3.93320770902593,2295,"hector"
"V3.2.0","abruptx2CO2","RF_tot","W/m2",3.93320770902593,2296,"hector"
"V3.2.0","abruptx2CO2","RF_tot","W/m2",3.93320770902593,2297,"hector"
"V3.2.0","abruptx2CO2","RF_tot","W/m2",3.93320770902593,2298,"hector"
"V3.2.0","abruptx2CO2","RF_tot","W/m2",3.93320770902593,2299,"hector"
"V3.2.0","abruptx2CO2","RF_tot","W/m2",3.93320770902593,2300,"hector"
"V3.2.0","abruptx4CO2","global_tas","degC",0,1750,"hector"
"V3.2.0","abruptx4CO2","global_tas","degC",0,1751,"hector"
"V3.2.0","abruptx4CO2","global_tas","degC",0,1752,"hector"
"V3.2.0","abruptx4CO2","global_tas","degC",0,1753,"hector"
"V3.2.0","abruptx4CO2","global_tas","degC",0,1754,"hector"
"V3.2.0","abruptx4CO2","global_tas","degC",0,1755,"hector"
"V3.2.0","abruptx4CO2","global_tas","degC",0,1756,"hector"
"V3.2.0","abruptx4CO2","global_tas","degC",0,1757,"hector"
"V3.2.0","abruptx4CO2","global_tas","degC",0,1758,"hector"
"V3.2.0","abruptx4CO2","global_tas","degC",0,1759,"hector"
"V3.2.0","abruptx4CO2","global_tas","degC",0,1760,"hector"
"V3.2.0","abruptx4CO2","global_tas","degC",0,1761,"hector"
"V3.2.0","abruptx4CO2","global_tas","degC",0,1762,"hector"
"V3.2.0","abruptx4CO2","global_tas","degC",0,1763,"hector"
"V3.2.0","abruptx4CO2","global_tas","degC",0,1764,"hector"
"V3.2.0","abruptx4CO2","global_tas","degC",0,1765,"hector"
"V3.2.0","abruptx4CO2","global_tas","degC",0,1766,"hector"
"V3.2.0","abruptx4CO2","global_tas","degC",0,1767,"hector"
"V3.2.0","abruptx4CO2","global_tas","degC",0,1768,"hector"
"V3.2.0","abruptx4CO2","global_tas","degC",0,1769,"hector"
"V3.2.0","abruptx4CO2","global_tas","degC",0,1770,"hector"
"V3.2.0","abruptx4CO2","global_tas","degC",0,1771,"hector"
"V3.2.0","abruptx4CO2","global_tas","degC",0,1772,"hector"
"V3.2.0","abruptx4CO2","global_tas","degC",0,1773,"hector"
"V3.2.0","abruptx4CO2","global_tas","degC",0,1774,"hector"
"V3.2.0","abruptx4CO2","global_tas","degC",0,1775,"hector"
"V3.2.0","abruptx4CO2","global_tas","degC",0,1776,"hector"
"V3.2.0","abruptx4CO2","global_tas","degC",0,1777,"hector"
"V3.2.0","abruptx4CO2","global_tas","degC",0,1778,"hector"
"V3.2.0","abruptx4CO2","global_tas","degC",0,1779,"hector"
"V3.2.0","abruptx4CO2","global_tas","degC",0,1780,"hector"
"V3.2.0","abruptx4CO2","global_tas","degC",0,1781,"hector"
"V3.2.0","abruptx4CO2","global_tas","degC",0,1782,"hector"
"V3.2.0","abruptx4CO2","global_tas","degC",0,1783,"hector"
"V3.2.0","abruptx4CO2","global_tas","degC",0,1784,"hector"
"V3.2.0","abruptx4CO2","global_tas","degC",0,1785,"hector"
"V3.2.0","abruptx4CO2","global_tas","degC",0,1786,"hector"
"V3.2.0","abruptx4CO2","global_tas","degC",0,1787,"hector"
"V3.2.0","abruptx4CO2","global_tas","degC",0,1788,"hector"
"V3.2.0","abruptx4CO2","global_tas","degC",0,1789,"hector"
"V3.2.0","abruptx4CO2","global_tas","degC",0,1790,"hector"
"V3.2.0","abruptx4CO2","global_tas","degC",0,1791,"hector"
"V3.2.0","abruptx4CO2","global_tas","degC",0,1792,"hector"
"V3.2.0","abruptx4CO2","global_tas","degC",0,1793,"hector"
"V3.2.0","abruptx4CO2","global_tas","degC",0,1794,"hector"
"V3.2.0","abruptx4CO2","global_tas","degC",0,1795,"hector"
"V3.2.0","abruptx4CO2","global_tas","degC",0,1796,"hector"
"V3.2.0","abruptx4CO2","global_tas","degC",0,1797,"hector"
"V3.2.0","abruptx4CO2","global_tas","degC",0,1798,"hector"
"V3.2.0","abruptx4CO2","global_tas","degC",0,1799,"hector"
"V3.2.0","abruptx4CO2","global_tas","degC",0.711212362441768,1800,"hector"
"V3.2.0","abruptx4CO2","global_tas","degC",1.3038420215159,1801,"hector"
"V3.2.0","abruptx4CO2","global_tas","degC",1.72582616131063,1802,"hector"
"V3.2.0","abruptx4CO2","global_tas","degC",2.04519138756501,1803,"hector"
"V3.2.0","abruptx4CO2","global_tas","degC",2.29776902474707,1804,"hector"
"V3.2.0","abruptx4CO2","global_tas","degC",2.50423922069938,1805,"hector"
"V3.2.0","abruptx4CO2","global_tas","degC",2.67740837399019,1806,"hector"
"V3.2.0","abruptx4CO2","global_tas","degC",2.82565169657133,1807,"hector"
"V3.2.0","abruptx4CO2","global_tas","degC",2.95468684499567,1808,"hector"
"V3.2.0","abruptx4CO2","global_tas","degC",3.06855520186372,1809,"hector"
"V3.2.0","abruptx4CO2","global_tas","degC",3.17019724229291,1810,"hector"
"V3.2.0","abruptx4CO2","global_tas","degC",3.26180605275107,1811,"hector"
"V3.2.0","abruptx4CO2","global_tas","degC",3.34505294733401,1812,"hector"
"V3.2.0","abruptx4CO2","global_tas","degC",3.42123606038719,1813,"hector"
"V3.2.0","abruptx4CO2","global_tas","degC",3.49138086708498,1814,"hector"
"V3.2.0","abruptx4CO2","global_tas","degC",3.5563097907406,1815,"hector"
"V3.2.0","abruptx4CO2","global_tas","degC",3.61669141503574,1816,"hector"
"V3.2.0","abruptx4CO2","global_tas","degC",3.67307593464745,1817,"hector"
"V3.2.0","abruptx4CO2","global_tas","degC",3.72592113165325,1818,"hector"
"V3.2.0","abruptx4CO2","global_tas","degC",3.77561170934584,1819,"hector"
"V3.2.0","abruptx4CO2","global_tas","degC",3.82247389032875,1820,"hector"
"V3.2.0","abruptx4CO2","global_tas","degC",3.8667865859517,1821,"hector"
"V3.2.0","abruptx4CO2","global_tas","degC",3.90879004772207,1822,"hector"
"V3.2.0","abruptx4CO2","global_tas","degC",3.94869264478825,1823,"hector"
"V3.2.0","abruptx4CO2","global_tas","degC",3.98667622951384,1824,"hector"
"V3.2.0","abruptx4CO2","global_tas","degC",4.02290042693358,1825,"hector"
"V3.2.0","abruptx4CO2","global_tas","degC",4.05750609515813,1826,"hector"
"V3.2.0","abruptx4CO2","global_tas","degC",4.09061814061981,1827,"hector"
"V3.2.0","abruptx4CO2","global_tas","degC",4.12234782651993,1828,"hector"
"V3.2.0","abruptx4CO2","global_tas","degC",4.15279467964338,1829,"hector"
"V3.2.0","abruptx4CO2","global_tas","degC",4.18204807624448,1830,"hector"
"V3.2.0","abruptx4CO2","global_tas","degC",4.21018856949627,1831,"hector"
"V3.2.0","abruptx4CO2","global_tas","degC",4.23728900730597,1832,"hector"
"V3.2.0","abruptx4CO2","global_tas","degC",4.26341547891546,1833,"hector"
"V3.2.0","abruptx4CO2","global_tas","degC",4.28862812076027,1834,"hector"
"V3.2.0","abruptx4CO2","global_tas","degC",4.31298180593207,1835,"hector"
"V3.2.0","abruptx4CO2","global_tas","degC",4.33652673682515,1836,"hector"
"V3.2.0","abruptx4CO2","global_tas","degC",4.35930895681647,1837,"hector"
"V3.2.0","abruptx4CO2","global_tas","degC",4.38137079388681,1838,"hector"
"V3.2.0","abruptx4CO2","global_tas","degC",4.40275124675497,1839,"hector"
"V3.2.0","abruptx4CO2","global_tas","degC",4.42348632223144,1840,"hector"
"V3.2.0","abruptx4CO2","global_tas","degC",4.44360933099875,1841,"hector"
"V3.2.0","abruptx4CO2","global_tas","degC",4.4631511478141,1842,"hector"
"V3.2.0","abruptx4CO2","global_tas","degC",4.48214044114517,1843,"hector"
"V3.2.0","abruptx4CO2","global_tas","degC",4.50060387644615,1844,"hector"
"V3.2.0","abruptx4CO2","global_tas","degC",4.51856629662058,1845,"hector"
"V3.2.0","abruptx4CO2","global_tas","degC",4.53605088267338,1846,"hector"
"V3.2.0","abruptx4CO2","global_tas","degC",4.55307929710356,1847,"hector"
"V3.2.0","abruptx4CO2","global_tas","degC",4.56967181221366,1848,"hector"
"V3.2.0","abruptx4CO2","global_tas","degC",4.58584742519872,1849,"hector"
"V3.2.0","abruptx4CO2","global_tas","degC",4.60162396161454,1850,"hector"
"V3.2.0","abruptx4CO2","global_tas","degC",4.61701816860369,1851,"hector"
"V3.2.0","abruptx4CO2","global_tas","degC",4.63204579907072,1852,"hector"
"V3.2.0","abruptx4CO2","global_tas","degC",4.64672168783941,1853,"hector"
"V3.2.0","abruptx4CO2","global_tas","degC",4.66105982069008,1854,"hector"
"V3.2.0","abruptx4CO2","global_tas","degC",4.67507339705967,1855,"hector"
"V3.2.0","abruptx4CO2","global_tas","degC",4.68877488708895,1856,"hector"
"V3.2.0","abruptx4CO2","global_tas","degC",4.7021760836164,1857,"hector"
"V3.2.0","abruptx4CO2","global_tas","degC",4.71528814964558,1858,"hector"
"V3.2.0","abruptx4CO2","global_tas","degC",4.72812166174969,1859,"hector"
"V3.2.0","abruptx4CO2","global_tas","degC",4.7406866498228,1860,"hector"
"V3.2.0","abruptx4CO2","global_tas","degC",4.75299263353964,1861,"hector"
"V3.2.0","abruptx4CO2","global_tas","degC",4.765048655845,1862,"hector"
"V3.2.0","abruptx4CO2","global_tas","degC",4.77686331375765,1863,"hector"
"V3.2.0","abruptx4CO2","global_tas","degC",4.7884447867424,1864,"hector"
"V3.2.0","abruptx4CO2","global_tas","degC",4.79980086287659,1865,"hector"
"V3.2.0","abruptx4CO2","global_tas","degC",4.81093896301291,1866,"hector"
"V3.2.0","abruptx4CO2","global_tas","degC",4.82186616311928,1867,"hector"
"V3.2.0","abruptx4CO2","global_tas","degC",4.83258921495798,1868,"hector"
"V3.2.0","abruptx4CO2","global_tas","degC",4.84311456524943,1869,"hector"
"V3.2.0","abruptx4CO2","global_tas","degC",4.85344837345157,1870,"hector"
"V3.2.0","abruptx4CO2","global_tas","degC",4.86359652827271,1871,"hector"
"V3.2.0","abruptx4CO2","global_tas","degC",4.87356466302408,1872,"hector"
"V3.2.0","abruptx4CO2","global_tas","degC",4.88335816990846,1873,"hector"
"V3.2.0","abruptx4CO2","global_tas","degC",4.89298221333157,1874,"hector"
"V3.2.0","abruptx4CO2","global_tas","degC",4.90244174231512,1875,"hector"
"V3.2.0","abruptx4CO2","global_tas","degC",4.91174150208307,1876,"hector"
"V3.2.0","abruptx4CO2","global_tas","degC",4.92088604488592,1877,"hector"
"V3.2.0","abruptx4CO2","global_tas","degC",4.92987974012225,1878,"hector"
"V3.2.0","abruptx4CO2","global_tas","degC",4.93872678381122,1879,"hector"
"V3.2.0","abruptx4CO2","global_tas","degC",4.94743120746516,1880,"hector"
"V3.2.0","abruptx4CO2","global_tas","degC",4.95599688640713,1881,"hector"
"V3.2.0","abruptx4CO2","global_tas","degC",4.96442754757425,1882,"hector"
"V3.2.0","abruptx4CO2","global_tas","degC",4.97272677684448,1883,"hector"
"V3.2.0","abruptx4CO2","global_tas","degC",4.98089802592107,1884,"hector"
"V3.2.0","abruptx4CO2","global_tas","degC",4.98894461880618,1885,"hector"
"V3.2.0","abruptx4CO2","global_tas","degC",4.99686975789274,1886,"hector"
"V3.2.0","abruptx4CO2","global_tas","degC",5.00467652970088,1887,"hector"
"V3.2.0","abruptx4CO2","global_tas","degC",5.01236791028359,1888,"hector"
"V3.2.0","abruptx4CO2","global_tas","degC",5.01994677032406,1889,"hector"
"V3.2.0","abruptx4CO2","global_tas","degC",5.0274158799454,1890,"hector"
"V3.2.0","abruptx4CO2","global_tas","degC",5.03477791325194,1891,"hector"
"V3.2.0","abruptx4CO2","global_tas","degC",5.04203545261985,1892,"hector"
"V3.2.0","abruptx4CO2","global_tas","degC",5.04919099275325,1893,"hector"
"V3.2.0","abruptx4CO2","global_tas","degC",5.05624694452103,1894,"hector"
"V3.2.0","abruptx4CO2","global_tas","degC",5.0632056385885,1895,"hector"
"V3.2.0","abruptx4CO2","global_tas","degC",5.07006932885649,1896,"hector"
"V3.2.0","abruptx4CO2","global_tas","degC",5.07684019572031,1897,"hector"
"V3.2.0","abruptx4CO2","global_tas","degC",5.08352034915953,1898,"hector"
"V3.2.0","abruptx4CO2","global_tas","degC",5.09011183166883,1899,"hector"
"V3.2.0","abruptx4CO2","global_tas","degC",5.0966166210399,1900,"hector"
"V3.2.0","abruptx4CO2","global_tas","degC",5.10303663300296,1901,"hector"
"V3.2.0","abruptx4CO2","global_tas","degC",5.10937372373654,1902,"hector"
"V3.2.0","abruptx4CO2","global_tas","degC",5.1156296922531,1903,"hector"
"V3.2.0","abruptx4CO2","global_tas","degC",5.1218062826679,1904,"hector"
"V3.2.0","abruptx4CO2","global_tas","degC",5.12790518635764,1905,"hector"
"V3.2.0","abruptx4CO2","global_tas","degC",5.13392804401545,1906,"hector"
"V3.2.0","abruptx4CO2","global_tas","degC",5.13987644760794,1907,"hector"
"V3.2.0","abruptx4CO2","global_tas","degC",5.14575194223985,1908,"hector"
"V3.2.0","abruptx4CO2","global_tas","degC",5.15155602793148,1909,"hector"
"V3.2.0","abruptx4CO2","global_tas","degC",5.15729016131373,1910,"hector"
"V3.2.0","abruptx4CO2","global_tas","degC",5.16295575724517,1911,"hector"
"V3.2.0","abruptx4CO2","global_tas","degC",5.16855419035553,1912,"hector"
"V3.2.0","abruptx4CO2","global_tas","degC",5.17408679651938,1913,"hector"
"V3.2.0","abruptx4CO2","global_tas","degC",5.17955487426388,1914,"hector"
"V3.2.0","abruptx4CO2","global_tas","degC",5.18495968611401,1915,"hector"
"V3.2.0","abruptx4CO2","global_tas","degC",5.19030245987858,1916,"hector"
"V3.2.0","abruptx4CO2","global_tas","degC",5.19558438988007,1917,"hector"
"V3.2.0","abruptx4CO2","global_tas","degC",5.20080663813124,1918,"hector"
"V3.2.0","abruptx4CO2","global_tas","degC",5.20597033546124,1919,"hector"
"V3.2.0","abruptx4CO2","global_tas","degC",5.2110765825937,1920,"hector"
"V3.2.0","abruptx4CO2","global_tas","degC",5.21612645117931,1921,"hector"
"V3.2.0","abruptx4CO2","global_tas","degC",5.22112098478512,1922,"hector"
"V3.2.0","abruptx4CO2","global_tas","degC",5.22606119984267,1923,"hector"
"V3.2.0","abruptx4CO2","global_tas","degC",5.23094808655704,1924,"hector"
"V3.2.0","abruptx4CO2","global_tas","degC",5.23578260977874,1925,"hector"
"V3.2.0","abruptx4CO2","global_tas","degC",5.24056570984005,1926,"hector"
"V3.2.0","abruptx4CO2","global_tas","degC",5.24529830335781,1927,"hector"
"V3.2.0","abruptx4CO2","global_tas","degC",5.24998128400402,1928,"hector"
"V3.2.0","abruptx4CO2","global_tas","degC",5.25461552324586,1929,"hector"
"V3.2.0","abruptx4CO2","global_tas","degC",5.2592018710566,1930,"hector"
"V3.2.0","abruptx4CO2","global_tas","degC",5.26374115659861,1931,"hector"
"V3.2.0","abruptx4CO2","global_tas","degC",5.26823418888007,1932,"hector"
"V3.2.0","abruptx4CO2","global_tas","degC",5.27268175738612,1933,"hector"
"V3.2.0","abruptx4CO2","global_tas","degC",5.27708463268611,1934,"hector"
"V3.2.0","abruptx4CO2","global_tas","degC",5.2814435670176,1935,"hector"
"V3.2.0","abruptx4CO2","global_tas","degC",5.28575929484852,1936,"hector"
"V3.2.0","abruptx4CO2","global_tas","degC",5.29003253341816,1937,"hector"
"V3.2.0","abruptx4CO2","global_tas","degC",5.2942639832581,1938,"hector"
"V3.2.0","abruptx4CO2","global_tas","degC",5.29845432869395,1939,"hector"
"V3.2.0","abruptx4CO2","global_tas","degC",5.30260423832865,1940,"hector"
"V3.2.0","abruptx4CO2","global_tas","degC",5.30671436550827,1941,"hector"
"V3.2.0","abruptx4CO2","global_tas","degC",5.31078534877085,1942,"hector"
"V3.2.0","abruptx4CO2","global_tas","degC",5.31481781227927,1943,"hector"
"V3.2.0","abruptx4CO2","global_tas","degC",5.3188123662386,1944,"hector"
"V3.2.0","abruptx4CO2","global_tas","degC",5.32276960729868,1945,"hector"
"V3.2.0","abruptx4CO2","global_tas","degC",5.32669011894258,1946,"hector"
"V3.2.0","abruptx4CO2","global_tas","degC",5.33057447186146,1947,"hector"
"V3.2.0","abruptx4CO2","global_tas","degC",5.33442322431645,1948,"hector"
"V3.2.0","abruptx4CO2","global_tas","degC",5.338236922488,1949,"hector"
"V3.2.0","abruptx4CO2","global_tas","degC",5.34201610081332,1950,"hector"
"V3.2.0","abruptx4CO2","global_tas","degC",5.34576128231233,1951,"hector"
"V3.2.0","abruptx4CO2","global_tas","degC",5.34947297890252,1952,"hector"
"V3.2.0","abruptx4CO2","global_tas","degC",5.35315169170332,1953,"hector"
"V3.2.0","abruptx4CO2","global_tas","degC",5.35679791133028,1954,"hector"
"V3.2.0","abruptx4CO2","global_tas","degC",5.36041211817945,1955,"hector"
"V3.2.0","abruptx4CO2","global_tas","degC",5.36399478270244,1956,"hector"
"V3.2.0","abruptx4CO2","global_tas","degC",5.36754636567242,1957,"hector"
"V3.2.0","abruptx4CO2","global_tas","degC",5.3710673184415,1958,"hector"
"V3.2.0","abruptx4CO2","global_tas","degC",5.37455808318976,1959,"hector"
"V3.2.0","abruptx4CO2","global_tas","degC",5.37801909316625,1960,"hector"
"V3.2.0","abruptx4CO2","global_tas","degC",5.38145077292235,1961,"hector"
"V3.2.0","abruptx4CO2","global_tas","degC",5.38485353853761,1962,"hector"
"V3.2.0","abruptx4CO2","global_tas","degC",5.38822779783856,1963,"hector"
"V3.2.0","abruptx4CO2","global_tas","degC",5.39157395061057,1964,"hector"
"V3.2.0","abruptx4CO2","global_tas","degC",5.39489238880312,1965,"hector"
"V3.2.0","abruptx4CO2","global_tas","degC",5.39818349672872,1966,"hector"
"V3.2.0","abruptx4CO2","global_tas","degC",5.40144765125567,1967,"hector"
"V3.2.0","abruptx4CO2","global_tas","degC",5.40468522199491,1968,"hector"
"V3.2.0","abruptx4CO2","global_tas","degC",5.40789657148114,1969,"hector"
"V3.2.0","abruptx4CO2","global_tas","degC",5.4110820553485,1970,"hector"
"V3.2.0","abruptx4CO2","global_tas","degC",5.4142420225009,1971,"hector"
"V3.2.0","abruptx4CO2","global_tas","degC",5.41737681527724,1972,"hector"
"V3.2.0","abruptx4CO2","global_tas","degC",5.42048676961176,1973,"hector"
"V3.2.0","abruptx4CO2","global_tas","degC",5.42357221518956,1974,"hector"
"V3.2.0","abruptx4CO2","global_tas","degC",5.42663347559755,1975,"hector"
"V3.2.0","abruptx4CO2","global_tas","degC",5.42967086847101,1976,"hector"
"V3.2.0","abruptx4CO2","global_tas","degC",5.43268470563583,1977,"hector"
"V3.2.0","abruptx4CO2","global_tas","degC",5.43567529324662,1978,"hector"
"V3.2.0","abruptx4CO2","global_tas","degC",5.43864293192084,1979,"hector"
"V3.2.0","abruptx4CO2","global_tas","degC",5.44158791686908,1980,"hector"
"V3.2.0","abruptx4CO2","global_tas","degC",5.44451053802158,1981,"hector"
"V3.2.0","abruptx4CO2","global_tas","degC",5.44741108015126,1982,"hector"
"V3.2.0","abruptx4CO2","global_tas","degC",5.45028982299308,1983,"hector"
"V3.2.0","abruptx4CO2","global_tas","degC",5.45314704136026,1984,"hector"
"V3.2.0","abruptx4CO2","global_tas","degC",5.45598300525705,1985,"hector"
"V3.2.0","abruptx4CO2","global_tas","degC",5.45879797998851,1986,"hector"
"V3.2.0","abruptx4CO2","global_tas","degC",5.4615922262671,1987,"hector"
"V3.2.0","abruptx4CO2","global_tas","degC",5.46436600031651,1988,"hector"
"V3.2.0","abruptx4CO2","global_tas","degC",5.46711955397245,1989,"hector"
"V3.2.0","abruptx4CO2","global_tas","degC",5.4698531347808,1990,"hector"
"V3.2.0","abruptx4CO2","global_tas","degC",5.47256698609309,1991,"hector"
"V3.2.0","abruptx4CO2","global_tas","degC",5.47526134715934,1992,"hector"
"V3.2.0","abruptx4CO2","global_tas","degC",5.47793645321846,1993,"hector"
"V3.2.0","abruptx4CO2","global_tas","degC",5.48059253558615,1994,"hector"
"V3.2.0","abruptx4CO2","global_tas","degC",5.48322982174056,1995,"hector"
"V3.2.0","abruptx4CO2","global_tas","degC",5.48584853540555,1996,"hector"
"V3.2.0","abruptx4CO2","global_tas","degC",5.48844889663189,1997,"hector"
"V3.2.0","abruptx4CO2","global_tas","degC",5.4910311218762,1998,"hector"
"V3.2.0","abruptx4CO2","global_tas","degC",5.49359542407788,1999,"hector"
"V3.2.0","abruptx4CO2","global_tas","degC",5.49614201273407,2000,"hector"
"V3.2.0","abruptx4CO2","global_tas","degC",5.49867109397257,2001,"hector"
"V3.2.0","abruptx4CO2","global_tas","degC",5.50118287062294,2002,"hector"
"V3.2.0","abruptx4CO2","global_tas","degC",5.50367754228574,2003,"hector"
"V3.2.0","abruptx4CO2","global_tas","degC",5.50615530540008,2004,"hector"
"V3.2.0","abruptx4CO2","global_tas","degC",5.50861635330932,2005,"hector"
"V3.2.0","abruptx4CO2","global_tas","degC",5.51106087632517,2006,"hector"
"V3.2.0","abruptx4CO2","global_tas","degC",5.51348906179022,2007,"hector"
"V3.2.0","abruptx4CO2","global_tas","degC",5.51590109413875,2008,"hector"
"V3.2.0","abruptx4CO2","global_tas","degC",5.51829715495619,2009,"hector"
"V3.2.0","abruptx4CO2","global_tas","degC",5.52067742303694,2010,"hector"
"V3.2.0","abruptx4CO2","global_tas","degC",5.52304207444089,2011,"hector"
"V3.2.0","abruptx4CO2","global_tas","degC",5.52539128254843,2012,"hector"
"V3.2.0","abruptx4CO2","global_tas","degC",5.52772521811416,2013,"hector"
"V3.2.0","abruptx4CO2","global_tas","degC",5.53004404931928,2014,"hector"
"V3.2.0","abruptx4CO2","global_tas","degC",5.53234794182272,2015,"hector"
"V3.2.0","abruptx4CO2","global_tas","degC",5.5346370588109,2016,"hector"
"V3.2.0","abruptx4CO2","global_tas","degC",5.53691156104651,2017,"hector"
"V3.2.0","abruptx4CO2","global_tas","degC",5.53917160691587,2018,"hector"
"V3.2.0","abruptx4CO2","global_tas","degC",5.54141735247533,2019,"hector"
"V3.2.0","abruptx4CO2","global_tas","degC",5.54364895149648,2020,"hector"
"V3.2.0","abruptx4CO2","global_tas","degC",5.54586655551024,2021,"hector"
"V3.2.0","abruptx4CO2","global_tas","degC",5.54807031385003,2022,"hector"
"V3.2.0","abruptx4CO2","global_tas","degC",5.55026037369379,2023,"hector"
"V3.2.0","abruptx4CO2","global_tas","degC",5.55243688010507,2024,"hector"
"V3.2.0","abruptx4CO2","global_tas","degC",5.55459997607316,2025,"hector"
"V3.2.0","abruptx4CO2","global_tas","degC",5.55674980255228,2026,"hector"
"V3.2.0","abruptx4CO2","global_tas","degC",5.55888649849981,2027,"hector"
"V3.2.0","abruptx4CO2","global_tas","degC",5.56101020091368,2028,"hector"
"V3.2.0","abruptx4CO2","global_tas","degC",5.56312104486888,2029,"hector"
"V3.2.0","abruptx4CO2","global_tas","degC",5.56521916355316,2030,"hector"
"V3.2.0","abruptx4CO2","global_tas","degC",5.56730468830181,2031,"hector"
"V3.2.0","abruptx4CO2","global_tas","degC",5.5693777486318,2032,"hector"
"V3.2.0","abruptx4CO2","global_tas","degC",5.57143847227497,2033,"hector"
"V3.2.0","abruptx4CO2","global_tas","degC",5.57348698521063,2034,"hector"
"V3.2.0","abruptx4CO2","global_tas","degC",5.5755234116973,2035,"hector"
"V3.2.0","abruptx4CO2","global_tas","degC",5.57754787430381,2036,"hector"
"V3.2.0","abruptx4CO2","global_tas","degC",5.57956049393963,2037,"hector"
"V3.2.0","abruptx4CO2","global_tas","degC",5.58156138988463,2038,"hector"
"V3.2.0","abruptx4CO2","global_tas","degC",5.58355067981805,2039,"hector"
"V3.2.0","abruptx4CO2","global_tas","degC",5.58552847984693,2040,"hector"
"V3.2.0","abruptx4CO2","global_tas","degC",5.58749490453386,2041,"hector"
"V3.2.0","abruptx4CO2","global_tas","degC",5.5894500669241,2042,"hector"
"V3.2.0","abruptx4CO2","global_tas","degC",5.59139407857219,2043,"hector"
"V3.2.0","abruptx4CO2","global_tas","degC",5.59332704956788,2044,"hector"
"V3.2.0","abruptx4CO2","global_tas","degC",5.59524908856151,2045,"hector"
"V3.2.0","abruptx4CO2","global_tas","degC",5.59716030278893,2046,"hector"
"V3.2.0","abruptx4CO2","global_tas","degC",5.59906079809581,2047,"hector"
"V3.2.0","abruptx4CO2","global_tas","degC",5.60095067896141,2048,"hector"
"V3.2.0","abruptx4CO2","global_tas","degC",5.60283004852186,2049,"hector"
"V3.2.0","abruptx4CO2","global_tas","degC",5.6046990085929,2050,"hector"
"V3.2.0","abruptx4CO2","global_tas","degC",5.60655765969225,2051,"hector"
"V3.2.0","abruptx4CO2","global_tas","degC",5.6084061010614,2052,"hector"
"V3.2.0","abruptx4CO2","global_tas","degC",5.61024443068699,2053,"hector"
"V3.2.0","abruptx4CO2","global_tas","degC",5.61207274532167,2054,"hector"
"V3.2.0","abruptx4CO2","global_tas","degC",5.61389114050465,2055,"hector"
"V3.2.0","abruptx4CO2","global_tas","degC",5.61569971058167,2056,"hector"
"V3.2.0","abruptx4CO2","global_tas","degC",5.6174985487247,2057,"hector"
"V3.2.0","abruptx4CO2","global_tas","degC",5.61928774695106,2058,"hector"
"V3.2.0","abruptx4CO2","global_tas","degC",5.62106739614232,2059,"hector"
"V3.2.0","abruptx4CO2","global_tas","degC",5.62283758606267,2060,"hector"
"V3.2.0","abruptx4CO2","global_tas","degC",5.62459840537705,2061,"hector"
"V3.2.0","abruptx4CO2","global_tas","degC",5.62634994166873,2062,"hector"
"V3.2.0","abruptx4CO2","global_tas","degC",5.62809228145669,2063,"hector"
"V3.2.0","abruptx4CO2","global_tas","degC",5.62982551021259,2064,"hector"
"V3.2.0","abruptx4CO2","global_tas","degC",5.63154971237738,2065,"hector"
"V3.2.0","abruptx4CO2","global_tas","degC",5.63326497137756,2066,"hector"
"V3.2.0","abruptx4CO2","global_tas","degC",5.63497136964121,2067,"hector"
"V3.2.0","abruptx4CO2","global_tas","degC",5.63666898861354,2068,"hector"
"V3.2.0","abruptx4CO2","global_tas","degC",5.6383579087723,2069,"hector"
"V3.2.0","abruptx4CO2","global_tas","degC",5.64003820964275,2070,"hector"
"V3.2.0","abruptx4CO2","global_tas","degC",5.6417099698124,2071,"hector"
"V3.2.0","abruptx4CO2","global_tas","degC",5.64337326694546,2072,"hector"
"V3.2.0","abruptx4CO2","global_tas","degC",5.64502817779695,2073,"hector"
"V3.2.0","abruptx4CO2","global_tas","degC",5.64667477822658,2074,"hector"
"V3.2.0","abruptx4CO2","global_tas","degC",5.64831314321243,2075,"hector"
"V3.2.0","abruptx4CO2","global_tas","degC",5.64994334686414,2076,"hector"
"V3.2.0","abruptx4CO2","global_tas","degC",5.6515654624361,2077,"hector"
"V3.2.0","abruptx4CO2","global_tas","degC",5.65317956234023,2078,"hector"
"V3.2.0","abruptx4CO2","global_tas","degC",5.65478571815857,2079,"hector"
"V3.2.0","abruptx4CO2","global_tas","degC",5.65638400065561,2080,"hector"
"V3.2.0","abruptx4CO2","global_tas","degC",5.65797447979037,2081,"hector"
"V3.2.0","abruptx4CO2","global_tas","degC",5.65955722472828,2082,"hector"
"V3.2.0","abruptx4CO2","global_tas","degC",5.66113230385284,2083,"hector"
"V3.2.0","abruptx4CO2","global_tas","degC",5.66269978477704,2084,"hector"
"V3.2.0","abruptx4CO2","global_tas","degC",5.66425973435457,2085,"hector"
"V3.2.0","abruptx4CO2","global_tas","degC",5.66581221869081,2086,"hector"
"V3.2.0","abruptx4CO2","global_tas","degC",5.66735730315359,2087,"hector"
"V3.2.0","abruptx4CO2","global_tas","degC",5.66889505238383,2088,"hector"
"V3.2.0","abruptx4CO2","global_tas","degC",5.67042553030591,2089,"hector"
"V3.2.0","abruptx4CO2","global_tas","degC",5.67194880013791,2090,"hector"
"V3.2.0","abruptx4CO2","global_tas","degC",5.67346492440158,2091,"hector"
"V3.2.0","abruptx4CO2","global_tas","degC",5.67497396493218,2092,"hector"
"V3.2.0","abruptx4CO2","global_tas","degC",5.67647598288815,2093,"hector"
"V3.2.0","abruptx4CO2","global_tas","degC",5.67797103876057,2094,"hector"
"V3.2.0","abruptx4CO2","global_tas","degC",5.67945919238245,2095,"hector"
"V3.2.0","abruptx4CO2","global_tas","degC",5.6809405029379,2096,"hector"
"V3.2.0","abruptx4CO2","global_tas","degC",5.68241502897107,2097,"hector"
"V3.2.0","abruptx4CO2","global_tas","degC",5.683882828395,2098,"hector"
"V3.2.0","abruptx4CO2","global_tas","degC",5.68534395850023,2099,"hector"
"V3.2.0","abruptx4CO2","global_tas","degC",5.68679847596333,2100,"hector"
"V3.2.0","abruptx4CO2","global_tas","degC",5.68824643685519,2101,"hector"
"V3.2.0","abruptx4CO2","global_tas","degC",5.6896878966493,2102,"hector"
"V3.2.0","abruptx4CO2","global_tas","degC",5.69112291022977,2103,"hector"
"V3.2.0","abruptx4CO2","global_tas","degC",5.69255153189925,2104,"hector"
"V3.2.0","abruptx4CO2","global_tas","degC",5.69397381538671,2105,"hector"
"V3.2.0","abruptx4CO2","global_tas","degC",5.69538981385505,2106,"hector"
"V3.2.0","abruptx4CO2","global_tas","degC",5.69679957990867,2107,"hector"
"V3.2.0","abruptx4CO2","global_tas","degC",5.6982031656008,2108,"hector"
"V3.2.0","abruptx4CO2","global_tas","degC",5.69960062244077,2109,"hector"
"V3.2.0","abruptx4CO2","global_tas","degC",5.70099200140117,2110,"hector"
"V3.2.0","abruptx4CO2","global_tas","degC",5.70237735292482,2111,"hector"
"V3.2.0","abruptx4CO2","global_tas","degC",5.70375672693166,2112,"hector"
"V3.2.0","abruptx4CO2","global_tas","degC",5.70513017282553,2113,"hector"
"V3.2.0","abruptx4CO2","global_tas","degC",5.70649773950082,2114,"hector"
"V3.2.0","abruptx4CO2","global_tas","degC",5.70785947534907,2115,"hector"
"V3.2.0","abruptx4CO2","global_tas","degC",5.70921542826535,2116,"hector"
"V3.2.0","abruptx4CO2","global_tas","degC",5.7105656456546,2117,"hector"
"V3.2.0","abruptx4CO2","global_tas","degC",5.71191017443787,2118,"hector"
"V3.2.0","abruptx4CO2","global_tas","degC",5.71324906105844,2119,"hector"
"V3.2.0","abruptx4CO2","global_tas","degC",5.71458235148784,2120,"hector"
"V3.2.0","abruptx4CO2","global_tas","degC",5.71591009123178,2121,"hector"
"V3.2.0","abruptx4CO2","global_tas","degC",5.71723232533595,2122,"hector"
"V3.2.0","abruptx4CO2","global_tas","degC",5.7185490983918,2123,"hector"
"V3.2.0","abruptx4CO2","global_tas","degC",5.71986045454213,2124,"hector"
"V3.2.0","abruptx4CO2","global_tas","degC",5.7211664374867,2125,"hector"
"V3.2.0","abruptx4CO2","global_tas","degC",5.72246709048763,2126,"hector"
"V3.2.0","abruptx4CO2","global_tas","degC",5.72376245637479,2127,"hector"
"V3.2.0","abruptx4CO2","global_tas","degC",5.7250525775511,2128,"hector"
"V3.2.0","abruptx4CO2","global_tas","degC",5.72633749599774,2129,"hector"
"V3.2.0","abruptx4CO2","global_tas","degC",5.72761725327928,2130,"hector"
"V3.2.0","abruptx4CO2","global_tas","degC",5.72889189054867,2131,"hector"
"V3.2.0","abruptx4CO2","global_tas","degC",5.73016144855225,2132,"hector"
"V3.2.0","abruptx4CO2","global_tas","degC",5.73142596763459,2133,"hector"
"V3.2.0","abruptx4CO2","global_tas","degC",5.73268548774337,2134,"hector"
"V3.2.0","abruptx4CO2","global_tas","degC",5.73394004843406,2135,"hector"
"V3.2.0","abruptx4CO2","global_tas","degC",5.7351896888746,2136,"hector"
"V3.2.0","abruptx4CO2","global_tas","degC",5.73643444784996,2137,"hector"
"V3.2.0","abruptx4CO2","global_tas","degC",5.73767436376675,2138,"hector"
"V3.2.0","abruptx4CO2","global_tas","degC",5.73890947465753,2139,"hector"
"V3.2.0","abruptx4CO2","global_tas","degC",5.74013981818533,2140,"hector"
"V3.2.0","abruptx4CO2","global_tas","degC",5.74136543164788,2141,"hector"
"V3.2.0","abruptx4CO2","global_tas","degC",5.74258635198189,2142,"hector"
"V3.2.0","abruptx4CO2","global_tas","degC",5.74380261576724,2143,"hector"
"V3.2.0","abruptx4CO2","global_tas","degC",5.74501425923114,2144,"hector"
"V3.2.0","abruptx4CO2","global_tas","degC",5.74622131825215,2145,"hector"
"V3.2.0","abruptx4CO2","global_tas","degC",5.74742382836422,2146,"hector"
"V3.2.0","abruptx4CO2","global_tas","degC",5.7486218247606,2147,"hector"
"V3.2.0","abruptx4CO2","global_tas","degC",5.74981534229776,2148,"hector"
"V3.2.0","abruptx4CO2","global_tas","degC",5.75100441549919,2149,"hector"
"V3.2.0","abruptx4CO2","global_tas","degC",5.75218907855922,2150,"hector"
"V3.2.0","abruptx4CO2","global_tas","degC",5.7533693653467,2151,"hector"
"V3.2.0","abruptx4CO2","global_tas","degC",5.75454530940873,2152,"hector"
"V3.2.0","abruptx4CO2","global_tas","degC",5.75571694397422,2153,"hector"
"V3.2.0","abruptx4CO2","global_tas","degC",5.75688430195746,2154,"hector"
"V3.2.0","abruptx4CO2","global_tas","degC",5.75804741596162,2155,"hector"
"V3.2.0","abruptx4CO2","global_tas","degC",5.75920631828227,2156,"hector"
"V3.2.0","abruptx4CO2","global_tas","degC",5.76036104091074,2157,"hector"
"V3.2.0","abruptx4CO2","global_tas","degC",5.7615116155375,2158,"hector"
"V3.2.0","abruptx4CO2","global_tas","degC",5.76265807355552,2159,"hector"
"V3.2.0","abruptx4CO2","global_tas","degC",5.76380044606349,2160,"hector"
"V3.2.0","abruptx4CO2","global_tas","degC",5.76493876386906,2161,"hector"
"V3.2.0","abruptx4CO2","global_tas","degC",5.76607305749203,2162,"hector"
"V3.2.0","abruptx4CO2","global_tas","degC",5.7672033571675,2163,"hector"
"V3.2.0","abruptx4CO2","global_tas","degC",5.76832969284895,2164,"hector"
"V3.2.0","abruptx4CO2","global_tas","degC",5.7694520942113,2165,"hector"
"V3.2.0","abruptx4CO2","global_tas","degC",5.77057059065392,2166,"hector"
"V3.2.0","abruptx4CO2","global_tas","degC",5.77168521130361,2167,"hector"
"V3.2.0","abruptx4CO2","global_tas","degC",5.77279598501753,2168,"hector"
"V3.2.0","abruptx4CO2","global_tas","degC",5.77390294038604,2169,"hector"
"V3.2.0","abruptx4CO2","global_tas","degC",5.77500610573563,2170,"hector"
"V3.2.0","abruptx4CO2","global_tas","degC",5.77610550913172,2171,"hector"
"V3.2.0","abruptx4CO2","global_tas","degC",5.7772011783814,2172,"hector"
"V3.2.0","abruptx4CO2","global_tas","degC",5.77829314103617,2173,"hector"
"V3.2.0","abruptx4CO2","global_tas","degC",5.77938142439471,2174,"hector"
"V3.2.0","abruptx4CO2","global_tas","degC",5.78046605550548,2175,"hector"
"V3.2.0","abruptx4CO2","global_tas","degC",5.78154706116936,2176,"hector"
"V3.2.0","abruptx4CO2","global_tas","degC",5.78262446794227,2177,"hector"
"V3.2.0","abruptx4CO2","global_tas","degC",5.78369830213776,2178,"hector"
"V3.2.0","abruptx4CO2","global_tas","degC",5.78476858982947,2179,"hector"
"V3.2.0","abruptx4CO2","global_tas","degC",5.78583535685372,2180,"hector"
"V3.2.0","abruptx4CO2","global_tas","degC",5.78689862881195,2181,"hector"
"V3.2.0","abruptx4CO2","global_tas","degC",5.78795843107312,2182,"hector"
"V3.2.0","abruptx4CO2","global_tas","degC",5.7890147887761,2183,"hector"
"V3.2.0","abruptx4CO2","global_tas","degC",5.79006772683211,2184,"hector"
"V3.2.0","abruptx4CO2","global_tas","degC",5.79111726992705,2185,"hector"
"V3.2.0","abruptx4CO2","global_tas","degC",5.79216344252377,2186,"hector"
"V3.2.0","abruptx4CO2","global_tas","degC",5.7932062688644,2187,"hector"
"V3.2.0","abruptx4CO2","global_tas","degC",5.79424577297257,2188,"hector"
"V3.2.0","abruptx4CO2","global_tas","degC",5.79528197865569,2189,"hector"
"V3.2.0","abruptx4CO2","global_tas","degC",5.79631490950713,2190,"hector"
"V3.2.0","abruptx4CO2","global_tas","degC",5.79734458890838,2191,"hector"
"V3.2.0","abruptx4CO2","global_tas","degC",5.7983710400312,2192,"hector"
"V3.2.0","abruptx4CO2","global_tas","degC",5.79939428583974,2193,"hector"
"V3.2.0","abruptx4CO2","global_tas","degC",5.80041434909269,2194,"hector"
"V3.2.0","abruptx4CO2","global_tas","degC",5.80143125234525,2195,"hector"
"V3.2.0","abruptx4CO2","global_tas","degC",5.80244501795124,2196,"hector"
"V3.2.0","abruptx4CO2","global_tas","degC",5.80345566806511,2197,"hector"
"V3.2.0","abruptx4CO2","global_tas","degC",5.80446322464393,2198,"hector"
"V3.2.0","abruptx4CO2","global_tas","degC",5.80546770944939,2199,"hector"
"V3.2.0","abruptx4CO2","global_tas","degC",5.80646914404972,2200,"hector"
"V3.2.0","abruptx4CO2","global_tas","degC",5.8074675498216,2201,"hector"
"V3.2.0","abruptx4CO2","global_tas","degC",5.80846294795208,2202,"hector"
"V3.2.0","abruptx4CO2","global_tas","degC",5.80945535944046,2203,"hector"
"V3.2.0","abruptx4CO2","global_tas","degC",5.81044480510016,2204,"hector"
"V3.2.0","abruptx4CO2","global_tas","degC",5.81143130556052,2205,"hector"
"V3.2.0","abruptx4CO2","global_tas","degC",5.81241488126866,2206,"hector"
"V3.2.0","abruptx4CO2","global_tas","degC",5.81339555249121,2207,"hector"
"V3.2.0","abruptx4CO2","global_tas","degC",5.81437333931617,2208,"hector"
"V3.2.0","abruptx4CO2","global_tas","degC",5.81534826165459,2209,"hector"
"V3.2.0","abruptx4CO2","global_tas","degC",5.81632033924231,2210,"hector"
"V3.2.0","abruptx4CO2","global_tas","degC",5.81728959164169,2211,"hector"
"V3.2.0","abruptx4CO2","global_tas","degC",5.81825603824329,2212,"hector"
"V3.2.0","abruptx4CO2","global_tas","degC",5.81921969826756,2213,"hector"
"V3.2.0","abruptx4CO2","global_tas","degC",5.82018059076643,2214,"hector"
"V3.2.0","abruptx4CO2","global_tas","degC",5.82113873462502,2215,"hector"
"V3.2.0","abruptx4CO2","global_tas","degC",5.82209414856323,2216,"hector"
"V3.2.0","abruptx4CO2","global_tas","degC",5.82304685113732,2217,"hector"
"V3.2.0","abruptx4CO2","global_tas","degC",5.82399686074153,2218,"hector"
"V3.2.0","abruptx4CO2","global_tas","degC",5.82494419560961,2219,"hector"
"V3.2.0","abruptx4CO2","global_tas","degC",5.82588887381632,2220,"hector"
"V3.2.0","abruptx4CO2","global_tas","degC",5.82683091327906,2221,"hector"
"V3.2.0","abruptx4CO2","global_tas","degC",5.82777033175931,2222,"hector"
"V3.2.0","abruptx4CO2","global_tas","degC",5.82870714686409,2223,"hector"
"V3.2.0","abruptx4CO2","global_tas","degC",5.82964137604752,2224,"hector"
"V3.2.0","abruptx4CO2","global_tas","degC",5.83057303661223,2225,"hector"
"V3.2.0","abruptx4CO2","global_tas","degC",5.83150214571082,2226,"hector"
"V3.2.0","abruptx4CO2","global_tas","degC",5.83242872034726,2227,"hector"
"V3.2.0","abruptx4CO2","global_tas","degC",5.83335277737835,2228,"hector"
"V3.2.0","abruptx4CO2","global_tas","degC",5.8342743335151,2229,"hector"
"V3.2.0","abruptx4CO2","global_tas","degC",5.83519340532407,2230,"hector"
"V3.2.0","abruptx4CO2","global_tas","degC",5.83611000922878,2231,"hector"
"V3.2.0","abruptx4CO2","global_tas","degC",5.83702416151107,2232,"hector"
"V3.2.0","abruptx4CO2","global_tas","degC",5.83793587831239,2233,"hector"
"V3.2.0","abruptx4CO2","global_tas","degC",5.83884517563516,2234,"hector"
"V3.2.0","abruptx4CO2","global_tas","degC",5.83975206934407,2235,"hector"
"V3.2.0","abruptx4CO2","global_tas","degC",5.84065657516736,2236,"hector"
"V3.2.0","abruptx4CO2","global_tas","degC",5.84155870869813,2237,"hector"
"V3.2.0","abruptx4CO2","global_tas","degC",5.8424584853956,2238,"hector"
"V3.2.0","abruptx4CO2","global_tas","degC",5.84335592058634,2239,"hector"
"V3.2.0","abruptx4CO2","global_tas","degC",5.84425102946552,2240,"hector"
"V3.2.0","abruptx4CO2","global_tas","degC",5.84514382709817,2241,"hector"
"V3.2.0","abruptx4CO2","global_tas","degC",5.84603432842032,2242,"hector"
"V3.2.0","abruptx4CO2","global_tas","degC",5.84692254824026,2243,"hector"
"V3.2.0","abruptx4CO2","global_tas","degC",5.84780850123974,2244,"hector"
"V3.2.0","abruptx4CO2","global_tas","degC",5.84869220197511,2245,"hector"
"V3.2.0","abruptx4CO2","global_tas","degC",5.84957366487848,2246,"hector"
"V3.2.0","abruptx4CO2","global_tas","degC",5.8504529042589,2247,"hector"
"V3.2.0","abruptx4CO2","global_tas","degC",5.85132993430349,2248,"hector"
"V3.2.0","abruptx4CO2","global_tas","degC",5.85220476907853,2249,"hector"
"V3.2.0","abruptx4CO2","global_tas","degC",5.85307742253068,2250,"hector"
"V3.2.0","abruptx4CO2","global_tas","degC",5.85394790848798,2251,"hector"
"V3.2.0","abruptx4CO2","global_tas","degC",5.854816240661,2252,"hector"
"V3.2.0","abruptx4CO2","global_tas","degC",5.85568243264386,2253,"hector"
"V3.2.0","abruptx4CO2","global_tas","degC",5.85654649791538,2254,"hector"
"V3.2.0","abruptx4CO2","global_tas","degC",5.85740844984008,2255,"hector"
"V3.2.0","abruptx4CO2","global_tas","degC",5.85826830166926,2256,"hector"
"V3.2.0","abruptx4CO2","global_tas","degC",5.85912606654204,2257,"hector"
"V3.2.0","abruptx4CO2","global_tas","degC",5.85998175748637,2258,"hector"
"V3.2.0","abruptx4CO2","global_tas","degC",5.86083538742007,2259,"hector"
"V3.2.0","abruptx4CO2","global_tas","degC",5.86168696915183,2260,"hector"
"V3.2.0","abruptx4CO2","global_tas","degC",5.86253651538219,2261,"hector"
"V3.2.0","abruptx4CO2","global_tas","degC",5.86338403870454,2262,"hector"
"V3.2.0","abruptx4CO2","global_tas","degC",5.86422955160609,2263,"hector"
"V3.2.0","abruptx4CO2","global_tas","degC",5.86507306646885,2264,"hector"
"V3.2.0","abruptx4CO2","global_tas","degC",5.86591459557061,2265,"hector"
"V3.2.0","abruptx4CO2","global_tas","degC",5.86675415108583,2266,"hector"
"V3.2.0","abruptx4CO2","global_tas","degC",5.86759174508662,2267,"hector"
"V3.2.0","abruptx4CO2","global_tas","degC",5.86842738954369,2268,"hector"
"V3.2.0","abruptx4CO2","global_tas","degC",5.86926109632717,2269,"hector"
"V3.2.0","abruptx4CO2","global_tas","degC",5.87009287720764,2270,"hector"
"V3.2.0","abruptx4CO2","global_tas","degC",5.87092274385696,2271,"hector"
"V3.2.0","abruptx4CO2","global_tas","degC",5.8717507078492,2272,"hector"
"V3.2.0","abruptx4CO2","global_tas","degC",5.87257678066151,2273,"hector"
"V3.2.0","abruptx4CO2","global_tas","degC",5.87340097367497,2274,"hector"
"V3.2.0","abruptx4CO2","global_tas","degC",5.87422329817553,2275,"hector"
"V3.2.0","abruptx4CO2","global_tas","degC",5.87504376535477,2276,"hector"
"V3.2.0","abruptx4CO2","global_tas","degC",5.87586238631081,2277,"hector"
"V3.2.0","abruptx4CO2","global_tas","degC",5.87667917204917,2278,"hector"
"V3.2.0","abruptx4CO2","global_tas","degC",5.87749413348356,2279,"hector"
"V3.2.0","abruptx4CO2","global_tas","degC",5.87830728143671,2280,"hector"
"V3.2.0","abruptx4CO2","global_tas","degC",5.87911862664121,2281,"hector"
"V3.2.0","abruptx4CO2","global_tas","degC",5.87992817974033,2282,"hector"
"V3.2.0","abruptx4CO2","global_tas","degC",5.88073595128876,2283,"hector"
"V3.2.0","abruptx4CO2","global_tas","degC",5.88154195175346,2284,"hector"
"V3.2.0","abruptx4CO2","global_tas","degC",5.88234619151443,2285,"hector"
"V3.2.0","abruptx4CO2","global_tas","degC",5.8831486808655,2286,"hector"
"V3.2.0","abruptx4CO2","global_tas","degC",5.88394943001505,2287,"hector"
"V3.2.0","abruptx4CO2","global_tas","degC",5.88474844908686,2288,"hector"
"V3.2.0","abruptx4CO2","global_tas","degC",5.88554574812079,2289,"hector"
"V3.2.0","abruptx4CO2","global_tas","degC",5.88634133707359,2290,"hector"
"V3.2.0","abruptx4CO2","global_tas","degC",5.88713522581959,2291,"hector"
"V3.2.0","abruptx4CO2","global_tas","degC",5.88792742415144,2292,"hector"
"V3.2.0","abruptx4CO2","global_tas","degC",5.88871794178089,2293,"hector"
"V3.2.0","abruptx4CO2","global_tas","degC",5.88950678833944,2294,"hector"
"V3.2.0","abruptx4CO2","global_tas","degC",5.89029397337911,2295,"hector"
"V3.2.0","abruptx4CO2","global_tas","degC",5.89107950637312,2296,"hector"
"V3.2.0","abruptx4CO2","global_tas","degC",5.89186339671659,2297,"hector"
"V3.2.0","abruptx4CO2","global_tas","degC",5.89264565372723,2298,"hector"
"V3.2.0","abruptx4CO2","global_tas","degC",5.89342628664604,2299,"hector"
"V3.2.0","abruptx4CO2","global_tas","degC",5.89420530463799,2300,"hector"
"V3.2.0","abruptx4CO2","RF_tot","W/m2",0,1750,"hector"
"V3.2.0","abruptx4CO2","RF_tot","W/m2",0,1751,"hector"
"V3.2.0","abruptx4CO2","RF_tot","W/m2",0,1752,"hector"
"V3.2.0","abruptx4CO2","RF_tot","W/m2",0,1753,"hector"
"V3.2.0","abruptx4CO2","RF_tot","W/m2",0,1754,"hector"
"V3.2.0","abruptx4CO2","RF_tot","W/m2",0,1755,"hector"
"V3.2.0","abruptx4CO2","RF_tot","W/m2",0,1756,"hector"
"V3.2.0","abruptx4CO2","RF_tot","W/m2",0,1757,"hector"
"V3.2.0","abruptx4CO2","RF_tot","W/m2",0,1758,"hector"
"V3.2.0","abruptx4CO2","RF_tot","W/m2",0,1759,"hector"
"V3.2.0","abruptx4CO2","RF_tot","W/m2",0,1760,"hector"
"V3.2.0","abruptx4CO2","RF_tot","W/m2",0,1761,"hector"
"V3.2.0","abruptx4CO2","RF_tot","W/m2",0,1762,"hector"
"V3.2.0","abruptx4CO2","RF_tot","W/m2",0,1763,"hector"
"V3.2.0","abruptx4CO2","RF_tot","W/m2",0,1764,"hector"
"V3.2.0","abruptx4CO2","RF_tot","W/m2",0,1765,"hector"
"V3.2.0","abruptx4CO2","RF_tot","W/m2",0,1766,"hector"
"V3.2.0","abruptx4CO2","RF_tot","W/m2",0,1767,"hector"
"V3.2.0","abruptx4CO2","RF_tot","W/m2",0,1768,"hector"
"V3.2.0","abruptx4CO2","RF_tot","W/m2",0,1769,"hector"
"V3.2.0","abruptx4CO2","RF_tot","W/m2",0,1770,"hector"
"V3.2.0","abruptx4CO2","RF_tot","W/m2",0,1771,"hector"
"V3.2.0","abruptx4CO2","RF_tot","W/m2",0,1772,"hector"
"V3.2.0","abruptx4CO2","RF_tot","W/m2",0,1773,"hector"
"V3.2.0","abruptx4CO2","RF_tot","W/m2",0,1774,"hector"
"V3.2.0","abruptx4CO2","RF_tot","W/m2",0,1775,"hector"
"V3.2.0","abruptx4CO2","RF_tot","W/m2",0,1776,"hector"
"V3.2.0","abruptx4CO2","RF_tot","W/m2",0,1777,"hector"
"V3.2.0","abruptx4CO2","RF_tot","W/m2",0,1778,"hector"
"V3.2.0","abruptx4CO2","RF_tot","W/m2",0,1779,"hector"
"V3.2.0","abruptx4CO2","RF_tot","W/m2",0,1780,"hector"
"V3.2.0","abruptx4CO2","RF_tot","W/m2",0,1781,"hector"
"V3.2.0","abruptx4CO2","RF_tot","W/m2",0,1782,"hector"
"V3.2.0","abruptx4CO2","RF_tot","W/m2",0,1783,"hector"
"V3.2.0","abruptx4CO2","RF_tot","W/m2",0,1784,"hector"
"V3.2.0","abruptx4CO2","RF_tot","W/m2",0,1785,"hector"
"V3.2.0","abruptx4CO2","RF_tot","W/m2",0,1786,"hector"
"V3.2.0","abruptx4CO2","RF_tot","W/m2",0,1787,"hector"
"V3.2.0","abruptx4CO2","RF_tot","W/m2",0,1788,"hector"
"V3.2.0","abruptx4CO2","RF_tot","W/m2",0,1789,"hector"
"V3.2.0","abruptx4CO2","RF_tot","W/m2",0,1790,"hector"
"V3.2.0","abruptx4CO2","RF_tot","W/m2",0,1791,"hector"
"V3.2.0","abruptx4CO2","RF_tot","W/m2",0,1792,"hector"
"V3.2.0","abruptx4CO2","RF_tot","W/m2",0,1793,"hector"
"V3.2.0","abruptx4CO2","RF_tot","W/m2",0,1794,"hector"
"V3.2.0","abruptx4CO2","RF_tot","W/m2",0,1795,"hector"
"V3.2.0","abruptx4CO2","RF_tot","W/m2",0,1796,"hector"
"V3.2.0","abruptx4CO2","RF_tot","W/m2",0,1797,"hector"
"V3.2.0","abruptx4CO2","RF_tot","W/m2",0,1798,"hector"
"V3.2.0","abruptx4CO2","RF_tot","W/m2",0,1799,"hector"
"V3.2.0","abruptx4CO2","RF_tot","W/m2",8.25708217181934,1800,"hector"
"V3.2.0","abruptx4CO2","RF_tot","W/m2",8.25708217181934,1801,"hector"
"V3.2.0","abruptx4CO2","RF_tot","W/m2",8.25708217181934,1802,"hector"
"V3.2.0","abruptx4CO2","RF_tot","W/m2",8.25708217181934,1803,"hector"
"V3.2.0","abruptx4CO2","RF_tot","W/m2",8.25708217181934,1804,"hector"
"V3.2.0","abruptx4CO2","RF_tot","W/m2",8.25708217181934,1805,"hector"
"V3.2.0","abruptx4CO2","RF_tot","W/m2",8.25708217181934,1806,"hector"
"V3.2.0","abruptx4CO2","RF_tot","W/m2",8.25708217181934,1807,"hector"
"V3.2.0","abruptx4CO2","RF_tot","W/m2",8.25708217181934,1808,"hector"
"V3.2.0","abruptx4CO2","RF_tot","W/m2",8.25708217181934,1809,"hector"
"V3.2.0","abruptx4CO2","RF_tot","W/m2",8.25708217181934,1810,"hector"
"V3.2.0","abruptx4CO2","RF_tot","W/m2",8.25708217181934,1811,"hector"
"V3.2.0","abruptx4CO2","RF_tot","W/m2",8.25708217181934,1812,"hector"
"V3.2.0","abruptx4CO2","RF_tot","W/m2",8.25708217181934,1813,"hector"
"V3.2.0","abruptx4CO2","RF_tot","W/m2",8.25708217181934,1814,"hector"
"V3.2.0","abruptx4CO2","RF_tot","W/m2",8.25708217181934,1815,"hector"
"V3.2.0","abruptx4CO2","RF_tot","W/m2",8.25708217181934,1816,"hector"
"V3.2.0","abruptx4CO2","RF_tot","W/m2",8.25708217181934,1817,"hector"
"V3.2.0","abruptx4CO2","RF_tot","W/m2",8.25708217181934,1818,"hector"
"V3.2.0","abruptx4CO2","RF_tot","W/m2",8.25708217181934,1819,"hector"
"V3.2.0","abruptx4CO2","RF_tot","W/m2",8.25708217181934,1820,"hector"
"V3.2.0","abruptx4CO2","RF_tot","W/m2",8.25708217181934,1821,"hector"
"V3.2.0","abruptx4CO2","RF_tot","W/m2",8.25708217181934,1822,"hector"
"V3.2.0","abruptx4CO2","RF_tot","W/m2",8.25708217181934,1823,"hector"
"V3.2.0","abruptx4CO2","RF_tot","W/m2",8.25708217181934,1824,"hector"
"V3.2.0","abruptx4CO2","RF_tot","W/m2",8.25708217181934,1825,"hector"
"V3.2.0","abruptx4CO2","RF_tot","W/m2",8.25708217181934,1826,"hector"
"V3.2.0","abruptx4CO2","RF_tot","W/m2",8.25708217181934,1827,"hector"
"V3.2.0","abruptx4CO2","RF_tot","W/m2",8.25708217181934,1828,"hector"
"V3.2.0","abruptx4CO2","RF_tot","W/m2",8.25708217181934,1829,"hector"
"V3.2.0","abruptx4CO2","RF_tot","W/m2",8.25708217181934,1830,"hector"
"V3.2.0","abruptx4CO2","RF_tot","W/m2",8.25708217181934,1831,"hector"
"V3.2.0","abruptx4CO2","RF_tot","W/m2",8.25708217181934,1832,"hector"
"V3.2.0","abruptx4CO2","RF_tot","W/m2",8.25708217181934,1833,"hector"
"V3.2.0","abruptx4CO2","RF_tot","W/m2",8.25708217181934,1834,"hector"
"V3.2.0","abruptx4CO2","RF_tot","W/m2",8.25708217181934,1835,"hector"
"V3.2.0","abruptx4CO2","RF_tot","W/m2",8.25708217181934,1836,"hector"
"V3.2.0","abruptx4CO2","RF_tot","W/m2",8.25708217181934,1837,"hector"
"V3.2.0","abruptx4CO2","RF_tot","W/m2",8.25708217181934,1838,"hector"
"V3.2.0","abruptx4CO2","RF_tot","W/m2",8.25708217181934,1839,"hector"
"V3.2.0","abruptx4CO2","RF_tot","W/m2",8.25708217181934,1840,"hector"
"V3.2.0","abruptx4CO2","RF_tot","W/m2",8.25708217181934,1841,"hector"
"V3.2.0","abruptx4CO2","RF_tot","W/m2",8.25708217181934,1842,"hector"
"V3.2.0","abruptx4CO2","RF_tot","W/m2",8.25708217181934,1843,"hector"
"V3.2.0","abruptx4CO2","RF_tot","W/m2",8.25708217181934,1844,"hector"
"V3.2.0","abruptx4CO2","RF_tot","W/m2",8.25708217181934,1845,"hector"
"V3.2.0","abruptx4CO2","RF_tot","W/m2",8.25708217181934,1846,"hector"
"V3.2.0","abruptx4CO2","RF_tot","W/m2",8.25708217181934,1847,"hector"
"V3.2.0","abruptx4CO2","RF_tot","W/m2",8.25708217181934,1848,"hector"
"V3.2.0","abruptx4CO2","RF_tot","W/m2",8.25708217181934,1849,"hector"
"V3.2.0","abruptx4CO2","RF_tot","W/m2",8.25708217181934,1850,"hector"
"V3.2.0","abruptx4CO2","RF_tot","W/m2",8.25708217181934,1851,"hector"
"V3.2.0","abruptx4CO2","RF_tot","W/m2",8.25708217181934,1852,"hector"
"V3.2.0","abruptx4CO2","RF_tot","W/m2",8.25708217181934,1853,"hector"
"V3.2.0","abruptx4CO2","RF_tot","W/m2",8.25708217181934,1854,"hector"
"V3.2.0","abruptx4CO2","RF_tot","W/m2",8.25708217181934,1855,"hector"
"V3.2.0","abruptx4CO2","RF_tot","W/m2",8.25708217181934,1856,"hector"
"V3.2.0","abruptx4CO2","RF_tot","W/m2",8.25708217181934,1857,"hector"
"V3.2.0","abruptx4CO2","RF_tot","W/m2",8.25708217181934,1858,"hector"
"V3.2.0","abruptx4CO2","RF_tot","W/m2",8.25708217181934,1859,"hector"
"V3.2.0","abruptx4CO2","RF_tot","W/m2",8.25708217181934,1860,"hector"
"V3.2.0","abruptx4CO2","RF_tot","W/m2",8.25708217181934,1861,"hector"
"V3.2.0","abruptx4CO2","RF_tot","W/m2",8.25708217181934,1862,"hector"
"V3.2.0","abruptx4CO2","RF_tot","W/m2",8.25708217181934,1863,"hector"
"V3.2.0","abruptx4CO2","RF_tot","W/m2",8.25708217181934,1864,"hector"
"V3.2.0","abruptx4CO2","RF_tot","W/m2",8.25708217181934,1865,"hector"
"V3.2.0","abruptx4CO2","RF_tot","W/m2",8.25708217181934,1866,"hector"
"V3.2.0","abruptx4CO2","RF_tot","W/m2",8.25708217181934,1867,"hector"
"V3.2.0","abruptx4CO2","RF_tot","W/m2",8.25708217181934,1868,"hector"
"V3.2.0","abruptx4CO2","RF_tot","W/m2",8.25708217181934,1869,"hector"
"V3.2.0","abruptx4CO2","RF_tot","W/m2",8.25708217181934,1870,"hector"
"V3.2.0","abruptx4CO2","RF_tot","W/m2",8.25708217181934,1871,"hector"
"V3.2.0","abruptx4CO2","RF_tot","W/m2",8.25708217181934,1872,"hector"
"V3.2.0","abruptx4CO2","RF_tot","W/m2",8.25708217181934,1873,"hector"
"V3.2.0","abruptx4CO2","RF_tot","W/m2",8.25708217181934,1874,"hector"
"V3.2.0","abruptx4CO2","RF_tot","W/m2",8.25708217181934,1875,"hector"
"V3.2.0","abruptx4CO2","RF_tot","W/m2",8.25708217181934,1876,"hector"
"V3.2.0","abruptx4CO2","RF_tot","W/m2",8.25708217181934,1877,"hector"
"V3.2.0","abruptx4CO2","RF_tot","W/m2",8.25708217181934,1878,"hector"
"V3.2.0","abruptx4CO2","RF_tot","W/m2",8.25708217181934,1879,"hector"
"V3.2.0","abruptx4CO2","RF_tot","W/m2",8.25708217181934,1880,"hector"
"V3.2.0","abruptx4CO2","RF_tot","W/m2",8.25708217181934,1881,"hector"
"V3.2.0","abruptx4CO2","RF_tot","W/m2",8.25708217181934,1882,"hector"
"V3.2.0","abruptx4CO2","RF_tot","W/m2",8.25708217181934,1883,"hector"
"V3.2.0","abruptx4CO2","RF_tot","W/m2",8.25708217181934,1884,"hector"
"V3.2.0","abruptx4CO2","RF_tot","W/m2",8.25708217181934,1885,"hector"
"V3.2.0","abruptx4CO2","RF_tot","W/m2",8.25708217181934,1886,"hector"
"V3.2.0","abruptx4CO2","RF_tot","W/m2",8.25708217181934,1887,"hector"
"V3.2.0","abruptx4CO2","RF_tot","W/m2",8.25708217181934,1888,"hector"
"V3.2.0","abruptx4CO2","RF_tot","W/m2",8.25708217181934,1889,"hector"
"V3.2.0","abruptx4CO2","RF_tot","W/m2",8.25708217181934,1890,"hector"
"V3.2.0","abruptx4CO2","RF_tot","W/m2",8.25708217181934,1891,"hector"
"V3.2.0","abruptx4CO2","RF_tot","W/m2",8.25708217181934,1892,"hector"
"V3.2.0","abruptx4CO2","RF_tot","W/m2",8.25708217181934,1893,"hector"
"V3.2.0","abruptx4CO2","RF_tot","W/m2",8.25708217181934,1894,"hector"
"V3.2.0","abruptx4CO2","RF_tot","W/m2",8.25708217181934,1895,"hector"
"V3.2.0","abruptx4CO2","RF_tot","W/m2",8.25708217181934,1896,"hector"
"V3.2.0","abruptx4CO2","RF_tot","W/m2",8.25708217181934,1897,"hector"
"V3.2.0","abruptx4CO2","RF_tot","W/m2",8.25708217181934,1898,"hector"
"V3.2.0","abruptx4CO2","RF_tot","W/m2",8.25708217181934,1899,"hector"
"V3.2.0","abruptx4CO2","RF_tot","W/m2",8.25708217181934,1900,"hector"
"V3.2.0","abruptx4CO2","RF_tot","W/m2",8.25708217181934,1901,"hector"
"V3.2.0","abruptx4CO2","RF_tot","W/m2",8.25708217181934,1902,"hector"
"V3.2.0","abruptx4CO2","RF_tot","W/m2",8.25708217181934,1903,"hector"
"V3.2.0","abruptx4CO2","RF_tot","W/m2",8.25708217181934,1904,"hector"
"V3.2.0","abruptx4CO2","RF_tot","W/m2",8.25708217181934,1905,"hector"
"V3.2.0","abruptx4CO2","RF_tot","W/m2",8.25708217181934,1906,"hector"
"V3.2.0","abruptx4CO2","RF_tot","W/m2",8.25708217181934,1907,"hector"
"V3.2.0","abruptx4CO2","RF_tot","W/m2",8.25708217181934,1908,"hector"
"V3.2.0","abruptx4CO2","RF_tot","W/m2",8.25708217181934,1909,"hector"
"V3.2.0","abruptx4CO2","RF_tot","W/m2",8.25708217181934,1910,"hector"
"V3.2.0","abruptx4CO2","RF_tot","W/m2",8.25708217181934,1911,"hector"
"V3.2.0","abruptx4CO2","RF_tot","W/m2",8.25708217181934,1912,"hector"
"V3.2.0","abruptx4CO2","RF_tot","W/m2",8.25708217181934,1913,"hector"
"V3.2.0","abruptx4CO2","RF_tot","W/m2",8.25708217181934,1914,"hector"
"V3.2.0","abruptx4CO2","RF_tot","W/m2",8.25708217181934,1915,"hector"
"V3.2.0","abruptx4CO2","RF_tot","W/m2",8.25708217181934,1916,"hector"
"V3.2.0","abruptx4CO2","RF_tot","W/m2",8.25708217181934,1917,"hector"
"V3.2.0","abruptx4CO2","RF_tot","W/m2",8.25708217181934,1918,"hector"
"V3.2.0","abruptx4CO2","RF_tot","W/m2",8.25708217181934,1919,"hector"
"V3.2.0","abruptx4CO2","RF_tot","W/m2",8.25708217181934,1920,"hector"
"V3.2.0","abruptx4CO2","RF_tot","W/m2",8.25708217181934,1921,"hector"
"V3.2.0","abruptx4CO2","RF_tot","W/m2",8.25708217181934,1922,"hector"
"V3.2.0","abruptx4CO2","RF_tot","W/m2",8.25708217181934,1923,"hector"
"V3.2.0","abruptx4CO2","RF_tot","W/m2",8.25708217181934,1924,"hector"
"V3.2.0","abruptx4CO2","RF_tot","W/m2",8.25708217181934,1925,"hector"
"V3.2.0","abruptx4CO2","RF_tot","W/m2",8.25708217181934,1926,"hector"
"V3.2.0","abruptx4CO2","RF_tot","W/m2",8.25708217181934,1927,"hector"
"V3.2.0","abruptx4CO2","RF_tot","W/m2",8.25708217181934,1928,"hector"
"V3.2.0","abruptx4CO2","RF_tot","W/m2",8.25708217181934,1929,"hector"
"V3.2.0","abruptx4CO2","RF_tot","W/m2",8.25708217181934,1930,"hector"
"V3.2.0","abruptx4CO2","RF_tot","W/m2",8.25708217181934,1931,"hector"
"V3.2.0","abruptx4CO2","RF_tot","W/m2",8.25708217181934,1932,"hector"
"V3.2.0","abruptx4CO2","RF_tot","W/m2",8.25708217181934,1933,"hector"
"V3.2.0","abruptx4CO2","RF_tot","W/m2",8.25708217181934,1934,"hector"
"V3.2.0","abruptx4CO2","RF_tot","W/m2",8.25708217181934,1935,"hector"
"V3.2.0","abruptx4CO2","RF_tot","W/m2",8.25708217181934,1936,"hector"
"V3.2.0","abruptx4CO2","RF_tot","W/m2",8.25708217181934,1937,"hector"
"V3.2.0","abruptx4CO2","RF_tot","W/m2",8.25708217181934,1938,"hector"
"V3.2.0","abruptx4CO2","RF_tot","W/m2",8.25708217181934,1939,"hector"
"V3.2.0","abruptx4CO2","RF_tot","W/m2",8.25708217181934,1940,"hector"
"V3.2.0","abruptx4CO2","RF_tot","W/m2",8.25708217181934,1941,"hector"
"V3.2.0","abruptx4CO2","RF_tot","W/m2",8.25708217181934,1942,"hector"
"V3.2.0","abruptx4CO2","RF_tot","W/m2",8.25708217181934,1943,"hector"
"V3.2.0","abruptx4CO2","RF_tot","W/m2",8.25708217181934,1944,"hector"
"V3.2.0","abruptx4CO2","RF_tot","W/m2",8.25708217181934,1945,"hector"
"V3.2.0","abruptx4CO2","RF_tot","W/m2",8.25708217181934,1946,"hector"
"V3.2.0","abruptx4CO2","RF_tot","W/m2",8.25708217181934,1947,"hector"
"V3.2.0","abruptx4CO2","RF_tot","W/m2",8.25708217181934,1948,"hector"
"V3.2.0","abruptx4CO2","RF_tot","W/m2",8.25708217181934,1949,"hector"
"V3.2.0","abruptx4CO2","RF_tot","W/m2",8.25708217181934,1950,"hector"
"V3.2.0","abruptx4CO2","RF_tot","W/m2",8.25708217181934,1951,"hector"
"V3.2.0","abruptx4CO2","RF_tot","W/m2",8.25708217181934,1952,"hector"
"V3.2.0","abruptx4CO2","RF_tot","W/m2",8.25708217181934,1953,"hector"
"V3.2.0","abruptx4CO2","RF_tot","W/m2",8.25708217181934,1954,"hector"
"V3.2.0","abruptx4CO2","RF_tot","W/m2",8.25708217181934,1955,"hector"
"V3.2.0","abruptx4CO2","RF_tot","W/m2",8.25708217181934,1956,"hector"
"V3.2.0","abruptx4CO2","RF_tot","W/m2",8.25708217181934,1957,"hector"
"V3.2.0","abruptx4CO2","RF_tot","W/m2",8.25708217181934,1958,"hector"
"V3.2.0","abruptx4CO2","RF_tot","W/m2",8.25708217181934,1959,"hector"
"V3.2.0","abruptx4CO2","RF_tot","W/m2",8.25708217181934,1960,"hector"
"V3.2.0","abruptx4CO2","RF_tot","W/m2",8.25708217181934,1961,"hector"
"V3.2.0","abruptx4CO2","RF_tot","W/m2",8.25708217181934,1962,"hector"
"V3.2.0","abruptx4CO2","RF_tot","W/m2",8.25708217181934,1963,"hector"
"V3.2.0","abruptx4CO2","RF_tot","W/m2",8.25708217181934,1964,"hector"
"V3.2.0","abruptx4CO2","RF_tot","W/m2",8.25708217181934,1965,"hector"
"V3.2.0","abruptx4CO2","RF_tot","W/m2",8.25708217181934,1966,"hector"
"V3.2.0","abruptx4CO2","RF_tot","W/m2",8.25708217181934,1967,"hector"
"V3.2.0","abruptx4CO2","RF_tot","W/m2",8.25708217181934,1968,"hector"
"V3.2.0","abruptx4CO2","RF_tot","W/m2",8.25708217181934,1969,"hector"
"V3.2.0","abruptx4CO2","RF_tot","W/m2",8.25708217181934,1970,"hector"
"V3.2.0","abruptx4CO2","RF_tot","W/m2",8.25708217181934,1971,"hector"
"V3.2.0","abruptx4CO2","RF_tot","W/m2",8.25708217181934,1972,"hector"
"V3.2.0","abruptx4CO2","RF_tot","W/m2",8.25708217181934,1973,"hector"
"V3.2.0","abruptx4CO2","RF_tot","W/m2",8.25708217181934,1974,"hector"
"V3.2.0","abruptx4CO2","RF_tot","W/m2",8.25708217181934,1975,"hector"
"V3.2.0","abruptx4CO2","RF_tot","W/m2",8.25708217181934,1976,"hector"
"V3.2.0","abruptx4CO2","RF_tot","W/m2",8.25708217181934,1977,"hector"
"V3.2.0","abruptx4CO2","RF_tot","W/m2",8.25708217181934,1978,"hector"
"V3.2.0","abruptx4CO2","RF_tot","W/m2",8.25708217181934,1979,"hector"
"V3.2.0","abruptx4CO2","RF_tot","W/m2",8.25708217181934,1980,"hector"
"V3.2.0","abruptx4CO2","RF_tot","W/m2",8.25708217181934,1981,"hector"
"V3.2.0","abruptx4CO2","RF_tot","W/m2",8.25708217181934,1982,"hector"
"V3.2.0","abruptx4CO2","RF_tot","W/m2",8.25708217181934,1983,"hector"
"V3.2.0","abruptx4CO2","RF_tot","W/m2",8.25708217181934,1984,"hector"
"V3.2.0","abruptx4CO2","RF_tot","W/m2",8.25708217181934,1985,"hector"
"V3.2.0","abruptx4CO2","RF_tot","W/m2",8.25708217181934,1986,"hector"
"V3.2.0","abruptx4CO2","RF_tot","W/m2",8.25708217181934,1987,"hector"
"V3.2.0","abruptx4CO2","RF_tot","W/m2",8.25708217181934,1988,"hector"
"V3.2.0","abruptx4CO2","RF_tot","W/m2",8.25708217181934,1989,"hector"
"V3.2.0","abruptx4CO2","RF_tot","W/m2",8.25708217181934,1990,"hector"
"V3.2.0","abruptx4CO2","RF_tot","W/m2",8.25708217181934,1991,"hector"
"V3.2.0","abruptx4CO2","RF_tot","W/m2",8.25708217181934,1992,"hector"
"V3.2.0","abruptx4CO2","RF_tot","W/m2",8.25708217181934,1993,"hector"
"V3.2.0","abruptx4CO2","RF_tot","W/m2",8.25708217181934,1994,"hector"
"V3.2.0","abruptx4CO2","RF_tot","W/m2",8.25708217181934,1995,"hector"
"V3.2.0","abruptx4CO2","RF_tot","W/m2",8.25708217181934,1996,"hector"
"V3.2.0","abruptx4CO2","RF_tot","W/m2",8.25708217181934,1997,"hector"
"V3.2.0","abruptx4CO2","RF_tot","W/m2",8.25708217181934,1998,"hector"
"V3.2.0","abruptx4CO2","RF_tot","W/m2",8.25708217181934,1999,"hector"
"V3.2.0","abruptx4CO2","RF_tot","W/m2",8.25708217181934,2000,"hector"
"V3.2.0","abruptx4CO2","RF_tot","W/m2",8.25708217181934,2001,"hector"
"V3.2.0","abruptx4CO2","RF_tot","W/m2",8.25708217181934,2002,"hector"
"V3.2.0","abruptx4CO2","RF_tot","W/m2",8.25708217181934,2003,"hector"
"V3.2.0","abruptx4CO2","RF_tot","W/m2",8.25708217181934,2004,"hector"
"V3.2.0","abruptx4CO2","RF_tot","W/m2",8.25708217181934,2005,"hector"
"V3.2.0","abruptx4CO2","RF_tot","W/m2",8.25708217181934,2006,"hector"
"V3.2.0","abruptx4CO2","RF_tot","W/m2",8.25708217181934,2007,"hector"
"V3.2.0","abruptx4CO2","RF_tot","W/m2",8.25708217181934,2008,"hector"
"V3.2.0","abruptx4CO2","RF_tot","W/m2",8.25708217181934,2009,"hector"
"V3.2.0","abruptx4CO2","RF_tot","W/m2",8.25708217181934,2010,"hector"
"V3.2.0","abruptx4CO2","RF_tot","W/m2",8.25708217181934,2011,"hector"
"V3.2.0","abruptx4CO2","RF_tot","W/m2",8.25708217181934,2012,"hector"
"V3.2.0","abruptx4CO2","RF_tot","W/m2",8.25708217181934,2013,"hector"
"V3.2.0","abruptx4CO2","RF_tot","W/m2",8.25708217181934,2014,"hector"
"V3.2.0","abruptx4CO2","RF_tot","W/m2",8.25708217181934,2015,"hector"
"V3.2.0","abruptx4CO2","RF_tot","W/m2",8.25708217181934,2016,"hector"
"V3.2.0","abruptx4CO2","RF_tot","W/m2",8.25708217181934,2017,"hector"
"V3.2.0","abruptx4CO2","RF_tot","W/m2",8.25708217181934,2018,"hector"
"V3.2.0","abruptx4CO2","RF_tot","W/m2",8.25708217181934,2019,"hector"
"V3.2.0","abruptx4CO2","RF_tot","W/m2",8.25708217181934,2020,"hector"
"V3.2.0","abruptx4CO2","RF_tot","W/m2",8.25708217181934,2021,"hector"
"V3.2.0","abruptx4CO2","RF_tot","W/m2",8.25708217181934,2022,"hector"
"V3.2.0","abruptx4CO2","RF_tot","W/m2",8.25708217181934,2023,"hector"
"V3.2.0","abruptx4CO2","RF_tot","W/m2",8.25708217181934,2024,"hector"
"V3.2.0","abruptx4CO2","RF_tot","W/m2",8.25708217181934,2025,"hector"
"V3.2.0","abruptx4CO2","RF_tot","W/m2",8.25708217181934,2026,"hector"
"V3.2.0","abruptx4CO2","RF_tot","W/m2",8.25708217181934,2027,"hector"
"V3.2.0","abruptx4CO2","RF_tot","W/m2",8.25708217181934,2028,"hector"
"V3.2.0","abruptx4CO2","RF_tot","W/m2",8.25708217181934,2029,"hector"
"V3.2.0","abruptx4CO2","RF_tot","W/m2",8.25708217181934,2030,"hector"
"V3.2.0","abruptx4CO2","RF_tot","W/m2",8.25708217181934,2031,"hector"
"V3.2.0","abruptx4CO2","RF_tot","W/m2",8.25708217181934,2032,"hector"
"V3.2.0","abruptx4CO2","RF_tot","W/m2",8.25708217181934,2033,"hector"
"V3.2.0","abruptx4CO2","RF_tot","W/m2",8.25708217181934,2034,"hector"
"V3.2.0","abruptx4CO2","RF_tot","W/m2",8.25708217181934,2035,"hector"
"V3.2.0","abruptx4CO2","RF_tot","W/m2",8.25708217181934,2036,"hector"
"V3.2.0","abruptx4CO2","RF_tot","W/m2",8.25708217181934,2037,"hector"
"V3.2.0","abruptx4CO2","RF_tot","W/m2",8.25708217181934,2038,"hector"
"V3.2.0","abruptx4CO2","RF_tot","W/m2",8.25708217181934,2039,"hector"
"V3.2.0","abruptx4CO2","RF_tot","W/m2",8.25708217181934,2040,"hector"
"V3.2.0","abruptx4CO2","RF_tot","W/m2",8.25708217181934,2041,"hector"
"V3.2.0","abruptx4CO2","RF_tot","W/m2",8.25708217181934,2042,"hector"
"V3.2.0","abruptx4CO2","RF_tot","W/m2",8.25708217181934,2043,"hector"
"V3.2.0","abruptx4CO2","RF_tot","W/m2",8.25708217181934,2044,"hector"
"V3.2.0","abruptx4CO2","RF_tot","W/m2",8.25708217181934,2045,"hector"
"V3.2.0","abruptx4CO2","RF_tot","W/m2",8.25708217181934,2046,"hector"
"V3.2.0","abruptx4CO2","RF_tot","W/m2",8.25708217181934,2047,"hector"
"V3.2.0","abruptx4CO2","RF_tot","W/m2",8.25708217181934,2048,"hector"
"V3.2.0","abruptx4CO2","RF_tot","W/m2",8.25708217181934,2049,"hector"
"V3.2.0","abruptx4CO2","RF_tot","W/m2",8.25708217181934,2050,"hector"
"V3.2.0","abruptx4CO2","RF_tot","W/m2",8.25708217181934,2051,"hector"
"V3.2.0","abruptx4CO2","RF_tot","W/m2",8.25708217181934,2052,"hector"
"V3.2.0","abruptx4CO2","RF_tot","W/m2",8.25708217181934,2053,"hector"
"V3.2.0","abruptx4CO2","RF_tot","W/m2",8.25708217181934,2054,"hector"
"V3.2.0","abruptx4CO2","RF_tot","W/m2",8.25708217181934,2055,"hector"
"V3.2.0","abruptx4CO2","RF_tot","W/m2",8.25708217181934,2056,"hector"
"V3.2.0","abruptx4CO2","RF_tot","W/m2",8.25708217181934,2057,"hector"
"V3.2.0","abruptx4CO2","RF_tot","W/m2",8.25708217181934,2058,"hector"
"V3.2.0","abruptx4CO2","RF_tot","W/m2",8.25708217181934,2059,"hector"
"V3.2.0","abruptx4CO2","RF_tot","W/m2",8.25708217181934,2060,"hector"
"V3.2.0","abruptx4CO2","RF_tot","W/m2",8.25708217181934,2061,"hector"
"V3.2.0","abruptx4CO2","RF_tot","W/m2",8.25708217181934,2062,"hector"
"V3.2.0","abruptx4CO2","RF_tot","W/m2",8.25708217181934,2063,"hector"
"V3.2.0","abruptx4CO2","RF_tot","W/m2",8.25708217181934,2064,"hector"
"V3.2.0","abruptx4CO2","RF_tot","W/m2",8.25708217181934,2065,"hector"
"V3.2.0","abruptx4CO2","RF_tot","W/m2",8.25708217181934,2066,"hector"
"V3.2.0","abruptx4CO2","RF_tot","W/m2",8.25708217181934,2067,"hector"
"V3.2.0","abruptx4CO2","RF_tot","W/m2",8.25708217181934,2068,"hector"
"V3.2.0","abruptx4CO2","RF_tot","W/m2",8.25708217181934,2069,"hector"
"V3.2.0","abruptx4CO2","RF_tot","W/m2",8.25708217181934,2070,"hector"
"V3.2.0","abruptx4CO2","RF_tot","W/m2",8.25708217181934,2071,"hector"
"V3.2.0","abruptx4CO2","RF_tot","W/m2",8.25708217181934,2072,"hector"
"V3.2.0","abruptx4CO2","RF_tot","W/m2",8.25708217181934,2073,"hector"
"V3.2.0","abruptx4CO2","RF_tot","W/m2",8.25708217181934,2074,"hector"
"V3.2.0","abruptx4CO2","RF_tot","W/m2",8.25708217181934,2075,"hector"
"V3.2.0","abruptx4CO2","RF_tot","W/m2",8.25708217181934,2076,"hector"
"V3.2.0","abruptx4CO2","RF_tot","W/m2",8.25708217181934,2077,"hector"
"V3.2.0","abruptx4CO2","RF_tot","W/m2",8.25708217181934,2078,"hector"
"V3.2.0","abruptx4CO2","RF_tot","W/m2",8.25708217181934,2079,"hector"
"V3.2.0","abruptx4CO2","RF_tot","W/m2",8.25708217181934,2080,"hector"
"V3.2.0","abruptx4CO2","RF_tot","W/m2",8.25708217181934,2081,"hector"
"V3.2.0","abruptx4CO2","RF_tot","W/m2",8.25708217181934,2082,"hector"
"V3.2.0","abruptx4CO2","RF_tot","W/m2",8.25708217181934,2083,"hector"
"V3.2.0","abruptx4CO2","RF_tot","W/m2",8.25708217181934,2084,"hector"
"V3.2.0","abruptx4CO2","RF_tot","W/m2",8.25708217181934,2085,"hector"
"V3.2.0","abruptx4CO2","RF_tot","W/m2",8.25708217181934,2086,"hector"
"V3.2.0","abruptx4CO2","RF_tot","W/m2",8.25708217181934,2087,"hector"
"V3.2.0","abruptx4CO2","RF_tot","W/m2",8.25708217181934,2088,"hector"
"V3.2.0","abruptx4CO2","RF_tot","W/m2",8.25708217181934,2089,"hector"
"V3.2.0","abruptx4CO2","RF_tot","W/m2",8.25708217181934,2090,"hector"
"V3.2.0","abruptx4CO2","RF_tot","W/m2",8.25708217181934,2091,"hector"
"V3.2.0","abruptx4CO2","RF_tot","W/m2",8.25708217181934,2092,"hector"
"V3.2.0","abruptx4CO2","RF_tot","W/m2",8.25708217181934,2093,"hector"
"V3.2.0","abruptx4CO2","RF_tot","W/m2",8.25708217181934,2094,"hector"
"V3.2.0","abruptx4CO2","RF_tot","W/m2",8.25708217181934,2095,"hector"
"V3.2.0","abruptx4CO2","RF_tot","W/m2",8.25708217181934,2096,"hector"
"V3.2.0","abruptx4CO2","RF_tot","W/m2",8.25708217181934,2097,"hector"
"V3.2.0","abruptx4CO2","RF_tot","W/m2",8.25708217181934,2098,"hector"
"V3.2.0","abruptx4CO2","RF_tot","W/m2",8.25708217181934,2099,"hector"
"V3.2.0","abruptx4CO2","RF_tot","W/m2",8.25708217181934,2100,"hector"
"V3.2.0","abruptx4CO2","RF_tot","W/m2",8.25708217181934,2101,"hector"
"V3.2.0","abruptx4CO2","RF_tot","W/m2",8.25708217181934,2102,"hector"
"V3.2.0","abruptx4CO2","RF_tot","W/m2",8.25708217181934,2103,"hector"
"V3.2.0","abruptx4CO2","RF_tot","W/m2",8.25708217181934,2104,"hector"
"V3.2.0","abruptx4CO2","RF_tot","W/m2",8.25708217181934,2105,"hector"
"V3.2.0","abruptx4CO2","RF_tot","W/m2",8.25708217181934,2106,"hector"
"V3.2.0","abruptx4CO2","RF_tot","W/m2",8.25708217181934,2107,"hector"
"V3.2.0","abruptx4CO2","RF_tot","W/m2",8.25708217181934,2108,"hector"
"V3.2.0","abruptx4CO2","RF_tot","W/m2",8.25708217181934,2109,"hector"
"V3.2.0","abruptx4CO2","RF_tot","W/m2",8.25708217181934,2110,"hector"
"V3.2.0","abruptx4CO2","RF_tot","W/m2",8.25708217181934,2111,"hector"
"V3.2.0","abruptx4CO2","RF_tot","W/m2",8.25708217181934,2112,"hector"
"V3.2.0","abruptx4CO2","RF_tot","W/m2",8.25708217181934,2113,"hector"
"V3.2.0","abruptx4CO2","RF_tot","W/m2",8.25708217181934,2114,"hector"
"V3.2.0","abruptx4CO2","RF_tot","W/m2",8.25708217181934,2115,"hector"
"V3.2.0","abruptx4CO2","RF_tot","W/m2",8.25708217181934,2116,"hector"
"V3.2.0","abruptx4CO2","RF_tot","W/m2",8.25708217181934,2117,"hector"
"V3.2.0","abruptx4CO2","RF_tot","W/m2",8.25708217181934,2118,"hector"
"V3.2.0","abruptx4CO2","RF_tot","W/m2",8.25708217181934,2119,"hector"
"V3.2.0","abruptx4CO2","RF_tot","W/m2",8.25708217181934,2120,"hector"
"V3.2.0","abruptx4CO2","RF_tot","W/m2",8.25708217181934,2121,"hector"
"V3.2.0","abruptx4CO2","RF_tot","W/m2",8.25708217181934,2122,"hector"
"V3.2.0","abruptx4CO2","RF_tot","W/m2",8.25708217181934,2123,"hector"
"V3.2.0","abruptx4CO2","RF_tot","W/m2",8.25708217181934,2124,"hector"
"V3.2.0","abruptx4CO2","RF_tot","W/m2",8.25708217181934,2125,"hector"
"V3.2.0","abruptx4CO2","RF_tot","W/m2",8.25708217181934,2126,"hector"
"V3.2.0","abruptx4CO2","RF_tot","W/m2",8.25708217181934,2127,"hector"
"V3.2.0","abruptx4CO2","RF_tot","W/m2",8.25708217181934,2128,"hector"
"V3.2.0","abruptx4CO2","RF_tot","W/m2",8.25708217181934,2129,"hector"
"V3.2.0","abruptx4CO2","RF_tot","W/m2",8.25708217181934,2130,"hector"
"V3.2.0","abruptx4CO2","RF_tot","W/m2",8.25708217181934,2131,"hector"
"V3.2.0","abruptx4CO2","RF_tot","W/m2",8.25708217181934,2132,"hector"
"V3.2.0","abruptx4CO2","RF_tot","W/m2",8.25708217181934,2133,"hector"
"V3.2.0","abruptx4CO2","RF_tot","W/m2",8.25708217181934,2134,"hector"
"V3.2.0","abruptx4CO2","RF_tot","W/m2",8.25708217181934,2135,"hector"
"V3.2.0","abruptx4CO2","RF_tot","W/m2",8.25708217181934,2136,"hector"
"V3.2.0","abruptx4CO2","RF_tot","W/m2",8.25708217181934,2137,"hector"
"V3.2.0","abruptx4CO2","RF_tot","W/m2",8.25708217181934,2138,"hector"
"V3.2.0","abruptx4CO2","RF_tot","W/m2",8.25708217181934,2139,"hector"
"V3.2.0","abruptx4CO2","RF_tot","W/m2",8.25708217181934,2140,"hector"
"V3.2.0","abruptx4CO2","RF_tot","W/m2",8.25708217181934,2141,"hector"
"V3.2.0","abruptx4CO2","RF_tot","W/m2",8.25708217181934,2142,"hector"
"V3.2.0","abruptx4CO2","RF_tot","W/m2",8.25708217181934,2143,"hector"
"V3.2.0","abruptx4CO2","RF_tot","W/m2",8.25708217181934,2144,"hector"
"V3.2.0","abruptx4CO2","RF_tot","W/m2",8.25708217181934,2145,"hector"
"V3.2.0","abruptx4CO2","RF_tot","W/m2",8.25708217181934,2146,"hector"
"V3.2.0","abruptx4CO2","RF_tot","W/m2",8.25708217181934,2147,"hector"
"V3.2.0","abruptx4CO2","RF_tot","W/m2",8.25708217181934,2148,"hector"
"V3.2.0","abruptx4CO2","RF_tot","W/m2",8.25708217181934,2149,"hector"
"V3.2.0","abruptx4CO2","RF_tot","W/m2",8.25708217181934,2150,"hector"
"V3.2.0","abruptx4CO2","RF_tot","W/m2",8.25708217181934,2151,"hector"
"V3.2.0","abruptx4CO2","RF_tot","W/m2",8.25708217181934,2152,"hector"
"V3.2.0","abruptx4CO2","RF_tot","W/m2",8.25708217181934,2153,"hector"
"V3.2.0","abruptx4CO2","RF_tot","W/m2",8.25708217181934,2154,"hector"
"V3.2.0","abruptx4CO2","RF_tot","W/m2",8.25708217181934,2155,"hector"
"V3.2.0","abruptx4CO2","RF_tot","W/m2",8.25708217181934,2156,"hector"
"V3.2.0","abruptx4CO2","RF_tot","W/m2",8.25708217181934,2157,"hector"
"V3.2.0","abruptx4CO2","RF_tot","W/m2",8.25708217181934,2158,"hector"
"V3.2.0","abruptx4CO2","RF_tot","W/m2",8.25708217181934,2159,"hector"
"V3.2.0","abruptx4CO2","RF_tot","W/m2",8.25708217181934,2160,"hector"
"V3.2.0","abruptx4CO2","RF_tot","W/m2",8.25708217181934,2161,"hector"
"V3.2.0","abruptx4CO2","RF_tot","W/m2",8.25708217181934,2162,"hector"
"V3.2.0","abruptx4CO2","RF_tot","W/m2",8.25708217181934,2163,"hector"
"V3.2.0","abruptx4CO2","RF_tot","W/m2",8.25708217181934,2164,"hector"
"V3.2.0","abruptx4CO2","RF_tot","W/m2",8.25708217181934,2165,"hector"
"V3.2.0","abruptx4CO2","RF_tot","W/m2",8.25708217181934,2166,"hector"
"V3.2.0","abruptx4CO2","RF_tot","W/m2",8.25708217181934,2167,"hector"
"V3.2.0","abruptx4CO2","RF_tot","W/m2",8.25708217181934,2168,"hector"
"V3.2.0","abruptx4CO2","RF_tot","W/m2",8.25708217181934,2169,"hector"
"V3.2.0","abruptx4CO2","RF_tot","W/m2",8.25708217181934,2170,"hector"
"V3.2.0","abruptx4CO2","RF_tot","W/m2",8.25708217181934,2171,"hector"
"V3.2.0","abruptx4CO2","RF_tot","W/m2",8.25708217181934,2172,"hector"
"V3.2.0","abruptx4CO2","RF_tot","W/m2",8.25708217181934,2173,"hector"
"V3.2.0","abruptx4CO2","RF_tot","W/m2",8.25708217181934,2174,"hector"
"V3.2.0","abruptx4CO2","RF_tot","W/m2",8.25708217181934,2175,"hector"
"V3.2.0","abruptx4CO2","RF_tot","W/m2",8.25708217181934,2176,"hector"
"V3.2.0","abruptx4CO2","RF_tot","W/m2",8.25708217181934,2177,"hector"
"V3.2.0","abruptx4CO2","RF_tot","W/m2",8.25708217181934,2178,"hector"
"V3.2.0","abruptx4CO2","RF_tot","W/m2",8.25708217181934,2179,"hector"
"V3.2.0","abruptx4CO2","RF_tot","W/m2",8.25708217181934,2180,"hector"
"V3.2.0","abruptx4CO2","RF_tot","W/m2",8.25708217181934,2181,"hector"
"V3.2.0","abruptx4CO2","RF_tot","W/m2",8.25708217181934,2182,"hector"
"V3.2.0","abruptx4CO2","RF_tot","W/m2",8.25708217181934,2183,"hector"
"V3.2.0","abruptx4CO2","RF_tot","W/m2",8.25708217181934,2184,"hector"
"V3.2.0","abruptx4CO2","RF_tot","W/m2",8.25708217181934,2185,"hector"
"V3.2.0","abruptx4CO2","RF_tot","W/m2",8.25708217181934,2186,"hector"
"V3.2.0","abruptx4CO2","RF_tot","W/m2",8.25708217181934,2187,"hector"
"V3.2.0","abruptx4CO2","RF_tot","W/m2",8.25708217181934,2188,"hector"
"V3.2.0","abruptx4CO2","RF_tot","W/m2",8.25708217181934,2189,"hector"
"V3.2.0","abruptx4CO2","RF_tot","W/m2",8.25708217181934,2190,"hector"
"V3.2.0","abruptx4CO2","RF_tot","W/m2",8.25708217181934,2191,"hector"
"V3.2.0","abruptx4CO2","RF_tot","W/m2",8.25708217181934,2192,"hector"
"V3.2.0","abruptx4CO2","RF_tot","W/m2",8.25708217181934,2193,"hector"
"V3.2.0","abruptx4CO2","RF_tot","W/m2",8.25708217181934,2194,"hector"
"V3.2.0","abruptx4CO2","RF_tot","W/m2",8.25708217181934,2195,"hector"
"V3.2.0","abruptx4CO2","RF_tot","W/m2",8.25708217181934,2196,"hector"
"V3.2.0","abruptx4CO2","RF_tot","W/m2",8.25708217181934,2197,"hector"
"V3.2.0","abruptx4CO2","RF_tot","W/m2",8.25708217181934,2198,"hector"
"V3.2.0","abruptx4CO2","RF_tot","W/m2",8.25708217181934,2199,"hector"
"V3.2.0","abruptx4CO2","RF_tot","W/m2",8.25708217181934,2200,"hector"
"V3.2.0","abruptx4CO2","RF_tot","W/m2",8.25708217181934,2201,"hector"
"V3.2.0","abruptx4CO2","RF_tot","W/m2",8.25708217181934,2202,"hector"
"V3.2.0","abruptx4CO2","RF_tot","W/m2",8.25708217181934,2203,"hector"
"V3.2.0","abruptx4CO2","RF_tot","W/m2",8.25708217181934,2204,"hector"
"V3.2.0","abruptx4CO2","RF_tot","W/m2",8.25708217181934,2205,"hector"
"V3.2.0","abruptx4CO2","RF_tot","W/m2",8.25708217181934,2206,"hector"
"V3.2.0","abruptx4CO2","RF_tot","W/m2",8.25708217181934,2207,"hector"
"V3.2.0","abruptx4CO2","RF_tot","W/m2",8.25708217181934,2208,"hector"
"V3.2.0","abruptx4CO2","RF_tot","W/m2",8.25708217181934,2209,"hector"
"V3.2.0","abruptx4CO2","RF_tot","W/m2",8.25708217181934,2210,"hector"
"V3.2.0","abruptx4CO2","RF_tot","W/m2",8.25708217181934,2211,"hector"
"V3.2.0","abruptx4CO2","RF_tot","W/m2",8.25708217181934,2212,"hector"
"V3.2.0","abruptx4CO2","RF_tot","W/m2",8.25708217181934,2213,"hector"
"V3.2.0","abruptx4CO2","RF_tot","W/m2",8.25708217181934,2214,"hector"
"V3.2.0","abruptx4CO2","RF_tot","W/m2",8.25708217181934,2215,"hector"
"V3.2.0","abruptx4CO2","RF_tot","W/m2",8.25708217181934,2216,"hector"
"V3.2.0","abruptx4CO2","RF_tot","W/m2",8.25708217181934,2217,"hector"
"V3.2.0","abruptx4CO2","RF_tot","W/m2",8.25708217181934,2218,"hector"
"V3.2.0","abruptx4CO2","RF_tot","W/m2",8.25708217181934,2219,"hector"
"V3.2.0","abruptx4CO2","RF_tot","W/m2",8.25708217181934,2220,"hector"
"V3.2.0","abruptx4CO2","RF_tot","W/m2",8.25708217181934,2221,"hector"
"V3.2.0","abruptx4CO2","RF_tot","W/m2",8.25708217181934,2222,"hector"
"V3.2.0","abruptx4CO2","RF_tot","W/m2",8.25708217181934,2223,"hector"
"V3.2.0","abruptx4CO2","RF_tot","W/m2",8.25708217181934,2224,"hector"
"V3.2.0","abruptx4CO2","RF_tot","W/m2",8.25708217181934,2225,"hector"
"V3.2.0","abruptx4CO2","RF_tot","W/m2",8.25708217181934,2226,"hector"
"V3.2.0","abruptx4CO2","RF_tot","W/m2",8.25708217181934,2227,"hector"
"V3.2.0","abruptx4CO2","RF_tot","W/m2",8.25708217181934,2228,"hector"
"V3.2.0","abruptx4CO2","RF_tot","W/m2",8.25708217181934,2229,"hector"
"V3.2.0","abruptx4CO2","RF_tot","W/m2",8.25708217181934,2230,"hector"
"V3.2.0","abruptx4CO2","RF_tot","W/m2",8.25708217181934,2231,"hector"
"V3.2.0","abruptx4CO2","RF_tot","W/m2",8.25708217181934,2232,"hector"
"V3.2.0","abruptx4CO2","RF_tot","W/m2",8.25708217181934,2233,"hector"
"V3.2.0","abruptx4CO2","RF_tot","W/m2",8.25708217181934,2234,"hector"
"V3.2.0","abruptx4CO2","RF_tot","W/m2",8.25708217181934,2235,"hector"
"V3.2.0","abruptx4CO2","RF_tot","W/m2",8.25708217181934,2236,"hector"
"V3.2.0","abruptx4CO2","RF_tot","W/m2",8.25708217181934,2237,"hector"
"V3.2.0","abruptx4CO2","RF_tot","W/m2",8.25708217181934,2238,"hector"
"V3.2.0","abruptx4CO2","RF_tot","W/m2",8.25708217181934,2239,"hector"
"V3.2.0","abruptx4CO2","RF_tot","W/m2",8.25708217181934,2240,"hector"
"V3.2.0","abruptx4CO2","RF_tot","W/m2",8.25708217181934,2241,"hector"
"V3.2.0","abruptx4CO2","RF_tot","W/m2",8.25708217181934,2242,"hector"
"V3.2.0","abruptx4CO2","RF_tot","W/m2",8.25708217181934,2243,"hector"
"V3.2.0","abruptx4CO2","RF_tot","W/m2",8.25708217181934,2244,"hector"
"V3.2.0","abruptx4CO2","RF_tot","W/m2",8.25708217181934,2245,"hector"
"V3.2.0","abruptx4CO2","RF_tot","W/m2",8.25708217181934,2246,"hector"
"V3.2.0","abruptx4CO2","RF_tot","W/m2",8.25708217181934,2247,"hector"
"V3.2.0","abruptx4CO2","RF_tot","W/m2",8.25708217181934,2248,"hector"
"V3.2.0","abruptx4CO2","RF_tot","W/m2",8.25708217181934,2249,"hector"
"V3.2.0","abruptx4CO2","RF_tot","W/m2",8.25708217181934,2250,"hector"
"V3.2.0","abruptx4CO2","RF_tot","W/m2",8.25708217181934,2251,"hector"
"V3.2.0","abruptx4CO2","RF_tot","W/m2",8.25708217181934,2252,"hector"
"V3.2.0","abruptx4CO2","RF_tot","W/m2",8.25708217181934,2253,"hector"
"V3.2.0","abruptx4CO2","RF_tot","W/m2",8.25708217181934,2254,"hector"
"V3.2.0","abruptx4CO2","RF_tot","W/m2",8.25708217181934,2255,"hector"
"V3.2.0","abruptx4CO2","RF_tot","W/m2",8.25708217181934,2256,"hector"
"V3.2.0","abruptx4CO2","RF_tot","W/m2",8.25708217181934,2257,"hector"
"V3.2.0","abruptx4CO2","RF_tot","W/m2",8.25708217181934,2258,"hector"
"V3.2.0","abruptx4CO2","RF_tot","W/m2",8.25708217181934,2259,"hector"
"V3.2.0","abruptx4CO2","RF_tot","W/m2",8.25708217181934,2260,"hector"
"V3.2.0","abruptx4CO2","RF_tot","W/m2",8.25708217181934,2261,"hector"
"V3.2.0","abruptx4CO2","RF_tot","W/m2",8.25708217181934,2262,"hector"
"V3.2.0","abruptx4CO2","RF_tot","W/m2",8.25708217181934,2263,"hector"
"V3.2.0","abruptx4CO2","RF_tot","W/m2",8.25708217181934,2264,"hector"
"V3.2.0","abruptx4CO2","RF_tot","W/m2",8.25708217181934,2265,"hector"
"V3.2.0","abruptx4CO2","RF_tot","W/m2",8.25708217181934,2266,"hector"
"V3.2.0","abruptx4CO2","RF_tot","W/m2",8.25708217181934,2267,"hector"
"V3.2.0","abruptx4CO2","RF_tot","W/m2",8.25708217181934,2268,"hector"
"V3.2.0","abruptx4CO2","RF_tot","W/m2",8.25708217181934,2269,"hector"
"V3.2.0","abruptx4CO2","RF_tot","W/m2",8.25708217181934,2270,"hector"
"V3.2.0","abruptx4CO2","RF_tot","W/m2",8.25708217181934,2271,"hector"
"V3.2.0","abruptx4CO2","RF_tot","W/m2",8.25708217181934,2272,"hector"
"V3.2.0","abruptx4CO2","RF_tot","W/m2",8.25708217181934,2273,"hector"
"V3.2.0","abruptx4CO2","RF_tot","W/m2",8.25708217181934,2274,"hector"
"V3.2.0","abruptx4CO2","RF_tot","W/m2",8.25708217181934,2275,"hector"
"V3.2.0","abruptx4CO2","RF_tot","W/m2",8.25708217181934,2276,"hector"
"V3.2.0","abruptx4CO2","RF_tot","W/m2",8.25708217181934,2277,"hector"
"V3.2.0","abruptx4CO2","RF_tot","W/m2",8.25708217181934,2278,"hector"
"V3.2.0","abruptx4CO2","RF_tot","W/m2",8.25708217181934,2279,"hector"
"V3.2.0","abruptx4CO2","RF_tot","W/m2",8.25708217181934,2280,"hector"
"V3.2.0","abruptx4CO2","RF_tot","W/m2",8.25708217181934,2281,"hector"
"V3.2.0","abruptx4CO2","RF_tot","W/m2",8.25708217181934,2282,"hector"
"V3.2.0","abruptx4CO2","RF_tot","W/m2",8.25708217181934,2283,"hector"
"V3.2.0","abruptx4CO2","RF_tot","W/m2",8.25708217181934,2284,"hector"
"V3.2.0","abruptx4CO2","RF_tot","W/m2",8.25708217181934,2285,"hector"
"V3.2.0","abruptx4CO2","RF_tot","W/m2",8.25708217181934,2286,"hector"
"V3.2.0","abruptx4CO2","RF_tot","W/m2",8.25708217181934,2287,"hector"
"V3.2.0","abruptx4CO2","RF_tot","W/m2",8.25708217181934,2288,"hector"
"V3.2.0","abruptx4CO2","RF_tot","W/m2",8.25708217181934,2289,"hector"
"V3.2.0","abruptx4CO2","RF_tot","W/m2",8.25708217181934,2290,"hector"
"V3.2.0","abruptx4CO2","RF_tot","W/m2",8.25708217181934,2291,"hector"
"V3.2.0","abruptx4CO2","RF_tot","W/m2",8.25708217181934,2292,"hector"
"V3.2.0","abruptx4CO2","RF_tot","W/m2",8.25708217181934,2293,"hector"
"V3.2.0","abruptx4CO2","RF_tot","W/m2",8.25708217181934,2294,"hector"
"V3.2.0","abruptx4CO2","RF_tot","W/m2",8.25708217181934,2295,"hector"
"V3.2.0","abruptx4CO2","RF_tot","W/m2",8.25708217181934,2296,"hector"
"V3.2.0","abruptx4CO2","RF_tot","W/m2",8.25708217181934,2297,"hector"
"V3.2.0","abruptx4CO2","RF_tot","W/m2",8.25708217181934,2298,"hector"
"V3.2.0","abruptx4CO2","RF_tot","W/m2",8.25708217181934,2299,"hector"
"V3.2.0","abruptx4CO2","RF_tot","W/m2",8.25708217181934,2300,"hector"
